"WORDCOUNTS","WEIGHT"
"the",5
"of",3
"to",2
"reprinted",2
"reprint",2
"this",2
"have",2
"original",2
"some",2
"volume",2
"edition",2
"result",1
"on",1
"in",1
"may",1
"omitted",1
"from",1
"journal",1
"service",1
"ny",1
"add",1
"company",1
"available",1
"publisher",1
"by",1
"best",1
"as",1
"page",1
"archaeological",1
"research",1
"printed",1
"a",1
"was",1
"pagination",1
"advertisements",1
"been",1
"note",1
"irregular",1
"copy",1
"not",1
"volumes",1
"cases",1
"which",1
"do",1
"with",1
"germantown",1
"full",1
"value",1
"reproduced",1
"periodicals",1
"permission",1
"paper",1
"scholarly",1
