"WORDCOUNTS","WEIGHT"
"and",1286
"the",1130
"of",1104
"in",607
"a",453
"to",216
"j",203
"m",200
"e",188
"de",180
"maya",176
"ancient",174
"s",164
"new",163
"on",153
"university",126
"d",125
"press",121
"l",119
"g",116
"archaeology",114
"r",113
"archaeological",111
"eds",102
"c",98
"mexico",97
"for",96
"pp",90
"that",89
"world",89
"mesoamerica",88
"at",87
"american",87
"research",86
"from",85
"journal",81
"p",80
"al",80
"as",80
"et",79
"is",79
"an",78
"studies",77
"with",76
"smith",73
"city",72
"have",72
"political",71
"vol",67
"k",67
"ed",67
"t",66
"latin",66
"w",65
"this",63
"states",62
"h",60
"york",60
"b",59
"are",58
"f",56
"classic",54
"antiquity",54
"social",53
"by",53
"empires",52
"la",51
"or",50
"recent",50
"ritual",49
"other",48
"tiwanaku",47
"state",46
"analysis",46
"anthropology",46
"urban",46
"power",45
"has",44
"cities",44
"more",43
"history",42
"schreiber",42
"aztec",41
"el",39
"del",39
"peru",39
"marcus",38
"their",38
"en",37
"v",37
"mesoamerican",36
"cultural",36
"valley",36
"settlement",35
"i",34
"andes",34
"architecture",34
"these",34
"model",34
"study",34
"been",34
"not",34
"human",33
"we",33
"be",33
"major",33
"early",32
"cambridge",31
"wari",31
"two",31
"some",30
"data",30
"change",30
"nacional",30
"one",29
"most",29
"anthropological",29
"n",28
"austin",28
"y",28
"also",28
"review",27
"its",27
"teotihuacan",27
"instituto",27
"empire",27
"agency",26
"evolution",26
"oaxaca",26
"polities",26
"feinman",25
"antropologA-a",25
"was",25
"texas",25
"historia",25
"scholars",25
"patterns",25
"moche",25
"art",25
"evidence",25
"inka",24
"archaeologists",24
"central",24
"organization",24
"approach",24
"culture",24
"see",24
"andean",24
"between",24
"sacred",23
"landscapes",23
"los",23
"postclassic",23
"past",23
"washington",23
"meaning",22
"complex",22
"approaches",22
"papers",22
"oxford",22
"dc",22
"society",22
"economic",22
"but",22
"urbanism",22
"perspectives",22
"current",22
"landscape",21
"blanton",21
"ideology",21
"center",20
"topic",20
"than",20
"important",20
"societies",20
"moore",20
"regional",20
"buildings",20
"comparative",20
"nature",19
"america",19
"sites",19
"many",19
"cultures",19
"imperial",19
"models",19
"although",19
"collapse",18
"estudios",18
"several",18
"bauer",18
"pozorski",18
"control",18
"among",18
"boulder",17
"case",17
"site",17
"ashmore",17
"chase",17
"joyce",17
"temples",17
"region",17
"language",17
"science",17
"series",17
"domestic",17
"historical",17
"theory",17
"much",17
"built",17
"stanish",16
"religion",16
"inca",16
"dynamics",16
"santa",16
"museum",16
"arqueologA-a",16
"basin",16
"out",16
"however",16
"universidad",16
"houston",16
"hansen",16
"empirical",16
"architectural",16
"survey",15
"there",15
"schele",15
"no",15
"sacrifice",15
"flannery",15
"symbolism",15
"coast",15
"south",15
"belize",15
"manzanilla",15
"time",15
"were",15
"theoretical",15
"can",15
"capital",15
"cook",15
"environmental",14
"they",14
"spencer",14
"civilization",14
"lA3pez",14
"cosmology",14
"discussion",14
"mortuary",14
"cultura",14
"imperialism",14
"over",14
"national",14
"include",14
"titicaca",14
"o",13
"stone",13
"late",13
"kolata",13
"work",13
"about",13
"colecciA3n",13
"death",13
"where",13
"processes",13
"systems",13
"fe",13
"kings",13
"school",13
"las",13
"complexity",13
"both",13
"through",13
"cientA-fica",13
"formation",13
"lake",13
"large",12
"offerings",12
"analyses",12
"mACxico",12
"politics",12
"hudson",12
"development",12
"rapoport",12
"period",12
"van",12
"prehistory",12
"graulich",12
"thames",12
"hinterland",12
"mediterranean",12
"few",12
"published",12
"nA!huatl",12
"considerable",12
"present",12
"isbell",12
"use",12
"which",12
"methods",12
"attention",12
"migration",12
"far",12
"works",12
"institute",12
"area",12
"focus",12
"cuzco",11
"monte",11
"masson",11
"kaulicke",11
"prehistoric",11
"fox",11
"nichols",11
"planning",11
"oaks",11
"field",11
"annual",11
"he",11
"templo",11
"only",11
"areas",11
"anthropologist",11
"local",11
"understanding",11
"silverman",11
"alban",11
"environment",11
"continues",11
"international",11
"carrasco",11
"advances",11
"role",11
"mayor",11
"our",11
"archaic",11
"now",10
"if",10
"linguistic",10
"ana",10
"system",10
"u",10
"warfare",10
"collection",10
"languages",10
"lima",10
"origins",10
"iconography",10
"ot",10
"dumbarton",10
"concept",10
"gonzA!lez",10
"regions",10
"perAo",10
"southern",10
"distributions",10
"pattern",10
"material",10
"examples",10
"including",10
"meanings",10
"three",10
"article",10
"evolutionary",10
"un",10
"sciences",10
"matos",10
"economy",10
"perspective",10
"trigger",10
"royal",9
"into",9
"sources",9
"production",9
"advanced",9
"nm",9
"blackwell",9
"concepts",9
"within",9
"prehispanic",9
"includes",9
"lujan",9
"without",9
"von",9
"moctezuma",9
"altroy",9
"public",9
"literature",9
"climate",9
"methodological",9
"san",9
"ceremonial",9
"practices",9
"yet",9
"kluwer",9
"place",9
"reports",9
"covey",9
"do",9
"strategies",9
"style",9
"co",9
"topics",9
"provide",9
"life",9
"middle",9
"americas",9
"remains",9
"linguistics",9
"ca",9
"arizona",9
"iowa",8
"janusek",8
"settlements",8
"cosmological",8
"renfrew",8
"such",8
"find",8
"oklahoma",8
"messages",8
"drought",8
"mayas",8
"centers",8
"excavations",8
"caves",8
"freidel",8
"because",8
"morris",8
"people",8
"winter",8
"westview",8
"polity",8
"mclntosh",8
"formative",8
"smithsonian",8
"results",8
"implications",8
"variety",8
"edited",8
"lowland",8
"volume",8
"academy",8
"perhaps",8
"balkansky",8
"publication",8
"institution",8
"codices",8
"collections",8
"colorado",8
"ortiz",8
"written",8
"spatial",8
"migrations",8
"ciudad",8
"norman",8
"tainter",7
"it",7
"brumfiel",7
"common",7
"groups",7
"shrines",7
"decade",7
"pontificia",7
"mastache",7
"hagen",7
"torres",7
"investigations",7
"context",7
"british",7
"sabloff",7
"very",7
"behavior",7
"z",7
"sanders",7
"rather",7
"explicit",7
"process",7
"olmec",7
"space",7
"tenochtitlan",7
"pampa",7
"view",7
"myths",7
"conquest",7
"wide",7
"access",7
"mcewan",7
"war",7
"mcanany",7
"population",7
"monograph",7
"zapotee",7
"uceda",7
"provincial",7
"received",7
"bar",7
"rituals",7
"boundaries",7
"when",7
"will",7
"charlton",7
"benson",7
"communities",7
"interpretation",7
"guatemala",7
"kowalewski",7
"water",7
"figurines",7
"catA3lica",7
"beliefs",7
"monographs",7
"books",7
"number",7
"another",7
"clear",7
"symposium",7
"like",7
"function",7
"martin",7
"interpretations",7
"structure",7
"brown",7
"nasca",7
"lines",7
"leiden",7
"natural",7
"taube",7
"ballgame",7
"what",7
"inomata",7
"des",7
"writing",7
"north",7
"numerous",7
"klein",7
"redmond",7
"way",6
"garcA-a",6
"essays",6
"shimada",6
"princeton",6
"contexts",6
"first",6
"chapters",6
"great",6
"alcock",6
"possible",6
"conceptual",6
"apply",6
"above",6
"economies",6
"tate",6
"interest",6
"pollard",6
"speculative",6
"xochicalco",6
"supernatural",6
"his",6
"proceedings",6
"levels",6
"koontz",6
"cave",6
"white",6
"verano",6
"albuquerque",6
"method",6
"utah",6
"lucero",6
"osteological",6
"distribution",6
"kingship",6
"events",6
"focused",6
"hendon",6
"scale",6
"record",6
"zeitlin",6
"well",6
"goldstein",6
"used",6
"realm",6
"castillo",6
"issues",6
"structures",6
"fieldwork",6
"peruvian",6
"contrast",6
"around",6
"cowgill",6
"periods",6
"action",6
"all",6
"under",6
"ceque",6
"mixtee",6
"demarest",6
"williams",6
"useful",6
"grube",6
"whittington",6
"forms",6
"montellano",6
"project",6
"scientific",6
"rulers",6
"california",6
"significance",6
"would",6
"features",6
"exchange",6
"especially",6
"mathews",6
"salt",6
"scarborough",6
"northern",6
"dunning",6
"relationship",6
"me",6
"impressive",6
"visual",6
"construction",6
"arts",6
"associated",6
"different",6
"particularly",6
"speculation",6
"form",6
"webster",6
"agricultural",6
"kaufman",6
"size",6
"nj",6
"using",6
"years",6
"typically",6
"association",6
"images",6
"ballcourts",6
"santley",5
"montiel",5
"introduction",5
"group",5
"myth",5
"honduras",5
"les",5
"segmentary",5
"huaca",5
"diversity",5
"address",5
"layout",5
"book",5
"continue",5
"ne",5
"jansen",5
"reading",5
"moseley",5
"genetic",5
"along",5
"madrid",5
"component",5
"keber",5
"clark",5
"publications",5
"communication",5
"tucson",5
"sun",5
"oj",5
"una",5
"parts",5
"monuments",5
"changes",5
"wurster",5
"objects",5
"too",5
"upper",5
"olivier",5
"stark",5
"rice",5
"hodge",5
"had",5
"found",5
"initial",5
"recently",5
"gods",5
"information",5
"du",5
"future",5
"line",5
"artifacts",5
"part",5
"example",5
"tombs",5
"hirth",5
"during",5
"pyramid",5
"below",5
"dillehay",5
"emerging",5
"small",5
"highly",5
"core",5
"territorial",5
"various",5
"pilgrimage",5
"synthesis",5
"absence",5
"copan",5
"iannone",5
"times",5
"ethnographic",5
"insights",5
"pillsbury",5
"routledge",5
"paris",5
"native",5
"ecology",5
"nahua",5
"brady",5
"range",5
"tlatelolco",5
"ucla",5
"individuals",5
"described",5
"andrews",5
"codex",5
"individual",5
"provides",5
"bolivia",5
"merino",5
"colegio",5
"tula",5
"proyecto",5
"hill",5
"seen",5
"quiA?ones",5
"often",5
"less",5
"types",5
"angeles",5
"articles",5
"rigorous",5
"addressed",5
"practice",5
"civilizations",5
"peoples",5
"geographic",5
"known",5
"droughts",5
"text",5
"leaders",5
"argue",5
"erickson",5
"living",5
"beginning",5
"william",5
"ma",5
"urbanismo",5
"serie",5
"urcid",5
"centro",5
"plans",5
"autA3noma",5
"aztecs",5
"scholarship",5
"martA-nez",5
"texts",5
"little",5
"interaction",5
"nicholas",4
"anschuetz",4
"stuart",4
"rural",4
"identity",4
"investigaciones",4
"tuscaloosa",4
"trans",4
"speakers",4
"ethnogenesis",4
"ruiz",4
"taladoire",4
"environmentalists",4
"modern",4
"plunket",4
"columbia",4
"vanderbilt",4
"lower",4
"humanos",4
"ii",4
"puebla",4
"suggesting",4
"highland",4
"simple",4
"confusion",4
"origin",4
"rich",4
"narrative",4
"mexicana",4
"expansion",4
"integrate",4
"last",4
"rui",4
"sociedad",4
"issue",4
"iv",4
"agriculture",4
"kurtz",4
"design",4
"buren",4
"functions",4
"point",4
"dynamic",4
"centralized",4
"relationships",4
"distinctive",4
"cid",4
"malpass",4
"price",4
"adams",4
"application",4
"jr",4
"century",4
"mundi",4
"rank",4
"back",4
"fash",4
"traditions",4
"castro",4
"jones",4
"may",4
"bellwood",4
"interesting",4
"aveni",4
"influential",4
"coastal",4
"gill",4
"alabama",4
"gallery",4
"creek",4
"aztA?que",4
"image",4
"emergence",4
"beyond",4
"ideologA-a",4
"plenum",4
"path",4
"seven",4
"ethnohistorical",4
"academic",4
"further",4
"occupation",4
"garcia",4
"michigan",4
"symbols",4
"applied",4
"rubber",4
"sport",4
"network",4
"discussions",4
"palaces",4
"broad",4
"long",4
"occidente",4
"sociopolitical",4
"rulership",4
"horizon",4
"manipulation",4
"lhe",4
"sacbeob",4
"excavated",4
"legacy",4
"love",4
"bone",4
"ancestors",4
"london",4
"gillespie",4
"finds",4
"limited",4
"community",4
"make",4
"interactions",4
"cobean",4
"religious",4
"bermann",4
"bulletin",4
"precolumbian",4
"god",4
"same",4
"ceramic",4
"vogt",4
"shows",4
"appeared",4
"connell",4
"farming",4
"contemporary",4
"variation",4
"beziez",4
"outside",4
"innovative",4
"demarrais",4
"hinterlands",4
"caracol",4
"craig",4
"explanation",4
"hieroglyphic",4
"findings",4
"unfortunately",4
"ethnic",4
"theories",4
"explorations",4
"similar",4
"authors",4
"discussed",4
"so",4
"administrative",4
"after",4
"braswell",4
"sobre",4
"browman",4
"arbor",4
"moquegua",4
"pyburn",4
"pohl",4
"worldview",4
"ann",4
"tne",4
"ecological",4
"widespread",4
"wilson",4
"transformation",4
"cherry",4
"wan",4
"causeways",4
"fields",4
"quilter",4
"bricker",4
"kemp",4
"temple",4
"earle",4
"paper",4
"sizes",4
"albarracinjordan",4
"section",4
"poder",4
"jennings",4
"dearborn",4
"combined",4
"huari",4
"laguna",4
"extent",4
"while",4
"ine",4
"subject",4
"definitions",4
"burger",4
"bawden",4
"documentation",4
"effects",4
"culturalists",4
"binford",4
"specific",4
"modeling",4
"evolutionism",4
"mujica",4
"debate",4
"substantial",4
"pachacamac",4
"strong",4
"should",4
"building",4
"valdez",4
"miller",3
"gis",3
"entities",3
"explosion",3
"mummies",3
"guilliem",3
"later",3
"corporate",3
"mendoza",3
"considerably",3
"expect",3
"ayacucho",3
"ways",3
"evidencias",3
"ballcourt",3
"source",3
"themes",3
"pucp",3
"astronomical",3
"heyden",3
"emerged",3
"definition",3
"hernA!ndez",3
"tradition",3
"cholula",3
"link",3
"take",3
"describes",3
"stand",3
"cyphers",3
"raised",3
"those",3
"behind",3
"berdan",3
"ad",3
"sophisticated",3
"bodies",3
"east",3
"key",3
"bandwagon",3
"copenhagen",3
"x",3
"resources",3
"cited",3
"tribute",3
"thus",3
"urrea",3
"since",3
"millennium",3
"trujillo",3
"relations",3
"arroyo",3
"overly",3
"given",3
"cases",3
"old",3
"ct",3
"robb",3
"ha",3
"houses",3
"served",3
"applying",3
"fowler",3
"critique",3
"linguists",3
"influence",3
"poorly",3
"capitals",3
"milbrath",3
"unirmela",3
"sociACtAC",3
"reviews",3
"divination",3
"morrison",3
"how",3
"remain",3
"astronomy",3
"basic",3
"donnan",3
"centralization",3
"active",3
"boone",3
"scales",3
"burials",3
"productive",3
"actions",3
"terrell",3
"provinces",3
"belli",3
"organized",3
"clearly",3
"just",3
"mayapan",3
"fondo",3
"four",3
"ceremony",3
"dominant",3
"uses",3
"result",3
"hopkins",3
"near",3
"hardoy",3
"pereira",3
"urbanization",3
"genes",3
"arqueolA3gico",3
"burial",3
"shamanism",3
"directions",3
"pugh",3
"paleoenvironmental",3
"mayer",3
"reinhard",3
"aoyama",3
"danish",3
"dynasties",3
"overview",3
"editorial",3
"rojas",3
"kA?hler",3
"materialization",3
"gA3mez",3
"focuses",3
"schwartz",3
"reconstructing",3
"ethnicity",3
"memoirs",3
"esoamerica",3
"detailed",3
"good",3
"least",3
"successful",3
"presented",3
"pottery",3
"suggest",3
"straight",3
"order",3
"textual",3
"spanish",3
"arquitectura",3
"disaster",3
"arcnaeoiogy",3
"spence",3
"oudijk",3
"quetzalcoatl",3
"activities",3
"barbara",3
"haas",3
"critical",3
"smyth",3
"impacts",3
"identified",3
"campeche",3
"grande",3
"still",3
"xl",3
"standing",3
"roads",3
"hold",3
"lentz",3
"violence",3
"thought",3
"continuity",3
"included",3
"infrastructure",3
"middleton",3
"schultz",3
"guerrero",3
"rise",3
"liendo",3
"knapp",3
"antiguo",3
"lack",3
"law",3
"segunda",3
"documented",3
"documents",3
"letters",3
"debates",3
"hand",3
"ground",3
"sinopoli",3
"hastorf",3
"heavily",3
"coloquio",3
"homenaje",3
"cosmos",3
"degree",3
"interpreting",3
"carneiro",3
"own",3
"made",3
"formal",3
"increase",3
"elite",3
"identification",3
"tejero",3
"yale",3
"masterful",3
"toluca",3
"rivers",3
"rrom",3
"trade",3
"open",3
"discovered",3
"related",3
"citv",3
"spread",3
"amACricanistes",3
"standard",3
"problems",3
"craft",3
"become",3
"obsidian",3
"department",3
"blood",3
"boletA-n",3
"carried",3
"primate",3
"veracruz",3
"applications",3
"kowalski",3
"memoria",3
"movements",3
"linda",3
"palenque",3
"vertical",3
"rethinking",3
"vargas",3
"volumes",3
"fall",3
"morrow",3
"grounded",3
"tollan",3
"earliest",3
"cA3dice",3
"shaw",3
"any",3
"mentioned",3
"changing",3
"complexes",3
"extensive",3
"symbolic",3
"cotsen",3
"rosenswig",3
"physical",3
"rivero",3
"stuardo",3
"alternative",3
"der",3
"berkeley",3
"actas",3
"colonization",3
"dornan",3
"sugiyama",3
"urton",3
"preclassic",3
"report",3
"ideological",3
"cult",3
"quintana",3
"montmollin",3
"better",3
"places",3
"americanists",3
"whether",3
"volcanic",3
"pasztory",3
"trejo",3
"problem",3
"lesure",3
"almost",3
"cosmograms",3
"suggests",3
"emphasis",3
"contain",3
"universe",3
"richardson",3
"multiple",3
"surveys",3
"antiauity",3
"beekman",3
"tezcatlipoca",3
"colonial",3
"aspect",3
"mesoamericanists",3
"mcclelland",3
"underworld",3
"paradigm",3
"witschey",3
"constructed",3
"heartland",3
"integration",3
"conquered",3
"palace",3
"increased",3
"territories",3
"interdisciplinary",3
"moxeke",3
"elites",3
"chicago",3
"taylor",3
"billman",3
"dos",3
"oA-",3
"storey",3
"household",3
"hypothesis",3
"countryside",2
"carved",2
"lopez",2
"chronological",2
"flow",2
"phrased",2
"limits",2
"dA-az",2
"edge",2
"calgary",2
"anthony",2
"religions",2
"altamira",2
"josserand",2
"functional",2
"episodes",2
"tierra",2
"vapnarski",2
"evans",2
"prem",2
"village",2
"reycraft",2
"residences",2
"kinds",2
"imagen",2
"tend",2
"designed",2
"likely",2
"acosta",2
"authority",2
"pelota",2
"mexican",2
"peaks",2
"aztA?ques",2
"blows",2
"higham",2
"sprA!jc",2
"trace",2
"comparisons",2
"popocatepetl",2
"dakin",2
"cahue",2
"ae",2
"suffered",2
"viewpoints",2
"lowlands",2
"edu",2
"englewood",2
"descriptions",2
"tenochtitlA!n",2
"women",2
"rA-o",2
"mesa",2
"townsend",2
"reprinted",2
"island",2
"mexique",2
"fractal",2
"siebe",2
"creation",2
"valle",2
"romA!n",2
"mundy",2
"proudfoot",2
"antiguas",2
"taken",2
"military",2
"camA3n",2
"concentrated",2
"humans",2
"asia",2
"historiography",2
"archA$ologie",2
"crops",2
"monumentally",2
"borders",2
"swenson",2
"differences",2
"bead",2
"producing",2
"assembled",2
"studied",2
"able",2
"reveal",2
"created",2
"estrada",2
"help",2
"pauketat",2
"cerro",2
"cannibalism",2
"date",2
"chiefdoms",2
"peten",2
"millones",2
"similarities",2
"occasional",2
"existence",2
"verlag",2
"anthropologists",2
"king",2
"heterarchy",2
"primary",2
"discuss",2
"serpent",2
"amerikanistische",2
"porter",2
"holocene",2
"october",2
"kirkpatrick",2
"move",2
"driver",2
"wilkinson",2
"tawantinsuyu",2
"sA!nchez",2
"apart",2
"europe",2
"graz",2
"sociocultural",2
"representing",2
"promises",2
"mesoamencan",2
"climatic",2
"orthogonal",2
"zone",2
"steinhardt",2
"symonds",2
"audience",2
"government",2
"barrera",2
"factional",2
"framework",2
"throughout",2
"identities",2
"anA!lisis",2
"alignments",2
"assyria",2
"guadalajara",2
"dobres",2
"incas",2
"hanks",2
"bA?nizA a",2
"wind",2
"neighbors",2
"rothman",2
"base",2
"contributors",2
"flurry",2
"reyes",2
"finsten",2
"conducted",2
"conrad",2
"encyclopedia",2
"guillen",2
"geometry",2
"media",2
"stanton",2
"walnut",2
"ferguson",2
"exercise",2
"evaluate",2
"elements",2
"developments",2
"direction",2
"silverstein",2
"archaeoastronomy",2
"balls",2
"subjects",2
"blomster",2
"response",2
"middleand",2
"dates",2
"left",2
"competition",2
"storage",2
"even",2
"factions",2
"look",2
"muscutt",2
"reasoned",2
"sagrado",2
"humano",2
"simplistic",2
"general",2
"word",2
"competitive",2
"unfortunate",2
"iwaniszewski",2
"costa",2
"rosenstein",2
"anders",2
"mattingly",2
"online",2
"expansions",2
"cahuachi",2
"olmos",2
"velazquez",2
"deviations",2
"espacio",2
"imago",2
"westport",2
"transformations",2
"dA!vila",2
"grid",2
"uhle",2
"across",2
"notable",2
"highlands",2
"developed",2
"denmark",2
"bintliff",2
"sort",2
"johnston",2
"capture",2
"notion",2
"levine",2
"vs",2
"lag",2
"peeler",2
"stout",2
"entre",2
"direct",2
"ongoing",2
"contributions",2
"special",2
"stein",2
"hosier",2
"distant",2
"read",2
"update",2
"extremes",2
"precious",2
"shining",2
"support",2
"raymond",2
"vera",2
"plaza",2
"category",2
"cornejo",2
"helsinki",2
"peninsula",2
"reconstruyendo",2
"consider",2
"longstaffe",2
"possibly",2
"fress",2
"established",2
"intensive",2
"berry",2
"franA?ais",2
"otterbein",2
"numbers",2
"indios",2
"placed",2
"eisinger",2
"argued",2
"solid",2
"show",2
"antropolA3gicas",2
"resource",2
"readings",2
"polar",2
"generally",2
"position",2
"winkelman",2
"cost",2
"ofrenda",2
"axis",2
"vergleichenden",2
"spodek",2
"nova",2
"excavation",2
"gose",2
"fig",2
"appear",2
"viejo",2
"houk",2
"espaA?ola",2
"greater",2
"tn",2
"ou",2
"casma",2
"closely",2
"advance",2
"based",2
"ethnography",2
"dixon",2
"nadal",2
"could",2
"pijoan",2
"rule",2
"demise",2
"une",2
"inappropriate",2
"amsterdam",2
"relating",2
"gintis",2
"generates",2
"economics",2
"baudez",2
"iconographie",2
"shared",2
"geographers",2
"deciphering",2
"multiples",2
"brill",2
"prehispA!nica",2
"expressions",2
"term",2
"claessen",2
"receive",2
"barba",2
"fisher",2
"yucatA!n",2
"schobinger",2
"viewed",2
"butters",2
"brenner",2
"intensity",2
"raaflaub",2
"excellent",2
"hare",2
"wealth",2
"explain",2
"exploration",2
"blake",2
"throne",2
"hicks",2
"depictions",2
"quitter",2
"bonner",2
"criteria",2
"briefly",2
"warriors",2
"shape",2
"taxes",2
"colonies",2
"boot",2
"pedro",2
"spheres",2
"yamamoto",2
"rivera",2
"decipherment",2
"overviews",2
"prA!cticas",2
"prA?fer",2
"markgraf",2
"illustrated",2
"prA!ctica",2
"discusses",2
"uillespie",2
"uaxaca",2
"polychrome",2
"morales",2
"pyramids",2
"sociedades",2
"criticized",2
"desarrollo",2
"partly",2
"contains",2
"records",2
"fruitful",2
"calakmul",2
"dieu",2
"reinterpreting",2
"funerarias",2
"seigneur",2
"chacmool",2
"status",2
"alliance",2
"mesoamericana",2
"chemistry",2
"sugiura",2
"cosmic",2
"iyy",2
"luna",2
"ren",2
"painting",2
"sense",2
"giant",2
"wi",2
"deity",2
"theoretically",2
"involve",2
"tempe",2
"speculations",2
"box",2
"labyrinthos",2
"relevant",2
"interacting",2
"canseco",2
"heart",2
"event",2
"burmeister",2
"nawa",2
"nashville",2
"elson",2
"revisited",2
"lory",2
"hervik",2
"wider",2
"components",2
"borgia",2
"jimACnez",2
"civic",2
"wichman",2
"up",2
"weiss",2
"coe",2
"aztlan",2
"florida",2
"appropriate",2
"lore",2
"lansing",2
"newly",2
"separate",2
"sitio",2
"deboer",2
"geographical",2
"mapping",2
"knowledge",2
"avoid",2
"justeson",2
"alternatives",2
"pearson",2
"institut",2
"diez",2
"led",2
"baquedano",2
"noteworthy",2
"broadwell",2
"situation",2
"business",2
"andina",2
"publishers",2
"domination",2
"statecraft",2
"populations",2
"varA-en",2
"reassessment",2
"ofrendas",2
"hohmann",2
"yucatan",2
"techniques",2
"albany",2
"exception",2
"reorganization",2
"kituai",2
"headrick",2
"clancy",2
"pictorial",2
"illustrating",2
"comments",2
"studien",2
"movement",2
"collapsed",2
"settings",2
"spectacular",2
"hegmon",2
"robin",2
"violate",2
"contributing",2
"hayashida",2
"uppsala",2
"philadelphia",2
"criticism",2
"examined",2
"barker",2
"technology",2
"ohnersorgen",2
"chronology",2
"us",2
"termination",2
"muerte",2
"parte",2
"planned",2
"eeckhout",2
"wright",2
"zabern",2
"gutiACrrez",2
"veritable",2
"largest",2
"crespo",2
"fact",2
"relevance",2
"stuartwilliams",2
"representation",2
"histoire",2
"starting",2
"fire",2
"lewis",2
"recinto",2
"mixteca",2
"ramA-rez",2
"challenge",2
"filloy",2
"others",2
"carrAC",2
"pointed",2
"available",2
"contextos",2
"paxton",2
"lognormal",2
"projects",2
"tiny",2
"woria",2
"analytical",2
"usefulness",2
"sovereignty",2
"llamas",2
"consideration",2
"allow",2
"occupations",2
"agree",2
"mathematical",2
"mann",2
"gA?teborg",2
"forces",2
"classical",2
"monumentality",2
"estimation",2
"thomason",2
"identical",2
"reilly",2
"pennsylvania",2
"chachapoyas",2
"imperfect",2
"communicates",2
"external",2
"ruler",2
"men",2
"asselbergs",2
"archaeologies",2
"covered",2
"redonda",2
"continuing",2
"validity",2
"richards",2
"mundo",2
"nueva",2
"ignoring",2
"glyphs",2
"sacrificio",2
"artists",2
"elementos",2
"impact",2
"ritos",2
"mcguire",2
"bowles",2
"original",2
"representations",2
"redman",2
"empirically",2
"analyzed",2
"extended",2
"zuidema",2
"leeuw",2
"indiana",2
"gordon",2
"sacrifices",2
"chronologies",2
"limitations",2
"caA?ada",2
"ember",2
"deposits",2
"cojti",2
"antiguos",2
"minds",2
"wonder",2
"caso",2
"combining",2
"food",2
"refers",2
"aesthetics",2
"relaciones",2
"sequence",2
"berrelleza",2
"reservoirs",2
"trend",2
"ceremonies",2
"falconer",2
"rev",2
"dahlin",2
"involves",2
"platform",2
"whalen",2
"michoacA!n",2
"srinivasan",2
"points",2
"held",2
"isendahl",2
"nonurban",2
"panfil",2
"ny",2
"tarascan",2
"reconstructed",2
"cache",2
"eagleton",2
"lorenzo",2
"disasters",2
"minnis",2
"class",2
"oxbow",2
"mexica",2
"arquitectA3nicos",2
"commentators",2
"iche",2
"viewpoint",2
"contact",2
"deliberate",2
"hi",2
"diamond",2
"epiclassic",2
"probably",2
"ethnohistory",2
"greece",2
"revisiting",2
"ethnohistoiy",2
"ago",2
"cliffs",2
"controversial",2
"immigration",2
"applies",2
"nonspecialist",2
"grandes",2
"increasing",2
"shalizi",2
"fifty",2
"kaplan",2
"ancients",2
"emulation",2
"allgemeinen",2
"she",2
"chan",2
"five",2
"shell",2
"censers",2
"fully",2
"fewer",2
"exists",2
"institutions",2
"slow",2
"watching",2
"strongly",2
"khipu",2
"imposition",2
"contribution",2
"yautepec",2
"legitimacy",2
"consolidation",2
"christie",2
"perspectivas",2
"centuries",2
"mainz",2
"res",2
"cuicatlA!n",2
"mcdonald",2
"following",2
"anales",2
"niA?o",2
"torero",2
"leA3n",2
"pueblos",2
"mexicas",2
"must",2
"puma",2
"speculating",2
"pace",2
"serafA-n",2
"temporal",2
"gumerman",2
"levi",2
"carbondale",2
"olmeda",2
"sky",2
"anaya",2
"sweden",2
"here",2
"quaternary",2
"reinman",2
"mantaro",2
"dimension",2
"ACpoca",2
"synthesizes",2
"each",2
"evolved",2
"cnws",2
"canciani",2
"tomb",2
"setting",2
"sampling",2
"zuuu",2
"did",2
"best",2
"down",2
"rostworowski",2
"prominence",2
"etal",2
"volcano",2
"iglesias",2
"half",2
"propaganda",2
"inquiry",2
"nieva",2
"lancaster",2
"goods",2
"wood",2
"thompson",2
"jaguar",2
"possibility",2
"respect",2
"growing",2
"animal",2
"steps",2
"according",2
"scholarly",2
"explanations",2
"archeological",2
"return",2
"annales",2
"kunen",2
"terms",2
"particular",2
"citystate",2
"nearby",2
"byland",2
"thirty",2
"maintain",2
"robles",2
"map",2
"enterramientos",2
"insightful",2
"zur",2
"her",2
"age",2
"frese",2
"hernandez",2
"fiestas",2
"lynch",2
"balance",2
"lecount",2
"paleoecology",2
"sourcebook",2
"slive",2
"level",2
"code",2
"conclude",2
"garraty",2
"thrones",2
"mexiquense",2
"variability",2
"modelos",2
"disciplines",2
"administration",2
"assumptions",2
"sheets",2
"ratios",2
"resistance",2
"reconstruct",2
"arguments",2
"bradley",2
"memory",2
"und",2
"terminal",2
"question",2
"chile",2
"dioses",2
"shown",2
"until",2
"lands",2
"crumley",2
"glascock",2
"finding",2
"illinois",2
"twentieth",2
"institutional",2
"studying",2
"alaniz",2
"medieval",2
"need",2
"manufacture",2
"smaller",2
"barnes",2
"simons",2
"madison",2
"prospect",2
"funerarios",2
"ponce",2
"classification",2
"roughly",2
"mccafferty",2
"hutson",2
"potential",2
"clarify",2
"mystery",2
"variations",2
"bell",2
"mansilla",2
"johnson",2
"carrion",2
"philipp",2
"gainesville",2
"views",2
"serrano",2
"gulf",2
"haug",2
"uk",2
"arnold",2
"tomczak",2
"retrospect",2
"lessons",2
"hallazgo",2
"ofarcnaeological",1
"fir",1
"courts",1
"final",1
"exhibiting",1
"difficult",1
"repay",1
"does",1
"millaire",1
"ending",1
"huntington",1
"moro",1
"espanoia",1
"portuguese",1
"maldp",1
"borbA3nico",1
"mostly",1
"negrA3n",1
"symbiosis",1
"done",1
"replacing",1
"triple",1
"machu",1
"oriented",1
"methodologically",1
"tlaltecuhtli",1
"mA-xquic",1
"heroic",1
"concerned",1
"zuuz",1
"A2kywatchers",1
"stylistic",1
"avebury",1
"brujo",1
"cl",1
"names",1
"monsters",1
"pittsburgh",1
"integrating",1
"isotopes",1
"correlations",1
"mesoamACrica",1
"poyatos",1
"concha",1
"migrated",1
"mesoamericano",1
"essentialized",1
"expedition",1
"fingers",1
"palafoxiana",1
"topoxtAC",1
"heights",1
"syntax",1
"collateral",1
"tikal",1
"flunket",1
"internationales",1
"northeast",1
"archives",1
"node",1
"measures",1
"theater",1
"etlatongo",1
"feathered",1
"adoption",1
"sola",1
"ultimate",1
"originating",1
"blends",1
"koA?ateetal",1
"utility",1
"notably",1
"garza",1
"ambiente",1
"germany",1
"eus",1
"elaborately",1
"wo",1
"esconde",1
"becoming",1
"saurwein",1
"lagoon",1
"barricade",1
"noguez",1
"touched",1
"cerA!micos",1
"royautAC",1
"objetos",1
"drastically",1
"fed",1
"ragot",1
"needed",1
"unstated",1
"maize",1
"assessments",1
"entries",1
"anchor",1
"projection",1
"join",1
"catastrophe",1
"newark",1
"formed",1
"classicist",1
"analitica",1
"centenario",1
"albA!n",1
"peralta",1
"comunidades",1
"sets",1
"veintanas",1
"niched",1
"criticizes",1
"walker",1
"universiteit",1
"drawings",1
"postprocessual",1
"seminario",1
"mit",1
"paradigms",1
"akapana",1
"estatal",1
"donovan",1
"wolf",1
"proclaims",1
"hotly",1
"archaeoastronomical",1
"ti",1
"mercado",1
"masks",1
"dawning",1
"acceptance",1
"tlacolula",1
"flag",1
"reduced",1
"cycles",1
"easily",1
"necessarily",1
"emphasize",1
"doctor",1
"organic",1
"mansky",1
"ciudades",1
"unlike",1
"title",1
"laid",1
"noreste",1
"evaluating",1
"holding",1
"freeman",1
"planes",1
"cornell",1
"welcomes",1
"imA!genes",1
"moving",1
"baAol",1
"diffracted",1
"contested",1
"arguing",1
"guala",1
"narvaez",1
"valleys",1
"sisicaya",1
"apostA3lica",1
"mexicaines",1
"ancestor",1
"annals",1
"precursors",1
"rarmers",1
"usually",1
"conjecture",1
"turning",1
"pilas",1
"urunuela",1
"svstems",1
"experience",1
"highlight",1
"caxonos",1
"clarifying",1
"topiltzin",1
"round",1
"donnern",1
"coding",1
"rast",1
"anthropologA-a",1
"deter",1
"verso",1
"www",1
"australia",1
"puuc",1
"inc",1
"dore",1
"asher",1
"determinists",1
"wrong",1
"lexington",1
"willey",1
"pampadelasuamas",1
"isla",1
"reconstructions",1
"ui",1
"mayapA!n",1
"fincemin",1
"learned",1
"supposedly",1
"rrcss",1
"multilevel",1
"markt",1
"amACrica",1
"extraordinary",1
"progressed",1
"prehistoiy",1
"researched",1
"handle",1
"militarism",1
"mAamc",1
"give",1
"attempts",1
"chaos",1
"isaac",1
"culturally",1
"feeling",1
"diego",1
"might",1
"nasA?as",1
"rapid",1
"guaranga",1
"corridors",1
"nahuaization",1
"avem",1
"carmack",1
"promoting",1
"absurd",1
"analogies",1
"freely",1
"readdress",1
"referees",1
"cnange",1
"correlating",1
"anu",1
"seems",1
"bloomington",1
"vui",1
"montejo",1
"words",1
"heated",1
"containing",1
"dramatically",1
"oftenochtitlan",1
"hoffman",1
"rossum",1
"principles",1
"cenote",1
"archaeologically",1
"ruture",1
"attractive",1
"route",1
"teuchiA?an",1
"leading",1
"agrarian",1
"martinez",1
"broken",1
"together",1
"desire",1
"thank",1
"A2outnern",1
"compounds",1
"quinto",1
"jbngiand",1
"wave",1
"sector",1
"polymers",1
"redistribution",1
"aesthetic",1
"verbal",1
"conservative",1
"dswo",1
"moqueries",1
"onto",1
"concludes",1
"ol",1
"hunting",1
"connection",1
"styles",1
"evolving",1
"subsequent",1
"nonverbal",1
"achieved",1
"roots",1
"chontal",1
"lA3",1
"rudimentary",1
"inree",1
"priest",1
"languor",1
"trouble",1
"peaceful",1
"totee",1
"platforms",1
"adventures",1
"que",1
"weswiew",1
"huamelulpan",1
"somewhat",1
"signs",1
"revise",1
"quintero",1
"wA-",1
"historv",1
"lorandi",1
"threshold",1
"visibility",1
"andinos",1
"militar",1
"luis",1
"agroecology",1
"ethnogenetic",1
"ocotlA!n",1
"lunagA3mez",1
"manrique",1
"epistemological",1
"polA-tico",1
"feru",1
"colombia",1
"reserva",1
"quispe",1
"pa",1
"invasions",1
"continuities",1
"takes",1
"forum",1
"generosity",1
"narrower",1
"otis",1
"reconstruction",1
"vegachayoq",1
"resilience",1
"survivalism",1
"commoners",1
"plain",1
"cultivators",1
"dignatorio",1
"recorded",1
"arrival",1
"proiect",1
"jenkins",1
"nn",1
"formulation",1
"task",1
"earlier",1
"siglos",1
"bones",1
"bases",1
"edn",1
"demography",1
"right",1
"march",1
"pomacanchari",1
"johansson",1
"jumping",1
"retain",1
"stepped",1
"figs",1
"chapter",1
"mythology",1
"funACraire",1
"account",1
"indirectly",1
"intentionality",1
"installment",1
"lowered",1
"brA?ggemann",1
"sixteenth",1
"activity",1
"xv",1
"strand",1
"zuni",1
"tetimna",1
"tariacuris",1
"hammond",1
"beverly",1
"adopting",1
"multiethnicity",1
"foreigners",1
"powers",1
"prenait",1
"bibliography",1
"ACcorchAC",1
"flank",1
"figurillas",1
"petexbatun",1
"obvious",1
"terence",1
"arenas",1
"A!",1
"rudolf",1
"west",1
"deeds",1
"taking",1
"tiahuanacoid",1
"rely",1
"econA3mica",1
"ideologically",1
"exchanges",1
"cautious",1
"conception",1
"ofsahagAon",1
"kan",1
"agendas",1
"fragmented",1
"rieicner",1
"sullivan",1
"lockard",1
"bicomcal",1
"interviews",1
"moral",1
"seA?orA-o",1
"identifies",1
"tardA-a",1
"knowability",1
"albin",1
"montAofar",1
"arnauld",1
"jlinaa",1
"secondlargest",1
"assessment",1
"nonmarket",1
"controlled",1
"interestingly",1
"witchcraft",1
"manuscript",1
"labor",1
"cuauhcalli",1
"arqueolA3gica",1
"estudio",1
"regarding",1
"conflict",1
"yuestjor",1
"recursive",1
"econA2mica",1
"diversas",1
"pikillacta",1
"andrew",1
"magic",1
"accessible",1
"examining",1
"ice",1
"legitimization",1
"frACter",1
"cemeteries",1
"economA-a",1
"surely",1
"southwestern",1
"territorio",1
"historically",1
"progresso",1
"doris",1
"sA!enz",1
"blades",1
"grijalva",1
"religiA3n",1
"severe",1
"immediate",1
"invisibility",1
"precolombinos",1
"archipelago",1
"countless",1
"approximation",1
"illustrates",1
"against",1
"analyzing",1
"funerario",1
"habitacionales",1
"chavin",1
"bonn",1
"lomea",1
"author",1
"huitzilopochtli",1
"terraces",1
"quadripartite",1
"ilniversifv",1
"xipe",1
"forgotten",1
"ability",1
"hawaii",1
"decided",1
"sene",1
"naj",1
"vries",1
"durant",1
"plotting",1
"usumacinta",1
"participating",1
"aimers",1
"uuA2iui",1
"villegas",1
"emerges",1
"materially",1
"victims",1
"onuki",1
"pA!tzcuaro",1
"pdf",1
"narratives",1
"affairs",1
"kind",1
"inple",1
"norte",1
"larga",1
"casas",1
"chez",1
"background",1
"gaceta",1
"pessimistic",1
"precludes",1
"drainage",1
"defense",1
"fcvaiuaung",1
"decisions",1
"items",1
"agosto",1
"citystates",1
"notas",1
"hibbard",1
"keep",1
"ancA3n",1
"selection",1
"gary",1
"refer",1
"neutrons",1
"tetzcoco",1
"lancho",1
"rhein",1
"star",1
"reyna",1
"disproportionately",1
"architect",1
"differently",1
"growth",1
"hayami",1
"serving",1
"tenochca",1
"posiciA3n",1
"henaon",1
"restrict",1
"six",1
"crosscultural",1
"flawed",1
"sacrACe",1
"mochav",1
"lineage",1
"espacios",1
"emphases",1
"administrativo",1
"compared",1
"scott",1
"salomon",1
"third",1
"trACment",1
"drives",1
"genetics",1
"crystalmancy",1
"uosmoiogicai",1
"warned",1
"sA-ntesis",1
"mul",1
"explicativo",1
"austria",1
"flood",1
"light",1
"vaticanus",1
"bennett",1
"apogACe",1
"isotope",1
"patrons",1
"henderson",1
"A<",1
"ignore",1
"descriptive",1
"otomianos",1
"leadership",1
"libertad",1
"climates",1
"understood",1
"nuanced",1
"postprocessualists",1
"acknowledge",1
"coco",1
"moon",1
"evenly",1
"sagrario",1
"biblioteca",1
"christensen",1
"linkages",1
"trom",1
"facsimiles",1
"battles",1
"chronicle",1
"constructionism",1
"higher",1
"mechanisms",1
"talks",1
"opposed",1
"dd",1
"chimu",1
"averu",1
"fort",1
"sample",1
"segundo",1
"slowed",1
"berlo",1
"americans",1
"town",1
"whose",1
"inprehispanic",1
"graphics",1
"german",1
"neff",1
"polarization",1
"prehispA!nico",1
"peterson",1
"extensively",1
"itsa",1
"act",1
"etudes",1
"bring",1
"kensington",1
"sessions",1
"homo",1
"performance",1
"troubled",1
"sensing",1
"cucuel",1
"dry",1
"separately",1
"smoking",1
"ofsipan",1
"serra",1
"official",1
"escobedo",1
"altar",1
"remote",1
"mean",1
"comparable",1
"veracruzano",1
"conceptions",1
"phosphate",1
"environments",1
"excavators",1
"analyzes",1
"opportunity",1
"dealt",1
"mocne",1
"waned",1
"dp",1
"titled",1
"nsw",1
"paz",1
"risk",1
"demarcating",1
"eon",1
"supplement",1
"rigor",1
"tools",1
"lenochtitlan",1
"pagaban",1
"A ",1
"importance",1
"michel",1
"galindo",1
"hwanaku",1
"personhood",1
"derived",1
"mozomboa",1
"huge",1
"ceramics",1
"assuming",1
"cosmovision",1
"possess",1
"produced",1
"A-",1
"clarification",1
"rrenisiory",1
"radiating",1
"front",1
"urbe",1
"fayard",1
"moves",1
"tuxtla",1
"generating",1
"dispersal",1
"ollantaytambo",1
"modified",1
"references",1
"ij",1
"understand",1
"marA-a",1
"favor",1
"worlds",1
"park",1
"bernal",1
"entierros",1
"funeral",1
"zvoiutwn",1
"bad",1
"theorists",1
"scribes",1
"adopt",1
"vox",1
"marks",1
"biased",1
"plural",1
"quarterly",1
"gins",1
"pimentel",1
"tanning",1
"ignacio",1
"river",1
"imposing",1
"retained",1
"huamanga",1
"imposed",1
"peasant",1
"bidasoa",1
"inscribed",1
"idiomas",1
"osaka",1
"presumably",1
"exciting",1
"wins",1
"palaeoclimate",1
"sum",1
"invite",1
"represented",1
"fortifications",1
"A?",1
"ideologies",1
"receiving",1
"articulated",1
"house",1
"oosten",1
"sheer",1
"milky",1
"rojos",1
"encodes",1
"tarrascan",1
"reviewed",1
"oztuma",1
"profile",1
"chiripa",1
"sacralizaciA3n",1
"repudiating",1
"whiting",1
"covers",1
"orientation",1
"andeanists",1
"picchu",1
"alta",1
"cahuacs",1
"yaxchilan",1
"superior",1
"unwrapping",1
"recovered",1
"max",1
"shorter",1
"confuse",1
"bounds",1
"azapa",1
"protolanguages",1
"determinism",1
"etapas",1
"armies",1
"efficient",1
"followed",1
"cACsar",1
"cA-vica",1
"obstacles",1
"altun",1
"random",1
"huacas",1
"montmolhn",1
"reconsideration",1
"primordial",1
"answers",1
"phased",1
"attendants",1
"ivyd",1
"odd",1
"A-nkas",1
"helped",1
"symbolized",1
"opinion",1
"strategy",1
"providing",1
"agentbased",1
"decades",1
"print",1
"drawing",1
"advocated",1
"ethnolinguistic",1
"editing",1
"mixico",1
"commanded",1
"investigadores",1
"irrigation",1
"challenges",1
"uaks",1
"whereas",1
"stonework",1
"opening",1
"expressed",1
"aula",1
"spanogle",1
"storerooms",1
"lead",1
"whom",1
"musACe",1
"identifying",1
"http",1
"senri",1
"conchopata",1
"transmission",1
"commoner",1
"channels",1
"junA-n",1
"appearance",1
"histories",1
"garvey",1
"opposing",1
"begun",1
"lumbreras",1
"faunal",1
"chipped",1
"called",1
"bricks",1
"boucher",1
"critically",1
"comparativo",1
"treatments",1
"impressionistic",1
"otomangueans",1
"adivino",1
"effort",1
"gallareta",1
"deal",1
"jn",1
"akademische",1
"ocean",1
"rooms",1
"tipologA-a",1
"yaxhA!",1
"pass",1
"criticisms",1
"carleton",1
"relate",1
"requirements",1
"mythical",1
"lawson",1
"tunich",1
"kinship",1
"diet",1
"endeavor",1
"ayamara",1
"configuration",1
"making",1
"A2cneie",1
"cantona",1
"vigorous",1
"modification",1
"foundations",1
"chokepukio",1
"synthesize",1
"integraciA3n",1
"ARucmuy",1
"glacial",1
"bios",1
"realidad",1
"big",1
"planeaciA3n",1
"amazon",1
"mogens",1
"arranged",1
"schwarcz",1
"handbook",1
"hammerow",1
"artefact",1
"agriculturalist",1
"furthermore",1
"siA1o",1
"traced",1
"chinese",1
"traits",1
"informed",1
"wales",1
"hacia",1
"sear",1
"circular",1
"A?",1
"kathanna",1
"gaseo",1
"aspects",1
"dynasty",1
"treat",1
"province",1
"appears",1
"etnoarqueologA-a",1
"residential",1
"rodrA-guez",1
"persons",1
"cannot",1
"promise",1
"castellanos",1
"groundwork",1
"amenable",1
"albuaueraue",1
"A2ettlement",1
"hypothetical",1
"tension",1
"produce",1
"hidalgo",1
"confirmation",1
"loras",1
"verlage",1
"required",1
"conferences",1
"inomaia",1
"abrams",1
"dwellers",1
"conceptos",1
"networks",1
"provincias",1
"landforms",1
"expiation",1
"archaeolinguistics",1
"reprACsentations",1
"chavA-ndehuA!ntar",1
"governing",1
"scribe",1
"technical",1
"societal",1
"improve",1
"chiapas",1
"outstanding",1
"specifically",1
"viru",1
"products",1
"having",1
"unequal",1
"cycling",1
"basis",1
"distinguish",1
"believable",1
"mapped",1
"psychology",1
"discarded",1
"inferred",1
"amos",1
"publish",1
"albaitero",1
"glossary",1
"mazariegos",1
"sculpture",1
"already",1
"tACcnica",1
"schuster",1
"bragayrac",1
"blue",1
"fraser",1
"lope",1
"nine",1
"dissatisfaction",1
"shaman",1
"lords",1
"imagined",1
"reader",1
"prominent",1
"chunchucmil",1
"accounting",1
"fretter",1
"aftermath",1
"documenting",1
"murals",1
"indiens",1
"explains",1
"colubrina",1
"peraza",1
"calls",1
"secret",1
"nation",1
"southwest",1
"anew",1
"dumhartnn",1
"end",1
"woude",1
"positions",1
"description",1
"bowl",1
"geology",1
"andhistoiy",1
"spite",1
"ia",1
"egalitarian",1
"desert",1
"medio",1
"tale",1
"describe",1
"fit",1
"cannibalisme",1
"intermediate",1
"refined",1
"borg",1
"skirt",1
"tarkanian",1
"propuestos",1
"queens",1
"beginnings",1
"incaico",1
"concentrate",1
"clientage",1
"cluster",1
"quetzalli",1
"internacional",1
"lanham",1
"notre",1
"call",1
"ethnohistoric",1
"lyyo",1
"recounting",1
"somewhere",1
"constructivas",1
"hostettler",1
"wilshusen",1
"minor",1
"haven",1
"mmi",1
"il",1
"realms",1
"calchaqui",1
"lyw",1
"deeply",1
"artifact",1
"quarry",1
"interpreted",1
"royale",1
"tashiro",1
"socioeconomic",1
"conformaciA3n",1
"shipibo",1
"vista",1
"markedly",1
"osmore",1
"attributed",1
"correction",1
"else",1
"towards",1
"veertig",1
"errors",1
"mixe",1
"underwhelming",1
"foci",1
"insurrection",1
"tamaulipas",1
"jerry",1
"earth",1
"aided",1
"pacific",1
"gateway",1
"responses",1
"szpirglas",1
"steward",1
"sweely",1
"fournier",1
"correct",1
"describing",1
"uuadalupe",1
"cataloguing",1
"constituent",1
"lowest",1
"altepetl",1
"shaping",1
"excuse",1
"coupled",1
"josAC",1
"wittkower",1
"locus",1
"crA!neos",1
"politically",1
"schwaben",1
"le",1
"mortuA!rios",1
"ortloff",1
"discourse",1
"emphasizes",1
"sharp",1
"pasquinucci",1
"quite",1
"interhemispheric",1
"davis",1
"bergin",1
"family",1
"contingency",1
"estilo",1
"leaves",1
"consensus",1
"driving",1
"cervantes",1
"cacao",1
"choose",1
"bridge",1
"pits",1
"grow",1
"oral",1
"mi",1
"metamorphoses",1
"dramatic",1
"microregions",1
"niles",1
"decline",1
"distinguished",1
"ancestral",1
"populi",1
"latest",1
"virAo",1
"villages",1
"zany",1
"tended",1
"jenmngs",1
"always",1
"stratigraphy",1
"otomanguean",1
"beacon",1
"sharer",1
"rescate",1
"majority",1
"critiquing",1
"aztecas",1
"pretarascque",1
"maxwell",1
"ta",1
"lacuna",1
"sweatbaths",1
"emperor",1
"citations",1
"paid",1
"uiiurai",1
"correspondence",1
"dACcapitation",1
"angkonan",1
"factionalism",1
"ntual",1
"plausible",1
"structured",1
"canuto",1
"directionality",1
"facilities",1
"grateful",1
"etnologiska",1
"spanai",1
"divinatory",1
"se",1
"inform",1
"moved",1
"uiscn",1
"valuable",1
"maidens",1
"massive",1
"preciassic",1
"kitual",1
"promising",1
"shamanic",1
"strangers",1
"gA?nther",1
"hellenic",1
"occidentalistas",1
"jincamocco",1
"debunk",1
"siA?cles",1
"grolier",1
"leche",1
"consideraciones",1
"chinchilla",1
"rio",1
"pertaining",1
"processual",1
"horizons",1
"statuses",1
"civilizationm",1
"relandscaped",1
"bras",1
"cristA3bal",1
"second",1
"indigenous",1
"critics",1
"scheick",1
"comment",1
"toltec",1
"chA!n",1
"tetimpa",1
"summarize",1
"bajos",1
"santuarios",1
"visually",1
"bringing",1
"dispositions",1
"monoliths",1
"arqueolA3gicos",1
"estevan",1
"microcosmic",1
"indigenista",1
"solving",1
"wess",1
"jiuvc",1
"stockhohn",1
"materiales",1
"divergence",1
"criticize",1
"indeed",1
"communautAC",1
"gender",1
"located",1
"overall",1
"administrada",1
"contribuciA3n",1
"surprisingly",1
"socalled",1
"chestnut",1
"drom",1
"sellen",1
"cloud",1
"curtis",1
"appreciate",1
"brief",1
"forward",1
"investments",1
"islands",1
"periferia",1
"rodriguez",1
"precipitaciones",1
"western",1
"tropical",1
"restall",1
"impersonators",1
"aniversario",1
"establishes",1
"precolonial",1
"estado",1
"prAChispanique",1
"caye",1
"tor",1
"garden",1
"urartian",1
"tzitzimime",1
"imperialist",1
"assyrian",1
"phaidon",1
"wheels",1
"ACtude",1
"targeted",1
"healan",1
"perennial",1
"amerindian",1
"unilineal",1
"strategic",1
"avian",1
"aeraemeni",1
"parker",1
"canberra",1
"positive",1
"ofnachan",1
"structural",1
"guzman",1
"kaminaljuyu",1
"gijseghem",1
"reptiles",1
"A!vila",1
"para",1
"corpus",1
"mexicanos",1
"lengellAC",1
"matieialien",1
"nonsite",1
"casi",1
"continuation",1
"depicted",1
"lux",1
"jfress",1
"rounes",1
"housing",1
"q",1
"phylogenetic",1
"andonuki",1
"coverage",1
"represents",1
"makes",1
"convex",1
"itfjjpampa",1
"happened",1
"halls",1
"constructors",1
"acknowledgments",1
"soon",1
"counterparts",1
"anexos",1
"array",1
"caveat",1
"tuerenhout",1
"coningham",1
"lollan",1
"neither",1
"marxists",1
"chalcatzingo",1
"demographic",1
"northwest",1
"summarizes",1
"processing",1
"home",1
"antigua",1
"falls",1
"orders",1
"publishing",1
"bind",1
"abbott",1
"vivanco",1
"keeping",1
"lord",1
"mysterious",1
"tepexi",1
"cerACn",1
"demonstrates",1
"experiment",1
"reprint",1
"organize",1
"antnropologist",1
"exodus",1
"constitute",1
"delaware",1
"patterning",1
"toronto",1
"anadananthera",1
"burkett",1
"noted",1
"allows",1
"thermodynamic",1
"praxis",1
"verlagsanstalt",1
"twin",1
"umberger",1
"awe",1
"sistema",1
"ringle",1
"ch",1
"dualprocessual",1
"declining",1
"hgunnes",1
"enclaves",1
"cuioert",1
"geomorphology",1
"management",1
"oxfored",1
"simulation",1
"actually",1
"mictlantecuhtli",1
"walled",1
"sigman",1
"culmination",1
"anthronoloo",1
"olmeca",1
"correspondences",1
"iconografA?a",1
"flanked",1
"heritage",1
"skyband",1
"aguilar",1
"housenoia",1
"toward",1
"escorial",1
"fragmentation",1
"uotanuasa",1
"hogrefe",1
"pumpu",1
"escultoras",1
"pukina",1
"vega",1
"towns",1
"cooption",1
"flushing",1
"lumoaii",1
"fornicai",1
"complementary",1
"am",1
"deatacamax",1
"peruanos",1
"paine",1
"provincia",1
"parpA3la",1
"idea",1
"stories",1
"hollow",1
"fundamental",1
"aldershot",1
"AYh",1
"arising",1
"materialist",1
"clarendon",1
"antes",1
"feather",1
"plan",1
"divinity",1
"compound",1
"match",1
"nathan",1
"striking",1
"cochabamba",1
"ierracing",1
"essence",1
"antnropoiogy",1
"locock",1
"choice",1
"unam",1
"eruptions",1
"outdated",1
"chA!vez",1
"superiores",1
"daily",1
"really",1
"anthro",1
"feasting",1
"break",1
"testing",1
"diverse",1
"incorporation",1
"plagued",1
"canto",1
"cochabanbai",1
"proliferation",1
"attire",1
"rica",1
"knobloch",1
"cA3dices",1
"overwhelmingly",1
"doubt",1
"aconcagua",1
"administrations",1
"golden",1
"man",1
"markets",1
"remark",1
"fumant",1
"audiences",1
"typological",1
"seddon",1
"honor",1
"ouuineusiern",1
"mesoamenca",1
"etla",1
"conclusions",1
"antropologia",1
"sA-mbolos",1
"precinct",1
"consciously",1
"garber",1
"ivy",1
"performances",1
"reru",1
"remarkable",1
"segmentaria",1
"rousseau",1
"gossen",1
"mayanists",1
"manner",1
"secrets",1
"road",1
"capitales",1
"compact",1
"understandings",1
"folklore",1
"accepted",1
"armed",1
"non",1
"jx",1
"nance",1
"hectares",1
"michael",1
"peopling",1
"paleodemographic",1
"imaginary",1
"hassig",1
"huasteque",1
"chalchihuitl",1
"anthropologie",1
"xibalba",1
"decapitation",1
"focusing",1
"untold",1
"japan",1
"assortment",1
"banner",1
"tarazona",1
"daunting",1
"unclear",1
"belief",1
"mesoamACnca",1
"encontradas",1
"peregrine",1
"distance",1
"cifuentes",1
"literatures",1
"pluriACtnica",1
"zenner",1
"paso",1
"monumentai",1
"zuu",1
"explicitly",1
"binary",1
"day",1
"cusco",1
"potrero",1
"remained",1
"cosmologies",1
"responded",1
"calculation",1
"demonstrated",1
"hermosa",1
"meetings",1
"heyerdahl",1
"classes",1
"crystals",1
"technologies",1
"greatest",1
"seances",1
"pirA!mide",1
"investment",1
"kathleen",1
"vast",1
"sales",1
"jaren",1
"acta",1
"lost",1
"considering",1
"birth",1
"wolley",1
"discovery",1
"organisms",1
"ecologically",1
"legitimation",1
"cince",1
"hoopes",1
"israel",1
"sides",1
"trajectory",1
"ce",1
"antnropoiogist",1
"danien",1
"aA?os",1
"distinctly",1
"anormal",1
"negociaciA3n",1
"tiesler",1
"mesopotamian",1
"dispersals",1
"odess",1
"manifestations",1
"profesor",1
"atxuch",1
"epigraphic",1
"asentamiento",1
"expand",1
"varying",1
"controlling",1
"asian",1
"significant",1
"expression",1
"fyramias",1
"definiendo",1
"kaminaljuyAo",1
"prehispA!nicos",1
"largely",1
"percheron",1
"assumption",1
"ideational",1
"andines",1
"macroregional",1
"virtually",1
"excavaciones",1
"meadows",1
"causes",1
"puna",1
"ruz",1
"congress",1
"chute",1
"mACmoires",1
"ideas",1
"harvard",1
"malinalco",1
"danbury",1
"questions",1
"nrst",1
"assign",1
"roman",1
"karst",1
"variables",1
"resolved",1
"engaged",1
"nothing",1
"merit",1
"laboratory",1
"examination",1
"editores",1
"michoacan",1
"historicity",1
"radiocarbon",1
"pACrou",1
"hasemann",1
"relegated",1
"neotropical",1
"improvements",1
"interpretaciA3n",1
"mountains",1
"dating",1
"students",1
"vaticano",1
"sacrificing",1
"jumped",1
"lales",1
"ties",1
"azoyAo",1
"tributos",1
"crises",1
"urbana",1
"provoked",1
"historic",1
"metropolitanos",1
"reality",1
"directed",1
"modem",1
"visualization",1
"especial",1
"communicated",1
"clouds",1
"peripheral",1
"conceptualized",1
"mandell",1
"travACs",1
"dominated",1
"chocolate",1
"essay",1
"guides",1
"urge",1
"logic",1
"tool",1
"logarithmic",1
"prevents",1
"deals",1
"vocally",1
"landman",1
"mississippian",1
"chesson",1
"david",1
"exaction",1
"started",1
"creolization",1
"gardner",1
"duraciA3n",1
"matirialien",1
"ex",1
"skulls",1
"him",1
"suroeste",1
"mount",1
"asu",1
"diasporas",1
"decapitaciA3n",1
"collected",1
"studier",1
"paquets",1
"obtained",1
"lie",1
"devil",1
"chnstensen",1
"tkaczuk",1
"accurate",1
"households",1
"fragility",1
"leventhal",1
"hierarchical",1
"preservation",1
"zamora",1
"divergent",1
"informaciA3n",1
"primer",1
"espaA?a",1
"centramACricaines",1
"construct",1
"latter",1
"reuse",1
"institutionalized",1
"repeated",1
"libro",1
"abbeville",1
"shackles",1
"facing",1
"probe",1
"mcmahon",1
"krA?fges",1
"internal",1
"chilpancingo",1
"trying",1
"eyes",1
"constructing",1
"hagstrum",1
"geogrA!ficas",1
"regionales",1
"lacking",1
"fainting",1
"nonformal",1
"narrow",1
"emphasized",1
"ranksize",1
"fil",1
"wise",1
"lexas",1
"cosmogram",1
"teothuacan",1
"becan",1
"ACd",1
"materialized",1
"ceques",1
"cuyo",1
"deciphered",1
"claiming",1
"analyze",1
"incienso",1
"story",1
"dominance",1
"milenia",1
"zmpire",1
"behce",1
"attracted",1
"otumba",1
"terracing",1
"gallardo",1
"gasparini",1
"geography",1
"versus",1
"tA?e",1
"saw",1
"chaa",1
"connections",1
"joint",1
"atlas",1
"chronicles",1
"evaluated",1
"adaptive",1
"anaean",1
"sur",1
"regimes",1
"centre",1
"reexamination",1
"greek",1
"oflximche",1
"convincingly",1
"bibliographic",1
"yucatec",1
"wartare",1
"widely",1
"druckund",1
"product",1
"threads",1
"greenwood",1
"sacrificial",1
"uumoanon",1
"aeschlilmann",1
"strontium",1
"depth",1
"consists",1
"yields",1
"quAC",1
"suggestion",1
"teoA?huacan",1
"marilyn",1
"discussing",1
"citACs",1
"posted",1
"layouts",1
"dinA!mica",1
"sal",1
"dictionary",1
"climatology",1
"mockeries",1
"veneration",1
"stratified",1
"macias",1
"unidades",1
"nonresidential",1
"tentative",1
"richest",1
"ttuae",1
"charters",1
"yaeger",1
"independent",1
"continued",1
"tomo",1
"george",1
"bureaucrats",1
"sometimes",1
"crucial",1
"negrete",1
"precincts",1
"domains",1
"next",1
"imbalance",1
"behold",1
"simon",1
"idioms",1
"americanist",1
"claimed",1
"fortificados",1
"santuario",1
"gastelum",1
"unchanging",1
"ironically",1
"vague",1
"resistant",1
"nansen",1
"amada",1
"powis",1
"discard",1
"plastic",1
"mirror",1
"primarily",1
"intermediare",1
"ninropoiogicai",1
"independence",1
"referred",1
"dimensions",1
"who",1
"riddled",1
"reciprocans",1
"off",1
"gibaja",1
"team",1
"curation",1
"force",1
"mayamania",1
"ideologia",1
"clA!sico",1
"parsons",1
"bengtsson",1
"brotherston",1
"tiahuanaco",1
"cbesas",1
"seA?or",1
"periodo",1
"rapidly",1
"cognitive",1
"legally",1
"montezuma",1
"jvionograpns",1
"figurine",1
"before",1
"sondondo",1
"despuACs",1
"payment",1
"settled",1
"stewards",1
"honolulu",1
"introductory",1
"quark",1
"ottawa",1
"schA?ndube",1
"clA!sica",1
"famous",1
"frontier",1
"aggrandizers",1
"michelet",1
"particularistic",1
"appearing",1
"muted",1
"punctuated",1
"ramirez",1
"sociolinguistic",1
"flaying",1
"domA-nguez",1
"solA-s",1
"problematic",1
"interpretive",1
"susan",1
"sound",1
"monumental",1
"resemble",1
"lago",1
"tlacopan",1
"seat",1
"estratACgica",1
"interacts",1
"stable",1
"manifesting",1
"laurance",1
"considered",1
"onderweg",1
"door",1
"affect",1
"tiempos",1
"sage",1
"hearts",1
"orientalis",1
"bench",1
"olguA-n",1
"enigma",1
"questioning",1
"forest",1
"today",1
"share",1
"sayil",1
"shadow",1
"miroir",1
"rarely",1
"then",1
"vea",1
"mito",1
"historian",1
"breach",1
"summary",1
"tinenne",1
"comes",1
"exemplified",1
"moqo",1
"accordance",1
"heeded",1
"calendrical",1
"norms",1
"comparison",1
"banco",1
"rucijic",1
"teotihuacana",1
"manual",1
"asentamientos",1
"kesearcn",1
"agents",1
"indA-genas",1
"decipherments",1
"gaspanni",1
"extension",1
"theme",1
"precise",1
"intensify",1
"frieze",1
"bronze",1
"tagua",1
"willingness",1
"carl",1
"md",1
"doi",1
"symbol",1
"seca",1
"palka",1
"organizational",1
"sustained",1
"trascendental",1
"oi",1
"erupted",1
"A2ociety",1
"ars",1
"papadopoulos",1
"puche",1
"couples",1
"vermeulen",1
"otates",1
"cover",1
"propagandist",1
"shamans",1
"know",1
"ship",1
"nuremberg",1
"horizontefondo",1
"demallie",1
"etnohistoria",1
"sociales",1
"unicultural",1
"moite",1
"regiA3n",1
"specialization",1
"fault",1
"illuminate",1
"myopia",1
"cemetery",1
"chapman",1
"dsfah",1
"braziiier",1
"faulty",1
"uru",1
"worth",1
"abandonment",1
"attribute",1
"quetzal",1
"global",1
"ausec",1
"cautiously",1
"seem",1
"banerjee",1
"sigvald",1
"contextual",1
"equivocal",1
"irrigate",1
"lity",1
"ivioore",1
"cachee",1
"proof",1
"constructions",1
"glyphique",1
"conquista",1
"knots",1
"foundation",1
"iii",1
"salazar",1
"alternatively",1
"homme",1
"tthno",1
"ethnologie",1
"hispanic",1
"linked",1
"obviously",1
"impossible",1
"ff",1
"laoor",1
"atacama",1
"plazas",1
"benefit",1
"sansores",1
"naco",1
"juegos",1
"build",1
"associations",1
"differed",1
"rauems",1
"dn",1
"greenstone",1
"placing",1
"goddess",1
"proposed",1
"nord",1
"edition",1
"type",1
"protracted",1
"tunnels",1
"person",1
"mayanist",1
"charged",1
"panama",1
"coauthoring",1
"A?oieun",1
"chatfield",1
"integrates",1
"altars",1
"high",1
"hombres",1
"lvvv",1
"vaticana",1
"ethnically",1
"communicate",1
"lucume",1
"answered",1
"proulx",1
"carefully",1
"investigation",1
"barrett",1
"waveland",1
"designers",1
"them",1
"addresses",1
"prA-vate",1
"proxemics",1
"venta",1
"accounts",1
"caria",1
"supports",1
"parrodi",1
"metaphor",1
"proven",1
"mexicon",1
"hills",1
"uieni",1
"ethnological",1
"writes",1
"dynamique",1
"ripe",1
"gambling",1
"loitecs",1
"adaptation",1
"hox",1
"heavier",1
"inscriptions",1
"urube",1
"paw",1
"consisting",1
"updates",1
"sowing",1
"schortman",1
"prestige",1
"esquina",1
"mcandrews",1
"zultepec",1
"bureaucratic",1
"pursued",1
"require",1
"secure",1
"ongin",1
"lukurmata",1
"fruitfully",1
"explored",1
"yield",1
"obenholzer",1
"proposing",1
"ori",1
"springer",1
"apartment",1
"observations",1
"missed",1
"oxygen",1
"rrenistory",1
"dedication",1
"bey",1
"museo",1
"hundreds",1
"rugn",1
"radiated",1
"revista",1
"axob",1
"archaeometry",1
"mACmoire",1
"rarucea",1
"popular",1
"spaces",1
"thinking",1
"frozen",1
"spinning",1
"researchers",1
"boston",1
"advancing",1
"llamado",1
"recursively",1
"popoloca",1
"alterations",1
"hendrik",1
"unilinear",1
"preserved",1
"careful",1
"nierogiypnic",1
"earlv",1
"ill",1
"cA?te",1
"constellations",1
"dedicatory",1
"introduced",1
"beach",1
"despite",1
"programa",1
"antiauitv",1
"content",1
"mimesis",1
"rijksuniversiteit",1
"downplays",1
"oriente",1
"trask",1
"african",1
"giving",1
"turns",1
"rendering",1
"step",1
"geophysics",1
"went",1
"territory",1
"regularities",1
"elevations",1
"embedded",1
"bustamante",1
"alternating",1
"pina",1
"vivian",1
"socializing",1
"mention",1
"deities",1
"maintained",1
"isolated",1
"au",1
"delving",1
"ho",1
"A2iuay",1
"hstrada",1
"esbozo",1
"hughen",1
"teeth",1
"sparked",1
"frances",1
"sacres",1
"underrepresented",1
"linnAC",1
"cniefdoms",1
"susceptible",1
"andino",1
"fortified",1
"producciA3n",1
"wild",1
"tlaloc",1
"patzcuaro",1
"staffs",1
"survival",1
"commercial",1
"argument",1
"unable",1
"vestibule",1
"meaningful",1
"difference",1
"detrA!s",1
"generate",1
"cas",1
"surface",1
"similarity",1
"argentina",1
"americana",1
"milpa",1
"geological",1
"iconografA-a",1
"finally",1
"A2ocieiies",1
"accept",1
"poleis",1
"frayer",1
"newsletter",1
"publicized",1
"crisis",1
"chiefly",1
"shrunk",1
"identify",1
"utumba",1
"offer",1
"instead",1
"crime",1
"integrated",1
"define",1
"tackles",1
"oriental",1
"specialists",1
"ACtudes",1
"epiciassic",1
"folan",1
"unified",1
"scoured",1
"unbelievable",1
"catastrophism",1
"altiplano",1
"puquios",1
"sports",1
"morelos",1
"colleagues",1
"defined",1
"inhumaciA3n",1
"attempted",1
"recourse",1
"abril",1
"stairway",1
"colonnaded",1
"diaspora",1
"grapple",1
"indian",1
"presenting",1
"graphed",1
"lurA-n",1
"teoA1huacan",1
"speak",1
"suciai",1
"rituales",1
"mochica",1
"reorganized",1
"lvw",1
"biolA3gica",1
"anonymous",1
"deer",1
"postclasico",1
"thousand",1
"ernie",1
"thresholds",1
"addisonwesley",1
"vim",1
"matlatzinca",1
"victorioso",1
"assumed",1
"mistaken",1
"plethora",1
"anaes",1
"km",1
"themselves",1
"A-wo",1
"marxist",1
"rejection",1
"galicia",1
"era",1
"contrasting",1
"lomos",1
"super",1
"zuyuA!",1
"salinera",1
"glyph",1
"create",1
"uncertainty",1
"maximum",1
"otopame",1
"exclusively",1
"wmmAac",1
"entire",1
"documentary",1
"calendars",1
"develop",1
"aguateca",1
"traditional",1
"acadACmie",1
"redresses",1
"irejo",1
"urbanA-stico",1
"ends",1
"lingA?istica",1
"anton",1
"terracotta",1
"encoded",1
"ethnology",1
"cross",1
"tf",1
"proceso",1
"histA3rico",1
"broader",1
"gmelch",1
"indicating",1
"conference",1
"primera",1
"humanidades",1
"templos",1
"emphoux",1
"catedral",1
"portrait",1
"asn",1
"coordinaciA3n",1
"sandweiss",1
"gold",1
"richly",1
"mACtamorphoses",1
"hignam",1
