"WORDCOUNTS","WEIGHT"
"of",7
"the",6
"and",6
"in",5
"to",4
"contents",4
"you",4
"alerts",4
"springer",3
"journals",3
"for",3
"online",2
"archaeological",2
"humanities",2
"your",2
"books",2
"free",2
"anthropological",2
"abstracts",2
"book",2
"research",2
"about",2
"springeralerts",2
"table",2
"new",2
"com",2
"arts",2
"journal",2
"index",2
"academic",2
"current",2
"ur",1
"oclc",1
"customize",1
"series",1
"will",1
"deliver",1
"civilization",1
"by",1
"upcoming",1
"trends",1
"indexed",1
"first",1
"language",1
"bibliography",1
"pluckhahn",1
"way",1
"onefile",1
"social",1
"science",1
"volume",1
"offer",1
"fast",1
"keep",1
"mesopotamia",1
"scholar",1
"field",1
"number",1
"need",1
"offers",1
"an",1
"receive",1
"google",1
"reliable",1
"states",1
"or",1
"know",1
"information",1
"geobase",1
"archaeology",1
"subscriber",1
"scopus",1
"thomas",1
"literature",1
"developments",1
"anthropology",1
"j",1
"international",1
"gale",1
"bc",1
"flexible",1
"summon",1
"on",1
"december",1
"special",1
"news",1
"serial",1
"best",1
"as",1
"united",1
"is",1
"access",1
"exactly",1
"can",1
"be",1
"with",1
"jason",1
"premier",1
"up",1
"solutions",1
"sciences",1
"citation",1
"northern",1
"discounts",1
"sign",1
"we",1
"challenges",1
"search",1
"abstracted",1
"a",1
"cycles",1
"southeastern",1
"history",1
"alert",1
"household",1
"ibss",1
"toc",1
