"WORDCOUNTS","WEIGHT"
"the",1341
"and",1180
"of",1154
"in",737
"a",414
"to",403
"j",186
"as",171
"or",170
"that",165
"de",161
"on",145
"pp",144
"at",143
"m",141
"residential",140
"s",139
"domestic",127
"archaeology",123
"are",122
"for",122
"is",121
"press",121
"with",118
"andean",111
"p",110
"university",108
"e",107
"peru",106
"household",105
"have",105
"eds",103
"be",102
"c",98
"from",98
"social",91
"la",90
"an",88
"were",86
"households",85
"g",82
"by",81
"r",78
"d",78
"political",77
"between",77
"may",76
"research",74
"their",73
"these",70
"different",70
"andes",68
"this",68
"architecture",68
"activities",66
"groups",65
"areas",65
"such",63
"house",63
"american",62
"other",62
"tiwanaku",62
"organization",60
"archaeological",60
"some",59
"remains",59
"springer",58
"it",57
"archaeol",57
"chan",57
"ed",57
"res",57
"moche",56
"i",56
"activity",55
"not",55
"production",54
"more",54
"archaeologists",53
"houses",53
"en",52
"urban",51
"h",48
"space",48
"many",48
"y",48
"l",47
"was",47
"sites",47
"state",46
"isbell",46
"dc",45
"also",45
"new",45
"inka",44
"but",44
"washington",44
"w",43
"economy",42
"cambridge",42
"del",41
"site",40
"dwellings",40
"can",40
"they",39
"he",39
"see",39
"group",38
"been",38
"el",37
"societies",37
"al",37
"elite",37
"use",37
"understand",36
"community",36
"power",36
"material",36
"k",35
"data",35
"studies",34
"et",34
"wari",33
"ancient",33
"v",33
"early",33
"valley",33
"one",32
"based",32
"units",32
"shimada",32
"structures",32
"analysis",32
"large",31
"complex",31
"within",31
"b",31
"moseley",31
"patterns",31
"coresidential",31
"which",31
"antiquity",31
"differences",30
"excavations",30
"los",30
"t",30
"period",30
"city",30
"topic",29
"dwelling",29
"coast",29
"communities",29
"has",28
"ritual",28
"than",28
"society",28
"anthropology",28
"huari",28
"bawden",28
"center",27
"aldenderfer",27
"most",27
"important",27
"used",27
"work",27
"palaces",27
"ethnographic",27
"murra",27
"stanish",26
"thus",26
"economic",26
"larger",26
"features",26
"how",25
"study",25
"dumbarton",25
"its",25
"oaks",25
"time",25
"models",25
"iowa",24
"journal",24
"pampa",24
"late",24
"family",24
"empire",24
"size",24
"settlements",23
"contexts",23
"cerro",23
"york",23
"occupation",23
"uceda",23
"chimu",23
"northern",23
"janusek",22
"central",22
"nash",22
"no",22
"polities",22
"researchers",22
"universidad",22
"world",22
"north",22
"latin",21
"prehistoric",21
"however",21
"williams",21
"compounds",21
"craft",21
"middle",21
"all",20
"inca",20
"kolata",20
"his",20
"monumental",20
"because",20
"structure",20
"hastorf",20
"project",20
"described",20
"morris",20
"often",20
"anthropological",20
"complementarity",20
"history",19
"development",19
"nacional",19
"artifacts",19
"field",19
"settlement",19
"several",19
"about",19
"residence",19
"number",19
"would",19
"rural",19
"argentina",19
"if",18
"comparisons",18
"huaca",18
"relations",18
"changes",18
"goldstein",18
"horizon",18
"change",18
"grande",18
"bermann",18
"architectural",18
"life",18
"nature",17
"rather",17
"huA!nuco",17
"out",17
"excavated",17
"southern",17
"culture",17
"same",17
"day",17
"region",17
"pillsbury",17
"exchange",17
"examine",17
"provide",17
"associated",17
"goods",17
"village",16
"materials",16
"well",16
"provincial",16
"during",16
"small",16
"located",16
"volume",16
"compound",16
"understanding",16
"both",16
"chile",16
"patio",15
"storage",15
"bolivia",15
"civilization",15
"unit",15
"coastal",15
"flannery",15
"mayer",15
"artifact",15
"examined",15
"department",15
"regional",15
"members",15
"occupied",15
"administrative",15
"through",15
"ayllu",15
"recent",15
"built",15
"wilk",15
"kinds",14
"into",14
"composition",14
"review",14
"museum",14
"n",14
"austin",14
"describe",14
"two",14
"only",14
"model",14
"A?",14
"california",14
"pottery",14
"zeidler",14
"complexes",14
"palace",14
"specialized",14
"texas",14
"spaces",14
"evidence",14
"elites",14
"among",14
"building",14
"approaches",13
"chapdelaine",13
"there",13
"resources",13
"without",13
"subsistence",13
"similar",13
"ecuador",13
"could",13
"focused",13
"hinterland",13
"moore",13
"floors",13
"ethnicity",13
"consumption",13
"nielsen",13
"few",13
"san",13
"comparative",13
"present",13
"like",13
"pozorski",13
"chimor",13
"las",13
"them",13
"although",13
"states",13
"common",12
"sociales",12
"highland",12
"nevertheless",12
"walls",12
"van",12
"earlier",12
"specialization",12
"surface",12
"academic",12
"further",12
"altroy",12
"documented",12
"peruvian",12
"excavation",12
"smithsonian",12
"when",12
"using",12
"south",12
"identified",12
"scholars",12
"do",12
"perhaps",12
"bulletin",12
"deposits",12
"galindo",12
"class",12
"institution",12
"particular",12
"types",12
"baAol",12
"earle",12
"descriptions",12
"current",12
"form",12
"ethnography",12
"institute",12
"couture",12
"archaic",12
"focus",12
"difficult",11
"horizontal",11
"residences",11
"great",11
"analyses",11
"those",11
"keatinge",11
"rooms",11
"relationships",11
"trujillo",11
"given",11
"perspective",11
"fig",11
"kinship",11
"luna",11
"mcewan",11
"lima",11
"scale",11
"facilities",11
"public",11
"part",11
"related",11
"intermediate",11
"people",11
"published",11
"describes",11
"yet",11
"ph",11
"valleys",11
"made",11
"significant",11
"ideas",11
"angeles",11
"dissertation",11
"complexity",11
"rostworowski",11
"spatial",11
"families",11
"area",11
"ca",11
"later",10
"identify",10
"room",10
"reproduction",10
"investigations",10
"context",10
"primary",10
"economies",10
"sample",10
"mexico",10
"importance",10
"marcus",10
"moquegua",10
"view",10
"found",10
"interpretations",10
"expansion",10
"interpretation",10
"ciudadelas",10
"ceramic",10
"style",10
"assemblage",10
"difference",10
"assemblages",10
"questions",10
"processes",10
"provides",10
"burials",10
"each",10
"conrad",10
"ecology",10
"cooking",10
"suggests",10
"garbage",10
"must",10
"specialists",10
"smaller",10
"institut",9
"royal",9
"being",9
"A?",9
"along",9
"labor",9
"thompson",9
"cases",9
"compared",9
"general",9
"ma",9
"special",9
"basin",9
"centers",9
"cultural",9
"monograph",9
"london",9
"place",9
"below",9
"alto",9
"haas",9
"ceremonial",9
"statecraft",9
"make",9
"settings",9
"franA?ais",9
"visita",9
"forms",9
"where",9
"local",9
"able",9
"regions",9
"interpret",9
"relative",9
"perspectives",9
"who",9
"detailed",9
"construction",9
"rivolta",9
"considered",9
"set",9
"over",9
"particularly",9
"historical",9
"examining",9
"living",9
"while",9
"imperial",9
"art",9
"aguada",9
"andino",9
"sur",9
"mujica",9
"interaction",9
"editorial",9
"kluwer",8
"sets",8
"ways",8
"women",8
"vivienda",8
"rathje",8
"implications",8
"might",8
"real",8
"papers",8
"discuss",8
"feinman",8
"human",8
"publication",8
"since",8
"marriage",8
"what",8
"floor",8
"una",8
"productive",8
"making",8
"monuments",8
"prehistory",8
"albuquerque",8
"beyond",8
"kingship",8
"near",8
"literature",8
"dynasties",8
"ethnohistoric",8
"polity",8
"refuse",8
"working",8
"cA3rdoba",8
"components",8
"investigaciones",8
"zonal",8
"estudes",8
"lukurmata",8
"periods",8
"chronological",8
"variety",8
"gijseghem",8
"under",8
"northwest",8
"brujas",8
"projects",8
"bourdieu",8
"feasting",8
"nuclear",8
"identity",8
"andines",8
"harvard",8
"function",8
"vaughn",8
"un",8
"known",8
"cotsen",8
"constructions",8
"titicaca",8
"terms",8
"correlates",8
"paleoecology",8
"socioeconomic",8
"role",8
"administration",8
"extensive",8
"espacio",8
"burger",8
"netherly",8
"typically",8
"attributes",8
"association",8
"desert",8
"potential",8
"vary",8
"pachacamac",8
"entire",8
"much",8
"zones",8
"should",8
"tokyo",7
"way",7
"trans",7
"sphere",7
"secondary",7
"government",7
"survey",7
"vA!squez",7
"incorporate",7
"vol",7
"occupying",7
"international",7
"includes",7
"application",7
"even",7
"cooperative",7
"mercolli",7
"evolution",7
"consider",7
"organized",7
"rice",7
"had",7
"affiliated",7
"territorio",7
"initial",7
"aspects",7
"concept",7
"patterning",7
"comunidad",7
"useful",7
"results",7
"phase",7
"formative",7
"programs",7
"technology",7
"included",7
"insights",7
"others",7
"hearths",7
"variation",7
"anthropologist",7
"procesos",7
"strategies",7
"necessary",7
"investigators",7
"exhibit",7
"including",7
"food",7
"muA?oz",7
"individuals",7
"parts",7
"christie",7
"define",7
"sociopolitical",7
"allison",7
"oxford",7
"relationship",7
"ecological",7
"earliest",7
"practice",7
"series",7
"mentioned",7
"changing",7
"capital",7
"very",7
"past",7
"agricultural",7
"information",7
"national",7
"preceramic",7
"include",7
"dense",7
"seldes",7
"comparison",7
"damp",7
"does",6
"functional",6
"determine",6
"evans",6
"nAoA?ez",6
"stothert",6
"quotidian",6
"matos",6
"hierarchy",6
"publications",6
"find",6
"details",6
"interesting",6
"hacia",6
"scales",6
"linked",6
"shelters",6
"show",6
"requires",6
"huacas",6
"estudios",6
"facultad",6
"michigan",6
"produced",6
"applied",6
"sarro",6
"example",6
"versus",6
"interpreted",6
"own",6
"approach",6
"depositional",6
"perAo",6
"brush",6
"level",6
"buildings",6
"suggest",6
"contrast",6
"libertad",6
"f",6
"populations",6
"allen",6
"issues",6
"broad",6
"bolton",6
"conchopata",6
"landscape",6
"donnan",6
"classes",6
"extended",6
"looking",6
"findings",6
"resulting",6
"ethnic",6
"individual",6
"high",6
"after",6
"especially",6
"problems",6
"hagstrum",6
"heartland",6
"she",6
"primarily",6
"recognize",6
"case",6
"colony",6
"ethnoarchaeology",6
"defining",6
"correspond",6
"interested",6
"just",6
"type",6
"webster",6
"theory",6
"u",6
"reported",6
"arica",6
"americas",6
"land",6
"altiplano",6
"oA-",6
"Ac",6
"text",6
"valdivia",6
"test",6
"broader",6
"major",6
"samples",5
"represent",5
"modern",5
"western",5
"lower",5
"domACstico",5
"long",5
"ii",5
"ciencias",5
"address",5
"kent",5
"layout",5
"pikillacta",5
"daily",5
"reveal",5
"search",5
"mackey",5
"key",5
"prehispanic",5
"facets",5
"ethnohistorical",5
"conducted",5
"rapoport",5
"norte",5
"back",5
"offerings",5
"drawn",5
"netting",5
"pennsylvania",5
"costa",5
"philadelphia",5
"arrangements",5
"asana",5
"impact",5
"upper",5
"origins",5
"instance",5
"plenum",5
"strategy",5
"methodology",5
"conquest",5
"whereas",5
"uses",5
"casma",5
"access",5
"mapping",5
"lived",5
"shared",5
"mesoamerican",5
"embedded",5
"ann",5
"leonard",5
"population",5
"cannot",5
"record",5
"required",5
"gender",5
"demonstrates",5
"surrounding",5
"status",5
"nasca",5
"canseco",5
"mound",5
"finds",5
"diez",5
"tasks",5
"classic",5
"still",5
"silverman",5
"edited",5
"ethnographers",5
"interment",5
"times",5
"home",5
"transformations",5
"hermilio",5
"bar",5
"provincia",5
"documents",5
"together",5
"diverse",5
"antonio",5
"discussed",5
"routledge",5
"shifts",5
"degree",5
"range",5
"hudnuco",5
"cooperating",5
"mortuary",5
"kingdom",5
"examination",5
"theoretical",5
"pattern",5
"three",5
"stress",5
"comparing",5
"stahl",5
"ethnohistory",5
"arbor",5
"cultura",5
"vegas",5
"vertical",5
"order",5
"klymyshyn",5
"itself",5
"wanka",5
"detail",5
"following",5
"dispersed",5
"blom",5
"costin",5
"abandonment",5
"leaders",5
"sierra",5
"whether",5
"distribution",5
"foundations",5
"studying",5
"morales",5
"mejA-a",5
"multiple",5
"practices",5
"valdizan",5
"uncalibrated",5
"cook",5
"lake",5
"sharing",5
"deposition",5
"abandoned",5
"arnold",5
"lanning",5
"nicholas",4
"reycraft",4
"valle",4
"stylistic",4
"chincha",4
"environmental",4
"introduction",4
"needed",4
"cardal",4
"designed",4
"stone",4
"second",4
"cuzco",4
"sampled",4
"ethnoarchaeological",4
"corresponding",4
"interestingly",4
"first",4
"sources",4
"brennan",4
"advanced",4
"orno",4
"excavating",4
"rich",4
"narrative",4
"link",4
"blackwell",4
"concepts",4
"situ",4
"botanical",4
"anthropologists",4
"moraduchayoq",4
"agriculture",4
"west",4
"taking",4
"far",4
"compares",4
"zone",4
"xauxa",4
"masuda",4
"interest",4
"mesoamerica",4
"drainage",4
"chacama",4
"served",4
"archaeologist",4
"look",4
"phases",4
"excavate",4
"essential",4
"hammel",4
"highlands",4
"basic",4
"levels",4
"malpass",4
"derived",4
"ceramics",4
"preservation",4
"shell",4
"underlying",4
"wealth",4
"arqueologA-a",4
"document",4
"quarters",4
"four",4
"gero",4
"historia",4
"atA!camenos",4
"gose",4
"location",4
"midden",4
"effort",4
"deal",4
"events",4
"herding",4
"engel",4
"agglutinated",4
"desde",4
"burial",4
"tools",4
"dwellers",4
"kitchen",4
"colonies",4
"having",4
"schreiber",4
"lords",4
"platt",4
"realm",4
"castillo",4
"contains",4
"irregular",4
"away",4
"my",4
"modest",4
"dillehay",4
"arquitectura",4
"temporary",4
"presence",4
"core",4
"always",4
"up",4
"provided",4
"led",4
"likely",4
"chilca",4
"permits",4
"religious",4
"verticality",4
"restricted",4
"us",4
"prehispdnicos",4
"largest",4
"outside",4
"fundamental",4
"contemporary",4
"program",4
"sector",4
"demarrais",4
"establish",4
"frequency",4
"maya",4
"private",4
"collier",4
"meaningful",4
"regueiro",4
"formal",4
"ethnology",4
"lozada",4
"lhe",4
"variables",4
"engaged",4
"platform",4
"clear",4
"armas",4
"mendieta",4
"symposium",4
"so",4
"course",4
"filled",4
"repeated",4
"article",4
"systems",4
"sobre",4
"we",4
"carried",4
"science",4
"maps",4
"hill",4
"ine",4
"arts",4
"discard",4
"collections",4
"diversity",4
"visual",4
"linking",4
"frontier",4
"articles",4
"rarely",4
"leA3n",4
"respective",4
"demonstrate",4
"temple",4
"gallery",4
"control",4
"scientist",4
"cultures",4
"sizes",4
"seem",4
"contextual",4
"exhibits",4
"sectors",4
"vs",4
"combined",4
"unique",4
"interpreting",4
"periphery",4
"revista",4
"vessels",4
"presented",4
"little",4
"plans",4
"formation",4
"reveals",4
"disposal",4
"stratification",4
"buikstra",4
"needs",4
"valuable",4
"meaning",4
"consisted",4
"views",4
"comparable",4
"occur",4
"tufinio",3
"final",3
"now",3
"asentamiento",3
"morphology",3
"durante",3
"kroeber",3
"ana",3
"mobility",3
"meyerson",3
"maize",3
"columns",3
"levallACe",3
"easily",3
"collection",3
"allow",3
"necessarily",3
"before",3
"foragers",3
"ambato",3
"pucp",3
"accumulation",3
"either",3
"gambier",3
"asserts",3
"worked",3
"seems",3
"words",3
"definition",3
"principles",3
"assess",3
"ephemeral",3
"uncovered",3
"take",3
"subsequent",3
"patterned",3
"sacred",3
"platforms",3
"bunimovitz",3
"growing",3
"remodeling",3
"behavioral",3
"eastern",3
"iv",3
"rincA3n",3
"demography",3
"methodologies",3
"bolin",3
"o",3
"seA?orA-o",3
"centrales",3
"surplus",3
"tribute",3
"chapters",3
"fisherfolk",3
"archipelago",3
"characteristic",3
"relatively",3
"weaving",3
"ayacucho",3
"works",3
"arena",3
"agosto",3
"cohen",3
"compare",3
"percentage",3
"actividad",3
"actas",3
"rights",3
"segundo",3
"neff",3
"proceedings",3
"remain",3
"mountain",3
"bonnier",3
"process",3
"excavators",3
"determining",3
"direct",3
"selected",3
"distant",3
"reason",3
"affect",3
"faust",3
"dichotomy",3
"evidencias",3
"metallurgy",3
"peasant",3
"contiguous",3
"rostain",3
"elevated",3
"placed",3
"too",3
"age",3
"horizontally",3
"resource",3
"lithic",3
"toro",3
"kaulicke",3
"projected",3
"suggested",3
"differently",3
"appear",3
"diachronic",3
"commoner",3
"rule",3
"faunal",3
"jargampata",3
"subunits",3
"burros",3
"changed",3
"sedentary",3
"giddens",3
"arqueolA3gicas",3
"term",3
"hastings",3
"equally",3
"memory",3
"buried",3
"chicama",3
"appears",3
"ot",3
"osmore",3
"fulfill",3
"pontificia",3
"fish",3
"russell",3
"explain",3
"basis",3
"future",3
"inferred",3
"douglas",3
"received",3
"museo",3
"su",3
"discusses",3
"pyramids",3
"revealed",3
"description",3
"whole",3
"cane",3
"gA?bel",3
"reflect",3
"formations",3
"preparation",3
"connections",3
"redistribution",3
"good",3
"contextualized",3
"interacting",3
"emphasizes",3
"around",3
"workshops",3
"essentially",3
"gordillo",3
"ancestors",3
"boundaries",3
"villages",3
"cocina",3
"florida",3
"sampeck",3
"ovalle",3
"onto",3
"catA3lica",3
"will",3
"camelid",3
"arrangement",3
"exterior",3
"cosmological",3
"modelos",3
"overall",3
"subject",3
"exception",3
"postexcavation",3
"hold",3
"spectacular",3
"single",3
"once",3
"scattolin",3
"array",3
"continuity",3
"mobile",3
"organizaciA3n",3
"manzanilla",3
"eeckhout",3
"reports",3
"hearth",3
"enclaves",3
"lack",3
"aspect",3
"book",3
"challenge",3
"milenio",3
"links",3
"santa",3
"similarly",3
"quebrada",3
"smith",3
"dissertations",3
"fact",3
"shows",3
"rinconada",3
"wide",3
"blocks",3
"disturbed",3
"archaeopress",3
"conclusions",3
"took",3
"ground",3
"manner",3
"less",3
"arqueologia",3
"coloquio",3
"years",3
"investment",3
"vast",3
"zuidema",3
"producciA3n",3
"meals",3
"manufactured",3
"clustered",3
"santley",3
"unfortunately",3
"assume",3
"exhibited",3
"dating",3
"trade",3
"urbana",3
"weismantel",3
"authors",3
"urbanism",3
"seA?orA-os",3
"held",3
"pompeii",3
"sechin",3
"discarded",3
"elaborate",3
"blanton",3
"effect",3
"hildebrand",3
"artisans",3
"looked",3
"attention",3
"division",3
"examines",3
"consists",3
"me",3
"sikkink",3
"ideology",3
"purposes",3
"widespread",3
"referred",3
"means",3
"dimensions",3
"estACvez",3
"team",3
"juan",3
"grinding",3
"contribution",3
"indicate",3
"composed",3
"mounds",3
"problematic",3
"addressed",3
"variable",3
"deposited",3
"any",3
"suite",3
"civilizations",3
"colonists",3
"incorporated",3
"asentamientos",3
"natural",3
"putuni",3
"ortiz",3
"sampling",3
"did",3
"best",3
"exceptional",3
"foundation",3
"rely",3
"infer",3
"reflected",3
"build",3
"callegari",3
"utilized",3
"advances",3
"sala",3
"according",3
"typologies",3
"seasonal",3
"hupp",3
"discussion",3
"careful",3
"technologies",3
"techniques",3
"contribute",3
"maintained",3
"varied",3
"integrated",3
"santiago",3
"need",3
"akapana",3
"integration",3
"defined",3
"boletA-n",3
"achuar",3
"modeling",3
"assumed",3
"interdisciplinary",3
"themselves",3
"gainesville",3
"sciences",3
"close",3
"cited",3
"death",3
"emulate",2
"solimano",2
"vleet",2
"aregentina",2
"domesticity",2
"calibrated",2
"worship",2
"altamira",2
"aztec",2
"affected",2
"resulted",2
"debris",2
"likewise",2
"viejo",2
"pucarA!",2
"chupachu",2
"kristiansen",2
"live",2
"asserted",2
"environment",2
"boulder",2
"classify",2
"presents",2
"inequality",2
"total",2
"excavaciones",2
"dig",2
"exceptions",2
"princeton",2
"societal",2
"contextualizes",2
"highlight",2
"hardin",2
"schiappacasse",2
"wirth",2
"jackson",2
"censos",2
"insituto",2
"taken",2
"disturbance",2
"tardA-os",2
"broadly",2
"macneish",2
"thank",2
"farmers",2
"accumulated",2
"origin",2
"studied",2
"inherent",2
"palatial",2
"nm",2
"emphasized",2
"chiefdoms",2
"classified",2
"reading",2
"visiA3n",2
"dd",2
"documenting",2
"side",2
"occasional",2
"plain",2
"bird",2
"tartusi",2
"buren",2
"possible",2
"marked",2
"politics",2
"goody",2
"affinal",2
"solely",2
"move",2
"fine",2
"surrounded",2
"atacama",2
"bastien",2
"familial",2
"cautious",2
"bello",2
"quantity",2
"dynamic",2
"genetic",2
"chart",2
"representing",2
"facto",2
"lambert",2
"behavior",2
"controlled",2
"A!reas",2
"hudson",2
"repeatedly",2
"relies",2
"interments",2
"goal",2
"iron",2
"accessible",2
"throughout",2
"chiefs",2
"affiliation",2
"cordycollins",2
"aldunate",2
"documento",2
"rioja",2
"nn",2
"component",2
"dynamics",2
"consideration",2
"quality",2
"longevity",2
"collapsed",2
"domain",2
"gendered",2
"prehistoria",2
"cf",2
"writ",2
"structuralist",2
"century",2
"nested",2
"interprets",2
"chiripa",2
"unity",2
"elements",2
"developments",2
"items",2
"david",2
"ediciones",2
"lancho",2
"cities",2
"ithaca",2
"mochica",2
"serving",2
"handbook",2
"dates",2
"arranged",2
"stratigraphie",2
"explore",2
"grouped",2
"kidder",2
"vaquer",2
"leadership",2
"tardio",2
"salt",2
"arriaza",2
"A?oresidential",2
"gillespie",2
"industries",2
"oj",2
"explanations",2
"ramps",2
"whose",2
"artesanal",2
"plotted",2
"growth",2
"uhle",2
"developed",2
"wall",2
"biggest",2
"presentation",2
"remote",2
"potosA-",2
"environments",2
"opportunity",2
"rojas",2
"certain",2
"symbols",2
"illustrations",2
"rules",2
"uchucmarca",2
"terada",2
"support",2
"klarich",2
"servants",2
"objects",2
"wachtel",2
"emergence",2
"producers",2
"proposed",2
"peruanos",2
"numbers",2
"cobo",2
"quantify",2
"presumed",2
"commonly",2
"kotosh",2
"follow",2
"defines",2
"facing",2
"undertaken",2
"ceremony",2
"utah",2
"tringham",2
"shifted",2
"metal",2
"calgary",2
"coincide",2
"deetz",2
"salient",2
"myths",2
"irrigation",2
"holdings",2
"tarapacA!",2
"antiauitv",2
"laid",2
"pursuits",2
"extent",2
"transmission",2
"appearance",2
"called",2
"typical",2
"pacha",2
"seven",2
"cornell",2
"relate",2
"agendas",2
"diet",2
"ornaments",2
"configuration",2
"commoners",2
"dinA!mica",2
"thames",2
"base",2
"respects",2
"pots",2
"evaluate",2
"density",2
"applying",2
"adobes",2
"mummies",2
"though",2
"barba",2
"cuts",2
"halls",2
"block",2
"prehispA!nico",2
"arqueolA3gico",2
"persons",2
"understood",2
"promise",2
"smashing",2
"nice",2
"outlined",2
"hidalgo",2
"exploration",2
"depA3sito",2
"rectilinear",2
"yoffee",2
"umarp",2
"huge",2
"jawira",2
"distinguishes",2
"shape",2
"viru",2
"participation",2
"spheres",2
"line",2
"scope",2
"residents",2
"parades",2
"tool",2
"bragayrac",2
"ardener",2
"reader",2
"piramide",2
"casa",2
"knowledge",2
"apparent",2
"godelier",2
"practiced",2
"fit",2
"discussions",2
"ghana",2
"inferences",2
"reportedly",2
"densely",2
"seasonally",2
"cluster",2
"lifeways",2
"centinela",2
"systematic",2
"participate",2
"stanford",2
"rowe",2
"aproximaciA3n",2
"trends",2
"hidden",2
"extremo",2
"traders",2
"citing",2
"nonrepresentative",2
"earth",2
"enclosures",2
"officials",2
"construct",2
"hypothesis",2
"multiyear",2
"administrators",2
"tested",2
"nonresidential",2
"nine",2
"synthesized",2
"precontact",2
"involved",2
"spanish",2
"migration",2
"revealing",2
"zona",2
"niches",2
"distinguished",2
"kekchi",2
"differing",2
"postoccupation",2
"dedicated",2
"sarmiento",2
"prevented",2
"dependent",2
"notes",2
"lore",2
"pot",2
"sitio",2
"passive",2
"am",2
"katari",2
"digging",2
"pertaining",2
"various",2
"publishers",2
"action",2
"synthesis",2
"labeled",2
"tried",2
"return",2
"female",2
"spencerwood",2
"above",2
"izumi",2
"americana",2
"rare",2
"interactions",2
"conceived",2
"experiences",2
"seemingly",2
"direction",2
"structural",2
"biological",2
"para",2
"duplicate",2
"elaboration",2
"housing",2
"makes",2
"adA!n",2
"neither",2
"planned",2
"homogeneous",2
"infrastructure",2
"intersects",2
"complete",2
"rosenzweig",2
"shifting",2
"choices",2
"experimental",2
"subdivisions",2
"orans",2
"noted",2
"stones",2
"sistema",2
"bandy",2
"yanagisako",2
"resultados",2
"babot",2
"niles",2
"collaborators",2
"successfully",2
"left",2
"paul",2
"pukara",2
"prieta",2
"academy",2
"available",2
"reporting",2
"varies",2
"vega",2
"andeanists",2
"addition",2
"water",2
"performance",2
"joyce",2
"bachelard",2
"idea",2
"problematized",2
"temples",2
"occupations",2
"centered",2
"instituto",2
"wine",2
"abstract",2
"rebuilding",2
"really",2
"personal",2
"farming",2
"dransart",2
"commuting",2
"men",2
"enough",2
"antropologia",2
"aqllawasi",2
"clusters",2
"existing",2
"unclear",2
"ultimately",2
"answer",2
"ainu",2
"containers",2
"kadwell",2
"fewer",2
"streets",2
"hombre",2
"decontextualized",2
"sonqo",2
"another",2
"grouping",2
"logistics",2
"considering",2
"surfaces",2
"limitations",2
"transformed",2
"previously",2
"identification",2
"albeck",2
"expression",2
"combining",2
"prehispA!nicos",2
"largely",2
"factor",2
"ynga",2
"collaborative",2
"commodity",2
"trend",2
"solis",2
"signal",2
"chosen",2
"full",2
"login",2
"ties",2
"significance",2
"landscapes",2
"discovered",2
"andrews",2
"comprehensive",2
"citv",2
"ny",2
"housed",2
"played",2
"distinction",2
"stresses",2
"pyramidal",2
"kept",2
"kramer",2
"southcentral",2
"chicha",2
"least",2
"subfloor",2
"arquitectA3nicos",2
"become",2
"sight",2
"correlated",2
"nuevos",2
"seeking",2
"divides",2
"prehispahicos",2
"adaptations",2
"sonolipe",2
"propose",2
"wernke",2
"verano",2
"dietary",2
"smashes",2
"viracochapampa",2
"relying",2
"groupings",2
"aid",2
"dual",2
"bureau",2
"continued",2
"tomo",2
"crucial",2
"france",2
"testing",2
"sol",2
"foster",2
"becomes",2
"lost",2
"venues",2
"imperialism",2
"parsons",2
"importantly",2
"ch",2
"canada",2
"volumes",2
"horizonte",2
"extra",2
"fe",2
"fall",2
"michael",2
"proyecto",2
"table",2
"inaa",2
"supporting",2
"fields",2
"instances",2
"ramirez",2
"ecofacts",2
"suprahousehold",2
"chen",2
"prehispanicos",2
"school",2
"rAoales",2
"archeology",2
"iji",2
"llama",2
"barrio",2
"contradiction",2
"economically",2
"continues",2
"characteristics",2
"symbolic",2
"bioarchaeological",2
"aymara",2
"reciprocity",2
"constructed",2
"temporal",2
"ychsma",2
"terrestrial",2
"occupational",2
"westview",2
"here",2
"zuniga",2
"satellite",2
"rurales",2
"know",2
"mantaro",2
"berkeley",2
"alamito",2
"outdoor",2
"down",2
"argue",2
"half",2
"facility",2
"report",2
"iii",2
"alternatively",2
"mercaderes",2
"conklin",2
"abercrombie",2
"america",2
"salomon",2
"revel",2
"surpluses",2
"investigation",2
"implicit",2
"doorways",2
"shady",2
"multidisciplinary",2
"accounts",2
"ash",2
"artifactual",2
"purposely",2
"repetitive",2
"prestige",2
"require",2
"annual",2
"produce",2
"niemeyer",2
"phenomena",2
"emphasis",2
"gamboa",2
"prA!ctica",2
"contain",2
"nj",2
"scarr",2
"northwestern",2
"pits",2
"centro",2
"glassie",2
"went",2
"investigated",2
"synchronie",2
"campo",2
"divided",2
"phenomenon",2
"indians",2
"definitions",2
"associating",2
"writing",2
"goals",2
"rosaldo",2
"relates",2
"crafts",2
"analogy",2
"poblados",2
"sutter",2
"shown",2
"until",2
"chiribaya",2
"illinois",2
"grappling",2
"numerous",2
"domACstica",2
"zum",2
"mode",2
"structuring",2
"contributed",2
"gabrilopoulos",2
"instead",2
"socially",2
"manufacture",2
"wiessner",2
"colleagues",2
"diaspora",2
"roughly",2
"agropastoral",2
"moved",2
"specific",2
"schiffer",2
"variations",2
"marxist",2
"catamarca",2
"contrasting",2
"pescadores",2
"uso",2
"traditional",2
"peabody",2
"laborers",2
"sandweiss",2
"premise",1
"woven",1
"resolve",1
"gis",1
"valliserrana",1
"situated",1
"margins",1
"judge",1
"basing",1
"ambiente",1
"castelli",1
"possessed",1
"currently",1
"mostly",1
"humanidades",1
"rate",1
"virachochapampa",1
"done",1
"child",1
"mirrors",1
"oriented",1
"multiresident",1
"underpinning",1
"prefer",1
"recover",1
"diA!logo",1
"berberiA!n",1
"courtly",1
"arable",1
"concerned",1
"indicated",1
"sedentaria",1
"generated",1
"ranum",1
"quickly",1
"glascock",1
"pittsburgh",1
"created",1
"ready",1
"sequestered",1
"unos",1
"trained",1
"culminated",1
"personnel",1
"expedition",1
"ita",1
"postoccupational",1
"college",1
"jungle",1
"worthy",1
"dynastic",1
"northeast",1
"unwin",1
"alone",1
"miguel",1
"combine",1
"intersect",1
"succession",1
"poblaciones",1
"artesanos",1
"constitution",1
"starts",1
"survival",1
"reoccupations",1
"germany",1
"expect",1
"culturas",1
"inward",1
"boca",1
"partially",1
"systematically",1
"callachacha",1
"haciendas",1
"ethnogenesis",1
"lorremote",1
"doors",1
"diversification",1
"referring",1
"algunas",1
"formed",1
"neighborhoods",1
"moraduchyoq",1
"tierras",1
"pA$rssiene",1
"library",1
"confines",1
"motivation",1
"looting",1
"shy",1
"rounded",1
"communally",1
"situation",1
"fozorski",1
"oracle",1
"bias",1
"johns",1
"outline",1
"drawings",1
"espaA?ola",1
"additionally",1
"unraveling",1
"mit",1
"seriation",1
"favor",1
"considerations",1
"decade",1
"isotopie",1
"tents",1
"intermontane",1
"comentarios",1
"prentice",1
"obligations",1
"fixed",1
"equated",1
"yard",1
"harsh",1
"feastinq",1
"encourage",1
"batan",1
"llagostera",1
"holding",1
"paper",1
"cursory",1
"arcaicos",1
"undecorated",1
"our",1
"regime",1
"finely",1
"patron",1
"nineteenth",1
"something",1
"postulates",1
"edu",1
"track",1
"englewood",1
"nuevas",1
"studv",1
"custom",1
"source",1
"absence",1
"ancestor",1
"sequential",1
"detras",1
"cottage",1
"oaxacan",1
"turning",1
"themes",1
"chapdelame",1
"par",1
"ethnographies",1
"congress",1
"aw",1
"said",1
"fabric",1
"member",1
"harcourt",1
"gap",1
"permit",1
"unearthed",1
"lateral",1
"leon",1
"ethnologist",1
"walnut",1
"embraced",1
"learned",1
"certainly",1
"multilevel",1
"universitv",1
"implements",1
"consumptive",1
"connection",1
"pervasive",1
"exclusive",1
"harpoons",1
"coexist",1
"quinas",1
"originally",1
"path",1
"symmetrical",1
"impacts",1
"investments",1
"season",1
"attempt",1
"face",1
"hia",1
"humans",1
"confederations",1
"huan",1
"rethatching",1
"incomplete",1
"ourselves",1
"approacn",1
"prestigious",1
"zuA?iga",1
"detritus",1
"containing",1
"suita",1
"yards",1
"archaeologically",1
"carmichael",1
"knowing",1
"poststate",1
"tradition",1
"packed",1
"paramount",1
"azul",1
"entitlements",1
"warm",1
"accompanied",1
"featuring",1
"fenA3meno",1
"conditions",1
"simple",1
"bead",1
"performing",1
"antiauirv",1
"producing",1
"transient",1
"sometime",1
"mandibles",1
"farther",1
"closer",1
"generalizations",1
"croom",1
"court",1
"hunting",1
"religion",1
"carnegie",1
"sendero",1
"listing",1
"analyst",1
"help",1
"premspurucuA2",1
"achieved",1
"integrate",1
"anca",1
"conjugal",1
"underutilized",1
"friezes",1
"affines",1
"petty",1
"uaiaty",1
"mind",1
"date",1
"replicated",1
"marine",1
"raised",1
"staff",1
"duality",1
"tambo",1
"ruined",1
"discipline",1
"discrete",1
"pertains",1
"governors",1
"cloud",1
"behind",1
"synthetic",1
"lorandi",1
"ACtudes",1
"millones",1
"fuente",1
"worldwide",1
"leventhal",1
"majority",1
"system",1
"paying",1
"partners",1
"empty",1
"con",1
"takes",1
"welcomes",1
"collectives",1
"advocates",1
"existence",1
"jA-baro",1
"reconstruction",1
"alfred",1
"vegachayoq",1
"campesinos",1
"recorded",1
"sunken",1
"autonomous",1
"task",1
"heterarchy",1
"continuum",1
"siglos",1
"tx",1
"sought",1
"bases",1
"innovations",1
"cleared",1
"draw",1
"march",1
"originates",1
"economics",1
"intermediaries",1
"clearly",1
"figs",1
"trophy",1
"bolaA?os",1
"account",1
"quantities",1
"keng",1
"crc",1
"piedras",1
"cooperation",1
"fl",1
"kinships",1
"characterize",1
"uviu",1
"beverly",1
"traced",1
"standardization",1
"establishing",1
"functions",1
"bibliography",1
"moraduchayuq",1
"agrA-colas",1
"maraA?A3n",1
"occupy",1
"benched",1
"zumbagua",1
"macha",1
"tawantinsuyu",1
"lurA-n",1
"toohey",1
"apart",1
"normative",1
"combination",1
"villacorta",1
"smooth",1
"point",1
"except",1
"conceptual",1
"regards",1
"x",1
"disparities",1
"prehispdnica",1
"radical",1
"julien",1
"omaguaca",1
"bowls",1
"promises",1
"interact",1
"orthogonal",1
"feldman",1
"cAolticos",1
"conkey",1
"engage",1
"domACsticos",1
"nonspecialized",1
"quebradas",1
"objectives",1
"split",1
"overlaps",1
"realizing",1
"exposed",1
"canyon",1
"ranked",1
"exist",1
"extinct",1
"watanabe",1
"chavin",1
"luxury",1
"retaining",1
"intertwines",1
"multidimensional",1
"religioso",1
"differential",1
"sukur",1
"consumables",1
"urbina",1
"southwestern",1
"merchants",1
"historically",1
"sitios",1
"madrid",1
"targeting",1
"andA?nes",1
"estimating",1
"immediate",1
"spickard",1
"costero",1
"incas",1
"revisited",1
"nunez",1
"due",1
"interior",1
"analyzing",1
"cronologia",1
"pursuit",1
"categorized",1
"tables",1
"sediment",1
"pozorskis",1
"unpublished",1
"fissioning",1
"overland",1
"featured",1
"medio",1
"terraces",1
"positively",1
"raton",1
"intact",1
"meddens",1
"faces",1
"ability",1
"zuuz",1
"calchaquA-",1
"brewery",1
"archeopress",1
"participating",1
"ut",1
"tied",1
"jr",1
"expeditions",1
"overt",1
"emerges",1
"realization",1
"dubbed",1
"pacajes",1
"media",1
"engendering",1
"z",1
"affairs",1
"exercise",1
"levallee",1
"wiley",1
"estimates",1
"sausa",1
"maximal",1
"creamer",1
"nelson",1
"ethnohistorically",1
"distinct",1
"theorists",1
"ct",1
"hendrik",1
"preliminary",1
"clark",1
"casas",1
"chilean",1
"arguably",1
"antropolA3gicas",1
"refer",1
"cosas",1
"inglesia",1
"ha",1
"concert",1
"wares",1
"crosscultural",1
"tacna",1
"young",1
"yanatin",1
"moving",1
"allowing",1
"lineage",1
"espacios",1
"brace",1
"hisbol",1
"roberto",1
"peni",1
"third",1
"chinchorro",1
"vancouver",1
"iwoj",1
"estimate",1
"alliances",1
"pescadoresrecollectores",1
"intermedio",1
"fineware",1
"facet",1
"overarching",1
"theatres",1
"fuentes",1
"pueblo",1
"deceased",1
"unbounded",1
"hodder",1
"closure",1
"segunda",1
"excavator",1
"dry",1
"corrected",1
"vice",1
"monika",1
"festivals",1
"secular",1
"apparently",1
"stratum",1
"sun",1
"humano",1
"simplistic",1
"expresiA3n",1
"adult",1
"pronounced",1
"scripts",1
"generation",1
"nuanced",1
"handful",1
"cists",1
"guayaquil",1
"dedicate",1
"stanley",1
"ecuatoriana",1
"scholarly",1
"plant",1
"poverty",1
"morfologA-a",1
"hthic",1
"anders",1
"ethnically",1
"higher",1
"hydraulic",1
"affiliations",1
"btanish",1
"articulates",1
"poor",1
"estilos",1
"online",1
"chirabaya",1
"via",1
"simultaneously",1
"fort",1
"doms",1
"preferences",1
"vegetable",1
"recognized",1
"legitimation",1
"governed",1
"reflects",1
"prehipA!nico",1
"cuatro",1
"precincts",1
"forested",1
"supernatural",1
"caral",1
"statements",1
"observers",1
"reeds",1
"subregiA3n",1
"brandy",1
"destroy",1
"grid",1
"aimed",1
"managing",1
"main",1
"absent",1
"unwilling",1
"fullscale",1
"across",1
"obtained",1
"koth",1
"influenced",1
"result",1
"rosadio",1
"vinchina",1
"oversee",1
"bifaces",1
"explicit",1
"czwarno",1
"longest",1
"patronage",1
"notion",1
"involve",1
"broaden",1
"highlighted",1
"completely",1
"excellent",1
"conceptions",1
"active",1
"analyzes",1
"tumilaca",1
"walker",1
"goes",1
"tel",1
"sama",1
"anA!lisis",1
"annales",1
"flexible",1
"connected",1
"costeA?os",1
"hie",1
"loma",1
"csiruiegius",1
"leave",1
"ongoing",1
"txcupu",1
"regionales",1
"assuming",1
"marA-tima",1
"revelation",1
"creek",1
"lacking",1
"white",1
"uncertainties",1
"funneled",1
"solidification",1
"practicing",1
"imperialist",1
"ooldstein",1
"looker",1
"bruford",1
"expressing",1
"moves",1
"shining",1
"ocupaciA3n",1
"plaza",1
"modified",1
"references",1
"send",1
"fenA3menos",1
"provinces",1
"kaymond",1
"colonizing",1
"hairs",1
"monumentalism",1
"wanted",1
"underdeveloped",1
"locally",1
"maiden",1
"toledan",1
"river",1
"established",1
"huamanga",1
"image",1
"peasants",1
"tuscon",1
"imposed",1
"generadas",1
"morgan",1
"consolidate",1
"debates",1
"section",1
"represented",1
"quadrangular",1
"articulated",1
"sheer",1
"accessibility",1
"tisherman",1
"solid",1
"situations",1
"conquered",1
"undercover",1
"specifics",1
"xidi",1
"connecting",1
"schwarz",1
"exceed",1
"predates",1
"followed",1
"ornament",1
"meant",1
"segmentary",1
"quincha",1
"permanent",1
"subsidiary",1
"care",1
"archaeoloq",1
"antecedents",1
"decades",1
"cut",1
"laslett",1
"organic",1
"nebraska",1
"awaited",1
"correlate",1
"luis",1
"iconography",1
"attempting",1
"greater",1
"authority",1
"peruana",1
"expressed",1
"skewed",1
"projections",1
"problem",1
"lucre",1
"identifying",1
"migrant",1
"agenda",1
"attributing",1
"locals",1
"corporaciA3n",1
"estructura",1
"discount",1
"holds",1
"histories",1
"opposing",1
"caravans",1
"chipped",1
"jstor",1
"peruano",1
"qaqachaka",1
"norteA?a",1
"relating",1
"aldea",1
"printing",1
"galaty",1
"conventionally",1
"replica",1
"compartments",1
"fishing",1
"census",1
"centeno",1
"narrow",1
"noting",1
"endeavor",1
"amusing",1
"icpms",1
"emerge",1
"defensive",1
"accompany",1
"cristobal",1
"approximation",1
"prehispA!nica",1
"spinning",1
"coalitions",1
"irregularly",1
"installation",1
"accurately",1
"intervening",1
"cups",1
"transconquest",1
"grew",1
"pacifico",1
"prioritized",1
"traits",1
"rectangular",1
"urgunizuciun",1
"caves",1
"garcia",1
"revisits",1
"displayed",1
"circular",1
"hall",1
"keywords",1
"province",1
"etnoarqueologA-a",1
"viewed",1
"inventory",1
"dispersal",1
"binghamton",1
"montoya",1
"otherwise",1
"urwin",1
"noroeste",1
"reducciA3n",1
"brain",1
"expedient",1
"perform",1
"yaeger",1
"usselmann",1
"avenues",1
"zapotee",1
"gods",1
"chief",1
"hopkins",1
"possibility",1
"expressions",1
"helm",1
"affair",1
"criteria",1
"silver",1
"technical",1
"expensive",1
"categorA-as",1
"underlie",1
"glossed",1
"products",1
"directly",1
"precursors",1
"fleece",1
"network",1
"andres",1
"urbanitACs",1
"relatives",1
"degrees",1
"seminal",1
"mapped",1
"urbano",1
"obsidian",1
"forefront",1
"formerly",1
"pesca",1
"kits",1
"bounded",1
"scatters",1
"forster",1
"struggling",1
"entirety",1
"hyman",1
"mixtee",1
"grandest",1
"prominent",1
"brought",1
"heavily",1
"analyze",1
"azapa",1
"breeding",1
"aqo",1
"vierra",1
"largas",1
"confined",1
"pulls",1
"actors",1
"editora",1
"gully",1
"ascertain",1
"arnould",1
"barren",1
"zlatar",1
"fama",1
"hirth",1
"gave",1
"tale",1
"fisherman",1
"pease",1
"agropastoralists",1
"vitzhum",1
"jai",1
"expansive",1
"probes",1
"collective",1
"constitute",1
"records",1
"mn",1
"round",1
"participated",1
"stairway",1
"miscelA!nea",1
"araA?a",1
"transported",1
"situates",1
"focuses",1
"versatile",1
"publish",1
"configure",1
"alimentos",1
"illustrious",1
"rise",1
"il",1
"bvans",1
"implement",1
"ramnson",1
"showing",1
"manage",1
"smallest",1
"challenging",1
"presumption",1
"lehmann",1
"errors",1
"bACarez",1
"bodies",1
"unmarried",1
"nuA!nced",1
"situational",1
"ancestral",1
"ridged",1
"preceded",1
"multiplicity",1
"hut",1
"chimAo",1
"redware",1
"interregional",1
"steward",1
"start",1
"arise",1
"indicator",1
"viable",1
"successful",1
"mather",1
"caused",1
"describing",1
"corresponds",1
"constituent",1
"responsibility",1
"tom",1
"daunting",1
"josAC",1
"investigaciA3n",1
"complicate",1
"relevant",1
"cope",1
"melted",1
"hole",1
"claim",1
"fabulous",1
"sake",1
"specifically",1
"quantification",1
"urbanismi",1
"overshadowed",1
"encompassing",1
"soil",1
"separately",1
"june",1
"fictive",1
"highly",1
"bridge",1
"allotted",1
"grow",1
"expands",1
"disaster",1
"makowski",1
"overseeing",1
"dramatic",1
"mats",1
"competed",1
"portions",1
"oklahoma",1
"mixing",1
"impossible",1
"babies",1
"mollo",1
"diferenciaciA3n",1
"visible",1
"beacon",1
"scott",1
"species",1
"progress",1
"st",1
"necessity",1
"wakan",1
"atalla",1
"memberships",1
"inaccessible",1
"tributary",1
"regardless",1
"paid",1
"estates",1
"cycle",1
"persuasions",1
"became",1
"appropriate",1
"value",1
"patrones",1
"searches",1
"grateful",1
"skill",1
"montane",1
"lincoln",1
"boats",1
"settle",1
"actions",1
"lipez",1
"gordon",1
"tennessee",1
"avoid",1
"mogote",1
"econA3micos",1
"camouflage",1
"morns",1
"settlers",1
"seats",1
"correspondences",1
"span",1
"activation",1
"benches",1
"voi",1
"llc",1
"critical",1
"turpin",1
"consideraciones",1
"reorganizations",1
"lroquois",1
"milledge",1
"huamachuco",1
"sovereign",1
"parssiene",1
"irrespective",1
"business",1
"unburied",1
"hegemony",1
"onset",1
"saw",1
"matter",1
"andina",1
"client",1
"rigger",1
"noble",1
"chepACn",1
"catchment",1
"coca",1
"concede",1
"campaA?a",1
"lyyz",1
"vaiaivia",1
"labradores",1
"ans",1
"overlapped",1
"short",1
"service",1
"wrinkle",1
"limited",1
"schemes",1
"benson",1
"interiors",1
"susques",1
"kabyle",1
"middlerange",1
"forward",1
"edges",1
"nearly",1
"alba",1
"reproducing",1
"suburban",1
"etc",1
"supplementing",1
"elusive",1
"estado",1
"reappraisal",1
"tor",1
"controls",1
"marcaya",1
"expanded",1
"mitmakuna",1
"etnolA3gica",1
"wz",1
"translates",1
"standing",1
"infirm",1
"unprecedented",1
"backdrop",1
"movement",1
"nonmochica",1
"modes",1
"actuales",1
"method",1
"penguin",1
"surveyed",1
"put",1
"precordillera",1
"positive",1
"standardize",1
"tallensi",1
"pastoralists",1
"label",1
"inflate",1
"rosas",1
"contributing",1
"artes",1
"collect",1
"potsherds",1
"competition",1
"tempranos",1
"luminoso",1
"incursion",1
"flat",1
"peaks",1
"cuentas",1
"auspices",1
"reference",1
"represents",1
"read",1
"requiring",1
"language",1
"photographs",1
"acknowledgments",1
"serve",1
"chronology",1
"pastoreo",1
"challenged",1
"selective",1
"differentiate",1
"tries",1
"demographic",1
"compiled",1
"politicoeconomic",1
"semisubterranean",1
"judgmental",1
"participants",1
"prehistorians",1
"generalized",1
"patrA3n",1
"rampa",1
"arcs",1
"pioneered",1
"died",1
"dialectical",1
"irnf",1
"experiment",1
"excellence",1
"mould",1
"reprint",1
"awatimarka",1
"narratives",1
"A2peciaiization",1
"wisconsin",1
"cultivated",1
"illustrated",1
"algeria",1
"comprensiA3n",1
"nawpa",1
"bischof",1
"sociedad",1
"ryan",1
"truncated",1
"taukachi",1
"dedications",1
"incest",1
"strata",1
"functioned",1
"independent",1
"picture",1
"expose",1
"inference",1
"fill",1
"debns",1
"street",1
"walled",1
"gain",1
"name",1
"grindstones",1
"longhouse",1
"genero",1
"sometimes",1
"refurbishment",1
"journey",1
"toward",1
"orA-genes",1
"ended",1
"locating",1
"semicircular",1
"piled",1
"towns",1
"superhousehold",1
"hydrological",1
"added",1
"adobe",1
"conduct",1
"repensando",1
"ecuadorian",1
"complementary",1
"nazca",1
"analytical",1
"calderari",1
"efforts",1
"incorporates",1
"econA3mica",1
"sommer",1
"laundry",1
"valid",1
"datos",1
"breakfast",1
"contrasts",1
"designing",1
"head",1
"response",1
"ciudaduela",1
"materialist",1
"manteA?o",1
"importation",1
"aegis",1
"pastoralism",1
"complementing",1
"casos",1
"match",1
"reru",1
"reform",1
"stori",1
"predominated",1
"kendall",1
"layer",1
"mummy",1
"break",1
"habitat",1
"named",1
"wu",1
"canuto",1
"nucleated",1
"anthrnnninpv",1
"demonstrating",1
"borders",1
"caza",1
"ideolA3gicos",1
"omitted",1
"end",1
"substantially",1
"underpin",1
"uender",1
"patchwork",1
"functionally",1
"pimentel",1
"cavallaro",1
"dead",1
"utilize",1
"kontu",1
"civilisations",1
"yacha",1
"fragments",1
"perspectiva",1
"chiefdom",1
"evacuating",1
"quantitative",1
"tA!ngor",1
"ruler",1
"rhythms",1
"montaro",1
"sighting",1
"burning",1
"adjacent",1
"learn",1
"crosscut",1
"contact",1
"archaeologies",1
"estudio",1
"bauer",1
"threads",1
"ur",1
"swahili",1
"tne",1
"developing",1
"affiliate",1
"timing",1
"crop",1
"palacios",1
"renovations",1
"vuelta",1
"waranqa",1
"reshaped",1
"paired",1
"hilltops",1
"mundo",1
"japan",1
"knoxville",1
"bolivian",1
"fieldwork",1
"halif",1
"native",1
"interdependencies",1
"hamilton",1
"ignoring",1
"lamentable",1
"acerca",1
"como",1
"molienda",1
"compete",1
"encountered",1
"league",1
"differentiation",1
"cusco",1
"nicole",1
"antropolA3gica",1
"wrapped",1
"preliminar",1
"demonstrated",1
"fundamentally",1
"kansas",1
"crown",1
"argentino",1
"propuestas",1
"baldi",1
"iyyij",1
"mythic",1
"secured",1
"dissimilar",1
"rulers",1
"africa",1
"invested",1
"caleta",1
"examples",1
"alpaca",1
"celebrations",1
"complejo",1
"completed",1
"accompanying",1
"chronologies",1
"values",1
"situating",1
"contours",1
"flaw",1
"memoirs",1
"trajectory",1
"assessment",1
"fernandez",1
"campsite",1
"olazabel",1
"fontugne",1
"arquitectA3nico",1
"versa",1
"complexities",1
"skeletal",1
"wonder",1
"host",1
"intrahousehold",1
"waste",1
"complement",1
"chemistry",1
"assumption",1
"residues",1
"emphasize",1
"refers",1
"heuristic",1
"paz",1
"causes",1
"puna",1
"cooperates",1
"sequence",1
"prominently",1
"willey",1
"catalyst",1
"aufderheide",1
"actual",1
"wamalli",1
"redistributive",1
"radiocarbon",1
"raising",1
"markers",1
"previous",1
"office",1
"recruitment",1
"segmentation",1
"reifies",1
"shortly",1
"theories",1
"vu",1
"therfc",1
"ochatoma",1
"heidelburg",1
"negotiating",1
"low",1
"explorations",1
"compositions",1
"meanings",1
"huapula",1
"truths",1
"royalty",1
"transformation",1
"reality",1
"directed",1
"adding",1
"rintel",1
"op",1
"siar",1
"neoevolutionary",1
"points",1
"decorated",1
"supportive",1
"maintenance",1
"logic",1
"rains",1
"co",1
"workers",1
"johannessen",1
"urger",1
"keep",1
"methodological",1
"evoluciA3n",1
"allowed",1
"characterized",1
"reviewers",1
"fiesta",1
"spread",1
"prodigious",1
"skulls",1
"apentiik",1
"A?awpa",1
"explanation",1
"cabrera",1
"attribution",1
"caso",1
"jA!uregi",1
"serves",1
"static",1
"stages",1
"lie",1
"cosmos",1
"mammals",1
"configurations",1
"spirits",1
"running",1
"theocratic",1
"applicable",1
"lorenzo",1
"standard",1
"came",1
"periodos",1
"skibo",1
"computer",1
"noncomparable",1
"venerating",1
"latter",1
"aandweiss",1
"polygyny",1
"agriculturalists",1
"cock",1
"enumerate",1
"preliminaries",1
"favored",1
"cano",1
"random",1
"somehow",1
"internal",1
"apu",1
"trying",1
"temprana",1
"parallel",1
"arqueolA3gica",1
"herdercultivator",1
"aegean",1
"reconstitution",1
"editors",1
"correct",1
"relation",1
"toxicity",1
"greatly",1
"recoverable",1
"topics",1
"honor",1
"unoccupied",1
"supraregional",1
"ugrn",1
"paloma",1
"concavities",1
"primeros",1
"ethnographically",1
"probably",1
"residue",1
"translate",1
"wheller",1
"aldeas",1
"pacatnamu",1
"barrionuevo",1
"workshop",1
"wells",1
"conducting",1
"konkA!n",1
"reproducciA3n",1
"principal",1
"exchanging",1
"postholes",1
"deniro",1
"evaluated",1
"remarkable",1
"cliffs",1
"regimes",1
"preceramicas",1
"benco",1
"seA?iorio",1
"concluded",1
"gleaned",1
"widely",1
"offspring",1
"hunt",1
"elizabeth",1
"stands",1
"tardA-o",1
"increasing",1
"paredes",1
"ranging",1
"conflict",1
"dealing",1
"implicitly",1
"things",1
"indication",1
"arriving",1
"ofdailv",1
"elderly",1
"assigned",1
"fueled",1
"flesh",1
"modification",1
"coA?ption",1
"visits",1
"iroquois",1
"today",1
"poblamiento",1
"looted",1
"note",1
"chammoche",1
"ciudad",1
"equals",1
"digs",1
"sealed",1
"fairly",1
"memoria",1
"bureaucrats",1
"popularity",1
"figure",1
"domains",1
"five",1
"foreign",1
"chunduy",1
"tarapaca",1
"selections",1
"archaeooress",1
"altitude",1
"imperatives",1
"qualifies",1
"inside",1
"modeleski",1
"liwanaku",1
"barbara",1
"male",1
"institutions",1
"prevent",1
"directions",1
"seen",1
"nondemarcated",1
"deposit",1
"rethinking",1
"arid",1
"nuevo",1
"embodying",1
"credited",1
"tiahuanaco",1
"remaining",1
"bins",1
"shells",1
"covering",1
"paradigmatic",1
"contexto",1
"secluded",1
"provider",1
"why",1
"poetics",1
"corpus",1
"strive",1
"kuznar",1
"implementing",1
"dedicatory",1
"expectations",1
"united",1
"sage",1
"ogburn",1
"tooker",1
"stratified",1
"moieties",1
"periodo",1
"exists",1
"atmosphere",1
"betty",1
"perA-odo",1
"combines",1
"interpretive",1
"missouri",1
"toyko",1
"susan",1
"investigate",1
"extensions",1
"seat",1
"exchanged",1
"occupacion",1
"mannheim",1
"middens",1
"hendrick",1
"huaricoto",1
"matters",1
"claims",1
"undulating",1
"berber",1
"sections",1
"acquired",1
"speakman",1
"interdependency",1
"regularly",1
"modihed",1
"reciprocal",1
"seriously",1
"contextualize",1
"then",1
"monument",1
"cakes",1
"thinking",1
"tello",1
"actually",1
"cercaduras",1
"girls",1
"singular",1
"conlee",1
"behavorial",1
"sorting",1
"comes",1
"moqo",1
"etnoarqueologia",1
"endogamous",1
"folk",1
"corresponded",1
"conjunction",1
"mACxico",1
"condor",1
"oraganizacion",1
"circumstances",1
"adjoining",1
"constituted",1
"detect",1
"unbroken",1
"horizontality",1
"tucumA!n",1
"management",1
"siiriA$inen",1
"A!rea",1
"lumbreras",1
"scrutiny",1
"donna",1
"slope",1
"lambayeque",1
"interdea",1
"manabA-",1
"charles",1
"membership",1
"borrow",1
"rivero",1
"spots",1
"trappings",1
"semipublic",1
"glimpse",1
"tomeada",1
"doi",1
"sherds",1
"vasijas",1
"organizational",1
"offers",1
"sustained",1
"emperors",1
"clamhrihpe",1
"mclntyre",1
"ciudadela",1
"colorado",1
"pA?zorski",1
"integrative",1
"hospitality",1
"particulars",1
"flow",1
"ACpoca",1
"unavailable",1
"etnohistoria",1
"partner",1
"colonization",1
"masonry",1
"evaluaciA3n",1
"regiA3n",1
"clifford",1
"legitimize",1
"hammerstones",1
"rossen",1
"tomb",1
"faulty",1
"quilter",1
"worth",1
"sandefur",1
"expanding",1
"paracas",1
"contained",1
"east",1
"atrium",1
"historians",1
"king",1
"nets",1
"farfan",1
"israelite",1
"intrusive",1
"subhousehold",1
"supe",1
"basins",1
"surprisingly",1
"regard",1
"episodic",1
"rearing",1
"intersected",1
"wayqo",1
"escalante",1
"job",1
"wealthier",1
"grind",1
"urbanos",1
"vida",1
"sustaining",1
"trabajo",1
"insensatos",1
"masks",1
"audience",1
"separating",1
"cultivation",1
"oaxaca",1
"legacy",1
"tracts",1
"guinea",1
"microdebris",1
"edition",1
"miranda",1
"historian",1
"middleclass",1
"ideally",1
"better",1
"respect",1
"places",1
"segmented",1
"feminist",1
"americanists",1
"parcialidades",1
"charged",1
"beginning",1
"hills",1
"defend",1
"knows",1
"outlines",1
"unlikely",1
"bajo",1
"orden",1
"ruins",1
"eling",1
"ocupacional",1
"indios",1
"cellular",1
"notable",1
"carefully",1
"androcentric",1
"colapso",1
"kevin",1
"reconcile",1
"stability",1
"iy",1
"list",1
"want",1
"overlap",1
"cause",1
"varying",1
"character",1
"barrios",1
"heterogeneidad",1
"multipolity",1
"add",1
"urbanismo",1
"metaphor",1
"sus",1
"map",1
"lnka",1
"writes",1
"warn",1
"antropologA-a",1
"stonefaced",1
"create",1
"knapping",1
"jaquetepeque",1
"terrorism",1
"consisting",1
"shore",1
"partial",1
"charting",1
"extract",1
"installations",1
"serie",1
"encounters",1
"generally",1
"cosmograms",1
"virginia",1
"threat",1
"levine",1
"categories",1
"miriamen",1
"remodeled",1
"finished",1
"complejos",1
"yardstick",1
"cosmology",1
"aldeano",1
"jason",1
"practical",1
"presume",1
"boston",1
"neck",1
"ritually",1
"transplanted",1
"recognizing",1
"john",1
"uribe",1
"preserved",1
"tucute",1
"bartered",1
"peace",1
"recipients",1
"uniform",1
"slopes",1
"kin",1
"lA?zA?s",1
"introduced",1
"extending",1
"despite",1
"backwards",1
"palmillo",1
"collecting",1
"maxwell",1
"beer",1
"kitchens",1
"implicaciones",1
"variability",1
"african",1
"uic",1
"settiemeni",1
"dining",1
"shelia",1
"durable",1
"intimacies",1
"transition",1
"iviunuz",1
"step",1
"assumptions",1
"territory",1
"measure",1
"andrACs",1
"encounter",1
"watershed",1
"target",1
"lcuadorian",1
"obtain",1
"proper",1
"copper",1
"chirA-baya",1
"pa",1
"tenable",1
"colonial",1
"allows",1
"isolated",1
"aims",1
"inviting",1
"harrison",1
"coming",1
"recovered",1
"autA3noma",1
"pair",1
"prepared",1
"come",1
"A2tatus",1
"examinations",1
"mica",1
"rood",1
"question",1
"wild",1
"layers",1
"manchan",1
"civilizaciA3n",1
"multiethnic",1
"locations",1
"cosmopolitan",1
"invasion",1
"argues",1
"unexhausted",1
"concha",1
"traffic",1
"intital",1
"nonelite",1
"observed",1
"neutron",1
"finding",1
"genders",1
"finally",1
"japoto",1
"vernacular",1
"accept",1
"aware",1
"publishing",1
"reversed",1
"glew",1
"wish",1
"sacrifices",1
"manifest",1
"isolating",1
"usa",1
"bilaterahty",1
"facilitates",1
"relics",1
"unified",1
"product",1
"cautionary",1
"scalar",1
"puquios",1
"yaral",1
"exemplar",1
"hallgrimss",1
"attempted",1
"off",1
"locate",1
"subordinates",1
"parkinson",1
"subpatio",1
"pAoblica",1
"sexy",1
"ethnohi",1
"madison",1
"enclosure",1
"shift",1
"trenches",1
"classification",1
"mayal",1
"roles",1
"summary",1
"enclosed",1
"portrait",1
"sakhalin",1
"indoor",1
"centralized",1
"vim",1
"reconsidering",1
"pioneering",1
"cleaner",1
"haines",1
"archaeologica",1
"colorful",1
"moxeke",1
"pathways",1
"uuuru",1
"greenwich",1
"nucleation",1
"chicago",1
"era",1
"enterprise",1
"thicker",1
"supervision",1
"mapuche",1
"norman",1
"texts",1
"enclose",1
"exclusively",1
"surveys",1
"archeological",1
"divergent",1
"desierto",1
"sea",1
"sudden",1
"immediately",1
"belize",1
"glowacki",1
"vaiiey",1
"coordinating",1
"cross",1
"alberta",1
"dos",1
"meeting",1
"successive",1
"azangaro",1
"doing",1
"filosofA-a",1
"enclave",1
"indicating",1
"djnash",1
"showed",1
"primera",1
"mistaken",1
"arizona",1
"foodrelated",1
"costly",1
"increase",1
"bundles",1
"oobel",1
"depA3sitos",1
"heterogeneous",1
"salinar",1
"eagerly",1
"grosboll",1
"overlooking",1
