"WORDCOUNTS","WEIGHT"
"and",996
"the",808
"of",783
"in",718
"to",287
"a",212
"pp",196
"production",190
"craft",172
"political",146
"social",142
"university",141
"are",125
"j",123
"that",118
"press",118
"their",109
"eds",103
"c",102
"p",100
"is",99
"for",97
"m",96
"as",94
"on",85
"these",84
"e",77
"r",77
"ancient",76
"cambridge",76
"s",75
"power",75
"at",72
"from",72
"economic",71
"ed",70
"g",69
"by",69
"specialization",66
"archaeological",63
"american",61
"archaeology",61
"economies",60
"with",60
"or",58
"t",57
"an",55
"processes",53
"economy",53
"be",53
"not",50
"b",49
"d",48
"no",47
"this",46
"material",45
"among",45
"i",44
"anthropology",44
"goods",44
"have",44
"they",43
"ceramic",42
"those",41
"such",41
"all",39
"new",38
"costin",38
"uk",38
"complex",37
"one",37
"which",37
"earle",37
"were",36
"evolution",36
"childe",36
"research",36
"through",36
"feinman",35
"how",35
"specialized",35
"manufacture",35
"it",34
"journal",33
"papers",32
"distribution",32
"symbols",31
"elite",31
"identities",31
"early",31
"state",30
"inequality",29
"relations",29
"culture",29
"identity",29
"k",29
"we",29
"schortman",28
"may",28
"york",28
"mexico",28
"maya",28
"antiquity",28
"artisans",28
"theory",28
"prestige",28
"urban",28
"l",27
"dc",27
"societies",27
"society",27
"exchange",27
"washington",27
"roles",27
"some",26
"cultural",26
"world",26
"gordon",26
"crafts",26
"elites",26
"mesoamerica",25
"items",25
"prehistory",25
"organization",25
"more",25
"over",25
"different",25
"brumfiel",24
"within",24
"objects",24
"museum",24
"southern",24
"wright",24
"anthropological",24
"philadelphia",23
"wailes",23
"significance",23
"can",23
"who",23
"than",22
"prehistoric",22
"used",22
"studies",21
"its",21
"therefore",21
"pennsylvania",21
"use",21
"control",21
"manufacturing",21
"modeling",21
"industries",20
"late",20
"people",20
"et",20
"pottery",20
"any",20
"states",20
"arnold",20
"hayden",19
"classic",19
"time",19
"strategies",19
"into",18
"other",18
"however",18
"memory",18
"gender",18
"aztec",18
"technology",18
"but",18
"made",18
"differentiation",18
"approaches",17
"labor",17
"creation",17
"meaning",17
"clark",17
"wealth",17
"also",17
"investigations",16
"affiliations",16
"most",16
"commoner",16
"v",16
"illinois",16
"consumption",16
"association",16
"h",15
"could",15
"commoners",15
"been",15
"domestic",15
"distinctions",15
"center",14
"household",14
"robb",14
"stein",14
"n",14
"perspective",14
"wattenmaker",14
"polity",14
"carbondale",14
"has",14
"what",14
"w",14
"models",14
"interaction",14
"o",13
"if",13
"might",13
"review",13
"example",13
"approach",13
"change",13
"method",13
"above",13
"regional",13
"sinopoli",13
"each",13
"current",13
"researchers",13
"specific",13
"between",13
"valley",13
"inka",12
"ways",12
"fashioning",12
"case",12
"occasional",12
"civilization",12
"process",12
"them",12
"age",12
"archeological",12
"important",12
"al",12
"two",12
"where",12
"local",12
"period",12
"spatial",12
"themselves",12
"pool",12
"technological",12
"resources",11
"development",11
"hierarchy",11
"though",11
"basic",11
"well",11
"literature",11
"artifacts",11
"smithsonian",11
"when",11
"f",11
"perspectives",11
"members",11
"europe",11
"ideology",11
"empire",11
"see",11
"style",11
"santley",11
"meanings",11
"would",11
"so",11
"systems",11
"institution",11
"both",11
"need",11
"specialists",11
"chiefdoms",10
"prehispanic",10
"oaxaca",10
"ai",10
"essential",10
"centralization",10
"study",10
"was",10
"stark",10
"out",10
"mesoamerican",10
"yoffee",10
"mesopotamia",10
"field",10
"charlton",10
"make",10
"peregrine",10
"outlined",10
"structures",10
"question",10
"diverse",10
"individuals",10
"earlier",10
"least",10
"class",10
"evidence",10
"here",10
"contexts",9
"sources",9
"pauketat",9
"sociopolitical",9
"vol",9
"bayman",9
"affiliation",9
"dobres",9
"de",9
"relatively",9
"morrison",9
"importance",9
"ceramics",9
"plenum",9
"raw",9
"expressed",9
"academic",9
"scale",9
"part",9
"ot",9
"related",9
"realm",9
"place",9
"saitta",9
"order",9
"several",9
"boundaries",9
"south",9
"will",9
"demand",9
"domination",9
"efforts",9
"fashion",9
"polities",9
"rowlands",9
"resulting",9
"hagstrum",9
"scales",9
"bronze",9
"particular",9
"must",9
"varied",9
"madison",9
"market",8
"alone",8
"agency",8
"boulder",8
"history",8
"materials",8
"women",8
"themes",8
"being",8
"ii",8
"products",8
"westview",8
"dynamic",8
"along",8
"pursuing",8
"valuables",8
"central",8
"price",8
"even",8
"rather",8
"factors",8
"fashioned",8
"near",8
"during",8
"issues",8
"artifact",8
"likely",8
"community",8
"communities",8
"others",8
"prosaic",8
"man",8
"forms",8
"do",8
"demarrais",8
"less",8
"practice",8
"rulers",8
"ofv",8
"stress",8
"co",8
"attention",8
"investigators",8
"often",8
"complexity",8
"ideological",8
"nicholas",7
"difficult",7
"introduction",7
"village",7
"potter",7
"stone",7
"cobb",7
"renfrew",7
"politics",7
"millennium",7
"cohen",7
"hodder",7
"messages",7
"general",7
"notion",7
"certain",7
"white",7
"hodge",7
"uses",7
"assets",7
"access",7
"because",7
"work",7
"formations",7
"creating",7
"workshops",7
"annual",7
"value",7
"activities",7
"units",7
"baines",7
"object",7
"under",7
"us",7
"same",7
"only",7
"smith",7
"considerable",7
"anthropologist",7
"mills",7
"gosselain",7
"express",7
"high",7
"households",7
"problems",7
"obsidian",7
"structure",7
"wells",7
"la",7
"life",7
"circumstances",7
"convey",7
"information",7
"city",7
"commodities",7
"resistance",7
"using",7
"our",7
"needs",7
"views",7
"given",7
"countryside",6
"miller",6
"groups",6
"pittsburgh",6
"essays",6
"western",6
"signal",6
"sabloff",6
"conceptual",6
"very",6
"ritual",6
"iron",6
"dynamics",6
"quality",6
"elements",6
"spielmann",6
"patrons",6
"van",6
"steps",6
"oxford",6
"simultaneously",6
"similar",6
"productive",6
"organized",6
"latin",6
"peru",6
"dependency",6
"parry",6
"demands",6
"wide",6
"freidel",6
"technical",6
"aspects",6
"y",6
"status",6
"connections",6
"wi",6
"things",6
"autonomy",6
"few",6
"components",6
"texas",6
"settings",6
"array",6
"reports",6
"multicentric",6
"scholars",6
"patterns",6
"model",6
"number",6
"subsistence",6
"region",6
"austin",6
"concern",6
"questions",6
"california",6
"features",6
"configurations",6
"blanton",6
"hirth",6
"legitimacy",6
"achieve",6
"southwest",6
"dispersed",6
"agents",6
"physical",6
"set",6
"industry",6
"iii",6
"just",6
"whether",6
"inomata",6
"while",6
"periphery",6
"institute",6
"copper",6
"integrated",6
"ernie",6
"focus",6
"subordinates",6
"arizona",6
"emerson",5
"functional",5
"encouraged",5
"mundane",5
"distributed",5
"ethnoarchaeological",5
"group",5
"enduring",5
"easily",5
"encourage",5
"falconer",5
"first",5
"either",5
"kenoyer",5
"long",5
"implications",5
"skills",5
"paramount",5
"rich",5
"take",5
"there",5
"last",5
"sacred",5
"context",5
"u",5
"conditioned",5
"america",5
"albany",5
"west",5
"kristiansen",5
"blades",5
"rural",5
"friedman",5
"tucson",5
"factions",5
"whose",5
"altroy",5
"magnates",5
"tensions",5
"metallurgy",5
"emergence",5
"considerations",5
"linked",5
"frequently",5
"choices",5
"appadurai",5
"tools",5
"meet",5
"instrumental",5
"expressions",5
"hierarchies",5
"participation",5
"future",5
"bc",5
"london",5
"participated",5
"vijayanagara",5
"own",5
"contests",5
"working",5
"involved",5
"small",5
"populations",5
"limited",5
"pigott",5
"noted",5
"increasingly",5
"many",5
"bourdieu",5
"mcguire",5
"crown",5
"understanding",5
"meaningful",5
"postclassic",5
"naco",5
"styles",5
"open",5
"points",5
"like",5
"function",5
"why",5
"sense",5
"morris",5
"widely",5
"increasing",5
"crucial",5
"shell",5
"andean",5
"marcus",5
"means",5
"seen",5
"strongly",5
"markers",5
"monopolize",5
"table",5
"addressed",5
"symbolic",5
"intellectual",5
"finance",5
"distinctive",5
"person",5
"barth",5
"making",5
"cahokia",5
"middle",5
"socioeconomic",5
"crumley",5
"conditions",5
"potential",5
"schiffer",5
"create",5
"exclusively",5
"much",5
"stylistic",4
"ejutla",4
"mexican",4
"position",4
"foias",4
"princeton",4
"diversity",4
"highlight",4
"every",4
"childs",4
"pervasive",4
"exclusive",4
"craftworkers",4
"nature",4
"asia",4
"hoffman",4
"daily",4
"analyses",4
"debt",4
"achieved",4
"gibson",4
"depends",4
"system",4
"issue",4
"east",4
"hall",4
"activity",4
"exchanges",4
"controlled",4
"canyon",4
"chaco",4
"since",4
"ability",4
"heterogeneity",4
"gilman",4
"topic",4
"century",4
"privilege",4
"turn",4
"nelson",4
"heterarchical",4
"systematically",4
"neitzel",4
"output",4
"left",4
"explicit",4
"wobst",4
"special",4
"vidale",4
"understand",4
"old",4
"ensure",4
"varying",4
"encourages",4
"invariably",4
"argued",4
"simplifies",4
"textile",4
"lithic",4
"beyond",4
"generally",4
"bowser",4
"result",4
"based",4
"paynter",4
"concentration",4
"requirements",4
"transactions",4
"population",4
"lechtman",4
"flannery",4
"spheres",4
"knowledge",4
"northern",4
"describe",4
"consistently",4
"discussions",4
"forces",4
"bishop",4
"vessels",4
"schwartz",4
"good",4
"teotihuacan",4
"involve",4
"potent",4
"arbor",4
"weissner",4
"periods",4
"heidka",4
"matter",4
"variety",4
"short",4
"techniques",4
"international",4
"manifest",4
"innovation",4
"about",4
"indus",4
"kluwer",4
"kowalewski",4
"indian",4
"wisconsin",4
"functions",4
"goals",4
"skill",4
"towards",4
"matacapan",4
"joyce",4
"variation",4
"hand",4
"operating",4
"manner",4
"relevant",4
"volatile",4
"explicitly",4
"another",4
"technologies",4
"richards",4
"range",4
"values",4
"significant",4
"reality",4
"individual",4
"distinction",4
"tangible",4
"thomas",4
"latter",4
"analysis",4
"henderson",4
"dealing",4
"asking",4
"veracruz",4
"ann",4
"effectively",4
"variably",4
"hierarchical",4
"worlds",4
"morrow",4
"then",4
"growing",4
"physically",4
"ethnoarchaeology",4
"pfaffenberger",4
"theme",4
"interpretation",4
"king",4
"lemonnier",4
"particularly",4
"royce",4
"producers",4
"places",4
"surpluses",4
"manufactures",4
"utilitarian",4
"foundations",4
"bey",4
"little",4
"buren",4
"multiple",4
"ill",4
"attached",4
"practices",4
"african",4
"ranks",4
"come",4
"understandings",4
"nonelite",4
"instead",4
"levy",4
"mccafferty",4
"carr",4
"point",4
"andes",4
"kim",4
"traditional",4
"preeminence",4
"organizational",4
"should",4
"southeastern",4
"does",3
"now",3
"later",3
"generated",3
"altamira",3
"affected",3
"large",3
"needed",3
"boca",3
"linkages",3
"self",3
"replicate",3
"lowlands",3
"source",3
"hohokam",3
"highlighted",3
"stoneware",3
"tribute",3
"helms",3
"contingent",3
"military",3
"address",3
"promoting",3
"aforementioned",3
"shaped",3
"available",3
"display",3
"simple",3
"differences",3
"potentially",3
"exotic",3
"link",3
"generalizations",3
"expense",3
"graham",3
"help",3
"greatly",3
"item",3
"rethinking",3
"ad",3
"british",3
"takes",3
"key",3
"continuum",3
"economics",3
"marked",3
"fl",3
"ball",3
"consumers",3
"obvious",3
"decoding",3
"geertz",3
"ofy",3
"behavior",3
"goal",3
"centralized",3
"throughout",3
"chiefs",3
"past",3
"mansbach",3
"moment",3
"excavations",3
"overt",3
"walnut",3
"gailey",3
"ferguson",3
"rank",3
"sanders",3
"clay",3
"displays",3
"burgeoning",3
"profound",3
"william",3
"kenyon",3
"gillespie",3
"monopolies",3
"ekholm",3
"peacock",3
"serra",3
"patronage",3
"outputs",3
"ongoing",3
"peer",3
"institutionalized",3
"creek",3
"A-",3
"danger",3
"actions",3
"changes",3
"locally",3
"impact",3
"hierarchically",3
"powerful",3
"agendas",3
"exploitation",3
"kilbick",3
"dominant",3
"decades",3
"view",3
"honduras",3
"opposition",3
"lowland",3
"fry",3
"hands",3
"traditionally",3
"effort",3
"centers",3
"objectives",3
"giddens",3
"symbolically",3
"synthesize",3
"equally",3
"caldwell",3
"understood",3
"crc",3
"mcanany",3
"michigan",3
"mediated",3
"intensity",3
"cannot",3
"fox",3
"find",3
"public",3
"nichols",3
"basis",3
"distinguish",3
"significantly",3
"colha",3
"masson",3
"overtly",3
"fruitful",3
"rise",3
"employed",3
"participate",3
"achieving",3
"mccorriston",3
"trends",3
"attributed",3
"manipulation",3
"revolution",3
"mediterranean",3
"settlement",3
"specifically",3
"eighth",3
"breaking",3
"core",3
"up",3
"pot",3
"rest",3
"tasks",3
"client",3
"nonelites",3
"scientific",3
"play",3
"return",3
"holders",3
"copan",3
"raton",3
"competition",3
"arrangements",3
"makes",3
"historia",3
"perceived",3
"transformations",3
"middleton",3
"broad",3
"bar",3
"frameworks",3
"picture",3
"useful",3
"majority",3
"usually",3
"motifs",3
"lanham",3
"barber",3
"turner",3
"areas",3
"instituto",3
"abstract",3
"connell",3
"proliferation",3
"audiences",3
"enough",3
"posit",3
"homenaje",3
"distance",3
"shifts",3
"difference",3
"clients",3
"assemblages",3
"mesopotamian",3
"mesoamericana",3
"controlling",3
"largely",3
"assume",3
"engaged",3
"examination",3
"full",3
"weaving",3
"trade",3
"discussed",3
"times",3
"divisions",3
"characterized",3
"administrative",3
"kramer",3
"promote",3
"viewpoint",3
"become",3
"seeking",3
"probably",3
"present",3
"conveyed",3
"independent",3
"elaborately",3
"primarily",3
"dimensions",3
"parsons",3
"interplay",3
"sequences",3
"howard",3
"continua",3
"considered",3
"nacional",3
"variable",3
"constant",3
"blackman",3
"mann",3
"series",3
"extensive",3
"harappa",3
"ever",3
"economically",3
"temporal",3
"md",3
"puche",3
"surrender",3
"mastache",3
"assumed",3
"fabrication",3
"best",3
"universal",3
"followers",3
"sc",3
"clearly",3
"harnessed",3
"privileged",3
"crafting",3
"cities",3
"examining",3
"sierra",3
"montmollin",3
"advances",3
"terms",3
"form",3
"involvement",3
"harappan",3
"maintain",3
"arqueologA-a",3
"antropologA-a",3
"extent",3
"require",3
"changing",3
"cloth",3
"oppositions",3
"yield",3
"discourses",3
"finished",3
"thereby",3
"role",3
"contribute",3
"multiscalar",3
"basin",3
"formation",3
"ultimately",3
"argument",3
"monopolists",3
"salt",3
"otumba",3
"already",3
"remains",3
"shift",3
"speak",3
"summary",3
"profitably",3
"artisan",3
"third",3
"trubitt",3
"cahokian",3
"recent",3
"building",3
"meeting",3
"oA-",3
"ca",3
"major",3
"faction",3
"entities",2
"deny",2
"way",2
"undoubtedly",2
"runciman",2
"concerned",2
"corporate",2
"zuni",2
"netherly",2
"college",2
"becoming",2
"residences",2
"conveys",2
"offerings",2
"enhance",2
"true",2
"lass",2
"environment",2
"hotly",2
"contention",2
"dupre",2
"mainland",2
"cornell",2
"lightfoot",2
"cultura",2
"lower",2
"archaeologists",2
"stressed",2
"modest",2
"hence",2
"certainly",2
"gambier",2
"investments",2
"lillios",2
"variables",2
"A?",2
"seems",2
"bloomington",2
"principles",2
"textiles",2
"advantage",2
"suggesting",2
"highland",2
"producing",2
"able",2
"tosi",2
"closer",2
"reproduction",2
"chipped",2
"patterned",2
"coresident",2
"concepts",2
"raised",2
"complicated",2
"china",2
"everyone",2
"dd",2
"visibility",2
"designs",2
"partners",2
"side",2
"depending",2
"formulation",2
"representations",2
"account",2
"possible",2
"compelling",2
"cooperation",2
"geared",2
"solely",2
"petexbatun",2
"taking",2
"say",2
"supervision",2
"realistic",2
"monitoring",2
"mountains",2
"conkey",2
"engage",2
"authors",2
"surplus",2
"factional",2
"ranked",2
"learned",2
"human",2
"thus",2
"accessible",2
"collapse",2
"southwestern",2
"historically",2
"delimit",2
"due",2
"objective",2
"against",2
"interest",2
"finsten",2
"raises",2
"santa",2
"markets",2
"reproduced",2
"engendering",2
"exercise",2
"unity",2
"cases",2
"distinct",2
"developments",2
"tends",2
"concerning",2
"ithaca",2
"columbia",2
"misleading",2
"alliances",2
"drawn",2
"tend",2
"consequently",2
"unresolved",2
"communication",2
"hegmon",2
"apparently",2
"precapitalist",2
"nuanced",2
"influence",2
"brumriel",2
"focused",2
"oj",2
"media",2
"biography",2
"recognized",2
"simplified",2
"town",2
"reflects",2
"supernatural",2
"expected",2
"paramounts",2
"multifarious",2
"purely",2
"individualizing",2
"generations",2
"denmark",2
"various",2
"sizable",2
"levels",2
"holistic",2
"combined",2
"neatly",2
"supplement",2
"munns",2
"references",2
"produced",2
"hosier",2
"distant",2
"origins",2
"addressing",2
"fulfill",2
"empires",2
"discernible",2
"affect",2
"discouraged",2
"itinerant",2
"section",2
"A?",2
"ideologies",2
"numbers",2
"articulated",2
"upper",2
"situations",2
"metals",2
"four",2
"operate",2
"albuquerque",2
"follow",2
"ornament",2
"requires",2
"varela",2
"kopytoff",2
"calgary",2
"salient",2
"nebraska",2
"reflections",2
"greater",2
"had",2
"yielding",2
"closely",2
"advance",2
"pursuits",2
"formulations",2
"negotiated",2
"six",2
"search",2
"changed",2
"shared",2
"facilitate",2
"further",2
"kinship",2
"topics",2
"occupation",2
"receive",2
"leuven",2
"skilled",2
"leonard",2
"fotiadis",2
"recently",2
"moore",2
"hendon",2
"sites",2
"dumbarton",2
"dependents",2
"sackett",2
"blake",2
"possibility",2
"alienation",2
"exert",2
"shape",2
"provincial",2
"unequal",2
"makers",2
"bernbeck",2
"imagined",2
"india",2
"pervade",2
"materialize",2
"apparent",2
"description",2
"godelier",2
"subtly",2
"oaks",2
"materialization",2
"focuses",2
"member",2
"il",2
"stanford",2
"ethnicity",2
"memoirs",2
"nj",2
"hosler",2
"interregional",2
"commerce",2
"describing",2
"multifaceted",2
"presented",2
"shaping",2
"schele",2
"suggest",2
"locus",2
"guatemala",2
"sole",2
"concerns",2
"highly",2
"ruled",2
"impossible",2
"spence",2
"always",2
"managed",2
"progress",2
"mccall",2
"results",2
"factionalism",2
"structured",2
"appropriate",2
"lincoln",2
"interests",2
"fiber",2
"neolithic",2
"critical",2
"converge",2
"highlights",2
"san",2
"transform",2
"situation",2
"reduced",2
"rey",2
"hegemony",2
"protecting",2
"functioning",2
"loney",2
"impacts",2
"action",2
"luber",2
"brian",2
"overall",2
"expansion",2
"yucatan",2
"islands",2
"reproducing",2
"appearance",2
"standardization",2
"comments",2
"premises",2
"seemingly",2
"thailand",2
"neat",2
"strategic",2
"direction",2
"southeast",2
"anthropolovv",2
"perles",2
"laboring",2
"thought",2
"restricted",2
"temperate",2
"northwest",2
"unwin",2
"shifting",2
"ethnographic",2
"acknowledging",2
"organize",2
"insights",2
"gary",2
"department",2
"fairly",2
"charismatic",2
"mound",2
"successfully",2
"dichotomies",2
"decoration",2
"poole",2
"toward",2
"again",2
"usurpers",2
"addition",2
"tradition",2
"eliteness",2
"outside",2
"striking",2
"exclusion",2
"end",2
"debates",2
"categorizing",2
"distributions",2
"beliefs",2
"reasons",2
"chiefdom",2
"channel",2
"men",2
"meant",2
"ground",2
"ur",2
"investment",2
"mixtequilla",2
"necessary",2
"focusing",2
"books",2
"lackey",2
"free",2
"day",2
"ecology",2
"degree",2
"tilley",2
"relation",2
"greatest",2
"behaviors",2
"discussion",2
"olmec",2
"invested",2
"examples",2
"easier",2
"upon",2
"implicated",2
"directions",2
"including",2
"increase",2
"identification",2
"dress",2
"lhe",2
"ethnic",2
"deployed",2
"reinforcing",2
"theoretical",2
"stratification",2
"fabricated",2
"larick",2
"clear",2
"kingery",2
"historic",2
"directed",2
"urbanism",2
"decorated",2
"essay",2
"workers",2
"mississippian",2
"resultant",2
"methodological",2
"ny",2
"spread",2
"played",2
"crafted",2
"skibo",2
"nm",2
"procurement",2
"politywide",2
"especially",2
"qualities",2
"constructing",2
"parochial",2
"interpretations",2
"blackwell",2
"frankenstein",2
"construction",2
"enjoyed",2
"monographs",2
"confusing",2
"learn",2
"equivalent",2
"versus",2
"saw",2
"minimally",2
"chert",2
"ehrenreich",2
"separate",2
"staffed",2
"implicitly",2
"kneebone",2
"ami",2
"science",2
"figure",2
"foreign",2
"practical",2
"pieces",2
"support",2
"upham",2
"fewer",2
"insufficient",2
"institutions",2
"success",2
"transformed",2
"visual",2
"importantly",2
"clays",2
"transformation",2
"lapidary",2
"deals",2
"cherry",2
"volumes",2
"kelheim",2
"effective",2
"fe",2
"fall",2
"hA?rt",2
"centuries",2
"get",2
"itself",2
"examine",2
"face",2
"figured",2
"interpretive",2
"meillassoux",2
"safeguarding",2
"stable",2
"seriously",2
"rarely",2
"intensification",2
"comparison",2
"geselowitz",2
"suppl",2
"too",2
"kilns",2
"command",2
"school",2
"kolb",2
"defining",2
"berkeley",2
"natural",2
"extant",2
"cultures",2
"worth",2
"capital",2
"johnson",2
"straightforward",2
"prominence",2
"loyalty",2
"far",2
"separating",2
"reflected",2
"build",2
"historical",2
"abercrombie",2
"living",2
"weapons",2
"born",2
"communicate",2
"dominate",2
"implicit",2
"stability",2
"coast",2
"cause",2
"independently",2
"statement",2
"design",2
"cratt",2
"fabricating",2
"pursued",2
"secure",2
"imperial",2
"setting",2
"almost",2
"suggests",2
"queries",2
"categories",2
"peoples",2
"rz",2
"monitored",2
"outline",2
"level",2
"emergent",2
"potters",2
"nader",2
"ohio",2
"scott",2
"content",2
"gero",2
"lies",2
"controls",2
"went",2
"measure",2
"absolute",2
"tracing",2
"arguments",2
"trigger",2
"unitary",2
"andtheory",2
"phenomenon",2
"challenges",2
"communicative",2
"emberling",2
"writing",2
"coming",2
"belize",2
"susceptible",2
"indiana",2
"survival",2
"fi",2
"manageable",2
"generate",2
"balandier",2
"explanation",2
"contributed",2
"actively",2
"include",2
"land",2
"socially",2
"underhill",2
"unified",2
"glass",2
"functionalist",2
"widmer",2
"morelos",2
"defined",2
"inequalities",2
"archaic",2
"roughly",2
"observation",2
"apart",2
"longshan",2
"temple",2
"marxist",2
"charged",2
"commodity",2
"vary",2
"lake",2
"import",2
"element",2
"entire",2
"utah",2
"divergent",2
"strong",2
"seek",2
"ends",2
"zapotee",2
"tringham",2
"looking",2
"frequent",1
"freidman",1
"situated",1
"go",1
"lopez",1
"duckworth",1
"thwarted",1
"mute",1
"provisioning",1
"transforming",1
"metal",1
"accomplish",1
"balkansky",1
"liminal",1
"limits",1
"alley",1
"common",1
"prescription",1
"fertile",1
"anthony",1
"responds",1
"centur",1
"hieroglyphic",1
"imported",1
"preclassic",1
"scholar",1
"differentials",1
"facade",1
"weils",1
"ndembu",1
"intricate",1
"truth",1
"represent",1
"machinations",1
"bolstering",1
"mobilizaton",1
"legitimate",1
"arrive",1
"determine",1
"intriguing",1
"red",1
"measures",1
"checklist",1
"zettler",1
"richman",1
"spurred",1
"stands",1
"starts",1
"utility",1
"abating",1
"germany",1
"comparability",1
"ecosystem",1
"forcing",1
"asian",1
"conducted",1
"factories",1
"cyprus",1
"denied",1
"envisioned",1
"A-iiA?",1
"elaborated",1
"identify",1
"diverge",1
"masonry",1
"advised",1
"xaca",1
"artistic",1
"sideways",1
"undergirding",1
"catastrophe",1
"ertect",1
"live",1
"approximate",1
"tonto",1
"saxon",1
"motivation",1
"longham",1
"shipping",1
"pressing",1
"pervading",1
"mit",1
"crajt",1
"newperspectives",1
"favor",1
"cement",1
"equivalency",1
"former",1
"abrams",1
"acceptance",1
"earlx",1
"discourage",1
"tlacolula",1
"ceremonial",1
"obligations",1
"fixed",1
"wares",1
"potentials",1
"necessarily",1
"pose",1
"storage",1
"individually",1
"total",1
"paper",1
"instance",1
"recondite",1
"fragile",1
"exceptions",1
"viewpoints",1
"service",1
"nineteenth",1
"something",1
"edu",1
"contested",1
"buffer",1
"nice",1
"interrACgional",1
"shimada",1
"chief",1
"palpable",1
"mimbres",1
"basil",1
"assaults",1
"intentions",1
"formalize",1
"experience",1
"proportion",1
"round",1
"anything",1
"ontexts",1
"bantley",1
"bloodletting",1
"conflicting",1
"explaining",1
"undermine",1
"humble",1
"wool",1
"alhan",1
"implements",1
"pencuin",1
"guises",1
"coexist",1
"animas",1
"originally",1
"give",1
"attempts",1
"taken",1
"female",1
"culturally",1
"concentrated",1
"location",1
"attempt",1
"substances",1
"hipped",1
"script",1
"ramonage",1
"articulate",1
"worked",1
"marginalization",1
"caricatures",1
"advanced",1
"england",1
"contestation",1
"parties",1
"loom",1
"affirmed",1
"hedged",1
"possibilities",1
"ilerlisA?",1
"reach",1
"cenote",1
"volatility",1
"attractive",1
"copy",1
"changinc",1
"professions",1
"belong",1
"borders",1
"convert",1
"stanish",1
"careers",1
"monitor",1
"fortunes",1
"farmers",1
"cues",1
"berman",1
"senses",1
"achievement",1
"confront",1
"klengel",1
"jewellery",1
"disappearance",1
"cobden",1
"composition",1
"marquesans",1
"extensification",1
"decentralization",1
"memon",1
"faunal",1
"nil",1
"frACter",1
"kelheimin",1
"mind",1
"date",1
"sectarian",1
"emphasized",1
"respond",1
"precisely",1
"deriving",1
"contrasting",1
"coordinated",1
"headings",1
"reading",1
"refuse",1
"committed",1
"cloud",1
"barvaria",1
"sourcehook",1
"contents",1
"similarities",1
"ocotlA!n",1
"inquiry",1
"nodes",1
"documenting",1
"scratches",1
"revolt",1
"generosity",1
"habitual",1
"urbamsm",1
"existence",1
"sophisticated",1
"correlated",1
"classifying",1
"projectile",1
"promulgated",1
"portugal",1
"eastern",1
"blacksmiths",1
"anthology",1
"dazzlingly",1
"albeit",1
"bird",1
"task",1
"framing",1
"money",1
"capacity",1
"prone",1
"polis",1
"motion",1
"alternatively",1
"tx",1
"trans",1
"primary",1
"bases",1
"boyd",1
"discontent",1
"salesman",1
"jarrige",1
"right",1
"users",1
"deal",1
"mediating",1
"skriv",1
"uneven",1
"quantities",1
"replacement",1
"occupying",1
"capable",1
"implies",1
"stance",1
"strand",1
"entrepreneurs",1
"characterize",1
"slight",1
"adopting",1
"mutual",1
"positioned",1
"bibliography",1
"A!",1
"transcend",1
"fine",1
"mastery",1
"whatever",1
"occurring",1
"ready",1
"thrones",1
"fossilized",1
"supply",1
"x",1
"benefactors",1
"timothy",1
"establishment",1
"aoyama",1
"uncertain",1
"tiawanaku",1
"canouts",1
"representing",1
"molehills",1
"himself",1
"marginalized",1
"michaels",1
"forged",1
"warfare",1
"cognizant",1
"sign",1
"pelican",1
"adorning",1
"singled",1
"hudson",1
"framework",1
"funded",1
"exist",1
"li",1
"relies",1
"janusek",1
"conflict",1
"technologically",1
"brisbane",1
"fracture",1
"fit",1
"apex",1
"comprehending",1
"differential",1
"structuration",1
"dependence",1
"angles",1
"southampton",1
"rothman",1
"ltlinoarchaeological",1
"mine",1
"difficulties",1
"immediate",1
"epistemolA3gica",1
"pursuit",1
"creators",1
"precipitating",1
"integral",1
"track",1
"mastered",1
"retarded",1
"reminding",1
"gun",1
"decided",1
"attested",1
"corei",1
"participating",1
"realization",1
"employing",1
"pay",1
"salado",1
"rooted",1
"dealings",1
"overly",1
"industrial",1
"marxism",1
"z",1
"ware",1
"chihuahua",1
"dean",1
"ct",1
"reimagining",1
"underlying",1
"odyssey",1
"humphrey",1
"casas",1
"arguably",1
"depend",1
"refer",1
"convincing",1
"back",1
"kinds",1
"subjects",1
"marriage",1
"differently",1
"highest",1
"gardin",1
"hopefully",1
"response",1
"consumer",1
"holds",1
"inclusion",1
"allowing",1
"cameroon",1
"egypt",1
"kurban",1
"site",1
"witnessed",1
"hughjones",1
"monopolization",1
"intersocietal",1
"determinations",1
"overwhelmed",1
"weight",1
"mosaic",1
"suitability",1
"stimulating",1
"preserving",1
"advantages",1
"rajasthan",1
"critique",1
"tones",1
"spears",1
"deeply",1
"kimbell",1
"simplistic",1
"ignore",1
"leadership",1
"martial",1
"hardly",1
"wl",1
"bel",1
"ma",1
"competitive",1
"master",1
"eA!",1
"contributing",1
"xochicalco",1
"associations",1
"crossroads",1
"vantage",1
"higher",1
"uppsala",1
"lesser",1
"handles",1
"discomforting",1
"messy",1
"pertinence",1
"operation",1
"opposed",1
"bereft",1
"ab",1
"interesting",1
"fort",1
"weapon",1
"sample",1
"iti",1
"disposed",1
"hodden",1
"bmmfiel",1
"neff",1
"flexibly",1
"costs",1
"allegiances",1
"resists",1
"mutatis",1
"pit",1
"aimed",1
"encompassed",1
"vanished",1
"across",1
"notable",1
"highlands",1
"solidarity",1
"synchronie",1
"raber",1
"debated",1
"edward",1
"gluckman",1
"reshape",1
"ltzA!",1
"ascent",1
"oversee",1
"landscape",1
"evaluation",1
"dynasty",1
"capture",1
"lasting",1
"completely",1
"unique",1
"active",1
"environments",1
"dealt",1
"waned",1
"dp",1
"classicmaya",1
"flexible",1
"locations",1
"inculcating",1
"thing",1
"personhood",1
"derived",1
"direct",1
"balanced",1
"parts",1
"desperately",1
"contributions",1
"assuming",1
"signatures",1
"thereof",1
"sausa",1
"emics",1
"summarized",1
"awareness",1
"consequences",1
"paleolithic",1
"reinforce",1
"ames",1
"tuxtla",1
"generating",1
"suffice",1
"firing",1
"monuments",1
"qualify",1
"unranked",1
"straits",1
"shackley",1
"solutions",1
"venerable",1
"win",1
"maintaining",1
"dwyer",1
"alienate",1
"belgium",1
"space",1
"naivety",1
"legitimizing",1
"marks",1
"exhibitions",1
"possibly",1
"dichotomy",1
"reinforcement",1
"weaves",1
"established",1
"benefits",1
"harder",1
"pertinent",1
"peasant",1
"black",1
"berry",1
"handled",1
"A-iA-ihA-",1
"driven",1
"alluded",1
"edition",1
"moderately",1
"unimportant",1
"mutandis",1
"receiving",1
"record",1
"chores",1
"contemporaries",1
"plaster",1
"northeastern",1
"emblems",1
"daggers",1
"accessibility",1
"quarters",1
"listed",1
"threat",1
"show",1
"seamless",1
"spinning",1
"carolina",1
"commented",1
"tried",1
"resource",1
"exactions",1
"exotics",1
"voluminous",1
"submerged",1
"surmise",1
"toro",1
"modeled",1
"comparisons",1
"enhancement",1
"putting",1
"patterning",1
"rice",1
"segmentary",1
"mix",1
"answers",1
"guarantee",1
"stoltman",1
"aertz",1
"imminent",1
"care",1
"helped",1
"sacken",1
"tas",1
"coincide",1
"faced",1
"providing",1
"drawing",1
"appear",1
"trajectories",1
"subject",1
"trying",1
"conflicts",1
"assessments",1
"oa",1
"experimentation",1
"hours",1
"diachronic",1
"disempowered",1
"problem",1
"ostentatious",1
"floe",1
"dumps",1
"whom",1
"questioned",1
"arrival",1
"allow",1
"bearing",1
"diverging",1
"deploying",1
"route",1
"emblazoned",1
"guns",1
"inherent",1
"demise",1
"begun",1
"kalahari",1
"combinations",1
"amsterdam",1
"citv",1
"puebloan",1
"ambiguity",1
"behavioral",1
"lived",1
"generates",1
"served",1
"pigeonholes",1
"sedentary",1
"hawaii",1
"relate",1
"centrally",1
"oh",1
"chalchaqui",1
"luxury",1
"eat",1
"captured",1
"haven",1
"brill",1
"emotionally",1
"roben",1
"thrall",1
"correlates",1
"compromised",1
"confidently",1
"circulation",1
"tidy",1
"claessen",1
"standardized",1
"informed",1
"let",1
"berlo",1
"hinterland",1
"embellished",1
"prismatic",1
"metalworking",1
"stressing",1
"bore",1
"burial",1
"divide",1
"hawaiian",1
"walde",1
"rankles",1
"promise",1
"arguing",1
"excellent",1
"integrating",1
"ford",1
"emulating",1
"spur",1
"explored",1
"poststructural",1
"tikal",1
"taxes",1
"loathe",1
"explain",1
"required",1
"multidisciplinar",1
"numerous",1
"avenues",1
"necessities",1
"premise",1
"creates",1
"james",1
"hicks",1
"influenced",1
"impression",1
"briefly",1
"warriors",1
"failure",1
"representatives",1
"underlie",1
"glossed",1
"directly",1
"having",1
"distinctiveness",1
"believable",1
"degrees",1
"line",1
"closed",1
"data",1
"egalitarian",1
"island",1
"planning",1
"appreciate",1
"bounded",1
"residents",1
"received",1
"archaeologist",1
"chalchihuites",1
"tool",1
"lA3pez",1
"ideal",1
"innovators",1
"del",1
"ensue",1
"commoditization",1
"interface",1
"lords",1
"concept",1
"unless",1
"prominent",1
"leads",1
"characterization",1
"occupants",1
"varna",1
"advancement",1
"explains",1
"competing",1
"watts",1
"havashida",1
"proportions",1
"instruments",1
"secret",1
"ulticentric",1
"transcended",1
"actors",1
"indigenous",1
"emmerson",1
"comment",1
"orA-",1
"seh",1
"contain",1
"tip",1
"classicperiod",1
"marquesan",1
"whole",1
"constructs",1
"overview",1
"poorman",1
"taschek",1
"database",1
"castillo",1
"literally",1
"partly",1
"records",1
"concentrate",1
"transmitting",1
"director",1
"kings",1
"call",1
"babia",1
"occupied",1
"millenium",1
"yerkes",1
"nor",1
"systematic",1
"schwanz",1
"project",1
"resort",1
"gently",1
"rulership",1
"interpreted",1
"craftsman",1
"enhances",1
"markedly",1
"reconsidering",1
"following",1
"culbert",1
"cults",1
"rivet",1
"errors",1
"bodies",1
"traders",1
"olson",1
"archcological",1
"causal",1
"natures",1
"construct",1
"los",1
"arise",1
"manners",1
"regardless",1
"responsibility",1
"buildings",1
"reliable",1
"coupled",1
"indicators",1
"devotional",1
"politically",1
"homogenous",1
"complicate",1
"incipient",1
"synthesized",1
"stimulated",1
"sharp",1
"diagnostic",1
"heart",1
"emerging",1
"around",1
"family",1
"prized",1
"anthropologn",1
"segraves",1
"calling",1
"specified",1
"allison",1
"revisited",1
"endowed",1
"sufficient",1
"shapes",1
"june",1
"reconfigure",1
"choose",1
"bray",1
"routine",1
"levied",1
"prestate",1
"mi",1
"dramatic",1
"choosing",1
"protect",1
"distinguished",1
"ancestral",1
"crabtree",1
"intrapolity",1
"workforce",1
"yielded",1
"dedicated",1
"turanian",1
"patience",1
"articulation",1
"kongo",1
"specializations",1
"dependent",1
"paid",1
"brumhel",1
"correspondence",1
"roots",1
"proliferates",1
"notes",1
"grateful",1
"centralizing",1
"preliminary",1
"invidious",1
"maidens",1
"enjoy",1
"reducing",1
"kingly",1
"growth",1
"lend",1
"input",1
"conceal",1
"survived",1
"cleland",1
"replacing",1
"highlandcoastal",1
"cos",1
"meaningfully",1
"bhan",1
"portion",1
"herein",1
"leche",1
"crafi",1
"fredrick",1
"symbolism",1
"stucco",1
"mews",1
"partially",1
"sail",1
"ranging",1
"minds",1
"A?rhAR",1
"mA?ller",1
"steady",1
"equality",1
"groundstone",1
"ingenuity",1
"middlemen",1
"colors",1
"absence",1
"architecture",1
"noble",1
"britain",1
"correlating",1
"inventiveness",1
"synthesis",1
"hinge",1
"positions",1
"comparative",1
"A-lifi",1
"successes",1
"schemes",1
"manipulate",1
"corporation",1
"acknowledged",1
"brief",1
"edges",1
"unconsciously",1
"undermining",1
"piggott",1
"jewelry",1
"strains",1
"reduce",1
"allen",1
"formative",1
"still",1
"decoded",1
"intervention",1
"surviving",1
"interactions",1
"experiences",1
"interrelations",1
"underwritten",1
"covert",1
"modes",1
"obtainable",1
"hester",1
"convoluted",1
"put",1
"inhabited",1
"decisions",1
"structural",1
"profoundly",1
"vocabularies",1
"remain",1
"santlcy",1
"downplay",1
"guide",1
"once",1
"ubiquity",1
"hayashida",1
"pow",1
"craftworking",1
"simultaneous",1
"yet",1
"selling",1
"justifying",1
"sri",1
"reference",1
"precontaci",1
"opportunities",1
"wake",1
"tremendous",1
"suited",1
"read",1
"emulation",1
"requiring",1
"happened",1
"acknowledgments",1
"precolumbian",1
"counterparts",1
"continuity",1
"evolved",1
"metallurgical",1
"inspiration",1
"combat",1
"challenged",1
"ne",1
"palaces",1
"selective",1
"manzanilla",1
"neither",1
"thesis",1
"index",1
"swamp",1
"acting",1
"home",1
"falls",1
"eminently",1
"indebted",1
"infrastructure",1
"light",1
"amazon",1
"bangles",1
"promotes",1
"refine",1
"lacked",1
"words",1
"imitating",1
"without",1
"emotional",1
"garland",1
"reliance",1
"goodness",1
"multicentered",1
"A-il",1
"cerA!mica",1
"functioned",1
"worldviews",1
"enterprises",1
"shows",1
"exploring",1
"volume",1
"routes",1
"party",1
"leader",1
"itili",1
"ensures",1
"houston",1
"links",1
"mark",1
"grips",1
"death",1
"brain",1
"orla",1
"similarly",1
"varies",1
"stripes",1
"straightened",1
"infiltrated",1
"ecuadorian",1
"complementary",1
"analytical",1
"communal",1
"fact",1
"locational",1
"monopolized",1
"naive",1
"lack",1
"subscribes",1
"zacatecas",1
"blocks",1
"valid",1
"fundamental",1
"strazicich",1
"alloys",1
"dissatisfaction",1
"meadow",1
"creative",1
"wedded",1
"compound",1
"schortma",1
"iceberg",1
"clarify",1
"unobtrusive",1
"crop",1
"choice",1
"maneuver",1
"grave",1
"together",1
"larger",1
"estrangement",1
"councillor",1
"supplies",1
"platform",1
"forging",1
"prospects",1
"feasting",1
"contemporary",1
"pattern",1
"imperfect",1
"knapped",1
"sumerian",1
"great",1
"external",1
"bavaria",1
"honor",1
"ruler",1
"enactment",1
"etla",1
"conclusions",1
"conspicuously",1
"fits",1
"consciously",1
"bedazzled",1
"everyday",1
"coteries",1
"epigenetic",1
"centre",1
"increases",1
"lA-ills",1
"innovative",1
"ultural",1
"obscures",1
"developing",1
"equate",1
"realms",1
"existing",1
"scions",1
"bead",1
"implicate",1
"receives",1
"establish",1
"prA?s",1
"arrays",1
"nonmechanistic",1
"answer",1
"real",1
"sbjk",1
"uneasily",1
"simplicity",1
"invitation",1
"perhaps",1
"native",1
"belief",1
"shafer",1
"hastort",1
"impoverished",1
"anthrodolozist",1
"gives",1
"monopoly",1
"acquiesce",1
"binary",1
"bulletin",1
"imagine",1
"published",1
"preliminar",1
"tige",1
"archi",1
"cholula",1
"ordinal",1
"credit",1
"envisions",1
"investigated",1
"art",1
"intimate",1
"survive",1
"considering",1
"maxa",1
"treated",1
"lands",1
"comprise",1
"discovery",1
"chiefly",1
"buenavista",1
"maritime",1
"scandanavia",1
"helps",1
"impart",1
"sides",1
"onto",1
"bronson",1
"patricia",1
"barbetti",1
"enhanced",1
"ethnology",1
"contacts",1
"manifestations",1
"traversing",1
"ruling",1
"monte",1
"exploits",1
"intrahousehold",1
"expression",1
"complement",1
"legitimation",1
"operated",1
"uganda",1
"firearms",1
"grappling",1
"factor",1
"glow",1
"brumfA?el",1
"vocabulary",1
"infusing",1
"ideas",1
"prominently",1
"trend",1
"roman",1
"rare",1
"freedom",1
"edinburgh",1
"laboratory",1
"fruits",1
"chosen",1
"perceptive",1
"chemical",1
"relegated",1
"congregation",1
"theories",1
"sacrificing",1
"founts",1
"finally",1
"ties",1
"humanised",1
"whoever",1
"three",1
"beggarman",1
"modem",1
"emphasizing",1
"blindly",1
"plebian",1
"peripheral",1
"publication",1
"mixtee",1
"profession",1
"rill",1
"dominated",1
"amounts",1
"interactors",1
"heightening",1
"try",1
"counter",1
"held",1
"rationalized",1
"vested",1
"staple",1
"compatriots",1
"sourcehool",1
"reviewers",1
"smopoli",1
"prodigious",1
"acquiescence",1
"responses",1
"attribution",1
"serves",1
"stresses",1
"chic",1
"enriched",1
"expressing",1
"peebles",1
"ieotihuacan",1
"compromises",1
"repeated",1
"proclaim",1
"unambiguous",1
"maison",1
"kingerj",1
"mexica",1
"facing",1
"westerville",1
"internal",1
"article",1
"satisfy",1
"mining",1
"cosmologica",1
"exported",1
"ornaments",1
"solidify",1
"acquire",1
"displayed",1
"interconnections",1
"fetishised",1
"materialized",1
"patterson",1
"ethnohistory",1
"implication",1
"step",1
"norton",1
"greece",1
"differ",1
"paramountcontrolled",1
"blood",1
"adaptations",1
"looked",1
"dividing",1
"cerA mica",1
"workshop",1
"figures",1
"huexotla",1
"relative",1
"engagement",1
"embodied",1
"recurring",1
"outright",1
"opposite",1
"rifle",1
"awaiting",1
"rationalizing",1
"brown",1
"justice",1
"translator",1
"motivations",1
"product",1
"grandes",1
"rarity",1
"genesis",1
"european",1
"carried",1
"worldview",1
"unstable",1
"aspirations",1
"extracted",1
"iran",1
"signs",1
"respect",1
"sumeria",1
"peers",1
"politicoeconomic",1
"delimiting",1
"publishing",1
"kaiinga",1
"covertly",1
"equals",1
"raise",1
"george",1
"housewives",1
"quo",1
"segments",1
"sometimes",1
"domains",1
"linda",1
"continuing",1
"naturally",1
"testing",1
"smiths",1
"hill",1
"category",1
"vertical",1
"lines",1
"newport",1
"widespread",1
"libili",1
"independence",1
"constitution",1
"tin",1
"concluding",1
"trading",1
"las",1
"yale",1
"spriggs",1
"fs",1
"juan",1
"lives",1
"renown",1
"intensive",1
"cognitive",1
"figurine",1
"idvolouw",1
"linking",1
"owed",1
"efficiency",1
"expectations",1
"paynterand",1
"quite",1
"researcher",1
"schevill",1
"sievert",1
"polychrome",1
"populace",1
"griffith",1
"muted",1
"types",1
"citizens",1
"instances",1
"sounebook",1
"canada",1
"middlesex",1
"widest",1
"pressures",1
"rationalize",1
"aegean",1
"thick",1
"vigor",1
"hapless",1
"tribe",1
"middens",1
"increased",1
"recombined",1
"entertain",1
"meal",1
"claims",1
"sections",1
"anrhropolopx",1
"protean",1
"springfield",1
"regularly",1
"suggestions",1
"wars",1
"haeology",1
"exercised",1
"heavy",1
"thinking",1
"incongruities",1
"suite",1
"crystal",1
"civilizations",1
"conclusion",1
"brumtA?el",1
"charting",1
"version",1
"mitchell",1
"forget",1
"postconquest",1
"accounts",1
"cayo",1
"continues",1
"scrutiny",1
"opACratoires",1
"brumnel",1
"fluctuating",1
"consensus",1
"palace",1
"midcontinent",1
"mixes",1
"aural",1
"generic",1
"north",1
"augmenting",1
"willows",1
"funding",1
"symbol",1
"appealing",1
"spatially",1
"offers",1
"drew",1
"A$l",1
"microscale",1
"know",1
"imposing",1
"favorably",1
"mutually",1
"tuxtlas",1
"authority",1
"tendencies",1
"sure",1
"readily",1
"chacoan",1
"chapman",1
"interpersonal",1
"cooking",1
"share",1
"novel",1
"busily",1
"dupes",1
"ausec",1
"interested",1
"hopewell",1
"innovations",1
"seem",1
"believe",1
"did",1
"ft",1
"leaders",1
"down",1
"argue",1
"constructions",1
"hopcwellian",1
"heterarchy",1
"report",1
"foundation",1
"vibrant",1
"er",1
"entering",1
"countering",1
"sustaining",1
"korea",1
"equilibrium",1
"benefit",1
"brilliance",1
"fluorescences",1
"vijayan",1
"going",1
"berg",1
"deployment",1
"accepts",1
"altars",1
"assessment",1
"oliver",1
"entrada",1
"better",1
"sisatchanali",1
"portions",1
"days",1
"demography",1
"believed",1
"beginning",1
"hyman",1
"drop",1
"realities",1
"steal",1
"patrician",1
"basics",1
"merkel",1
"reproduce",1
"answered",1
"affirm",1
"fluidity",1
"investigation",1
"hypertrophie",1
"poses",1
"undercut",1
"volcanic",1
"selected",1
"A?li",1
"ones",1
"ubaid",1
"daitroy",1
"iA?ri",1
"add",1
"agricultural",1
"unrepayable",1
"inputs",1
"sounds",1
"temporally",1
"weak",1
"fully",1
"getting",1
"scheduling",1
"thames",1
"ulyssey",1
"nostalgic",1
"rewrite",1
"extensirication",1
"produce",1
"balance",1
"limitations",1
"minimal",1
"reorganization",1
"agreed",1
"ize",1
"emphasis",1
"hoyuk",1
"jA>uj",1
"axob",1
"universe",1
"signify",1
"size",1
"discrepancies",1
"institutionalize",1
"conveniently",1
"hurst",1
"conference",1
"radically",1
"boston",1
"naked",1
"larsen",1
"northwestern",1
"furniture",1
"affecting",1
"redundant",1
"sculpture",1
"kin",1
"materializing",1
"despite",1
"revolutions",1
"charisma",1
"siphon",1
"became",1
"easy",1
"variability",1
"giving",1
"ebla",1
"clarifies",1
"intended",1
"quemada",1
"bulkiest",1
"assumptions",1
"rigid",1
"territory",1
"sheets",1
"regularities",1
"condition",1
"embedded",1
"obtain",1
"curet",1
"found",1
"divided",1
"partake",1
"interpolity",1
"motivate",1
"encouraging",1
"representation",1
"au",1
"gain",1
"aspect",1
"A?",1
"think",1
"terminal",1
"hammondsworth",1
"mature",1
"crosscultural",1
"comparable",1
"traditions",1
"soft",1
"until",1
"economie",1
"ceren",1
"missisippian",1
"turkey",1
"unable",1
"years",1
"disseminating",1
"shrift",1
"disposal",1
"petersen",1
"kingdom",1
"argentina",1
"protohistoric",1
"chaARnes",1
"cleverest",1
"disbursement",1
"eicher",1
"internally",1
"write",1
"piecemeal",1
"charge",1
"aware",1
"mode",1
"isles",1
"dangerous",1
"course",1
"americas",1
"operational",1
"ico",1
"mandates",1
"tinture",1
"folan",1
"smaller",1
"heartland",1
"integration",1
"mobilization",1
"A?",1
"off",1
"locate",1
"terribly",1
"paraphernalia",1
"comprising",1
"extremely",1
"ilpl",1
"definitive",1
"postscript",1
"estranged",1
"anonymous",1
"charles",1
"pioneering",1
"removed",1
"deciding",1
"valuable",1
"certainty",1
"pathways",1
"supervise",1
"variations",1
"informants",1
"debate",1
"bathed",1
"uncertainty",1
"maximum",1
"documentary",1
"develop",1
"gulf",1
"sweden",1
"womens",1
"herders",1
"row",1
"diverges",1
"networks",1
"fumi",1
"cross",1
"barter",1
"virtue",1
"mistaken",1
"close",1
"predicated",1
"hotchkis",1
"cited",1
"mili",1
"gold",1
