"WORDCOUNTS","WEIGHT"
"and",1847
"the",1828
"of",1557
"in",1134
"a",613
"to",498
"age",407
"iron",360
"as",320
"that",279
"archaeology",275
"j",272
"or",237
"for",215
"m",204
"pp",203
"c",198
"with",188
"on",180
"b",178
"from",170
"p",170
"europe",168
"by",163
"eds",157
"s",153
"were",150
"have",143
"some",133
"social",130
"roman",128
"is",125
"was",124
"oxford",124
"celtic",118
"an",118
"g",118
"this",116
"has",115
"journal",115
"l",115
"press",113
"r",112
"been",108
"new",108
"archaeological",106
"are",106
"university",106
"d",102
"european",97
"at",95
"many",92
"culture",92
"their",87
"e",85
"studies",85
"be",84
"ed",84
"cambridge",82
"archaeol",78
"res",77
"springer",77
"more",77
"but",76
"de",75
"et",75
"other",74
"ritual",74
"world",72
"society",71
"london",70
"through",70
"it",68
"societies",67
"they",66
"i",66
"such",65
"not",65
"early",65
"identity",64
"britain",64
"into",63
"also",63
"material",62
"t",61
"political",61
"people",61
"study",60
"ethnicity",60
"which",59
"al",59
"groups",59
"cultural",58
"within",58
"late",58
"these",57
"h",56
"may",55
"gender",54
"between",54
"religious",50
"power",50
"later",49
"w",49
"celts",48
"local",47
"elite",47
"while",46
"trade",45
"la",44
"both",44
"evidence",44
"only",43
"who",43
"settlement",42
"over",42
"interaction",42
"than",42
"n",42
"american",42
"its",42
"different",42
"arnold",41
"one",41
"bronze",41
"past",41
"what",41
"f",41
"can",40
"prehistory",40
"antiquity",40
"century",40
"k",40
"cunliffe",40
"archaeologists",40
"prehistoric",39
"history",39
"central",39
"sites",38
"change",38
"work",37
"theory",37
"recent",37
"earlier",37
"there",37
"landscape",37
"v",36
"routledge",36
"traditions",36
"southern",36
"hill",36
"all",35
"where",35
"during",35
"international",35
"wells",35
"others",35
"review",34
"practice",33
"first",33
"ancient",33
"regional",32
"romans",32
"series",32
"research",32
"had",31
"areas",31
"time",31
"how",31
"offerings",31
"now",30
"mediterranean",30
"york",30
"indigenous",30
"practices",30
"archaeopress",29
"use",29
"organization",29
"religion",29
"interactions",29
"often",29
"megaw",28
"status",28
"perhaps",28
"ideas",28
"ethnic",28
"france",28
"context",28
"structure",28
"analysis",28
"no",27
"anthropology",27
"british",27
"data",27
"several",27
"them",27
"those",27
"structures",27
"regions",26
"authors",26
"contexts",26
"scandinavia",26
"most",25
"greek",25
"much",25
"approaches",25
"rome",25
"even",25
"haselgrove",25
"period",25
"seen",25
"well",25
"places",25
"parker",24
"interpretations",24
"woolf",24
"communities",24
"life",24
"models",24
"production",24
"found",24
"body",24
"concept",24
"northern",24
"green",24
"traditional",24
"bar",24
"der",24
"elites",24
"aspects",23
"scholars",23
"sacred",23
"when",23
"across",23
"used",23
"pearson",23
"complex",23
"burial",23
"about",23
"western",22
"state",22
"impact",22
"systems",22
"ruiz",22
"warfare",22
"burials",22
"various",22
"crumley",22
"years",22
"historical",22
"millennium",22
"perspective",22
"en",22
"similar",22
"greeks",22
"objects",22
"economic",22
"classical",22
"larsson",21
"perspectives",21
"collis",21
"human",21
"landscapes",21
"hallstatt",21
"A?",21
"important",21
"approach",21
"anthropological",21
"long",21
"development",21
"understanding",21
"rather",20
"germanic",20
"group",20
"oppida",20
"cultures",20
"interpreted",20
"among",20
"large",20
"du",20
"dietler",20
"empire",20
"bradley",20
"kristiansen",19
"hodder",19
"site",19
"recently",19
"sometimes",19
"art",19
"iberia",19
"o",19
"fitzpatrick",19
"west",19
"italy",19
"see",19
"women",19
"tradition",19
"mortuary",19
"did",19
"periphery",19
"still",18
"once",18
"centuries",18
"urban",18
"roles",18
"medieval",18
"centre",18
"described",18
"peoples",18
"role",18
"yet",18
"ordinary",18
"modern",18
"idea",18
"rowlands",18
"focus",18
"north",18
"ways",17
"differences",17
"amsterdam",17
"textual",17
"model",17
"iberian",17
"tene",17
"meaning",17
"studied",17
"domestic",17
"heterarchy",17
"identities",17
"wealth",17
"notes",17
"children",17
"called",17
"processes",17
"own",16
"warrior",16
"gosden",16
"childhood",16
"current",16
"case",16
"hierarchy",16
"space",16
"cumberpatch",16
"less",16
"would",16
"scott",16
"area",16
"if",16
"relations",16
"critique",16
"out",16
"around",16
"resistance",16
"features",16
"sociopolitical",16
"hillforts",16
"atlantic",16
"shared",16
"place",16
"karl",16
"region",16
"oxbow",16
"van",15
"led",15
"he",15
"goods",15
"institute",15
"debate",15
"concepts",15
"politics",15
"could",15
"gaul",15
"gwilt",15
"connections",15
"any",15
"oubiA?a",15
"remains",15
"jones",15
"small",15
"parcero",15
"artifacts",15
"animal",15
"eastern",14
"kinship",14
"based",14
"literature",14
"comparative",14
"so",14
"although",14
"germany",14
"system",14
"les",14
"related",14
"death",14
"interpretation",14
"especially",14
"types",14
"control",14
"europeans",14
"sacrifice",14
"champion",14
"similarly",14
"caesar",14
"nature",14
"old",14
"house",14
"issues",14
"spain",14
"era",14
"being",13
"might",13
"publications",13
"lock",13
"hingley",13
"internal",13
"essays",13
"attempts",13
"A?",13
"relationships",13
"few",13
"activities",13
"rodriguez",13
"toward",13
"books",13
"way",13
"scotland",13
"activity",13
"process",13
"too",13
"rituals",13
"last",13
"male",13
"whether",13
"agency",13
"sources",13
"centralized",13
"honour",13
"peninsula",13
"war",13
"y",13
"ages",13
"after",13
"sweden",13
"beyond",13
"example",12
"boundaries",12
"architecture",12
"rites",12
"continuity",12
"under",12
"grave",12
"patterns",12
"theories",12
"changing",12
"migration",12
"conquest",12
"primary",12
"away",12
"rulers",12
"barbarians",12
"despite",12
"introduction",12
"ad",12
"leicester",12
"slavic",12
"noted",12
"households",12
"associated",12
"prestige",12
"colonial",12
"association",12
"represent",12
"papers",12
"female",12
"animals",12
"reconstructing",12
"milisauskas",12
"hillfort",12
"we",12
"form",12
"built",12
"along",11
"centers",11
"public",11
"community",11
"exchange",11
"eventually",11
"leaders",11
"then",11
"webster",11
"specific",11
"interest",11
"conflict",11
"same",11
"villages",11
"museum",11
"theoretical",11
"problems",11
"graves",11
"morris",11
"pits",11
"daily",11
"changes",11
"gods",11
"further",11
"turner",11
"number",11
"class",11
"conditions",11
"materials",11
"include",11
"settlements",11
"initially",11
"beliefs",11
"feasting",11
"ireland",11
"general",11
"sciences",11
"each",11
"contextual",11
"living",11
"beginning",11
"enclosures",11
"themselves",11
"against",10
"moore",10
"metals",10
"present",10
"another",10
"randsborg",10
"like",10
"become",10
"barbarian",10
"imperialism",10
"type",10
"hall",10
"academic",10
"reflect",10
"le",10
"archaeologies",10
"periods",10
"ceremonial",10
"temperate",10
"slavery",10
"made",10
"deposits",10
"farms",10
"indicate",10
"considered",10
"economy",10
"des",10
"taylor",10
"national",10
"substantial",10
"largely",10
"topic",10
"monumental",10
"man",10
"monographs",10
"dead",10
"far",10
"little",10
"fig",10
"bA?chsenschA?tz",10
"schortman",10
"clearly",10
"origins",10
"part",10
"highly",10
"frameworks",10
"our",10
"outside",10
"germans",10
"symbolic",10
"imperial",10
"building",10
"religions",9
"paradigms",9
"zapatero",9
"neolithic",9
"england",9
"romanization",9
"least",9
"second",9
"contact",9
"published",9
"contemporary",9
"forms",9
"never",9
"food",9
"individuals",9
"institutions",9
"callmer",9
"constructed",9
"popular",9
"bodies",9
"states",9
"ca",9
"jerem",9
"structuration",9
"distribution",9
"already",9
"debates",9
"briggs",9
"language",9
"parts",9
"topics",9
"construction",9
"frontier",9
"wiksell",9
"classes",9
"instead",9
"denmark",9
"display",9
"hedeager",9
"broad",9
"things",9
"structured",9
"violence",9
"votive",9
"everyday",9
"chiefly",9
"questions",9
"individual",9
"times",9
"thorpe",9
"versus",9
"ehrenreich",9
"shift",9
"brunaux",9
"texts",9
"sheffield",9
"before",9
"military",9
"hoards",9
"ralston",9
"understood",9
"core",9
"using",9
"und",9
"science",9
"transformation",9
"terms",9
"extent",9
"subject",9
"continue",8
"nationalism",8
"shennan",8
"barry",8
"ideologies",8
"dc",8
"discusses",8
"order",8
"ancestors",8
"do",8
"vast",8
"discussion",8
"complexity",8
"east",8
"entire",8
"adoption",8
"hamerow",8
"find",8
"influence",8
"his",8
"developed",8
"researchers",8
"domination",8
"smith",8
"style",8
"standard",8
"almqvist",8
"proceedings",8
"combined",8
"categories",8
"deities",8
"major",8
"english",8
"blackwell",8
"nordic",8
"since",8
"danebury",8
"bog",8
"elsewhere",8
"archeological",8
"stockholm",8
"milcent",8
"south",8
"critical",8
"towns",8
"lund",8
"fact",8
"treatment",8
"paris",8
"norwegian",8
"historic",8
"alternative",8
"fabech",8
"village",8
"functions",8
"economies",8
"thus",8
"houses",8
"castro",8
"organized",8
"jersey",8
"thurston",8
"almost",8
"shifting",8
"shifts",8
"characterized",8
"suggests",8
"washington",8
"offered",8
"created",7
"distinct",7
"performance",7
"bender",7
"suggested",7
"record",7
"network",7
"invisible",7
"describe",7
"thought",7
"archaeologically",7
"incorporation",7
"purposes",7
"farm",7
"today",7
"wilson",7
"incorporated",7
"extant",7
"weapons",7
"inscriptions",7
"explored",7
"multiple",7
"assumed",7
"concerned",7
"controlled",7
"sherratt",7
"either",7
"leading",7
"gibson",7
"due",7
"relatively",7
"unit",7
"celticity",7
"proposed",7
"argued",7
"appear",7
"viewed",7
"bc",7
"us",7
"oestigaard",7
"accepted",7
"clear",7
"blanton",7
"agricultural",7
"derks",7
"deposition",7
"molinos",7
"conceptualized",7
"sphere",7
"philadelphia",7
"norse",7
"population",7
"special",7
"iconography",7
"result",7
"method",7
"sicily",7
"parkes",7
"likely",7
"heritage",7
"end",7
"archACologique",7
"meanings",7
"james",7
"birkhan",7
"began",7
"continental",7
"barth",7
"middle",7
"paradigm",7
"gerritsen",7
"chicago",7
"common",7
"hAcrdh",7
"kohl",7
"dynamics",7
"household",7
"back",7
"german",7
"keay",7
"events",7
"term",7
"shamanism",7
"surrounding",7
"vix",7
"limited",7
"kluwer",7
"soon",7
"den",7
"ethnographic",7
"mound",7
"substantially",7
"previously",7
"relation",7
"frankenstein",7
"primarily",7
"force",7
"volumes",7
"why",7
"fernA!ndez",7
"must",7
"known",7
"embodiment",7
"transition",7
"phenomenon",7
"salt",7
"shrines",6
"becoming",6
"additionally",6
"revision",6
"came",6
"taken",6
"recognized",6
"supernatural",6
"represented",6
"direct",6
"colonialism",6
"familiar",6
"powerful",6
"norway",6
"traditionally",6
"equally",6
"symbols",6
"near",6
"older",6
"northwest",6
"encounters",6
"annual",6
"mists",6
"oswald",6
"volume",6
"walled",6
"britons",6
"chiefdom",6
"polities",6
"parallel",6
"probably",6
"relationship",6
"itself",6
"berger",6
"following",6
"writing",6
"formation",6
"grant",6
"views",6
"edge",6
"something",6
"keltoi",6
"experience",6
"emerged",6
"sestieri",6
"rich",6
"survey",6
"rethinking",6
"possible",6
"roymans",6
"developments",6
"A ",6
"certain",6
"Ac",6
"depositions",6
"metal",6
"lived",6
"colonies",6
"generalizing",6
"feasts",6
"addition",6
"coinage",6
"pennsylvania",6
"locales",6
"reflected",6
"spread",6
"typically",6
"mainly",6
"examines",6
"continued",6
"involving",6
"artifact",6
"natural",6
"global",6
"kin",6
"slavs",6
"images",6
"entities",6
"pitts",6
"evolution",6
"fosterage",6
"dd",6
"nash",6
"cases",6
"neighboring",6
"links",6
"image",6
"fagan",6
"agendas",6
"syncretism",6
"applied",6
"newly",6
"saw",6
"light",6
"two",6
"rise",6
"examples",6
"significant",6
"soldiers",6
"held",6
"thrane",6
"relative",6
"harke",6
"transformations",6
"sievers",6
"better",6
"carefully",6
"sea",6
"question",6
"quest",6
"specialists",6
"gudme",6
"northwestern",6
"scandinavian",6
"corporate",6
"renfrew",6
"issue",6
"bones",6
"reflecting",6
"cohen",6
"support",6
"descriptive",6
"gebhard",6
"memory",6
"warriors",6
"provincial",6
"del",6
"significantly",6
"personal",6
"manching",6
"glasgow",6
"williams",6
"academy",6
"slaves",6
"skeletal",6
"finally",6
"three",6
"men",6
"amber",6
"harding",6
"independent",6
"jensen",6
"mounds",6
"venclova",6
"share",6
"thompson",6
"rural",6
"baringo",6
"given",6
"introduced",6
"republic",6
"perception",6
"linguistic",5
"portugal",5
"discuss",5
"diversity",5
"collapse",5
"unity",5
"provinces",5
"linked",5
"questioned",5
"galaty",5
"mist",5
"archaeologia",5
"approached",5
"imports",5
"horizon",5
"assembly",5
"burmeister",5
"theorizing",5
"bogucki",5
"celtes",5
"profane",5
"hamilton",5
"netherlands",5
"maintenance",5
"foreign",5
"ideology",5
"examine",5
"weaponry",5
"very",5
"u",5
"merely",5
"assumptions",5
"coins",5
"until",5
"whitley",5
"consumption",5
"utility",5
"reasons",5
"existence",5
"wien",5
"labor",5
"copenhagen",5
"cultic",5
"fulford",5
"main",5
"active",5
"von",5
"peasant",5
"berry",5
"crabtree",5
"changed",5
"bietti",5
"results",5
"became",5
"poland",5
"indeed",5
"sex",5
"motifs",5
"anthropologist",5
"including",5
"expression",5
"dunham",5
"sacrificial",5
"face",5
"interpretive",5
"simply",5
"hypothesized",5
"established",5
"males",5
"baltic",5
"dialogues",5
"territory",5
"scottish",5
"authority",5
"completely",5
"culturally",5
"containing",5
"great",5
"murray",5
"reading",5
"germani",5
"ayA!n",5
"jutland",5
"bailey",5
"essay",5
"compared",5
"newer",5
"poor",5
"view",5
"viking",5
"materiality",5
"focused",5
"hierarchies",5
"line",5
"knA?sel",5
"childe",5
"discussions",5
"good",5
"finds",5
"expansion",5
"make",5
"single",5
"funerary",5
"external",5
"drinking",5
"ecology",5
"creating",5
"seeking",5
"worlds",5
"earliest",5
"druids",5
"extensive",5
"physical",5
"works",5
"according",5
"making",5
"accounts",5
"sharpies",5
"influenced",5
"eliade",5
"should",5
"does",5
"revisionist",5
"kinds",5
"stone",5
"analyses",5
"take",5
"somewhat",5
"throughout",5
"danube",5
"kind",5
"elements",5
"robb",5
"look",5
"without",5
"offering",5
"discoveries",5
"category",5
"urbanization",5
"however",5
"huge",5
"having",5
"whole",5
"excavated",5
"up",5
"uppAckra",5
"tacitus",5
"myth",5
"joyce",5
"french",5
"poole",5
"appeared",5
"examination",5
"points",5
"tribal",5
"provides",5
"greece",5
"increasing",5
"inspired",5
"rite",5
"geographic",5
"ever",5
"temporal",5
"languages",5
"paper",5
"millett",5
"queiroga",5
"integrated",5
"socially",5
"conquered",5
"attempted",5
"carr",5
"formed",4
"spirit",4
"lower",4
"creation",4
"ii",4
"vilnius",4
"origin",4
"chiefdoms",4
"feinman",4
"exchanges",4
"resources",4
"conkey",4
"framework",4
"moesgAcrd",4
"eras",4
"lavendhomme",4
"response",4
"storage",4
"ny",4
"textually",4
"archaic",4
"uppdkra",4
"notion",4
"empires",4
"bogs",4
"river",4
"kipp",4
"kaestle",4
"baits",4
"whom",4
"appearance",4
"akademie",4
"scythians",4
"princely",4
"hungary",4
"whitehead",4
"field",4
"contrast",4
"interacting",4
"spanish",4
"germania",4
"value",4
"populations",4
"manifest",4
"movement",4
"inhabited",4
"structural",4
"gent",4
"note",4
"afterlife",4
"larger",4
"everything",4
"hamilakis",4
"doubt",4
"strategies",4
"top",4
"rejected",4
"gaulois",4
"written",4
"article",4
"nazi",4
"widespread",4
"veen",4
"expectations",4
"growing",4
"continues",4
"concerns",4
"latvia",4
"constructions",4
"homme",4
"differed",4
"leaving",4
"contain",4
"conference",4
"african",4
"varied",4
"come",4
"intercultural",4
"basin",4
"difference",4
"genders",4
"numerous",4
"funari",4
"unified",4
"levy",4
"defined",4
"izzet",4
"multifaceted",4
"pots",4
"gundestrup",4
"vila",4
"mont",4
"principles",4
"lillehammer",4
"styles",4
"histoire",4
"move",4
"undergone",4
"magic",4
"prehistoria",4
"ferguson",4
"adopted",4
"acta",4
"civilization",4
"britannia",4
"enabled",4
"scales",4
"distant",4
"supposed",4
"peasants",4
"weak",4
"show",4
"decades",4
"raw",4
"moving",4
"locals",4
"gauls",4
"traits",4
"buried",4
"gallic",4
"symbolism",4
"records",4
"actually",4
"call",4
"towards",4
"earth",4
"preliminary",4
"actions",4
"reinterpreted",4
"knapp",4
"hilltop",4
"lack",4
"secular",4
"stoodley",4
"native",4
"ageing",4
"siegmund",4
"reality",4
"interpret",4
"high",4
"maison",4
"aegean",4
"horse",4
"grain",4
"embodied",4
"dealing",4
"lines",4
"romanisation",4
"ideological",4
"edinburgh",4
"studying",4
"proposing",4
"level",4
"marquardt",4
"die",4
"understandings",4
"structuring",4
"enclosed",4
"valley",4
"gold",4
"difficult",4
"decentralized",4
"polish",4
"stylistic",4
"facade",4
"wissenschaften",4
"rhine",4
"inequality",4
"audouze",4
"certainly",4
"broadly",4
"similarities",4
"sophisticated",4
"victims",4
"cited",4
"ridderspore",4
"price",4
"underlying",4
"ellis",4
"drawn",4
"leadership",4
"reimA?o",4
"opposed",4
"identification",4
"kniisel",4
"lives",4
"consciousness",4
"liberally",4
"reexamined",4
"annales",4
"produced",4
"spheres",4
"odense",4
"queer",4
"interregional",4
"differing",4
"impossible",4
"brown",4
"examined",4
"unwin",4
"babic",4
"experienced",4
"gaule",4
"formal",4
"findings",4
"trend",4
"saitta",4
"overcome",4
"southwest",4
"maier",4
"trabajos",4
"directions",4
"school",4
"believed",4
"metaphor",4
"biography",4
"quickly",4
"cauldron",4
"cemetery",4
"hyman",4
"phenomena",4
"larsen",4
"representation",4
"protohistoric",4
"jochens",4
"parallels",4
"leiden",4
"mccarthy",4
"ironage",4
"beuvray",4
"close",4
"phoenicians",4
"descriptions",4
"swedish",4
"together",4
"richards",4
"solli",4
"sidrys",4
"america",4
"hawkes",4
"taking",4
"excavations",4
"items",4
"uniformly",4
"third",4
"alliances",4
"hannestad",4
"crawford",4
"bourges",4
"cult",4
"piccini",4
"plenum",4
"myths",4
"uses",4
"included",4
"lorrio",4
"because",4
"imagined",4
"sense",4
"suggest",4
"oppidum",4
"appropriate",4
"processual",4
"action",4
"frank",4
"selective",4
"home",4
"patterning",4
"considers",4
"ringtved",4
"longer",4
"temples",4
"discussed",4
"gunder",4
"tilley",4
"encounter",4
"imbued",4
"viereckschanzen",4
"edited",4
"course",4
"black",4
"craft",4
"fitzjohn",4
"transformed",4
"detailed",4
"millennia",4
"fertility",4
"milieu",4
"best",4
"manley",4
"scholarly",4
"unique",4
"voor",4
"references",4
"woodward",4
"presented",4
"need",4
"practiced",4
"tribes",4
"speakers",3
"residences",3
"wigley",3
"necessarily",3
"unlike",3
"donau",3
"curta",3
"originally",3
"implications",3
"vegetation",3
"watkinson",3
"emphasized",3
"influences",3
"bohemia",3
"cherry",3
"money",3
"ross",3
"chiefs",3
"dependence",3
"explained",3
"facts",3
"materially",3
"bennett",3
"mechanism",3
"boenke",3
"americans",3
"town",3
"generations",3
"presentation",3
"scattered",3
"front",3
"presumably",3
"olivier",3
"indications",3
"modeled",3
"explain",3
"scaife",3
"shamanistic",3
"cores",3
"im",3
"metalworking",3
"cannot",3
"blake",3
"los",3
"egalitarian",3
"pratiques",3
"legacy",3
"describing",3
"politically",3
"bevan",3
"encompassing",3
"telling",3
"visible",3
"threatened",3
"situation",3
"misuse",3
"ethnographers",3
"assimilation",3
"projects",3
"suggesting",3
"banks",3
"honor",3
"took",3
"tales",3
"violent",3
"craig",3
"critiqued",3
"peripheral",3
"function",3
"sA?derberg",3
"lie",3
"ornaments",3
"ethnographically",3
"funen",3
"anatomy",3
"carried",3
"therkorn",3
"fairly",3
"trait",3
"strongly",3
"arts",3
"blood",3
"kings",3
"thinking",3
"blanco",3
"complexes",3
"odin",3
"shamans",3
"hospitality",3
"eighth",3
"expanding",3
"venclovA!",3
"presence",3
"particularly",3
"naples",3
"och",3
"problem",3
"alcohol",3
"emergent",3
"vasks",3
"arguments",3
"budapest",3
"roots",3
"ignored",3
"nonelite",3
"stratification",3
"land",3
"excarnation",3
"lunds",3
"integration",3
"impacted",3
"witoczek",3
"archaeologica",3
"exclusively",3
"indicating",3
"europACen",3
"verger",3
"arhus",3
"names",3
"market",3
"identify",3
"reassessment",3
"strictly",3
"stretches",3
"philological",3
"assertions",3
"eurasia",3
"rowley",3
"preroman",3
"point",3
"representing",3
"natives",3
"zeitschrift",3
"component",3
"contributors",3
"industrial",3
"turn",3
"displays",3
"subjects",3
"differently",3
"attested",3
"communication",3
"bilde",3
"purely",3
"lucy",3
"warlord",3
"communism",3
"mcevoy",3
"institutionalized",3
"reinterpretation",3
"understand",3
"consider",3
"specialization",3
"sofaer",3
"finding",3
"orientation",3
"surface",3
"andreu",3
"followed",3
"grau",3
"terminology",3
"dominant",3
"strategy",3
"trajectories",3
"avant",3
"roesdahl",3
"closely",3
"antiquaries",3
"location",3
"martinez",3
"celticists",3
"transactions",3
"ceramics",3
"directly",3
"scope",3
"brA?ck",3
"feast",3
"trends",3
"commerce",3
"working",3
"nielsen",3
"mixing",3
"lambot",3
"gillespie",3
"ullen",3
"rhone",3
"arrangement",3
"provide",3
"phoenician",3
"warlike",3
"antiquarian",3
"seeing",3
"blain",3
"watson",3
"picture",3
"disciplinary",3
"again",3
"whitehouse",3
"developing",3
"relevant",3
"factor",3
"degree",3
"processualist",3
"mays",3
"comprise",3
"sacrifices",3
"farming",3
"sixth",3
"increase",3
"contacts",3
"assumption",3
"sees",3
"dating",3
"stress",3
"castros",3
"peer",3
"trying",3
"assessing",3
"species",3
"peers",3
"assert",3
"figure",3
"outsiders",3
"urnfield",3
"originated",3
"uppakra",3
"organizational",3
"set",3
"corporeality",3
"ergi",3
"incorporating",3
"unknown",3
"newman",3
"just",3
"advances",3
"temporally",3
"dismembered",3
"revista",3
"vessels",3
"actively",3
"hierarchic",3
"define",3
"presenting",3
"surveys",3
"famous",3
"biskupin",3
"constitutes",3
"vocabulary",3
"horizontal",3
"simple",3
"invigorated",3
"wessex",3
"homelands",3
"reproduction",3
"subsequent",3
"celtomania",3
"gifts",3
"worldwide",3
"incorporate",3
"richard",3
"combination",3
"genetic",3
"ritualization",3
"neighbors",3
"encyclopedia",3
"realization",3
"siA?cle",3
"nor",3
"defensive",3
"factions",3
"online",3
"whose",3
"district",3
"debated",3
"mozota",3
"boyle",3
"locally",3
"fortifications",3
"gowland",3
"gero",3
"notions",3
"buffalo",3
"globalization",3
"reflections",3
"pantheon",3
"expressed",3
"begun",3
"sedentary",3
"zone",3
"fourth",3
"wales",3
"navarro",3
"actors",3
"irish",3
"revealed",3
"fit",3
"below",3
"selinsky",3
"theoretically",3
"provided",3
"will",3
"battle",3
"variety",3
"impacts",3
"short",3
"gift",3
"wicker",3
"southeast",3
"criticism",3
"bintliff",3
"alongside",3
"array",3
"acknowledging",3
"reports",3
"simA3n",3
"hellenization",3
"pointed",3
"demographic",3
"broeke",3
"endless",3
"diverse",3
"analyzed",3
"link",3
"sastre",3
"architectural",3
"sanctuaries",3
"supernaturais",3
"ecological",3
"gilmour",3
"bound",3
"markers",3
"vasic",3
"stratified",3
"meant",3
"abandonment",3
"abgs",3
"estonian",3
"foundation",3
"explanations",3
"heads",3
"diaz",3
"utilitarian",3
"commodities",3
"promoted",3
"guichard",3
"youth",3
"sharing",3
"broader",3
"southeastern",3
"miller",3
"child",3
"revue",3
"A?sterreichische",3
"replaced",3
"true",3
"ostensibly",3
"gamble",3
"carroll",3
"territorial",3
"annals",3
"marco",3
"archaeolingua",3
"humans",3
"seems",3
"editions",3
"definition",3
"shaped",3
"macdevitt",3
"primitive",3
"el",3
"historians",3
"continuum",3
"addresses",3
"bell",3
"celtiberians",3
"differential",3
"cemeteries",3
"gendered",3
"theorists",3
"overly",3
"grew",3
"lloyd",3
"contributions",3
"haussier",3
"tempus",3
"mira",3
"organisation",3
"og",3
"balkan",3
"dependency",3
"conflicts",3
"kenya",3
"lead",3
"access",3
"mapping",3
"deal",3
"armit",3
"giddens",3
"relate",3
"embedded",3
"franA?aise",3
"placed",3
"produce",3
"shape",3
"errance",3
"emphasis",3
"music",3
"druidic",3
"burillo",3
"attributed",3
"vida",3
"indicators",3
"strongholds",3
"valuable",3
"hegemony",3
"indicates",3
"universitet",3
"seemingly",3
"acculturation",3
"pred",3
"corpus",3
"chronology",3
"challenged",3
"neither",3
"wallis",3
"critiques",3
"engaged",3
"performances",3
"gordion",3
"manner",3
"necessary",3
"colony",3
"distance",3
"propitiation",3
"outgrowth",3
"durkheim",3
"private",3
"compendia",3
"wailes",3
"distinctly",3
"entirely",3
"dominated",3
"hA$gerstrand",3
"ilkjaer",3
"etruscans",3
"balkans",3
"referred",3
"archeologie",3
"hope",3
"forest",3
"addressed",3
"kamp",3
"ralph",3
"benefit",3
"ramos",3
"celtiques",3
"osborne",3
"content",3
"reappraisal",3
"receptors",3
"antique",3
"named",3
"gilchrist",3
"cognitive",3
"stroud",3
"mainz",3
"cook",3
"seek",3
"bergquist",2
"moreno",2
"merovingian",2
"chthonic",2
"enclosing",2
"center",2
"comprised",2
"om",2
"continent",2
"glean",2
"fra",2
"greater",2
"acceptance",2
"equated",2
"cornell",2
"exceptions",2
"princeton",2
"celtique",2
"inhibited",2
"gap",2
"every",2
"adopt",2
"cavers",2
"elusive",2
"lillios",2
"heirlooms",2
"assess",2
"bA?chsenschutz",2
"ancestry",2
"nm",2
"zu",2
"signs",2
"fouilles",2
"treatments",2
"tarlow",2
"empty",2
"takes",2
"depending",2
"reassessed",2
"effros",2
"sought",2
"mass",2
"disseminated",2
"presentist",2
"goody",2
"glyfer",2
"archaeobotany",2
"schwartzman",2
"obvious",2
"isle",2
"cobbled",2
"mACniel",2
"phase",2
"chapters",2
"stjernquist",2
"genin",2
"invaders",2
"characteristic",2
"burgers",2
"profound",2
"ithaca",2
"compare",2
"overarching",2
"decapitated",2
"archaeologist",2
"spoils",2
"crummy",2
"precapitalist",2
"cooperative",2
"simultaneously",2
"sociACtAC",2
"etudes",2
"soviet",2
"megalithic",2
"centralization",2
"subsistence",2
"strange",2
"reassess",2
"absorbed",2
"fantasy",2
"suppression",2
"praise",2
"conceptualization",2
"possibly",2
"physically",2
"emergence",2
"reexamination",2
"graudonis",2
"occupied",2
"facing",2
"dobratz",2
"ranges",2
"piotrowska",2
"mckay",2
"mesoamerican",2
"osgood",2
"captured",2
"compostela",2
"passionate",2
"czech",2
"midlands",2
"ranking",2
"undeniable",2
"posited",2
"hinterland",2
"circular",2
"youths",2
"taught",2
"villanovan",2
"briefly",2
"none",2
"basis",2
"formerly",2
"rum",2
"dog",2
"apparent",2
"confirms",2
"knight",2
"ofgudme",2
"puhvel",2
"overviews",2
"gonzA!lez",2
"whither",2
"minds",2
"wallerstein",2
"caused",2
"ago",2
"buildings",2
"discourse",2
"family",2
"Acrhus",2
"calling",2
"da",2
"cycle",2
"subsequently",2
"film",2
"furnished",2
"schmidt",2
"located",2
"wait",2
"brief",2
"object",2
"oppressed",2
"modes",2
"spate",2
"surveyed",2
"communications",2
"forts",2
"rubric",2
"midlife",2
"koch",2
"sociological",2
"subset",2
"lenntorp",2
"collectively",2
"rubbish",2
"dna",2
"ladomersky",2
"department",2
"sector",2
"hallmark",2
"maA?ana",2
"centralizing",2
"mark",2
"domains",2
"tremendous",2
"unifying",2
"ceramic",2
"marker",2
"consideration",2
"occurrence",2
"seasonality",2
"bourdieu",2
"agree",2
"als",2
"prent",2
"fragments",2
"rindel",2
"ground",2
"innovative",2
"continuing",2
"stAclbom",2
"syncretic",2
"technologies",2
"investigated",2
"background",2
"discovery",2
"range",2
"helps",2
"salamanca",2
"lake",2
"brochs",2
"eligible",2
"protohistorique",2
"okun",2
"previous",2
"students",2
"derevenski",2
"thracian",2
"vedru",2
"dobrzanska",2
"spearheads",2
"faces",2
"distinction",2
"preservation",2
"thomas",2
"margin",2
"eyes",2
"geographers",2
"capitalism",2
"slightly",2
"classified",2
"gills",2
"publishing",2
"she",2
"usually",2
"wrigglesworth",2
"tangherlini",2
"gleason",2
"finnish",2
"collections",2
"yale",2
"regularly",2
"matters",2
"quantitative",2
"proof",2
"ayala",2
"ve",2
"gamito",2
"constituted",2
"kolb",2
"know",2
"introducing",2
"wozniak",2
"contained",2
"vulan",2
"wagner",2
"contradictory",2
"tortosa",2
"steppe",2
"romero",2
"alcock",2
"daverio",2
"rose",2
"correlates",2
"divide",2
"infant",2
"ill",2
"uniform",2
"altogether",2
"hofeneder",2
"lies",2
"step",2
"copper",2
"unitary",2
"salinas",2
"coming",2
"frontiers",2
"julius",2
"z",2
"zum",2
"freire",2
"effects",2
"measured",2
"increased",2
"mazurana",2
"oversimplifying",2
"morse",2
"studii",2
"sopeA?a",2
"uk",2
"here",2
"danielsson",2
"shkala",2
"countryside",2
"gis",2
"oriented",2
"fortified",2
"furs",2
"till",2
"ethnicities",2
"evans",2
"adoptive",2
"toms",2
"sedgwick",2
"interpretative",2
"chief",2
"roanne",2
"anything",2
"ausgrabungen",2
"explaining",2
"lundensia",2
"contingent",2
"kuna",2
"exotic",2
"characterizing",2
"court",2
"palatial",2
"delattre",2
"reinterpret",2
"improved",2
"shepherd",2
"reserved",2
"contents",2
"nomadic",2
"A?ber",2
"parzinger",2
"epstein",2
"king",2
"av",2
"account",2
"vol",2
"treherne",2
"mutual",2
"munch",2
"apart",2
"except",2
"himself",2
"commensality",2
"towers",2
"presentisi",2
"dean",2
"unchanged",2
"clarity",2
"deceased",2
"adult",2
"sociopolitics",2
"illerup",2
"legitimation",2
"poleska",2
"retheorized",2
"lasted",2
"supplement",2
"reinterpretations",2
"hodges",2
"votives",2
"means",2
"wagon",2
"mccartney",2
"alps",2
"edition",2
"stonehenge",2
"actes",2
"isolation",2
"mulville",2
"alberro",2
"acy",2
"aitchison",2
"jealously",2
"typical",2
"reply",2
"dowson",2
"luxury",2
"accompany",2
"artefact",2
"donner",2
"jarl",2
"fusion",2
"equal",2
"momigliano",2
"reviews",2
"fotiadis",2
"universidad",2
"package",2
"depictions",2
"possibility",2
"future",2
"narratives",2
"ditches",2
"vote",2
"simms",2
"tombs",2
"conceptualizations",2
"kA?hler",2
"lingering",2
"staaf",2
"bishop",2
"gear",2
"sutton",2
"challenging",2
"preceded",2
"cabrera",2
"useful",2
"reliable",2
"routes",2
"components",2
"goldhahn",2
"jimACnez",2
"paisaje",2
"methodological",2
"always",2
"batavian",2
"hayden",2
"estates",2
"nations",2
"void",2
"pittock",2
"integrating",2
"portion",2
"angelis",2
"detected",2
"batsford",2
"imagery",2
"synthesis",2
"overall",2
"horses",2
"above",2
"sayers",2
"strategic",2
"dismemberment",2
"opportunities",2
"perceived",2
"dyson",2
"mullin",2
"heterarchic",2
"wright",2
"increasingly",2
"praxis",2
"bloomsbury",2
"ase",2
"oral",2
"name",2
"paul",2
"oslo",2
"thirsty",2
"ibena",2
"rejects",2
"rock",2
"water",2
"burgundy",2
"efforts",2
"generational",2
"creeping",2
"match",2
"wine",2
"urbanized",2
"council",2
"norms",2
"belief",2
"hulthACn",2
"kurchin",2
"entity",2
"original",2
"phenomenological",2
"chieftain",2
"reversed",2
"upon",2
"maritime",2
"giles",2
"vach",2
"manifestations",2
"cooked",2
"ceremonies",2
"health",2
"symposium",2
"played",2
"keene",2
"anyone",2
"repeated",2
"ACtude",2
"exactly",2
"enemies",2
"ethnohistory",2
"haven",2
"convincingly",2
"thackeray",2
"worldview",2
"wenke",2
"circle",2
"minorities",2
"upham",2
"dispatch",2
"balcanica",2
"effectively",2
"visual",2
"methods",2
"axes",2
"continually",2
"fe",2
"fall",2
"gonzalez",2
"comaroff",2
"grimm",2
"suggestions",2
"shadow",2
"brunet",2
"elected",2
"cunlijfe",2
"civilizations",2
"supported",2
"creighton",2
"equipment",2
"corney",2
"integrative",2
"berkeley",2
"rios",2
"deconstructed",2
"antiquarians",2
"alexander",2
"agglomeration",2
"propaganda",2
"provoke",2
"harvest",2
"privileged",2
"tracts",2
"gimbutas",2
"bartel",2
"ruffier",2
"kelten",2
"adaptation",2
"discourses",2
"information",2
"nj",2
"outline",2
"presumed",2
"reported",2
"baltica",2
"homosexuality",2
"think",2
"berghahn",2
"kimes",2
"multiethnic",2
"armstrong",2
"attractors",2
"cauldrons",2
"asked",2
"rausing",2
"intergroup",2
"intentional",2
"scholarship",2
"aisne",2
"contrasting",2
"neustupny",2
"supplementary",2
"abandoned",2
"immediately",2
"conventions",2
"ahlbA$ck",2
"race",2
"historiographie",2
"resulted",2
"college",2
"resisting",2
"fragmented",2
"notably",2
"strA?m",2
"engendering",2
"historiska",2
"decade",2
"position",2
"dolukhanov",2
"freeman",2
"test",2
"invention",2
"specifically",2
"loire",2
"fer",2
"biehl",2
"compounds",2
"lindow",2
"integrate",2
"slovakia",2
"raised",2
"discipline",2
"sacral",2
"akin",2
"payne",2
"recorded",2
"tie",2
"stretched",2
"key",2
"mythology",2
"marked",2
"augier",2
"princess",2
"alter",2
"ortner",2
"sA!nchez",2
"dynamic",2
"valdes",2
"solberg",2
"sanchez",2
"exist",2
"walnut",2
"includes",2
"totalitarian",2
"hanks",2
"prague",2
"kurgan",2
"bone",2
"witt",2
"forced",2
"ct",2
"wholly",2
"continuous",2
"unresolved",2
"krakow",2
"cremation",2
"villas",2
"determining",2
"importance",2
"eriksen",2
"methuen",2
"proving",2
"pluciennik",2
"arqueologA-a",2
"hierro",2
"erroneous",2
"torques",2
"fluid",2
"explanatory",2
"identifying",2
"guldgubbar",2
"encoding",2
"mercenaries",2
"noting",2
"though",2
"adna",2
"appearing",2
"conferences",2
"superior",2
"symbolically",2
"problemer",2
"alt",2
"kaul",2
"judiciary",2
"teanu",2
"pliny",2
"competing",2
"keeley",2
"inferences",2
"relevance",2
"skythai",2
"stylegar",2
"lanham",2
"folklore",2
"fieldwork",2
"visions",2
"urn",2
"polity",2
"leighton",2
"flouest",2
"questionable",2
"unexpected",2
"holes",2
"trading",2
"imposition",2
"thomsen",2
"consensus",2
"accomplished",2
"pare",2
"cool",2
"industry",2
"breaking",2
"manchester",2
"arkeologiska",2
"teutoburg",2
"ot",2
"describes",2
"beverages",2
"celtiberian",2
"uncommon",2
"numismatics",2
"nation",2
"classicists",2
"incorrect",2
"labeled",2
"storgaard",2
"zoffmann",2
"biological",2
"hellenistic",2
"competition",2
"elaboration",2
"rules",2
"detectable",2
"indigenously",2
"freestanding",2
"boundary",2
"participants",2
"constitute",2
"vorbericht",2
"functioned",2
"interpretatio",2
"celtoscepticism",2
"museums",2
"law",2
"decoration",2
"hearths",2
"communal",2
"naive",2
"agrarian",2
"cumulative",2
"attempting",2
"doors",2
"aquitania",2
"celtica",2
"ceremonials",2
"seidr",2
"conclusions",2
"hampshire",2
"remarkable",2
"tasic",2
"skewing",2
"coexisted",2
"speakman",2
"rodumna",2
"dissimilar",2
"enormous",2
"ironworking",2
"rare",2
"watt",2
"aesthetic",2
"deemed",2
"california",2
"ties",2
"guadalquivir",2
"gerriets",2
"significance",2
"divisions",2
"helgesson",2
"housed",2
"unintentionally",2
"persistence",2
"lithuanian",2
"believing",2
"courtyard",2
"correction",2
"garcia",2
"dismissive",2
"institution",2
"anatolia",2
"theorize",2
"allison",2
"hague",2
"fear",2
"santiago",2
"inside",2
"gillings",2
"universitets",2
"un",2
"ordering",2
"contribution",2
"dans",2
"existed",2
"emerging",2
"unusual",2
"allinger",2
"nordisk",2
"colburn",2
"forgetting",2
"austria",2
"md",2
"rituels",2
"text",2
"earle",2
"drew",2
"specialized",2
"innovations",2
"toilet",2
"ubiquitous",2
"down",2
"argue",2
"theodossiev",2
"report",2
"kazakevicius",2
"infer",2
"audience",2
"build",2
"cities",2
"examining",2
"pit",2
"las",2
"placing",2
"spatial",2
"implicit",2
"yielded",2
"pontecagnano",2
"nearby",2
"nautical",2
"jonuks",2
"carpathian",2
"collet",2
"autocratic",2
"marking",2
"karlsson",2
"carman",2
"nordbladh",2
"tried",2
"disciplines",2
"creative",2
"au",2
"contextuality",2
"reconsiderations",2
"commercial",2
"solely",2
"stilborg",2
"magnate",2
"burnt",2
"ethnocentrism",2
"andreeff",2
"porsmose",2
"functionalist",2
"boyden",2
"modeling",2
"removed",2
"pradzynski",2
"tavistock",2
"import",2
"valuation",2
"archA$ologische",2
"duckworth",2
"currently",2
"convergence",2
"fiction",2
"madsen",2
"nato",2
"discover",2
"birmingham",2
"mankind",2
"asserted",2
"sudden",2
"dandoy",2
"osteological",2
"holding",2
"lightfoot",2
"celticist",2
"source",2
"hispania",2
"gruyter",2
"romance",2
"revisited",2
"distinguishing",2
"attempt",2
"advanced",2
"heated",2
"interwoven",2
"secondary",2
"deposed",2
"normative",2
"follows",2
"able",2
"closer",2
"bauman",2
"evolving",2
"grupe",2
"untitled",2
"johns",2
"gA?teborgs",2
"morgenroth",2
"menez",2
"italian",2
"burning",2
"mystique",2
"magnusson",2
"lundeborg",2
"say",2
"x",2
"establishment",2
"correlation",2
"analyzing",2
"masks",2
"surplus",2
"aranda",2
"hypothesizes",2
"quality",2
"sociale",2
"ability",2
"application",2
"metalwork",2
"theorized",2
"rooted",2
"extensively",2
"self",2
"turned",2
"slave",2
"young",2
"diffusionism",2
"racialist",2
"apparently",2
"iberians",2
"paralleling",2
"walls",2
"garwood",2
"nexuses",2
"aggressive",2
"remote",2
"levine",2
"entre",2
"vandkilde",2
"creek",2
"selected",2
"lay",2
"read",2
"factors",2
"lesley",2
"processional",2
"technology",2
"reified",2
"traces",2
"instrument",2
"quarters",2
"upper",2
"beaker",2
"okihiro",2
"defeat",2
"shed",2
"tringham",2
"shifted",2
"helped",2
"syntheses",2
"calgary",2
"constitution",2
"behaviour",2
"royal",2
"legislative",2
"ethnography",2
"wilkes",2
"brill",2
"dyer",2
"sword",2
"singing",2
"schneider",2
"suffered",2
"networks",2
"wide",2
"negotiated",2
"firstbrook",2
"expressions",2
"unequal",2
"archACologie",2
"edad",2
"explains",2
"dozens",2
"overview",2
"riders",2
"hallein",2
"forces",2
"southerly",2
"responses",2
"shilling",2
"television",2
"reaches",2
"event",2
"involved",2
"wider",2
"coast",2
"religieuses",2
"dedicated",2
"infanticide",2
"passive",2
"geschlecht",2
"archaeooress",2
"potrebica",2
"equality",2
"scientific",2
"linden",2
"return",2
"constraints",2
"reduce",2
"archACologue",2
"experiences",2
"contra",2
"direction",2
"vie",2
"represents",2
"cruithne",2
"baxter",2
"cahiers",2
"babiA?ski",2
"alien",2
"innate",2
"possamai",2
"drink",2
"strontium",2
"incorporates",2
"erdA?si",2
"encompassed",2
"bowden",2
"gA?teborg",2
"zenon",2
"becker",2
"sanden",2
"archaeobotanical",2
"dommasnes",2
"sindbaek",2
"stance",2
"interpreting",2
"polona",2
"redman",2
"coherent",2
"schechner",2
"assemblages",2
"values",2
"ethnology",2
"empirical",2
"asian",2
"waste",2
"sold",2
"sequence",2
"aside",2
"victory",2
"tattooing",2
"statues",2
"unwalled",2
"reuse",2
"behind",2
"coercive",2
"archaeometry",2
"narrow",2
"funACraires",2
"otherworld",2
"parameters",2
"workshop",2
"impressed",2
"tendency",2
"anglophone",2
"widely",2
"decolonization",2
"poblamiento",2
"cariile",2
"contraction",2
"arqueologia",2
"bulletin",2
"bakels",2
"recognize",2
"linking",2
"united",2
"lineages",2
"commemoration",2
"investigate",2
"mcdonald",2
"constant",2
"unfree",2
"demonstrate",2
"agents",2
"gebA?hr",2
"aubet",2
"reinforced",2
"dun",2
"intellectual",2
"merriman",2
"cultura",2
"novel",2
"flowing",2
"lundqvist",2
"milk",2
"pathways",2
"remarkably",2
"particular",2
"chaotic",2
"danish",2
"disparate",2
"maintained",2
"ein",2
"smaller",2
"det",2
"rejection",2
"negotiate",2
"create",2
"matasovic",2
"processualists",2
"customs",2
"nuraehi",1
"sa",1
"frequent",1
"mimic",1
"ending",1
"wavering",1
"struggle",1
"obligations",1
"consommation",1
"lipid",1
"naquane",1
"altamira",1
"scholar",1
"tilting",1
"sACrie",1
"grappled",1
"performativity",1
"environmental",1
"revolutionary",1
"anthropozoologica",1
"gehouden",1
"busy",1
"kristof",1
"booty",1
"boca",1
"elementary",1
"skeptical",1
"commanded",1
"elderhood",1
"advised",1
"songs",1
"mute",1
"linkages",1
"comunidades",1
"rewards",1
"irritated",1
"bias",1
"narbonensis",1
"easily",1
"postprocessual",1
"cACramique",1
"evzen",1
"favor",1
"conscious",1
"boulder",1
"grove",1
"teased",1
"afghanistan",1
"michlek",1
"waxmann",1
"analecta",1
"adolescence",1
"thematic",1
"aesthetics",1
"origination",1
"sequential",1
"himmler",1
"romanian",1
"disputed",1
"hints",1
"squire",1
"arms",1
"blocs",1
"stalest",1
"transitions",1
"singleor",1
"undermine",1
"embraced",1
"blended",1
"voices",1
"statuary",1
"exclusive",1
"pomeranian",1
"give",1
"horsedrawn",1
"rush",1
"articulate",1
"lomas",1
"allow",1
"worked",1
"hacked",1
"stretch",1
"dreams",1
"official",1
"xxxvii",1
"bloomington",1
"confirmed",1
"company",1
"scheidel",1
"ministA?re",1
"onwards",1
"sachsenforschung",1
"followings",1
"devolved",1
"avec",1
"broken",1
"blown",1
"rennes",1
"featuring",1
"prestigegoods",1
"wave",1
"inherent",1
"housewife",1
"generalizations",1
"trondheim",1
"packages",1
"mediterraneanization",1
"studier",1
"mai",1
"hospitium",1
"china",1
"cereal",1
"ambiguous",1
"hostility",1
"oscillating",1
"backlash",1
"explosive",1
"apprentice",1
"proposals",1
"concealed",1
"side",1
"forum",1
"governmental",1
"advocates",1
"milwaukee",1
"bending",1
"barbarity",1
"opACration",1
"adopts",1
"guidelines",1
"draw",1
"trance",1
"asturias",1
"zur",1
"funACraire",1
"cerrig",1
"outlying",1
"withdrawal",1
"borderland",1
"characterize",1
"studi",1
"brun",1
"occurring",1
"variations",1
"consequent",1
"radical",1
"comingled",1
"dobiat",1
"engage",1
"Acge",1
"neural",1
"collection",1
"hudson",1
"avenues",1
"neutron",1
"portsmouth",1
"dying",1
"immediate",1
"njemps",1
"utter",1
"alternately",1
"ferdiA?re",1
"flog",1
"higherlevel",1
"midchAoarta",1
"highlighting",1
"eurasian",1
"denote",1
"cadiz",1
"barrier",1
"wossos",1
"basil",1
"nonstate",1
"snake",1
"floodgate",1
"spans",1
"supposes",1
"joumal",1
"mosepotter",1
"progressive",1
"initiate",1
"occasioned",1
"forensic",1
"historicity",1
"transcends",1
"refer",1
"concerning",1
"giffen",1
"holds",1
"putative",1
"biomolecular",1
"ibACrico",1
"bA?lini",1
"emigrating",1
"explore",1
"windmills",1
"pasts",1
"practically",1
"runeraires",1
"deeply",1
"messages",1
"stakeholder",1
"maleness",1
"dyke",1
"rosaring",1
"phases",1
"aristocracy",1
"divergence",1
"portland",1
"evinced",1
"manipulated",1
"geografisk",1
"monopolies",1
"biologische",1
"act",1
"patron",1
"bring",1
"rchaeology",1
"absent",1
"posits",1
"influential",1
"explicit",1
"holistic",1
"highway",1
"mean",1
"galatia",1
"copley",1
"goes",1
"barcelA3",1
"personhood",1
"schumann",1
"shrift",1
"andalusia",1
"pages",1
"enigmatic",1
"barrow",1
"scania",1
"white",1
"bibliographical",1
"unfreedom",1
"addressing",1
"A rhus",1
"perceptions",1
"romantic",1
"spreading",1
"annaler",1
"warren",1
"reconstituted",1
"recycling",1
"secs",1
"observations",1
"delgado",1
"wannabes",1
"xi",1
"einschmieren",1
"fashioned",1
"linguistics",1
"preponderance",1
"heading",1
"gloucester",1
"kealhofer",1
"polar",1
"comparisons",1
"random",1
"plates",1
"tribalization",1
"reconsideration",1
"fyn",1
"serflike",1
"drawing",1
"methodology",1
"aarts",1
"artistic",1
"lusatian",1
"mining",1
"ostentatious",1
"fejfer",1
"transmission",1
"route",1
"interdite",1
"entered",1
"impressionistic",1
"ofevzen",1
"eat",1
"archaeozoology",1
"gustaf",1
"aryan",1
"trappings",1
"cremated",1
"advertise",1
"tools",1
"fashionable",1
"embed",1
"seamus",1
"smmanhang",1
"creates",1
"paleopathology",1
"coin",1
"affair",1
"tack",1
"syria",1
"lost",1
"participation",1
"squares",1
"designation",1
"tartessian",1
"conduit",1
"priesthood",1
"responding",1
"partir",1
"comprises",1
"characterization",1
"purpose",1
"proportions",1
"studia",1
"penetrating",1
"doable",1
"realm",1
"suppliers",1
"celticism",1
"expansionist",1
"perishable",1
"fides",1
"uncharted",1
"ethnohistoric",1
"froquet",1
"somewhere",1
"biologica",1
"complemented",1
"employed",1
"occidente",1
"preparation",1
"memoirs",1
"contradictions",1
"hidden",1
"sic",1
"keltologie",1
"foci",1
"prices",1
"gateway",1
"normally",1
"bouts",1
"sson",1
"socialist",1
"excuse",1
"depositing",1
"investigaciA3n",1
"healy",1
"synthesized",1
"sharp",1
"intervals",1
"historicist",1
"het",1
"mfac",1
"aue",1
"serb",1
"swamplands",1
"brought",1
"fashions",1
"vein",1
"fully",1
"overemphasized",1
"progress",1
"cosmology",1
"necessity",1
"proper",1
"pa",1
"archA$ologischer",1
"overlordship",1
"magyar",1
"dairying",1
"normalized",1
"bott",1
"celte",1
"rest",1
"massive",1
"intermarriage",1
"geographical",1
"longue",1
"ethnien",1
"replacing",1
"recharacterized",1
"caucasus",1
"llc",1
"defended",1
"centralize",1
"sons",1
"inhabit",1
"proxy",1
"rantneon",1
"exeter",1
"onset",1
"mysterious",1
"noble",1
"catchment",1
"identified",1
"tsetskhladze",1
"separation",1
"service",1
"bis",1
"edges",1
"praeen",1
"tor",1
"surviving",1
"flag",1
"acquisitive",1
"wakerly",1
"fueled",1
"springs",1
"polizzo",1
"diirnberg",1
"campagnes",1
"uninhabited",1
"peregrine",1
"marshes",1
"makes",1
"barker",1
"happened",1
"albert",1
"cats",1
"plough",1
"receptacle",1
"heartlands",1
"inconsistencies",1
"expediency",1
"wallonne",1
"fringes",1
"orders",1
"congrA?s",1
"entoptic",1
"heathenism",1
"si",1
"intense",1
"insights",1
"parties",1
"clientship",1
"assimilated",1
"silos",1
"transatlantic",1
"payments",1
"materielles",1
"members",1
"kulturen",1
"hAckansson",1
"danubian",1
"business",1
"fin",1
"stating",1
"approaching",1
"ask",1
"outlooks",1
"residence",1
"lime",1
"emotions",1
"lengthy",1
"concubinage",1
"doorway",1
"stories",1
"preserve",1
"stimulus",1
"materialist",1
"foods",1
"advantage",1
"marseilles",1
"armonk",1
"really",1
"habitat",1
"monumentality",1
"nucleated",1
"fallen",1
"hasel",1
"golden",1
"distributions",1
"pairing",1
"characterising",1
"mACditerranACen",1
"klasies",1
"emplaced",1
"cup",1
"enough",1
"apparatuses",1
"nonhierarchic",1
"hastorf",1
"lion",1
"disorganized",1
"til",1
"peripherality",1
"poles",1
"wood",1
"ror",1
"protourban",1
"clients",1
"consumer",1
"mothers",1
"servant",1
"trajectory",1
"trader",1
"exogamy",1
"parameter",1
"ruling",1
"birds",1
"host",1
"lecture",1
"illusion",1
"complement",1
"hypotheses",1
"wellused",1
"francis",1
"dress",1
"globalizing",1
"manipulation",1
"engaging",1
"discontinuity",1
"nothing",1
"crimea",1
"fantastic",1
"billendorf",1
"sozialer",1
"improvements",1
"complicated",1
"involves",1
"low",1
"kovacik",1
"affiliative",1
"xv",1
"akademisk",1
"communicated",1
"taxonomic",1
"mead",1
"spawned",1
"foodways",1
"studie",1
"anachronistic",1
"nonurban",1
"caribbean",1
"berstan",1
"kroonvoordracht",1
"premium",1
"dry",1
"administrative",1
"magna",1
"filled",1
"bibracte",1
"proximity",1
"odontological",1
"behest",1
"wight",1
"A!r",1
"agriculturalists",1
"roleplayers",1
"textbooks",1
"constructing",1
"bureaucracies",1
"crc",1
"asi",1
"armor",1
"confusing",1
"wellpublished",1
"hassman",1
"farmstead",1
"henderson",1
"epics",1
"figures",1
"warriorcentered",1
"halland",1
"regimes",1
"iste",1
"petroglyphs",1
"vigorous",1
"stereotypes",1
"philologists",1
"observational",1
"consists",1
"iranians",1
"tests",1
"topography",1
"applications",1
"castreA?o",1
"modification",1
"me",1
"masse",1
"window",1
"pokot",1
"observaciones",1
"fornvA$nnen",1
"vision",1
"testing",1
"foster",1
"longtime",1
"vague",1
"archA$ologischen",1
"visibility",1
"mediums",1
"nexus",1
"slow",1
"disagreements",1
"trappe",1
"beheading",1
"deposit",1
"enculturation",1
"privileges",1
"overlap",1
"oddly",1
"anreiter",1
"colonnade",1
"rapidly",1
"displaying",1
"strides",1
"hierarchical",1
"olausson",1
"sage",1
"druid",1
"dedications",1
"housewives",1
"centres",1
"ozymandias",1
"scarre",1
"involuntary",1
"premier",1
"wheeled",1
"door",1
"persecution",1
"deposited",1
"sexes",1
"globalizations",1
"preamble",1
"woad",1
"senior",1
"castle",1
"konserwacja",1
"A$lteren",1
"abandon",1
"mentioned",1
"intensification",1
"ethnoarchaeology",1
"dudd",1
"htm",1
"theme",1
"protohistorie",1
"valcamonica",1
"disguise",1
"membership",1
"doi",1
"willows",1
"offers",1
"ACvolution",1
"eleusinian",1
"mis",1
"flow",1
"nouvelle",1
"guerre",1
"vA nbok",1
"seaby",1
"culturehistorically",1
"garrisons",1
"prolific",1
"extraction",1
"shrine",1
"ui",1
"capital",1
"altering",1
"administer",1
"sanctuaire",1
"wealthy",1
"southernmost",1
"intrusion",1
"fA?rster",1
"bartosiewicz",1
"stretching",1
"ndndor",1
"ar",1
"speculation",1
"nouvelles",1
"massachusetts",1
"disputes",1
"inspires",1
"elders",1
"interactive",1
"glory",1
"urheim",1
"purported",1
"born",1
"ruins",1
"oldsaksamling",1
"vijftiende",1
"investigation",1
"reign",1
"ones",1
"sociology",1
"franA?ais",1
"covers",1
"lein",1
"reiterated",1
"unnecessary",1
"tightly",1
"her",1
"saddle",1
"incised",1
"lebensraum",1
"pursued",1
"require",1
"fruitfully",1
"girls",1
"treatises",1
"resident",1
"anna",1
"oxygen",1
"cutmarks",1
"irlinger",1
"berta",1
"garbage",1
"differenzierung",1
"boston",1
"atkinson",1
"trees",1
"attached",1
"revolutions",1
"marketing",1
"courses",1
"belgium",1
"celt",1
"techniques",1
"schribner",1
"compartmentalized",1
"commissioned",1
"sheets",1
"rosengren",1
"substance",1
"ACmergence",1
"target",1
"reconstruct",1
"spindle",1
"garland",1
"fergus",1
"soils",1
"campus",1
"sonego",1
"trophies",1
"hornborg",1
"argues",1
"aprA?s",1
"aristocratic",1
"danske",1
"mode",1
"newsletter",1
"crisis",1
"lausanne",1
"arqueolA3gica",1
"immersion",1
"religiA3n",1
"enabling",1
"aida",1
"facilitates",1
"barnes",1
"kristoffersen",1
"thoughtful",1
"chambered",1
"clues",1
"northover",1
"namur",1
"sexuality",1
"darkly",1
"craddock",1
"continua",1
"madison",1
"wellington",1
"critico",1
"tablewares",1
"siege",1
"observation",1
"territories",1
"potential",1
"settle",1
"representatives",1
"questioning",1
"prospects",1
"russia",1
"morgana",1
"virgins",1
"nonhierarchical",1
"predictable",1
"rACACvaluations",1
"urns",1
"ferme",1
"preconceptions",1
"richly",1
"bearded",1
"tokyo",1
"wyszomirskawerbart",1
"sharpe",1
"triple",1
"deny",1
"limits",1
"autocratically",1
"anatolian",1
"masterfully",1
"heroic",1
"fertile",1
"productions",1
"analytic",1
"generous",1
"befund",1
"broadest",1
"separated",1
"tras",1
"discredited",1
"lofoten",1
"descriptors",1
"collision",1
"skygger",1
"tigers",1
"reflection",1
"campesinas",1
"startlingly",1
"aspA?ck",1
"anccmuis",1
"disentangling",1
"crafting",1
"ma",1
"hoenigswald",1
"med",1
"equalizing",1
"di",1
"isolationist",1
"overlook",1
"protection",1
"excavation",1
"recursive",1
"archaeotecture",1
"relisant",1
"arrhnenlneirai",1
"kel",1
"regime",1
"unite",1
"moravia",1
"eye",1
"dovetails",1
"meaningless",1
"specters",1
"gadir",1
"europeanist",1
"file",1
"round",1
"ouest",1
"defeated",1
"merowingerzeit",1
"passion",1
"hence",1
"topographic",1
"flavor",1
"pervasive",1
"jernalder",1
"constable",1
"season",1
"jackman",1
"retreat",1
"switzerland",1
"asia",1
"eckardt",1
"wooden",1
"paramount",1
"accompanied",1
"mannerisms",1
"desire",1
"turnover",1
"rhineland",1
"narrative",1
"vest",1
"substantive",1
"reveal",1
"tx",1
"dom",1
"debt",1
"fibulae",1
"gawain",1
"invoked",1
"petty",1
"verwers",1
"fACministe",1
"universal",1
"duality",1
"studio",1
"preconquest",1
"segregated",1
"subjugation",1
"cotesd",1
"panayotov",1
"cracow",1
"fortune",1
"britannic",1
"rewriting",1
"westview",1
"openings",1
"unaware",1
"hackneyed",1
"bases",1
"sexual",1
"march",1
"balmuth",1
"reminder",1
"estevez",1
"uneven",1
"replacement",1
"opened",1
"kingdoms",1
"soldier",1
"condition",1
"reaching",1
"batardy",1
"powers",1
"taxation",1
"postmodernists",1
"internet",1
"indoeuropeans",1
"interdisciplinary",1
"surrounded",1
"equipping",1
"szegediensis",1
"bowls",1
"redefining",1
"negotiation",1
"butrimus",1
"sheltered",1
"reliably",1
"complicating",1
"hroncova",1
"preoccupied",1
"lorraine",1
"regionality",1
"terra",1
"spectrum",1
"difficulties",1
"representations",1
"attest",1
"depressions",1
"regio",1
"pursuit",1
"author",1
"tiocfaidh",1
"tina",1
"domain",1
"distler",1
"vries",1
"tripartite",1
"seaman",1
"substitutions",1
"marxism",1
"interprets",1
"fealty",1
"inroad",1
"dis",1
"amended",1
"rejecting",1
"mystic",1
"praises",1
"marriage",1
"bloody",1
"hopefully",1
"panorama",1
"http",1
"channels",1
"flawed",1
"lineage",1
"guardian",1
"truly",1
"genderspezifische",1
"universitetsforlag",1
"perplexing",1
"simplistic",1
"stichting",1
"fallacies",1
"villar",1
"rfan",1
"ins",1
"altars",1
"handful",1
"poznan",1
"matriliny",1
"critics",1
"higher",1
"aim",1
"failed",1
"seventh",1
"deemphasized",1
"hero",1
"reflects",1
"revisionists",1
"carryovers",1
"aimed",1
"stressful",1
"indoeuropean",1
"picardy",1
"danmarks",1
"mA?nchen",1
"fascinating",1
"recentes",1
"infilled",1
"mechanics",1
"template",1
"mACmoires",1
"demarcating",1
"aristocratique",1
"roslund",1
"institutionalization",1
"economische",1
"sacrificed",1
"ongoing",1
"lacking",1
"feel",1
"marginal",1
"bach",1
"precious",1
"reason",1
"stand",1
"biased",1
"postmodern",1
"glasinac",1
"dichotomy",1
"shaming",1
"retained",1
"metallurgy",1
"slowly",1
"paasztor",1
"generalities",1
"A?",1
"phonemes",1
"numbers",1
"daggers",1
"frequently",1
"democratic",1
"bridges",1
"anachronists",1
"wydawnictwo",1
"Acbo",1
"spills",1
"mutilation",1
"aristocrats",1
"revitalization",1
"encode",1
"challenges",1
"shefion",1
"harder",1
"hochdorf",1
"accommodated",1
"difficulty",1
"farmsteads",1
"matrilocal",1
"ambitions",1
"relating",1
"chopped",1
"rnilleundex",1
"iconographie",1
"manufacturACes",1
"dislocation",1
"territorio",1
"propulsion",1
"reactionary",1
"representative",1
"iberos",1
"ellicott",1
"phenomenology",1
"trophACe",1
"mjuuiwcm",1
"vile",1
"mattingly",1
"michigan",1
"arqueolA3gico",1
"keywords",1
"embedding",1
"appears",1
"vaitkunskienAC",1
"dispersal",1
"promise",1
"scale",1
"thin",1
"boisanne",1
"tension",1
"centrale",1
"westerdahl",1
"hypotese",1
"epiphenomenal",1
"britannischen",1
"aging",1
"charred",1
"trances",1
"inferred",1
"nederlands",1
"A!ttr",1
"pythonesque",1
"contextualized",1
"psychological",1
"watts",1
"knowledge",1
"marketplace",1
"festlandkeltischen",1
"celtiberia",1
"continuation",1
"borg",1
"inherited",1
"mycenaeans",1
"pryssgAcrden",1
"translated",1
"amtierst",1
"disregarding",1
"plurality",1
"differentially",1
"sun",1
"stanford",1
"doubtful",1
"manifestation",1
"rte",1
"descriptor",1
"incompleteness",1
"habitations",1
"manners",1
"alcoholic",1
"guideline",1
"alto",1
"drewna",1
"vid",1
"landsby",1
"kalicz",1
"transfer",1
"civic",1
"dramatic",1
"tipographica",1
"convey",1
"blunt",1
"climate",1
"sculptures",1
"cattle",1
"inaccessible",1
"butacos",1
"undergoing",1
"steppes",1
"deer",1
"humanistic",1
"sophistication",1
"behalf",1
"lattara",1
"hooke",1
"avoid",1
"selectively",1
"literarischen",1
"chronological",1
"institut",1
"zeugnissen",1
"forskningslaboratoriet",1
"communist",1
"functioning",1
"dieux",1
"contended",1
"letters",1
"ofavalon",1
"folktales",1
"revival",1
"play",1
"raczky",1
"acknowledged",1
"clientela",1
"almavist",1
"jewelry",1
"studien",1
"builders",1
"raton",1
"legend",1
"unfamiliar",1
"vettona",1
"fort",1
"purposefully",1
"contributing",1
"collect",1
"cheap",1
"suited",1
"requiring",1
"rife",1
"expunged",1
"counterparts",1
"mobile",1
"subcategories",1
"populated",1
"commoner",1
"une",1
"choices",1
"praehistorie",1
"assyrians",1
"schiefenhovel",1
"tributary",1
"mage",1
"spatially",1
"enclaves",1
"associating",1
"organizations",1
"cosmogonie",1
"monks",1
"tartessians",1
"celticization",1
"clive",1
"relatedness",1
"unintentional",1
"spear",1
"investigates",1
"archaeoloqx",1
"ale",1
"gruel",1
"ethnizitA$t",1
"aldershot",1
"conduct",1
"mito",1
"superficial",1
"utilizing",1
"strabo",1
"abstract",1
"hA!vamA!l",1
"atomic",1
"demonstrating",1
"kossinna",1
"junior",1
"pattern",1
"imperfect",1
"hinges",1
"serious",1
"puzzling",1
"elymian",1
"shards",1
"dominion",1
"adjacent",1
"increases",1
"kronos",1
"hallstat",1
"glasincu",1
"faustian",1
"equitable",1
"A!dal",1
"armed",1
"sA?dosteuropa",1
"contrastive",1
"underscores",1
"polis",1
"deep",1
"terns",1
"woman",1
"coined",1
"paso",1
"free",1
"encountered",1
"moot",1
"day",1
"identifiable",1
"convenient",1
"remained",1
"responded",1
"massalia",1
"zehrovice",1
"interrelated",1
"ndor",1
"behaviors",1
"architecturally",1
"corulership",1
"divided",1
"mounded",1
"turkey",1
"headdresses",1
"augustus",1
"extrapolated",1
"baltistica",1
"owe",1
"stancic",1
"nonhilltop",1
"concern",1
"controlling",1
"balini",1
"intermittent",1
"overtones",1
"multivocality",1
"palaeodemographic",1
"dalen",1
"full",1
"brittany",1
"keramiska",1
"synthetic",1
"iconographies",1
"continuities",1
"johansen",1
"symbiosis",1
"open",1
"express",1
"co",1
"counter",1
"ACquitACs",1
"isles",1
"lifestyles",1
"genetics",1
"geographically",1
"warsaw",1
"postprocessualists",1
"stresses",1
"keen",1
"attributing",1
"dell",1
"disarticulation",1
"gets",1
"favored",1
"senn",1
"honorary",1
"qualities",1
"heaney",1
"ACd",1
"cognition",1
"femininity",1
"looks",1
"spawning",1
"varyingly",1
"galleries",1
"destruction",1
"atlas",1
"sole",1
"baggage",1
"division",1
"supplemental",1
"infants",1
"culmination",1
"solar",1
"ivi",1
"crete",1
"accepting",1
"fifty",1
"fata",1
"interfaced",1
"penguin",1
"fascism",1
"spiral",1
"trott",1
"backward",1
"metaphors",1
"richest",1
"enquiry",1
"apprentices",1
"willingly",1
"you",1
"neopagans",1
"impressive",1
"groves",1
"biette",1
"landscane",1
"vertical",1
"florescence",1
"declarative",1
"dimensions",1
"grooth",1
"palaeolinguistics",1
"colonizers",1
"triplism",1
"gestalt",1
"importantly",1
"littoral",1
"poetics",1
"sunrise",1
"institutionally",1
"furthered",1
"herrschaft",1
"flesh",1
"enamel",1
"answer",1
"education",1
"bcad",1
"bestow",1
"strategically",1
"thunngia",1
"problematic",1
"kooijmans",1
"blurred",1
"dodge",1
"tribe",1
"middens",1
"meiler",1
"classification",1
"doorways",1
"spiritualities",1
"strutt",1
"sorting",1
"aldhousegreen",1
"pace",1
"studium",1
"rival",1
"altertum",1
"proposes",1
"narrowly",1
"glimpse",1
"bayard",1
"convertibility",1
"agony",1
"bulgaria",1
"meid",1
"intangible",1
"selskab",1
"proponents",1
"bard",1
"forlag",1
"winton",1
"gone",1
"barcelona",1
"clan",1
"visiting",1
"pilfering",1
"bradlev",1
"deres",1
"govers",1
"wiccan",1
"aspekte",1
"formas",1
"doms",1
"pictures",1
"utilized",1
"passage",1
"springe",1
"commensal",1
"reliefs",1
"witch",1
"ethnically",1
"intrude",1
"reactions",1
"banqueting",1
"hermondsworthe",1
"commemorating",1
"veleia",1
"supports",1
"add",1
"opportunistic",1
"attitudes",1
"penetration",1
"tending",1
"celtoskepticism",1
"bureaucratic",1
"cloth",1
"pitted",1
"rationality",1
"intarch",1
"finale",1
"deconstructing",1
"retheorizing",1
"pluto",1
"prevent",1
"earthwork",1
"occasionally",1
"ancestral",1
"materializing",1
"alternatives",1
"sante",1
"ignorant",1
"conventional",1
"impulses",1
"ihren",1
"horizontally",1
"clothing",1
"qualitative",1
"mention",1
"multiauthor",1
"frontiera",1
"netween",1
"brzezinska",1
"relates",1
"hA!rdh",1
"A bo",1
"slA?inge",1
"idealism",1
"argument",1
"cosmopolitan",1
"hedeagar",1
"doubting",1
"orvalds",1
"wielded",1
"encyclopedias",1
"ushered",1
"temperature",1
"accept",1
"harm",1
"dangerous",1
"foundered",1
"wahszewska",1
"wiessner",1
"regular",1
"centrality",1
"philosophy",1
"biddick",1
"extremely",1
"speak",1
"agropastoral",1
"summary",1
"needs",1
"intermittently",1
"midcontinent",1
"news",1
"kruta",1
"henges",1
"attitude",1
"briquetage",1
"sigils",1
"hassmann",1
"nonhillfort",1
"nucleation",1
"correlate",1
"strA?mberg",1
"antiken",1
"thicker",1
"offload",1
"amy",1
"lilac",1
"toponym",1
"bargain",1
"enclose",1
"ingrained",1
"fabricated",1
"embodiments",1
"laborers",1
"spA$thallstattzeit",1
"rA?mischen",1
"willis",1
"looking",1
"anchis",1
"druides",1
"emulate",1
"carved",1
"cradle",1
"portuguese",1
"produces",1
"done",1
"encountering",1
"situate",1
"reside",1
"sudolementarv",1
"imagining",1
"tres",1
"monsters",1
"isotopes",1
"vdhbok",1
"slaughter",1
"vectis",1
"engendered",1
"victimes",1
"lst",1
"thrown",1
"entanglements",1
"differentiating",1
"gillies",1
"pushed",1
"quandary",1
"crossing",1
"mouth",1
"mittelund",1
"sixties",1
"aceramic",1
"diverges",1
"alemannen",1
"universitetets",1
"forgeries",1
"schools",1
"remnants",1
"subregional",1
"park",1
"nord",1
"trace",1
"manhart",1
"kr",1
"variants",1
"preindustrial",1
"tells",1
"diorama",1
"grecia",1
"nonburial",1
"edu",1
"lenses",1
"stande",1
"societal",1
"permitted",1
"intentions",1
"cutting",1
"diffusion",1
"consistent",1
"usa",1
"lightly",1
"wrong",1
"universitv",1
"progressed",1
"enables",1
"generated",1
"holdovers",1
"monte",1
"analogies",1
"anu",1
"zabern",1
"hacataeus",1
"possibilities",1
"belie",1
"book",1
"height",1
"charlemagne",1
"homestead",1
"franke",1
"tours",1
"biographical",1
"producing",1
"confront",1
"chroniclers",1
"onto",1
"antiquarianism",1
"cardona",1
"inland",1
"embrace",1
"staff",1
"reworking",1
"routines",1
"opposite",1
"louwe",1
"romanticism",1
"stopped",1
"arbiters",1
"alesia",1
"sound",1
"sociedad",1
"partners",1
"evaluation",1
"preventing",1
"crannog",1
"befunde",1
"kA?ster",1
"plain",1
"verlag",1
"geistlos",1
"autonomous",1
"ashguzai",1
"planted",1
"tolkning",1
"proxies",1
"dualities",1
"reanalysis",1
"maolalaigh",1
"paj",1
"curating",1
"worshippers",1
"iviurray",1
"prior",1
"fitting",1
"verifying",1
"complimentary",1
"uncertain",1
"laws",1
"franken",1
"domestiques",1
"fragment",1
"removes",1
"reassessments",1
"behavior",1
"adorning",1
"repeatedly",1
"interments",1
"illyrian",1
"affiliation",1
"centrum",1
"extinguished",1
"symbolsystems",1
"run",1
"kommentierung",1
"illustrates",1
"askew",1
"assumes",1
"geographer",1
"agent",1
"divine",1
"wilmott",1
"mutable",1
"santa",1
"walter",1
"ceramological",1
"cantabria",1
"pig",1
"neurophysiologist",1
"media",1
"treasure",1
"nested",1
"marseille",1
"nazis",1
"thing",1
"defense",1
"speculative",1
"montpellier",1
"heterarchical",1
"illuminates",1
"etruscan",1
"extraordinary",1
"xrf",1
"analogs",1
"arranged",1
"durACe",1
"abg",1
"semantic",1
"scanian",1
"swords",1
"prospections",1
"eurooe",1
"longdistance",1
"wet",1
"stagnation",1
"tableware",1
"instituut",1
"delivered",1
"storii",1
"chariots",1
"romania",1
"healers",1
"poorly",1
"plant",1
"linton",1
"elitecontrolled",1
"crossroads",1
"holism",1
"employ",1
"cordobA!n",1
"rodopi",1
"interesting",1
"sardinia",1
"invaded",1
"knipper",1
"mexico",1
"costs",1
"frustration",1
"statements",1
"impetus",1
"obtained",1
"organizing",1
"overinterpreted",1
"af",1
"levels",1
"roos",1
"coastal",1
"conceptions",1
"sorceress",1
"environments",1
"curvilinear",1
"amalgams",1
"legendary",1
"kotowska",1
"singularities",1
"cardiff",1
"folkloric",1
"bigazzi",1
"jacomet",1
"paleolithic",1
"cottam",1
"satellites",1
"brocks",1
"gathering",1
"guides",1
"monuments",1
"tooth",1
"injury",1
"utterly",1
"acquisition",1
"sA!nchezpalencia",1
"archaeoloqv",1
"maiden",1
"spinhuis",1
"sarmitzegutusa",1
"rACvolution",1
"literary",1
"bit",1
"astrological",1
"latin",1
"dominate",1
"sachsen",1
"largescale",1
"store",1
"digesting",1
"resource",1
"piety",1
"activitACs",1
"wy",1
"undertaken",1
"oppi",1
"puts",1
"phrygians",1
"symbolized",1
"geschiente",1
"tyranny",1
"providing",1
"pompeya",1
"invading",1
"tapir",1
"diachronic",1
"transvestites",1
"merging",1
"regulerede",1
"path",1
"santander",1
"enscheits",1
"histories",1
"carrying",1
"selfdesignated",1
"superhuman",1
"ambiguity",1
"behavioral",1
"spACcial",1
"transference",1
"alloy",1
"odins",1
"divan",1
"isotope",1
"fuel",1
"affluence",1
"evaluate",1
"extracting",1
"accurately",1
"linguists",1
"block",1
"narcotic",1
"venue",1
"pins",1
"luley",1
"occidentale",1
"vehicles",1
"facilities",1
"seventies",1
"masculinity",1
"uerger",1
"montmartin",1
"bonenfant",1
"ethnographischarchA$ologische",1
"keeping",1
"vA-A?forla",1
"island",1
"clarke",1
"reinterpreting",1
"voigt",1
"tool",1
"locus",1
"petrAC",1
"overturn",1
"lengua",1
"civil",1
"eurodean",1
"clearer",1
"olsson",1
"tenure",1
"experiencing",1
"couched",1
"expansive",1
"climatic",1
"prAChistorique",1
"underscored",1
"beads",1
"nach",1
"universidade",1
"delphi",1
"formations",1
"il",1
"anglia",1
"forli",1
"project",1
"tombstones",1
"withstand",1
"celebrations",1
"convegno",1
"norfolk",1
"thread",1
"quarterly",1
"nasstrom",1
"causal",1
"celtomaniacs",1
"punctuated",1
"bA?kA?nyi",1
"painting",1
"correct",1
"legions",1
"supraregional",1
"diminish",1
"especial",1
"kulturkreis",1
"evershed",1
"warrant",1
"exclusionary",1
"consolidation",1
"assemble",1
"ward",1
"tomalin",1
"berg",1
"mineral",1
"smithsonian",1
"selfconscious",1
"bridge",1
"masking",1
"distinguished",1
"latest",1
"symposia",1
"characterizes",1
"barely",1
"os",1
"meditations",1
"pays",1
"games",1
"morteani",1
"reappraised",1
"scarsini",1
"heyday",1
"grecita",1
"inhabiting",1
"moved",1
"haunting",1
"sporadic",1
"transmissions",1
"garnered",1
"haas",1
"separatist",1
"transform",1
"investigating",1
"minor",1
"matter",1
"absence",1
"bringing",1
"guarded",1
"burgundian",1
"misty",1
"shields",1
"roundhouse",1
"brian",1
"resisted",1
"pessac",1
"toiletry",1
"interiors",1
"arbok",1
"ethnos",1
"interdependence",1
"outlive",1
"supplementing",1
"bloc",1
"coevolving",1
"interrelations",1
"targeted",1
"egges",1
"groupings",1
"hold",1
"postulate",1
"substrata",1
"islamic",1
"spoken",1
"assuring",1
"simultaneous",1
"indus",1
"diepeveenjansen",1
"housing",1
"swept",1
"definable",1
"worthless",1
"fifth",1
"restricted",1
"exposure",1
"historia",1
"disastrous",1
"sulla",1
"breakage",1
"conveying",1
"gendering",1
"pioneered",1
"rectangular",1
"performed",1
"kowalewski",1
"passions",1
"nw",1
"demonstrates",1
"hay",1
"robust",1
"collective",1
"largest",1
"abroad",1
"A?A?",1
"strata",1
"inference",1
"worst",1
"majority",1
"fremont",1
"challenge",1
"fragmentation",1
"slav",1
"available",1
"dictatorship",1
"tusa",1
"kaiserzeit",1
"insidious",1
"sing",1
"romaine",1
"mosefunde",1
"head",1
"stA?llner",1
"revenue",1
"storli",1
"predominant",1
"sullivan",1
"documents",1
"goddesses",1
"exclusion",1
"governed",1
"alexandrov",1
"petre",1
"forging",1
"filming",1
"overwhelmingly",1
"gaules",1
"depopulation",1
"amfiteatre",1
"polders",1
"clusters",1
"dio",1
"intensity",1
"obscures",1
"vander",1
"confini",1
"boats",1
"avalon",1
"spoke",1
"anthropologie",1
"focusing",1
"balmouth",1
"hale",1
"ignoring",1
"mabinogion",1
"impoverished",1
"quesada",1
"circe",1
"spal",1
"sorcerers",1
"lumping",1
"morgenrot",1
"maya",1
"ine",1
"greatest",1
"theirs",1
"robertson",1
"rACgion",1
"considering",1
"birth",1
"knopf",1
"inscription",1
"mirroring",1
"ageism",1
"inexorably",1
"silverman",1
"worship",1
"regionalized",1
"presentations",1
"hunting",1
"cadavres",1
"bondage",1
"archaeoloA?v",1
"diva",1
"deserta",1
"solidifies",1
"resulting",1
"bitter",1
"stay",1
"skeptics",1
"knowable",1
"traders",1
"vii",1
"discovered",1
"remaining",1
"gauloise",1
"ansatz",1
"melding",1
"adding",1
"publication",1
"urbanism",1
"blois",1
"grupo",1
"confabulation",1
"tim",1
"foresman",1
"interacted",1
"acculturate",1
"imagination",1
"valued",1
"queen",1
"masca",1
"ulaca",1
"alpine",1
"allusion",1
"indicator",1
"effect",1
"masculine",1
"etruria",1
"burnett",1
"norton",1
"divides",1
"dividing",1
"amateur",1
"tacitly",1
"sterben",1
"quarter",1
"outright",1
"mobiliers",1
"sailing",1
"adzes",1
"dispossessed",1
"saka",1
"recast",1
"apalle",1
"asking",1
"iran",1
"heterarchies",1
"para",1
"sustainability",1
"aid",1
"emulation",1
"dual",1
"stems",1
"africa",1
"tentative",1
"interdependent",1
"mixture",1
"siberia",1
"practitioners",1
"seule",1
"independence",1
"success",1
"ritualized",1
"rim",1
"interplay",1
"literacy",1
"ephemeres",1
"lA!",1
"equaled",1
"hardh",1
"coordination",1
"fyndplats",1
"exists",1
"sprachliche",1
"etappen",1
"minimalist",1
"mirror",1
"princes",1
"fACdACration",1
"undiscussed",1
"recognizably",1
"seat",1
"environment",1
"publicly",1
"seriously",1
"authorities",1
"castrexa",1
"sketches",1
"rarely",1
"geografie",1
"ioo",1
"sexing",1
"dordrecht",1
"colonists",1
"pueblos",1
"detect",1
"quasihistorical",1
"resurrect",1
"prerromanas",1
"methodologically",1
"historie",1
"partitioning",1
"substantively",1
"tara",1
"chaining",1
"ancestor",1
"lying",1
"setting",1
"nonrelatedness",1
"believe",1
"frontline",1
"collapsing",1
"pragmatic",1
"bACrard",1
"siglos",1
"compliance",1
"deconstruction",1
"eckhardt",1
"institutionalizing",1
"closest",1
"blagg",1
"segmented",1
"interlocked",1
"fA?r",1
"pernn",1
"sA?dlichen",1
"horns",1
"jennings",1
"perceiving",1
"chicaeo",1
"want",1
"latins",1
"mucking",1
"vigorously",1
"nachbarn",1
"travellers",1
"thames",1
"abruptly",1
"hypothesize",1
"oppositions",1
"villes",1
"emblematic",1
"minimal",1
"don",1
"heuchelt",1
"romanists",1
"hindsight",1
"monitored",1
"recursively",1
"apparatus",1
"arabic",1
"etnicidad",1
"univerisity",1
"beck",1
"emperor",1
"controls",1
"atti",1
"lats",1
"synchronically",1
"A?bersetzung",1
"postcolonial",1
"precision",1
"false",1
"shown",1
"survival",1
"sediments",1
"latvian",1
"lands",1
"arierdA$mmerung",1
"dedicating",1
"riederer",1
"illinois",1
"odontologie",1
"charge",1
"bibliography",1
"trauma",1
"cassandra",1
"contributed",1
"insight",1
"prolonged",1
"millACnaire",1
"elevator",1
"isolating",1
"beleske",1
"manufacture",1
"product",1
"gen",1
"contestations",1
"turres",1
"earthen",1
"ukraine",1
"colleagues",1
"seeks",1
"milograd",1
"tugen",1
"dumasy",1
"charles",1
"searching",1
"portents",1
"straker",1
"clarify",1
"gordon",1
"opprinnelse",1
"gestures",1
"bounds",1
"strong",1
"rundkvist",1
"cross",1
"dos",1
"olona",1
"histA3rico",1
"meeting",1
"fostering",1
"termed",1
"advocating",1
"matrifocal",1
"faction",1
"heterogeneous",1
"addiction",1
"adulthood",1
"incantations",1
"bestattungssitten",1
"amulets",1
"amplify",1
"lite",1
"surround",1
"dominating",1
"fj",1
"comparACe",1
"midas",1
"indicated",1
"substances",1
"gustafsson",1
"imported",1
"unities",1
"prA$sens",1
"peaceful",1
"affected",1
"extreme",1
"accretionally",1
"mysteries",1
"determine",1
"red",1
"submission",1
"folkevandringstid",1
"timisoara",1
"berlin",1
"per",1
"trash",1
"reexplored",1
"allegiances",1
"touched",1
"nonkin",1
"unsatisfactory",1
"cambrian",1
"mobility",1
"barracks",1
"hACritage",1
"word",1
"competitions",1
"live",1
"specialist",1
"sets",1
"motivation",1
"universiteit",1
"overused",1
"nationalistic",1
"A3",1
"considerations",1
"former",1
"policy",1
"prentice",1
"segmentary",1
"cycles",1
"organic",1
"presents",1
"occurred",1
"individually",1
"equations",1
"ethnoarchaeological",1
"rnoiu",1
"fragile",1
"nineteenth",1
"easternist",1
"frA?he",1
"overuse",1
"vettones",1
"criado",1
"said",1
"stressed",1
"www",1
"reconstructions",1
"constituting",1
"expands",1
"regeneration",1
"simswilliams",1
"laiiuscapc",1
"repertoire",1
"runic",1
"debating",1
"address",1
"batavians",1
"expectation",1
"gauloises",1
"autarijati",1
"inchoate",1
"drivers",1
"seidman",1
"displacement",1
"braudels",1
"attractive",1
"scientists",1
"ulster",1
"monumentally",1
"farmers",1
"accumulated",1
"pressed",1
"stabbing",1
"revisions",1
"aping",1
"lumped",1
"scandinavians",1
"espaces",1
"real",1
"picardie",1
"beaten",1
"repertoires",1
"achieved",1
"fresh",1
"tiden",1
"folding",1
"gawlick",1
"cheshire",1
"ardennes",1
"siAcn",1
"welsh",1
"mytologi",1
"dissolved",1
"feugere",1
"universitA ",1
"tyrrhenian",1
"depends",1
"celta",1
"holsteinian",1
"dacia",1
"generosity",1
"musty",1
"conquests",1
"paved",1
"politicized",1
"iv",1
"er",1
"tenth",1
"apprenticeship",1
"miniature",1
"determined",1
"logical",1
"fl",1
"entrepreneurs",1
"nationalmuseet",1
"accordio",1
"flati",1
"julian",1
"occupy",1
"centrului",1
"vistas",1
"transcend",1
"fine",1
"emile",1
"beakers",1
"sammlung",1
"conception",1
"quantity",1
"literal",1
"apply",1
"juvenile",1
"avebury",1
"mingle",1
"ziegaus",1
"interact",1
"osteria",1
"analyse",1
"expecting",1
"attract",1
"aggression",1
"cassius",1
"exposed",1
"hygiene",1
"xl",1
"oldenburg",1
"regarding",1
"goal",1
"million",1
"anA!lisis",1
"historically",1
"videnskabernes",1
"objective",1
"precipitous",1
"approches",1
"premises",1
"agglomerated",1
"lectures",1
"mixed",1
"gilman",1
"assessment",1
"employing",1
"universitdfii",1
"voters",1
"expected",1
"fried",1
"susanna",1
"tinged",1
"assendelver",1
"bulls",1
"remembering",1
"maintaining",1
"reluctance",1
"ediciones",1
"disproportionately",1
"encompass",1
"wA?rttembergs",1
"six",1
"siedlungsrA$umen",1
"left",1
"hahn",1
"skew",1
"hybrid",1
"strengthening",1
"disruptions",1
"graced",1
"nuanced",1
"incarnation",1
"quiet",1
"master",1
"conceptually",1
"error",1
"festschrift",1
"unlikely",1
"lesser",1
"affiliations",1
"mechanisms",1
"skeates",1
"simplified",1
"arrows",1
"abaco",1
"ethnoarchA$ologischer",1
"exact",1
"bausteine",1
"traffic",1
"enlivened",1
"quellen",1
"kurzynski",1
"na",1
"conflation",1
"patronage",1
"smrcka",1
"lasting",1
"norte",1
"cremations",1
"opportunity",1
"lobisser",1
"flexible",1
"eight",1
"travels",1
"consensual",1
"balanced",1
"ix",1
"dialogue",1
"fersen",1
"herodotus",1
"chariot",1
"societv",1
"revelation",1
"leaves",1
"eradicating",1
"productive",1
"artisanat",1
"diterranACen",1
"escape",1
"arminius",1
"wagons",1
"improvement",1
"seas",1
"ule",1
"acculturated",1
"proved",1
"driven",1
"frA?heisenzeitlichen",1
"duckwork",1
"hierarchically",1
"likened",1
"landing",1
"inspiration",1
"belgic",1
"four",1
"austrian",1
"pydyn",1
"anticelticity",1
"leidensia",1
"tributes",1
"cemented",1
"fontanaccia",1
"potins",1
"transcripts",1
"mix",1
"lazzanni",1
"primordial",1
"founding",1
"handily",1
"wiltshire",1
"caches",1
"unabashed",1
"anthropologically",1
"union",1
"monetization",1
"opening",1
"appraisal",1
"incomplete",1
"schroter",1
"acting",1
"migrant",1
"asserts",1
"kegan",1
"rule",1
"moesgard",1
"romangermanic",1
"search",1
"meddelanden",1
"combinations",1
"craftspeople",1
"praha",1
"ocean",1
"sadori",1
"requirements",1
"dispute",1
"hiACrarchie",1
"ogy",1
"initial",1
"A?sterreichischen",1
"pereira",1
"landscare",1
"substantiation",1
"squabble",1
"occupation",1
"tunanlegg",1
"informed",1
"nonarchaeological",1
"acropolis",1
"penwith",1
"badania",1
"sharply",1
"treat",1
"europa",1
"dupljaja",1
"walde",1
"fulfill",1
"iceland",1
"hoarding",1
"toppled",1
"noroeste",1
"judicial",1
"required",1
"somatic",1
"scene",1
"puskajler",1
"peaking",1
"omkring",1
"tider",1
"addenda",1
"crushed",1
"shaman",1
"destinations",1
"bounded",1
"bolster",1
"grauballe",1
"writers",1
"ingots",1
"illustrated",1
"protohistoire",1
"norm",1
"nella",1
"brescia",1
"transgendered",1
"instruments",1
"siA?cles",1
"najde",1
"sacrificateurs",1
"thoughts",1
"misinterpreted",1
"gave",1
"millet",1
"obscured",1
"postulated",1
"partly",1
"densely",1
"contextualizing",1
"clientage",1
"torno",1
"outposts",1
"centralised",1
"nationalist",1
"mcculloch",1
"systematic",1
"alan",1
"A?me",1
"conwy",1
"alliance",1
"radically",1
"redistribution",1
"misplaced",1
"weavers",1
"subtle",1
"messenger",1
"complexification",1
"vaitkunskienA?",1
"sketch",1
"mesopotamia",1
"viable",1
"hard",1
"idiom",1
"exchanging",1
"wi",1
"deity",1
"distances",1
"placenames",1
"serbian",1
"airy",1
"contingency",1
"autonomy",1
"separately",1
"workshops",1
"fictive",1
"ship",1
"revealing",1
"extradisciplinary",1
"comfort",1
"mACtal",1
"observe",1
"peak",1
"protect",1
"spoons",1
"potent",1
"managed",1
"formats",1
"universities",1
"commemorative",1
"regardless",1
"correspondence",1
"beauty",1
"irate",1
"coincidences",1
"entrepreneurship",1
"wield",1
"archeologicznego",1
"osa",1
"archeologia",1
"tenet",1
"eternity",1
"hatch",1
"partially",1
"ana",1
"hors",1
"units",1
"middlemen",1
"positions",1
"summarize",1
"cosmological",1
"decentralizing",1
"wrote",1
"guimarA?es",1
"urbanisme",1
"oan",1
"classic",1
"postulation",1
"nearly",1
"matrilineal",1
"morts",1
"juin",1
"convince",1
"whatever",1
"says",1
"garnering",1
"ice",1
"blending",1
"procession",1
"warband",1
"selection",1
"gallia",1
"riches",1
"label",1
"decorative",1
"craftworking",1
"depicted",1
"reference",1
"vs",1
"recognise",1
"commendable",1
"coincidental",1
"assemblies",1
"oise",1
"generalized",1
"heirs",1
"ro",1
"kardulias",1
"memorium",1
"infused",1
"beards",1
"touching",1
"situates",1
"autariatae",1
"paleopathological",1
"snow",1
"stones",1
"love",1
"chose",1
"foxhall",1
"tuck",1
"conceal",1
"limit",1
"renewed",1
"preferences",1
"gyptis",1
"procured",1
"ape",1
"complementary",1
"adherence",1
"eliteness",1
"locational",1
"cernavoda",1
"reinvention",1
"jennbert",1
"reputed",1
"perceptible",1
"plagued",1
"john",1
"strangulation",1
"dull",1
"rhetoric",1
"mediterraneans",1
"rhythms",1
"hand",1
"kalamazoo",1
"posit",1
"leicht",1
"bertemes",1
"road",1
"devoted",1
"hinterlands",1
"hides",1
"dance",1
"shamanistisk",1
"glories",1
"leveling",1
"heaps",1
"patently",1
"socialization",1
"nonenclosed",1
"entrepreneurial",1
"locations",1
"deficit",1
"outlines",1
"sir",1
"understatement",1
"casual",1
"socioenvironmental",1
"ecstasy",1
"indiana",1
"economie",1
"observable",1
"crafts",1
"encouraged",1
"knock",1
"traded",1
"combining",1
"unfortunately",1
"mythos",1
"refers",1
"congress",1
"band",1
"oldbury",1
"actual",1
"reviled",1
"baffling",1
"mold",1
"purposeful",1
"literate",1
"hyperfine",1
"aee",1
"chenery",1
"outmigrated",1
"truths",1
"directed",1
"opts",1
"ceasing",1
"lakes",1
"unconnected",1
"hypothesizing",1
"pap",1
"philipp",1
"revised",1
"vACtat",1
"revolves",1
"mammals",1
"commentaries",1
"cosmovision",1
"fanatics",1
"breached",1
"readers",1
"ideational",1
"waateringe",1
"chaume",1
"ambactos",1
"paysage",1
"shallow",1
"displayed",1
"anderson",1
"nationally",1
"materialized",1
"story",1
"shamanic",1
"splitting",1
"geography",1
"bearer",1
"ACcole",1
"ron",1
"tunanlggenes",1
"rearranged",1
"decay",1
"unversity",1
"thA?",1
"msecke",1
"dogs",1
"navarrete",1
"howgego",1
"derevenksi",1
"llyn",1
"ancients",1
"skeive",1
"humanities",1
"tijdschrifi",1
"wisdom",1
"italic",1
"inhabitants",1
"popularity",1
"foil",1
"practical",1
"transvestite",1
"tech",1
"nruiquuy",1
"resistant",1
"cooper",1
"sauer",1
"oldkundighead",1
"fornvAchnen",1
"celtdom",1
"html",1
"ahnenerbe",1
"reconsider",1
"amalgamation",1
"surprising",1
"dACbut",1
"peripheries",1
"symmetrical",1
"instances",1
"obstacle",1
"articles",1
"gathered",1
"geschlechtsspezifische",1
"detail",1
"anthropomorphic",1
"mutilating",1
"reliant",1
"plated",1
"indACpendante",1
"contradiction",1
"instructed",1
"framing",1
"scrutiny",1
"korrespondenzblatt",1
"willingness",1
"borrow",1
"carbondale",1
"ruibal",1
"symbol",1
"periodized",1
"boado",1
"neopaganism",1
"vermeulen",1
"labeling",1
"identidad",1
"evokes",1
"ave",1
"alvarez",1
"rue",1
"illuminate",1
"seem",1
"thrace",1
"prominence",1
"grigson",1
"expense",1
"explicated",1
"scenario",1
"inquiry",1
"pA!asztor",1
"adah",1
"imitators",1
"principautACs",1
"lerkar",1
"mA?nster",1
"distinctive",1
"reintroducing",1
"mACtallurgiques",1
"volksgeist",1
"monde",1
"mayanist",1
"anfA$ngen",1
"subordinate",1
"romanticized",1
"lonaon",1
"frdn",1
"bbc",1
"sectors",1
"jean",1
"defending",1
"basics",1
"seeon",1
"bronzeworking",1
"reanalyzed",1
"glenview",1
"reconcile",1
"norddeutschlands",1
"namely",1
"pertinent",1
"infinitum",1
"statement",1
"marta",1
"jA$rrestad",1
"vehicle",1
"reviewed",1
"enslavement",1
"skillfully",1
"agreed",1
"port",1
"universe",1
"bought",1
"varieties",1
"foils",1
"preserved",1
"brooches",1
"vaguest",1
"altered",1
"earlv",1
"acquisitiveness",1
"huelva",1
"kongelige",1
"ac",1
"focal",1
"plans",1
"ossianic",1
"conversely",1
"snettisham",1
"isolated",1
"tapa",1
"contrasts",1
"subsumed",1
"suppressed",1
"toponyms",1
"breaks",1
"differentiation",1
"tollund",1
"disposal",1
"repositories",1
"bebygglesudviklingen",1
"motives",1
"ofwessex",1
"europeanists",1
"offer",1
"applicable",1
"proceso",1
"environnement",1
"proceeding",1
"taranto",1
"forbes",1
"sur",1
"heartland",1
"adoui",1
"variously",1
"buchsenschutz",1
"vallee",1
"oldest",1
"enclosure",1
"lithuania",1
"ranged",1
"magical",1
"comparison",1
"respective",1
"vi",1
"residues",1
"textures",1
"penetrated",1
"conflated",1
"varmorique",1
"consisted",1
"peodle",1
"afield",1
"stemming",1
"th",1
"ruby",1
"partial",1
"activation",1
"documentary",1
"divergent",1
"unregulated",1
"vjcmiany",1
"technological",1
"virtue",1
"doing",1
"showed",1
"marazov",1
"praehistorica",1
"hypothesis",1
