"WORDCOUNTS","WEIGHT"
"the",1011
"and",907
"of",887
"in",622
"hopewell",327
"ohio",312
"a",309
"j",234
"pp",193
"eds",170
"hopewellian",142
"university",139
"d",138
"s",134
"to",133
"woodland",123
"archaeology",123
"press",122
"kent",112
"at",110
"c",104
"w",103
"r",100
"on",99
"for",98
"b",98
"m",96
"american",96
"p",94
"as",94
"from",91
"earthworks",90
"middle",85
"research",83
"valley",82
"society",80
"state",79
"archaeological",79
"pacheco",78
"e",76
"illinois",73
"that",72
"this",70
"community",69
"dancey",69
"site",68
"oh",68
"societies",67
"f",66
"seeman",63
"ritual",61
"is",61
"new",58
"l",57
"organization",57
"communities",56
"k",55
"ancient",54
"mound",54
"historical",54
"carr",54
"county",52
"prehistoric",51
"culture",51
"columbus",51
"local",51
"charles",51
"springer",51
"antiquity",50
"with",50
"are",50
"by",49
"t",48
"buikstra",48
"eastern",48
"an",47
"north",47
"these",46
"fort",45
"al",43
"lepper",43
"et",42
"or",42
"ed",42
"has",41
"sites",39
"settlement",38
"greber",38
"ross",38
"journal",37
"have",37
"interaction",37
"southwestern",36
"g",36
"archaeol",36
"sense",36
"res",36
"studies",35
"regional",35
"liberty",34
"lithic",34
"within",33
"america",33
"such",33
"mounds",33
"cowan",32
"artifacts",32
"lifeways",32
"settlements",31
"case",31
"some",31
"more",31
"earthwork",31
"york",30
"river",30
"n",30
"social",30
"strategies",29
"h",28
"coughlin",28
"period",28
"mobility",27
"midcontinental",27
"flake",27
"study",27
"scatters",27
"been",27
"making",27
"through",27
"technological",27
"gainesville",26
"perspectives",26
"was",25
"museum",25
"were",24
"analysis",24
"i",23
"gathering",23
"centers",23
"use",23
"griffin",23
"be",23
"early",23
"history",22
"other",22
"no",22
"model",22
"variability",22
"among",22
"abrams",21
"data",21
"mainfort",21
"recreating",21
"scioto",21
"it",20
"center",20
"anthropology",20
"domestic",20
"recent",20
"prA?fer",19
"economic",19
"many",19
"smith",19
"adena",19
"not",19
"florida",19
"o",18
"most",18
"its",18
"core",18
"brown",18
"conference",18
"although",18
"lower",17
"brose",17
"may",17
"their",17
"view",17
"however",17
"small",17
"but",17
"also",17
"tribal",17
"central",16
"jr",16
"cultural",16
"understanding",16
"construction",16
"evidence",16
"bottom",15
"prehistory",15
"movement",15
"archeology",15
"woodlands",15
"anthropological",15
"dispersed",15
"specific",15
"group",14
"one",14
"there",14
"context",14
"papers",14
"frACter",14
"general",14
"wymer",14
"based",14
"scale",14
"council",14
"mortuary",14
"exchange",14
"paper",14
"ruby",14
"connolly",14
"excavations",13
"yerkes",13
"il",13
"architecture",13
"lineages",13
"alabama",13
"much",13
"our",13
"fortier",13
"remains",13
"complex",12
"origins",12
"struever",12
"well",12
"efforts",12
"scholars",12
"especially",12
"burks",12
"chillicothe",12
"often",12
"presence",12
"sphere",11
"archaeologists",11
"applegate",11
"political",11
"midwest",11
"late",11
"braun",11
"ann",11
"burial",11
"artifact",11
"enclosures",11
"presented",11
"world",11
"polities",11
"can",11
"obsidian",11
"any",11
"tuscaloosa",11
"states",11
"newark",10
"all",10
"mills",10
"hall",10
"urbana",10
"creek",10
"term",10
"caldwell",10
"cambridge",10
"rorida",10
"people",10
"various",10
"scientific",10
"funerary",10
"time",10
"A?",10
"northern",10
"arbor",10
"sociopolitical",10
"then",10
"theory",10
"both",10
"integration",10
"if",9
"suggested",9
"those",9
"relations",9
"perspective",9
"fig",9
"analogs",9
"hughes",9
"michigan",9
"change",9
"field",9
"few",9
"smithsonian",9
"deboer",9
"archaeologist",9
"two",9
"diverse",9
"v",9
"systematics",9
"dating",9
"historic",9
"structure",9
"we",9
"united",9
"springfield",9
"material",9
"must",9
"each",9
"synthesis",9
"investigation",9
"role",9
"earthen",9
"area",9
"southeastern",9
"into",8
"great",8
"hunting",8
"religion",8
"shared",8
"against",8
"type",8
"van",8
"established",8
"clearly",8
"sedentary",8
"sedentism",8
"future",8
"example",8
"reconstruction",8
"reports",8
"riordan",8
"patterns",8
"kampsville",8
"ecological",8
"peoples",8
"natural",8
"past",8
"spatial",8
"terms",8
"parkinson",8
"between",8
"emerson",7
"village",7
"nature",7
"analyses",7
"vol",7
"human",7
"collapse",7
"dynamics",7
"works",7
"scales",7
"ruhl",7
"greater",7
"international",7
"occupation",7
"horticulture",7
"survey",7
"ceremonial",7
"implications",7
"populations",7
"limited",7
"religious",7
"technology",7
"contemporary",7
"seip",7
"questions",7
"which",7
"regions",7
"explorations",7
"cleveland",7
"institution",7
"hocking",7
"who",7
"mann",7
"comparison",7
"complexes",7
"report",7
"level",7
"made",7
"washington",7
"meeting",7
"they",6
"sunderhaus",6
"contexts",6
"production",6
"stubbs",6
"meaning",6
"tradition",6
"bladelets",6
"placement",6
"possible",6
"affiliation",6
"clay",6
"bernardini",6
"principally",6
"across",6
"astronomy",6
"direct",6
"space",6
"acquisition",6
"important",6
"dc",6
"further",6
"tools",6
"exploration",6
"method",6
"place",6
"genheimer",6
"annual",6
"expanded",6
"chronology",6
"spatially",6
"death",6
"fact",6
"riverine",6
"larger",6
"end",6
"native",6
"kansas",6
"identity",6
"skeletal",6
"theoretical",6
"significance",6
"would",6
"high",6
"peer",6
"thomas",6
"relative",6
"quarterly",6
"pottery",6
"clans",6
"today",6
"indicate",6
"abandonment",6
"series",6
"set",6
"leaders",6
"emergence",6
"current",6
"distribution",6
"when",6
"city",6
"copper",6
"indiana",6
"question",6
"chicago",6
"strong",6
"groups",5
"large",5
"western",5
"migration",5
"societal",5
"being",5
"certainly",5
"investigations",5
"issue",5
"licking",5
"pederson",5
"west",5
"genetic",5
"nn",5
"church",5
"relatively",5
"havana",5
"ct",5
"houses",5
"lineage",5
"than",5
"leadership",5
"mechanisms",5
"growth",5
"ceramics",5
"risks",5
"support",5
"modified",5
"conceptualization",5
"record",5
"resource",5
"affiliated",5
"faunal",5
"population",5
"energy",5
"aspects",5
"literature",5
"concept",5
"reduction",5
"special",5
"issues",5
"collective",5
"status",5
"hopeton",5
"kentucky",5
"quite",5
"several",5
"habitation",5
"multiple",5
"mi",5
"generally",5
"chronological",5
"led",5
"units",5
"absence",5
"drainage",5
"moundbuilders",5
"brien",5
"asch",5
"demographic",5
"wisconsin",5
"department",5
"academy",5
"similarly",5
"ceramic",5
"occupations",5
"murphy",5
"considerable",5
"pattern",5
"monographs",5
"less",5
"practice",5
"range",5
"region",5
"paradigm",5
"individuals",5
"callender",5
"so",5
"article",5
"houart",5
"tennessee",5
"logan",5
"harness",5
"athens",5
"symbolic",5
"shetrone",5
"sourcing",5
"chapman",5
"cultures",5
"ideological",5
"goods",5
"what",5
"economy",5
"form",5
"plants",5
"extent",5
"deuel",5
"size",5
"models",5
"newsletter",5
"involving",5
"parmalee",5
"archaic",5
"midcontinent",5
"potential",5
"mcgraw",5
"themselves",5
"trigger",5
"does",4
"greenman",4
"corporate",4
"environmental",4
"introduction",4
"maize",4
"stone",4
"approaches",4
"pipes",4
"first",4
"morton",4
"sources",4
"creation",4
"setting",4
"definition",4
"continue",4
"exotic",4
"ph",4
"mississippi",4
"greatly",4
"milner",4
"u",4
"along",4
"thus",4
"since",4
"farnsworth",4
"smiling",4
"carskadden",4
"moorehead",4
"cases",4
"distinct",4
"dates",4
"mosaic",4
"y",4
"ma",4
"americans",4
"identification",4
"rather",4
"notion",4
"process",4
"edwin",4
"earlier",4
"contributions",4
"winters",4
"symbols",4
"distant",4
"plog",4
"consider",4
"sant",4
"Ac",4
"exploitation",4
"plenum",4
"identifying",4
"diet",4
"fie",4
"academic",4
"moore",4
"network",4
"work",4
"lynott",4
"wabash",4
"knowledge",4
"indigenous",4
"couched",4
"horn",4
"broad",4
"midwestern",4
"documented",4
"stafford",4
"blitz",4
"boundaries",4
"bolnick",4
"preliminary",4
"periods",4
"comparative",4
"maslowski",4
"dunnell",4
"builders",4
"southern",4
"structural",4
"hegmon",4
"yet",4
"nonlocal",4
"addition",4
"dan",4
"organizations",4
"again",4
"crm",4
"added",4
"romain",4
"vernon",4
"banks",4
"forms",4
"do",4
"redmond",4
"years",4
"largely",4
"variation",4
"clear",4
"publication",4
"hively",4
"black",4
"standard",4
"akron",4
"circle",4
"tremper",4
"science",4
"greenlee",4
"program",4
"types",4
"dissertation",4
"associated",4
"following",4
"binford",4
"shamans",4
"over",4
"intellectual",4
"clan",4
"allied",4
"inquiry",4
"cognitive",4
"inference",4
"number",4
"hamlets",4
"animal",4
"virginia",4
"researchers",4
"pickard",4
"stevenson",4
"indians",4
"using",4
"evidenced",4
"varied",4
"loehle",4
"unified",4
"defined",4
"association",4
"summary",4
"observation",4
"supported",4
"modeling",4
"corn",4
"ethnology",4
"should",4
"termed",4
"paleoethnobotany",3
"carved",3
"undoubtedly",3
"generated",3
"keller",3
"represent",3
"northeast",3
"tucson",3
"conducted",3
"mahaney",3
"ways",3
"decade",3
"geometric",3
"equated",3
"occurred",3
"source",3
"davis",3
"exclusive",3
"originally",3
"wray",3
"georgia",3
"available",3
"leading",3
"styles",3
"last",3
"blackwell",3
"access",3
"reading",3
"system",3
"occasional",3
"agriculture",3
"apple",3
"design",3
"logical",3
"fritz",3
"consumed",3
"A?",3
"charnel",3
"historically",3
"blades",3
"component",3
"heightened",3
"nor",3
"ericksen",3
"serving",3
"single",3
"even",3
"geometry",3
"neff",3
"westport",3
"statements",3
"how",3
"basic",3
"levels",3
"johnston",3
"subsistence",3
"landscapes",3
"derived",3
"generating",3
"productive",3
"changes",3
"branch",3
"presumably",3
"just",3
"articulated",3
"too",3
"beyond",3
"permanent",3
"stoltman",3
"personalized",3
"raw",3
"had",3
"result",3
"evolutionary",3
"behavioral",3
"wiant",3
"density",3
"handbook",3
"ranking",3
"swinehart",3
"traits",3
"transactions",3
"focused",3
"appears",3
"viewed",3
"residential",3
"ford",3
"technical",3
"failure",3
"spheres",3
"decisions",3
"prompted",3
"london",3
"related",3
"during",3
"expansive",3
"climatic",3
"mcgimsey",3
"structures",3
"alliance",3
"my",3
"excavated",3
"working",3
"characteristics",3
"decline",3
"articulation",3
"jakes",3
"value",3
"will",3
"microwear",3
"second",3
"materials",3
"located",3
"expansion",3
"transition",3
"chieftaincy",3
"framing",3
"indicates",3
"paint",3
"settings",3
"engineering",3
"biological",3
"competition",3
"interpretation",3
"continuity",3
"restricted",3
"us",3
"neither",3
"marshall",3
"ams",3
"light",3
"byers",3
"ethnographic",3
"noted",3
"baby",3
"toward",3
"turner",3
"conceived",3
"mckern",3
"consideration",3
"areas",3
"figurines",3
"sullivan",3
"schlarb",3
"present",3
"where",3
"kozarek",3
"existing",3
"see",3
"gender",3
"baerreis",3
"perhaps",3
"vogel",3
"flint",3
"glyphs",3
"valleys",3
"remained",3
"langlois",3
"holt",3
"trends",3
"empirical",3
"significant",3
"food",3
"rivers",3
"spurlock",3
"approach",3
"harvard",3
"evolution",3
"rare",3
"examination",3
"previous",3
"mayan",3
"three",3
"mt",3
"taxonomic",3
"architectural",3
"characterized",3
"like",3
"spread",3
"function",3
"plant",3
"obtained",3
"course",3
"pinson",3
"procurement",3
"systems",3
"expand",3
"wi",3
"vickery",3
"species",3
"road",3
"mckenzie",3
"ideology",3
"monuments",3
"directions",3
"importantly",3
"merwe",3
"life",3
"miami",3
"strides",3
"implies",3
"supporting",3
"thick",3
"environment",3
"ethnological",3
"extensive",3
"continues",3
"physical",3
"temporal",3
"organizational",3
"geoarchaeology",3
"der",3
"encourages",3
"mutually",3
"country",3
"scuilli",3
"regard",3
"linked",3
"climate",3
"options",3
"places",3
"explanations",3
"agricultural",3
"seasonal",3
"while",3
"women",3
"suggests",3
"emphasis",3
"finished",3
"little",3
"recognition",3
"marked",3
"surveys",3
"techniques",3
"putnam",3
"national",3
"temperature",3
"public",3
"manufacture",3
"smaller",3
"heartland",3
"variously",3
"tobacco",3
"madison",3
"enclosure",3
"increased",3
"willoughby",3
"substantial",3
"sciences",3
"given",3
"focus",3
"peabody",3
"capitolium",3
"building",3
"broader",3
"built",3
"household",3
"odell",3
"hypothesis",3
"tainter",2
"gis",2
"margins",2
"common",2
"way",2
"activation",2
"glascock",2
"nest",2
"functional",2
"climax",2
"dash",2
"episodes",2
"titterington",2
"taber",2
"transportation",2
"agency",2
"identify",2
"multifaceted",2
"formed",2
"likely",2
"sets",2
"postprocessual",2
"modern",2
"exotica",2
"boulder",2
"recreation",2
"presents",2
"holding",2
"freeman",2
"accomplishments",2
"territorial",2
"pioneers",2
"brashler",2
"test",2
"diffusion",2
"kennedy",2
"posed",2
"logistic",2
"might",2
"opted",2
"lazazzera",2
"emerged",2
"seems",2
"words",2
"principles",2
"textiles",2
"own",2
"flotation",2
"macneish",2
"thank",2
"wade",2
"normative",2
"napoleon",2
"substantive",2
"closer",2
"subsequent",2
"migrated",2
"jarrod",2
"somewhat",2
"wagner",2
"dd",2
"nomadic",2
"posts",2
"documenting",2
"plains",2
"westview",2
"missouri",2
"albeit",2
"primary",2
"sought",2
"trophy",2
"stance",2
"activity",2
"establishing",2
"feinman",2
"insight",2
"fowles",2
"rodrigues",2
"point",2
"dragoo",2
"decoding",2
"establishment",2
"discontinuation",2
"cited",2
"dynamic",2
"horticultural",2
"negotiation",2
"economies",2
"silverberg",2
"warfare",2
"behavior",2
"fowke",2
"diversity",2
"framework",2
"exist",2
"conflict",2
"accessible",2
"throughout",2
"exemplifying",2
"review",2
"cemeteries",2
"alignments",2
"hydration",2
"development",2
"neighbor",2
"attest",2
"quality",2
"interest",2
"forgotten",2
"passage",2
"application",2
"cf",2
"materially",2
"media",2
"topic",2
"century",2
"z",2
"rank",2
"elements",2
"evident",2
"parker",2
"concerning",2
"served",2
"crowell",2
"kinship",2
"publications",2
"alliances",2
"drawn",2
"tend",2
"bennett",2
"traditions",2
"influence",2
"rates",2
"poorly",2
"confluence",2
"hamlet",2
"oxford",2
"interesting",2
"philadelphia",2
"hofman",2
"whose",2
"essential",2
"reflects",2
"aveni",2
"main",2
"sensing",2
"mcgregor",2
"abundance",2
"landscape",2
"environments",2
"risk",2
"enriched",2
"animals",2
"means",2
"understand",2
"esoteric",2
"possibly",2
"wisseman",2
"dated",2
"represented",2
"house",2
"argued",2
"frequently",2
"upper",2
"squier",2
"recovered",2
"bender",2
"soday",2
"defines",2
"amount",2
"decades",2
"management",2
"appear",2
"steinhilper",2
"nonanalytic",2
"supplemented",2
"basin",2
"search",2
"schweikart",2
"richmond",2
"reidhead",2
"relating",2
"effort",2
"initial",2
"jeske",2
"furthermore",2
"recently",2
"cannot",2
"placed",2
"dna",2
"magrath",2
"absolute",2
"explain",2
"approached",2
"hynes",2
"wide",2
"yoffee",2
"possibility",2
"deconstructing",2
"nearest",2
"prominent",2
"part",2
"tributary",2
"positions",2
"description",2
"sodalities",2
"used",2
"realm",2
"art",2
"rituals",2
"transported",2
"ethnohistoric",2
"occupied",2
"haven",2
"mineralogical",2
"towards",2
"earth",2
"legacy",2
"revolution",2
"stage",2
"tested",2
"coupled",2
"discourse",2
"emphasizes",2
"dillehay",2
"excavation",2
"bank",2
"involved",2
"around",2
"cowgill",2
"waring",2
"purdue",2
"essentially",2
"villages",2
"seeds",2
"reeves",2
"majority",2
"hayden",2
"results",2
"deer",2
"humanistic",2
"concomitant",2
"haas",2
"analytic",2
"hatch",2
"processual",2
"typified",2
"san",2
"quarry",2
"power",2
"cosmological",2
"identified",2
"cessation",2
"muskingum",2
"logically",2
"knight",2
"collection",2
"classic",2
"cole",2
"comments",2
"childe",2
"selection",2
"southeast",2
"reference",2
"represents",2
"thought",2
"catlinite",2
"challenged",2
"planned",2
"collectively",2
"watson",2
"same",2
"shifting",2
"wright",2
"largest",2
"williams",2
"published",2
"skeletons",2
"members",2
"leader",2
"pollack",2
"aspect",2
"paul",2
"law",2
"houston",2
"others",2
"tremendous",2
"paleobotanical",2
"water",2
"longer",2
"idea",2
"hollow",2
"secondary",2
"praeger",2
"fundamental",2
"minnesota",2
"smart",2
"mangold",2
"supralocal",2
"personal",2
"farming",2
"doubt",2
"schurr",2
"outside",2
"took",2
"tier",2
"contextualizing",2
"clusters",2
"accepted",2
"necessary",2
"deep",2
"archaeoloev",2
"reflected",2
"wood",2
"maya",2
"degree",2
"another",2
"original",2
"demonstrated",2
"aggregation",2
"remote",2
"carneiro",2
"discussion",2
"mounded",2
"upon",2
"limitations",2
"including",2
"detailed",2
"entirely",2
"earspools",2
"sequence",2
"willey",2
"variables",2
"real",2
"laboratory",2
"radiocarbon",2
"price",2
"involves",2
"described",2
"trade",2
"templates",2
"lakes",2
"co",2
"times",2
"seltzer",2
"skulls",2
"creating",2
"cache",2
"mexico",2
"ge",2
"serves",2
"stages",2
"ecology",2
"after",2
"preservation",2
"martin",2
"latter",2
"internal",2
"craft",2
"become",2
"interpretations",2
"anderson",2
"january",2
"patterson",2
"equivalent",2
"burials",2
"attention",2
"chert",2
"factors",2
"suggestion",2
"dead",2
"aid",2
"bureau",2
"continued",2
"maps",2
"entity",2
"institutions",2
"seen",2
"began",2
"effectively",2
"markers",2
"sequences",2
"recognize",2
"ceremonialism",2
"linking",2
"volumes",2
"why",2
"responsible",2
"sharp",2
"hope",2
"exists",2
"earliest",2
"considered",2
"hancock",2
"addressed",2
"preclude",2
"simply",2
"wear",2
"geographic",2
"posey",2
"solidly",2
"bioarchaeological",2
"carbondale",2
"rocky",2
"offers",2
"blosser",2
"minerals",2
"weymouth",2
"control",2
"hamilton",2
"global",2
"best",2
"half",2
"wall",2
"eventually",2
"powell",2
"far",2
"fecht",2
"pollock",2
"hilltops",2
"explicitly",2
"placing",2
"thompson",2
"hooton",2
"living",2
"assessment",2
"better",2
"respect",2
"person",2
"growing",2
"proceedings",2
"circles",2
"harn",2
"langen",2
"references",2
"firmly",2
"transaction",2
"utilitarian",2
"complexity",2
"periphery",2
"migrations",2
"episode",2
"grand",2
"gatherings",2
"occasionally",2
"atwater",2
"springboard",2
"introduced",2
"practices",2
"whittlesey",2
"lies",2
"measure",2
"necessitate",2
"descendent",2
"sabloff",2
"harrison",2
"wild",2
"inclusiveness",2
"argument",2
"known",2
"generate",2
"kerr",2
"neutron",2
"chemical",2
"staging",2
"geoarchaeological",2
"rakita",2
"contributed",2
"instead",2
"define",2
"usa",2
"discounted",2
"measured",2
"computer",2
"enclosed",2
"intentional",2
"assumed",2
"km",2
"pathways",2
"beck",2
"still",2
"massive",2
"montetwhite",2
"experiential",2
"element",2
"seek",2
"comparable",2
"virtue",2
"doing",2
"roles",2
"predicated",2
"otto",2
"major",2
"arizona",2
"final",1
"difficult",1
"hinders",1
"entities",1
"infrared",1
"silverman",1
"now",1
"housing",1
"lis",1
"shovel",1
"explosion",1
"amplify",1
"stimuli",1
"done",1
"paralleled",1
"hallmarks",1
"presettlement",1
"prefer",1
"edge",1
"forty",1
"samples",1
"usurped",1
"indicated",1
"warming",1
"arrh",1
"conjoined",1
"imported",1
"strives",1
"ozier",1
"broadest",1
"separated",1
"iowa",1
"elliot",1
"extend",1
"expedition",1
"mysteries",1
"uplands",1
"goodall",1
"madsen",1
"measures",1
"alone",1
"mountains",1
"enclosing",1
"hallucinogens",1
"manuscript",1
"unevenly",1
"debris",1
"jennison",1
"scheetz",1
"needed",1
"mesoamerica",1
"engendering",1
"rick",1
"graphic",1
"ana",1
"combining",1
"offerings",1
"myth",1
"confidence",1
"imperfection",1
"essays",1
"prime",1
"entries",1
"reflections",1
"join",1
"informative",1
"evocative",1
"true",1
"remnants",1
"spool",1
"nuts",1
"bias",1
"conjectures",1
"expressway",1
"rediscovered",1
"compilation",1
"park",1
"notwithstanding",1
"boivin",1
"A eaiments",1
"spirit",1
"arrheolopv",1
"policy",1
"position",1
"cycles",1
"pedestrian",1
"potentials",1
"locale",1
"necessarily",1
"organic",1
"mansky",1
"predicting",1
"inequality",1
"paleoethnobotanical",1
"replicate",1
"areal",1
"before",1
"detailing",1
"exceptions",1
"russell",1
"blade",1
"classifies",1
"edu",1
"eye",1
"revision",1
"nonetheless",1
"chief",1
"descriptions",1
"annals",1
"discounting",1
"contextualizes",1
"basil",1
"interestingly",1
"nonresidential",1
"clair",1
"hints",1
"themes",1
"mitigated",1
"experience",1
"fluctuations",1
"file",1
"personae",1
"said",1
"consistent",1
"overcoming",1
"upland",1
"explaining",1
"beneficial",1
"permanence",1
"rediscovering",1
"buffalo",1
"walters",1
"surficial",1
"egos",1
"specifically",1
"revisited",1
"ghosh",1
"rljA?A?",1
"universitv",1
"contingent",1
"steady",1
"attempts",1
"taken",1
"debating",1
"culturally",1
"motivations",1
"contrasted",1
"planting",1
"rapid",1
"prerequisite",1
"secretary",1
"astronomical",1
"palynological",1
"utilization",1
"articulate",1
"shortage",1
"conservancy",1
"diseases",1
"sustainable",1
"experiments",1
"altering",1
"gary",1
"confirmed",1
"latent",1
"regrettable",1
"physiographic",1
"kern",1
"springe",1
"keener",1
"scientists",1
"wooden",1
"homestead",1
"suggesting",1
"biehl",1
"hambacher",1
"display",1
"farmers",1
"centering",1
"rich",1
"cordage",1
"aesthetic",1
"found",1
"government",1
"vanishing",1
"link",1
"thanks",1
"berres",1
"composition",1
"ceremonies",1
"renfrew",1
"commitment",1
"resulting",1
"take",1
"deemed",1
"noms",1
"nonverbal",1
"achieved",1
"pauketat",1
"embrace",1
"aun",1
"patterned",1
"vegetation",1
"inferring",1
"fractions",1
"skull",1
"date",1
"emphasized",1
"concepts",1
"rockshelters",1
"twenhafel",1
"peg",1
"snyders",1
"el",1
"cherry",1
"pretense",1
"debitage",1
"depends",1
"episodically",1
"british",1
"springei",1
"takes",1
"milwaukee",1
"geologic",1
"linear",1
"connoting",1
"identities",1
"knutsson",1
"recorded",1
"mch",1
"owing",1
"anthropologists",1
"key",1
"keegan",1
"capacity",1
"continuum",1
"hopewelhan",1
"celts",1
"masked",1
"comprising",1
"draw",1
"rests",1
"geophysical",1
"motivating",1
"oliioarchaeology",1
"societas",1
"changed",1
"tonetti",1
"account",1
"baum",1
"trowbridge",1
"occupying",1
"prior",1
"methodologies",1
"politics",1
"omissions",1
"ethical",1
"paucity",1
"soils",1
"woodworks",1
"bibliography",1
"greene",1
"vital",1
"kinnes",1
"apart",1
"taking",1
"combination",1
"desired",1
"variations",1
"disparities",1
"processes",1
"cautious",1
"resources",1
"quantity",1
"painfully",1
"fluorescence",1
"crypts",1
"compares",1
"representing",1
"jA?",1
"dufresne",1
"horticulturalists",1
"identifies",1
"measurement",1
"philo",1
"perturbations",1
"tied",1
"penetrate",1
"inventory",1
"signal",1
"write",1
"hudson",1
"stress",1
"ranked",1
"labor",1
"regarding",1
"ends",1
"goal",1
"phase",1
"antiauirv",1
"humanized",1
"astronomers",1
"differential",1
"leigh",1
"harcourt",1
"moved",1
"relationships",1
"curated",1
"explained",1
"estimating",1
"spectrum",1
"difficulties",1
"fftntfir",1
"counterpoint",1
"pursue",1
"neitzel",1
"bosque",1
"longevity",1
"computerized",1
"due",1
"dominated",1
"precipitous",1
"furthering",1
"grabert",1
"fissioning",1
"implicating",1
"integral",1
"medio",1
"millennium",1
"danube",1
"riverton",1
"ear",1
"concentrations",1
"decided",1
"gendered",1
"contra",1
"petrography",1
"walter",1
"discerning",1
"participating",1
"famsworth",1
"overt",1
"fabrics",1
"tripartite",1
"expected",1
"exhausted",1
"guided",1
"turn",1
"estimates",1
"unity",1
"old",1
"speculative",1
"underlying",1
"fission",1
"clustering",1
"segmented",1
"upsaliensi",1
"averaging",1
"profound",1
"defensive",1
"bullock",1
"body",1
"highest",1
"response",1
"columbia",1
"inclusion",1
"annua",1
"bone",1
"effective",1
"witnessed",1
"truly",1
"estimate",1
"pipestone",1
"networks",1
"adams",1
"bonds",1
"nondomestic",1
"sincerely",1
"explore",1
"orni",1
"memoir",1
"deceased",1
"communication",1
"look",1
"waterways",1
"negating",1
"marital",1
"details",1
"longdistance",1
"bill",1
"oklahoma",1
"sacredness",1
"cosmic",1
"guard",1
"professionally",1
"understood",1
"babies",1
"sincere",1
"paralleling",1
"remind",1
"vantage",1
"posited",1
"languages",1
"collagen",1
"affiliations",1
"rights",1
"assessed",1
"steps",1
"sighting",1
"opposed",1
"mouton",1
"online",1
"categoric",1
"hero",1
"iva",1
"aborigines",1
"graphics",1
"endorse",1
"played",1
"tattoos",1
"improved",1
"magicians",1
"ml",1
"camp",1
"garvey",1
"drainages",1
"portrayed",1
"impetus",1
"centered",1
"generations",1
"developed",1
"adds",1
"district",1
"remain",1
"smoking",1
"mountain",1
"breadth",1
"geared",1
"rapids",1
"pilgrimages",1
"bloomineton",1
"subdivision",1
"active",1
"musculoskeletal",1
"js",1
"template",1
"opportunity",1
"blanks",1
"musculature",1
"probability",1
"persistent",1
"supplement",1
"rigor",1
"importance",1
"certain",1
"shawnee",1
"interacted",1
"scarry",1
"parts",1
"witness",1
"seasonality",1
"diameters",1
"summarized",1
"lipo",1
"mcelrath",1
"shell",1
"accounts",1
"shackley",1
"developments",1
"monumental",1
"honored",1
"interdependence",1
"obstructing",1
"marks",1
"kelly",1
"loren",1
"maiden",1
"dichotomy",1
"flexibility",1
"occupational",1
"statistical",1
"physically",1
"intellectually",1
"benefits",1
"descent",1
"intensive",1
"organized",1
"ashmore",1
"bit",1
"eschew",1
"semantics",1
"warren",1
"elsewhere",1
"numbers",1
"impact",1
"solidified",1
"discard",1
"contemporaries",1
"wilmsen",1
"ufeways",1
"northeastern",1
"allude",1
"weak",1
"age",1
"orientation",1
"four",1
"gero",1
"commonly",1
"montgomery",1
"experienced",1
"linguistics",1
"gourdus",1
"additional",1
"embedded",1
"surface",1
"connecting",1
"isolation",1
"followed",1
"notions",1
"modeled",1
"comparisons",1
"spiritual",1
"evaluation",1
"cost",1
"epiphenomenon",1
"putting",1
"chronometrie",1
"ceremony",1
"requires",1
"painted",1
"reconsideration",1
"meppen",1
"taffinder",1
"bruno",1
"mainstay",1
"inaa",1
"sod",1
"helped",1
"flow",1
"antecedents",1
"adapting",1
"drawing",1
"myths",1
"ha",1
"nebraska",1
"osteological",1
"constructive",1
"reclassified",1
"artistic",1
"anthropologically",1
"diachronic",1
"expressed",1
"anthropometry",1
"uses",1
"ou",1
"dispersive",1
"mount",1
"participants",1
"http",1
"crystallizing",1
"location",1
"kegan",1
"histories",1
"rule",1
"subdiscipline",1
"moundbuilder",1
"moon",1
"demise",1
"geometers",1
"begun",1
"disaggregation",1
"farmsteads",1
"midden",1
"flanders",1
"orsaniiation",1
"conspicuous",1
"economics",1
"typify",1
"discrete",1
"iconographie",1
"ocean",1
"circa",1
"benign",1
"allowing",1
"multiscalar",1
"bluegrass",1
"emerge",1
"brace",1
"emotionally",1
"philosophical",1
"foradas",1
"respects",1
"circulation",1
"ransborg",1
"outset",1
"equal",1
"elemental",1
"bryson",1
"buried",1
"caves",1
"rightfully",1
"hinterland",1
"reviews",1
"keywords",1
"indirect",1
"ofethnobotany",1
"produced",1
"devoid",1
"wasteful",1
"intensity",1
"wherein",1
"detecting",1
"excellent",1
"nonmortuary",1
"qAR",1
"wealth",1
"shamanism",1
"ritualism",1
"heterarchic",1
"counties",1
"required",1
"availability",1
"overpopulation",1
"st",1
"simulations",1
"near",1
"information",1
"operationalized",1
"producing",1
"outstanding",1
"shape",1
"lost",1
"gained",1
"directly",1
"arcnitectura",1
"none",1
"having",1
"designating",1
"participation",1
"expansionary",1
"basis",1
"charred",1
"seminal",1
"pima",1
"gatherers",1
"inferred",1
"planning",1
"douglas",1
"scope",1
"received",1
"strict",1
"instituted",1
"hairstyles",1
"floodplain",1
"nondiachronic",1
"leads",1
"characterization",1
"sassaman",1
"humanizing",1
"precepts",1
"fulton",1
"reserve",1
"transcended",1
"weinberger",1
"sedili",1
"patterning",1
"tune",1
"restructuring",1
"surprise",1
"parameters",1
"viewshed",1
"constructs",1
"continuation",1
"utilized",1
"consistently",1
"refined",1
"subtly",1
"relevance",1
"marietta",1
"actually",1
"cluster",1
"stimulate",1
"irving",1
"device",1
"call",1
"intra",1
"away",1
"reflect",1
"systematic",1
"participate",1
"predominance",1
"fieldwork",1
"reconstructing",1
"taxman",1
"tA s",1
"ethnicity",1
"memoirs",1
"connections",1
"polity",1
"textural",1
"attributed",1
"chemistry",1
"heuristic",1
"encounters",1
"refuse",1
"errors",1
"either",1
"traders",1
"uniqueness",1
"arkansas",1
"aided",1
"crew",1
"www",1
"least",1
"interregional",1
"habitations",1
"carbon",1
"inmigration",1
"pluralism",1
"stela",1
"regardless",1
"contextualized",1
"fork",1
"tom",1
"fostered",1
"aggrandizement",1
"suggest",1
"involve",1
"abdelrehim",1
"trading",1
"next",1
"grass",1
"contrast",1
"mississippl",1
"hence",1
"emerging",1
"long",1
"goldstein",1
"iyy",1
"mineral",1
"knives",1
"highly",1
"choose",1
"components",1
"temporary",1
"offering",1
"isotopes",1
"civic",1
"gene",1
"mcrae",1
"attached",1
"ancestors",1
"success",1
"norris",1
"telling",1
"impossible",1
"yielded",1
"dipaolo",1
"division",1
"interregionalism",1
"fully",1
"progress",1
"aside",1
"purification",1
"manners",1
"kamnsvilie",1
"osteoarchaeology",1
"integrative",1
"distinguishing",1
"roots",1
"relic",1
"subgroups",1
"notes",1
"enormously",1
"structured",1
"diminished",1
"flamboyance",1
"developmental",1
"skill",1
"lincoln",1
"theler",1
"bergen",1
"valuable",1
"gordon",1
"activities",1
"behalf",1
"content",1
"lend",1
"input",1
"subsequently",1
"latore",1
"garnered",1
"hnuxp",1
"south",1
"span",1
"nassaney",1
"llc",1
"critical",1
"tasks",1
"transform",1
"conceptualizations",1
"nearby",1
"onset",1
"muskinghum",1
"variety",1
"owoc",1
"expanse",1
"implicitly",1
"letters",1
"pilgrimage",1
"indeed",1
"simplistically",1
"concentrated",1
"provenience",1
"multileveled",1
"econiche",1
"elizabeth",1
"return",1
"wait",1
"edges",1
"female",1
"portland",1
"fractured",1
"brings",1
"tropical",1
"step",1
"intensively",1
"esmeraldes",1
"pigott",1
"elusive",1
"specifying",1
"outmigration",1
"garden",1
"bedstraw",1
"interactions",1
"unprecedented",1
"watersheds",1
"covert",1
"aldine",1
"negate",1
"mcconaughy",1
"surveyed",1
"va",1
"cooler",1
"spectacular",1
"woodford",1
"vicinity",1
"about",1
"once",1
"metric",1
"overview",1
"uppsala",1
"modification",1
"edited",1
"relied",1
"unintended",1
"antiquarian",1
"patton",1
"permission",1
"contribute",1
"vs",1
"makes",1
"interment",1
"consuming",1
"rules",1
"cahokia",1
"acknowledgments",1
"serve",1
"neil",1
"counterparts",1
"array",1
"east",1
"seeing",1
"mobile",1
"formally",1
"walling",1
"coeval",1
"knoxville",1
"processing",1
"manufacturing",1
"lowland",1
"home",1
"enigmatic",1
"complete",1
"cogswell",1
"refine",1
"inferences",1
"nonhistoric",1
"indian",1
"jokisch",1
"conkey",1
"containing",1
"reliance",1
"frameworks",1
"geidel",1
"possibilities",1
"picture",1
"hallmark",1
"comparably",1
"knapp",1
"lee",1
"volume",1
"calumet",1
"infrastructural",1
"simulation",1
"evaluating",1
"resistance",1
"name",1
"museums",1
"klug",1
"temporarily",1
"technique",1
"business",1
"readjustment",1
"journey",1
"mark",1
"bullington",1
"pastes",1
"pangaea",1
"thresholds",1
"responsibilities",1
"rock",1
"financial",1
"latently",1
"crops",1
"campsites",1
"causality",1
"shows",1
"arlington",1
"creativity",1
"designing",1
"xii",1
"blocks",1
"recurrent",1
"importation",1
"weiler",1
"plan",1
"materialization",1
"beliefs",1
"appeared",1
"abstract",1
"taxonomy",1
"really",1
"omitted",1
"nonmetric",1
"feasting",1
"deleterious",1
"bundle",1
"nuntx",1
"minimize",1
"functionally",1
"discussed",1
"serious",1
"anne",1
"external",1
"algonquian",1
"interim",1
"match",1
"men",1
"dichotomized",1
"chronologic",1
"hand",1
"evoke",1
"promoted",1
"epigenetic",1
"crosscut",1
"layers",1
"purposes",1
"reestablishment",1
"establish",1
"compositional",1
"crop",1
"ultimately",1
"mitochondrial",1
"forth",1
"thermal",1
"dysfunctional",1
"above",1
"invitation",1
"chronologically",1
"teeth",1
"belief",1
"project",1
"routledge",1
"distance",1
"style",1
"paleoclimatic",1
"ipnlnov",1
"meinkoth",1
"lunar",1
"differentiation",1
"presentation",1
"bulletin",1
"provenance",1
"sterling",1
"empirically",1
"technologies",1
"greatest",1
"behaviors",1
"nuway",1
"investment",1
"vast",1
"compendia",1
"coherent",1
"robertson",1
"intent",1
"amburgey",1
"lands",1
"assemblages",1
"discovery",1
"chronologies",1
"values",1
"gracious",1
"writings",1
"formal",1
"deposits",1
"collections",1
"signaled",1
"enormous",1
"previously",1
"manufactured",1
"campsite",1
"sufficiently",1
"clustered",1
"sciulli",1
"epigraphic",1
"midohio",1
"findings",1
"tx",1
"waste",1
"expression",1
"doug",1
"touchstone",1
"complement",1
"unfortunately",1
"determining",1
"dye",1
"emphasize",1
"refers",1
"gilder",1
"leavenworth",1
"ideas",1
"products",1
"recovery",1
"engaged",1
"methodological",1
"hunted",1
"leverage",1
"purposeful",1
"office",1
"recruitment",1
"sumac",1
"necessitated",1
"pennsylvania",1
"kearney",1
"shriver",1
"examnle",1
"prospects",1
"arguably",1
"citing",1
"knowlton",1
"open",1
"compositions",1
"meanings",1
"reflector",1
"discovered",1
"transport",1
"equates",1
"situational",1
"accessed",1
"headway",1
"adding",1
"authors",1
"polarized",1
"obtaining",1
"tl",1
"accounted",1
"health",1
"essay",1
"nix",1
"mississippian",1
"christopher",1
"riverinewestern",1
"variant",1
"reviewers",1
"countries",1
"archaeolosv",1
"sidky",1
"features",1
"collected",1
"nolan",1
"distinction",1
"paths",1
"placements",1
"practiced",1
"probable",1
"renewal",1
"maher",1
"gardening",1
"siting",1
"anriftririin",1
"faith",1
"ridge",1
"overstate",1
"migrants",1
"societv",1
"weets",1
"comparing",1
"enough",1
"reconsider",1
"conspicuously",1
"construct",1
"floral",1
"imaginative",1
"parallel",1
"duration",1
"conduits",1
"hilltop",1
"glenn",1
"editors",1
"indiananoiis",1
"efficiency",1
"overcome",1
"topics",1
"sacred",1
"chiefdoms",1
"prefatory",1
"hunters",1
"capabilities",1
"implication",1
"norton",1
"travelers",1
"locales",1
"pipe",1
"attracted",1
"shamanic",1
"workshop",1
"figures",1
"browman",1
"versus",1
"saw",1
"egoistic",1
"nonmaize",1
"adaptive",1
"controversial",1
"louisiana",1
"dissonance",1
"achieve",1
"la",1
"opinions",1
"attended",1
"harnessing",1
"metrics",1
"hunt",1
"clearest",1
"bighorn",1
"compendium",1
"ranging",1
"farm",1
"trails",1
"deepens",1
"electric",1
"fifty",1
"individualism",1
"konigberg",1
"memorial",1
"paloumpis",1
"relationship",1
"imply",1
"me",1
"glass",1
"note",1
"particular",1
"processed",1
"provide",1
"figure",1
"elam",1
"kutzbach",1
"salient",1
"foreign",1
"macgregor",1
"contestation",1
"edxrf",1
"politically",1
"bound",1
"sitp",1
"ozaukee",1
"rephrased",1
"hierarchic",1
"embankment",1
"ironically",1
"vague",1
"exacerbated",1
"select",1
"novak",1
"recognizes",1
"heightens",1
"widespread",1
"male",1
"primarily",1
"trait",1
"referred",1
"dimensions",1
"attempted",1
"soul",1
"sattler",1
"deposit",1
"strongly",1
"rethinking",1
"yale",1
"bears",1
"compiles",1
"curation",1
"semiotic",1
"contribution",1
"wilson",1
"transformation",1
"nonmound",1
"covering",1
"paradigmatic",1
"figurine",1
"spanning",1
"komorowski",1
"nuance",1
"expectations",1
"precontact",1
"existed",1
"fall",1
"frontier",1
"antiquities",1
"table",1
"scholarship",1
"chachi",1
"composed",1
"education",1
"moieties",1
"extremely",1
"centuries",1
"morrow",1
"aboriginal",1
"itself",1
"cosmology",1
"arts",1
"problematic",1
"completeness",1
"interpretive",1
"sound",1
"mud",1
"investigate",1
"meant",1
"tribe",1
"biology",1
"middens",1
"atlas",1
"quantitative",1
"goldberg",1
"questioning",1
"sweden",1
"lineal",1
"deposited",1
"going",1
"singular",1
"mordecai",1
"civilizations",1
"conclusion",1
"archaeologies",1
"facilitator",1
"changing",1
"conjunction",1
"measurements",1
"locally",1
"ever",1
"economically",1
"mineralogy",1
"extension",1
"nonviolent",1
"implied",1
"vacant",1
"ultrasonic",1
"metzger",1
"sorts",1
"doi",1
"text",1
"phillips",1
"here",1
"wider",1
"hawk",1
"cousin",1
"twin",1
"butler",1
"mis",1
"defining",1
"dimension",1
"mass",1
"favorably",1
"stem",1
"gaps",1
"specialization",1
"guarding",1
"sheep",1
"michels",1
"different",1
"worth",1
"expanding",1
"distinctions",1
"connection",1
"falsely",1
"antiquarians",1
"did",1
"contextual",1
"surplus",1
"appendix",1
"dyed",1
"intrusive",1
"expense",1
"temper",1
"constructions",1
"surprisingly",1
"scenario",1
"visiting",1
"cooling",1
"post",1
"foundation",1
"alternatively",1
"toepfner",1
"tribes",1
"speculation",1
"countering",1
"sorineer",1
"audience",1
"brilliance",1
"generalized",1
"doms",1
"domesticated",1
"differed",1
"pachceo",1
"tracts",1
"distinctive",1
"contributory",1
"ovals",1
"armitage",1
"terminologie",1
"proxies",1
"industries",1
"demography",1
"consisted",1
"clarity",1
"lens",1
"drop",1
"dayton",1
"game",1
"foraging",1
"unlikely",1
"purchase",1
"horns",1
"lemons",1
"combined",1
"whether",1
"selected",1
"ion",1
"ones",1
"degradation",1
"orleans",1
"cause",1
"varying",1
"sociology",1
"conduct",1
"diego",1
"elaborations",1
"proven",1
"lein",1
"artifactual",1
"passed",1
"ceased",1
"mathematics",1
"tending",1
"cayapas",1
"predate",1
"repetitive",1
"her",1
"foundations",1
"thames",1
"prestige",1
"institute",1
"pursued",1
"dark",1
"balance",1
"maturing",1
"observations",1
"richness",1
"munson",1
"dedication",1
"lawrence",1
"permeated",1
"contain",1
"evanston",1
"integrating",1
"spaces",1
"bob",1
"presume",1
"socioeconomic",1
"portraits",1
"remember",1
"intense",1
"emergent",1
"org",1
"careful",1
"peace",1
"disparate",1
"refinement",1
"kin",1
"extending",1
"despite",1
"dee",1
"prospect",1
"micro",1
"confirm",1
"hieroglyphs",1
"diachronie",1
"dental",1
"sl",1
"hy",1
"ring",1
"intended",1
"maygrass",1
"ideologic",1
"agents",1
"assumptions",1
"encounter",1
"domesticates",1
"redirecting",1
"lab",1
"reconstruct",1
"arguments",1
"summarizes",1
"conversely",1
"families",1
"challenges",1
"allows",1
"maintained",1
"communicative",1
"definitions",1
"writing",1
"discontinued",1
"ecuador",1
"vaguely",1
"referential",1
"precision",1
"analysts",1
"connotes",1
"analogy",1
"examinations",1
"campus",1
"false",1
"perino",1
"formation",1
"devoted",1
"shown",1
"obliged",1
"radiometrie",1
"fi",1
"argues",1
"kernel",1
"referenced",1
"disposal",1
"duval",1
"contract",1
"biochemical",1
"camps",1
"conditions",1
"internally",1
"fibers",1
"finally",1
"accept",1
"trauma",1
"ended",1
"offer",1
"move",1
"posing",1
"americas",1
"fauna",1
"grown",1
"include",1
"salt",1
"integrated",1
"land",1
"retrospective",1
"linkage",1
"ecofactual",1
"need",1
"cautionary",1
"bear",1
"disruption",1
"spectrometry",1
"prosperity",1
"pathology",1
"siteand",1
"seeks",1
"forming",1
"inequalities",1
"centripetal",1
"membership",1
"highbanks",1
"presenting",1
"francisco",1
"ranged",1
"roughly",1
"maintaining",1
"anonymous",1
"offered",1
"territories",1
"vertebrate",1
"orchestrated",1
"reconsidering",1
"pioneering",1
"schiffer",1
"rest",1
"archaeologica",1
"classificatory",1
"plethora",1
"ensuring",1
"bottoms",1
"benton",1
"justify",1
"greenwich",1
"johnson",1
"lake",1
"temperatures",1
"pool",1
"norman",1
"cohesive",1
"deposition",1
"exclusively",1
"grppnp",1
"northwestern",1
"mortuaryrelated",1
"traditional",1
"gulf",1
"mismatch",1
"spectroscopy",1
"cavendish",1
"zones",1
"famous",1
"eponymously",1
"premature",1
"ca",1
"paleobotany",1
"close",1
"inventories",1
"deeper",1
"mapuche",1
"ernie",1
"thorough",1
