"WORDCOUNTS","WEIGHT"
"the",1050
"of",641
"in",441
"and",413
"inca",329
"a",226
"that",142
"to",133
"de",113
"on",95
"as",94
"is",90
"this",75
"state",74
"p",73
"was",72
"by",67
"from",66
"research",63
"j",61
"pp",60
"settlement",59
"data",57
"regional",57
"were",57
"archaeological",57
"press",57
"university",55
"coast",50
"for",49
"political",49
"c",48
"d",47
"an",46
"sites",46
"valley",45
"m",44
"area",44
"inka",43
"occupation",43
"with",43
"empire",41
"not",41
"at",37
"region",37
"stanish",36
"control",36
"archaeology",34
"s",33
"period",33
"la",31
"it",30
"y",30
"r",30
"eds",30
"local",30
"andean",30
"are",30
"titicaca",30
"be",30
"there",29
"e",29
"del",29
"t",29
"american",28
"late",28
"ed",28
"other",28
"new",28
"highlands",27
"peru",27
"economic",27
"historical",27
"evidence",27
"g",26
"basin",26
"el",25
"work",25
"these",25
"imperial",25
"history",24
"their",24
"but",24
"andes",23
"patterns",23
"have",23
"has",22
"site",22
"administrative",22
"early",22
"survey",21
"coastal",21
"organization",21
"or",21
"anthropology",21
"en",20
"rostworowski",20
"most",19
"morris",19
"many",19
"large",18
"one",18
"iowa",18
"some",18
"topic",18
"centers",18
"more",18
"scholars",18
"areas",18
"time",18
"pattern",18
"bauer",18
"pottery",18
"they",17
"central",17
"storage",17
"no",17
"l",17
"los",17
"diez",17
"documents",17
"strategies",17
"major",17
"into",16
"tradition",16
"i",16
"lima",16
"cultural",16
"schreiber",16
"its",16
"also",16
"economy",16
"both",16
"nature",15
"within",15
"cambridge",15
"during",15
"south",15
"southern",15
"murra",15
"different",15
"very",15
"studies",14
"york",14
"provincial",14
"horizon",14
"peruvian",14
"canseco",14
"been",14
"through",14
"between",14
"marcus",13
"production",13
"highland",13
"such",13
"matos",13
"than",13
"impact",13
"revista",13
"intermediate",13
"he",13
"k",13
"polities",13
"lake",13
"b",13
"antiquity",13
"anthropological",13
"built",13
"hyslop",12
"changes",12
"altroy",12
"well",12
"comparative",12
"two",12
"systems",12
"conquest",12
"we",12
"spanish",12
"menzel",12
"argues",12
"north",12
"surveys",11
"case",11
"development",11
"malpass",11
"may",11
"chincha",11
"based",11
"can",11
"however",11
"island",11
"populations",11
"expansion",11
"department",11
"power",11
"instituto",11
"where",11
"number",11
"willey",11
"theoretical",11
"huamachuco",11
"intensive",11
"analysis",11
"dissertation",11
"series",11
"over",11
"did",11
"city",11
"methodologies",10
"center",10
"throughout",10
"cases",10
"perspective",10
"his",10
"museum",10
"arqueologA-a",10
"dc",10
"tiwanaku",10
"rule",10
"province",10
"moquegua",10
"reorganization",10
"earlier",10
"ecological",10
"colonial",10
"washington",10
"conquered",10
"much",10
"tambos",9
"h",9
"cuzco",9
"approaches",9
"archaeologists",9
"ph",9
"tawantinsuyu",9
"ethnohistorical",9
"sun",9
"similar",9
"direct",9
"provinces",9
"latin",9
"important",9
"estudios",9
"suggest",9
"contrast",9
"few",9
"julien",9
"short",9
"indicates",9
"roads",9
"v",9
"existing",9
"less",9
"use",9
"which",9
"exchange",9
"provide",9
"nacional",9
"each",9
"while",9
"world",9
"little",9
"sandweiss",9
"f",8
"complex",8
"vol",8
"prior",8
"incas",8
"oxford",8
"w",8
"agricultural",8
"had",8
"n",8
"out",8
"austin",8
"indirect",8
"used",8
"regions",8
"several",8
"smithsonian",8
"texas",8
"under",8
"reports",8
"fact",8
"road",8
"significant",8
"chillA3n",8
"institution",8
"means",8
"reconnaissance",8
"natural",8
"just",8
"our",8
"chile",8
"chicago",8
"earle",8
"sifuentes",7
"likewise",7
"first",7
"found",7
"sacred",7
"kind",7
"even",7
"established",7
"mathews",7
"international",7
"aztec",7
"et",7
"rowe",7
"polity",7
"perAo",7
"habitation",7
"oklahoma",7
"us",7
"ancient",7
"bar",7
"only",7
"covey",7
"style",7
"degree",7
"years",7
"interpretations",7
"northern",7
"who",7
"british",7
"any",7
"mantaro",7
"particularly",7
"sierra",7
"museo",7
"level",7
"silva",7
"states",7
"norman",7
"documentary",7
"billman",7
"conducted",6
"valle",6
"all",6
"great",6
"those",6
"system",6
"feinman",6
"far",6
"ritual",6
"controlled",6
"labor",6
"review",6
"excavations",6
"century",6
"process",6
"storehouses",6
"pampa",6
"record",6
"origins",6
"surface",6
"strategy",6
"view",6
"vine",6
"near",6
"future",6
"part",6
"indigenous",6
"structures",6
"field",6
"small",6
"up",6
"notes",6
"society",6
"about",6
"lack",6
"incorporation",6
"geography",6
"model",6
"see",6
"pease",6
"ecology",6
"analyzed",6
"understanding",6
"including",6
"described",6
"effect",6
"she",6
"le",6
"indicate",6
"construction",6
"itself",6
"colonists",6
"incorporated",6
"set",6
"assessment",6
"almost",6
"suggests",6
"altered",6
"americas",6
"land",6
"reorganized",6
"entire",6
"recent",6
"if",5
"later",5
"introduction",5
"settlements",5
"modern",5
"styles",5
"context",5
"urton",5
"prehispanic",5
"peruanos",5
"point",5
"along",5
"framework",5
"past",5
"cieza",5
"journal",5
"rather",5
"centralization",5
"empires",5
"prehistory",5
"specialization",5
"argued",5
"methodology",5
"prehistoric",5
"furthermore",5
"focused",5
"population",5
"osmore",5
"information",5
"characterization",5
"test",5
"database",5
"approach",5
"using",5
"architecture",5
"represents",5
"included",5
"historia",5
"al",5
"vini",5
"do",5
"ethnology",5
"california",5
"trade",5
"discovered",5
"so",5
"snead",5
"high",5
"mexico",5
"collected",5
"distinction",5
"note",5
"un",5
"abandonment",5
"following",5
"leA3n",5
"tambo",5
"sampling",5
"domestic",5
"ideological",5
"utilized",5
"qualitatively",5
"terms",5
"theory",5
"middle",5
"administration",5
"territory",5
"varied",5
"models",5
"difference",5
"although",5
"altiplano",5
"texts",5
"strong",5
"broader",5
"hocquenghem",4
"way",4
"netherly",4
"tokvo",4
"kinds",4
"excavation",4
"military",4
"seems",4
"words",4
"rich",4
"cerro",4
"designs",4
"sociedad",4
"autonomous",4
"household",4
"collapse",4
"santa",4
"drainage",4
"publications",4
"valleys",4
"permits",4
"huA!nuco",4
"developed",4
"collasuyu",4
"angeles",4
"levels",4
"contributions",4
"study",4
"von",4
"ecuador",4
"instance",4
"suggested",4
"greater",4
"result",4
"moon",4
"frye",4
"academic",4
"michigan",4
"intensity",4
"fish",4
"colonies",4
"reconnaissances",4
"reinhard",4
"brought",4
"people",4
"systematic",4
"good",4
"change",4
"least",4
"around",4
"presence",4
"core",4
"describes",4
"espinoza",4
"provided",4
"periods",4
"processual",4
"territorial",4
"pilgrimage",4
"hayashida",4
"santoro",4
"already",4
"noted",4
"frameworks",4
"social",4
"vega",4
"towns",4
"contemporary",4
"hastorf",4
"coincident",4
"bulletin",4
"increase",4
"elite",4
"empirical",4
"real",4
"characterized",4
"like",4
"general",4
"provides",4
"assessing",4
"ethnohistory",4
"european",4
"impressive",4
"imperialism",4
"environment",4
"must",4
"known",4
"constructed",4
"know",4
"intellectual",4
"paper",4
"specialized",4
"key",4
"conrad",4
"her",4
"lynch",4
"caA?ete",4
"junin",4
"lupaqa",4
"seddon",4
"colla",4
"kingdom",4
"include",4
"define",4
"elites",4
"substantial",4
"abandoned",4
"zones",4
"editorial",4
"difficult",3
"fortified",3
"groups",3
"created",3
"market",3
"administered",3
"miguel",3
"systematically",3
"western",3
"occurred",3
"before",3
"descriptions",3
"pioneers",3
"contexts",3
"certainly",3
"shrine",3
"processes",3
"pampas",3
"albarracinjordan",3
"assess",3
"azul",3
"calderari",3
"chroniclers",3
"religion",3
"help",3
"ordenanzas",3
"principal",3
"sociopolitical",3
"discipline",3
"papers",3
"alto",3
"existence",3
"sought",3
"sixteenth",3
"fomciencias",3
"foreigners",3
"moseley",3
"establishment",3
"vaca",3
"economies",3
"hudson",3
"exist",3
"conflict",3
"xauxa",3
"masuda",3
"differential",3
"relationships",3
"southwestern",3
"since",3
"scarce",3
"adopted",3
"distinct",3
"evident",3
"canal",3
"profound",3
"amount",3
"back",3
"served",3
"garcilaso",3
"inkawasi",3
"bolivia",3
"generation",3
"arqueolA3gicas",3
"van",3
"mechanisms",3
"pacific",3
"essential",3
"without",3
"landscape",3
"killke",3
"factors",3
"plog",3
"river",3
"emergence",3
"cobo",3
"carhuarazo",3
"upper",3
"alta",3
"wachtel",3
"viejo",3
"royal",3
"peruana",3
"could",3
"histories",3
"typical",3
"recognize",3
"owen",3
"though",3
"appears",3
"viewed",3
"biases",3
"placed",3
"universidad",3
"hierarchies",3
"stations",3
"knowledge",3
"whole",3
"place",3
"policies",3
"broad",3
"ethnohistoric",3
"gonzA!lez",3
"project",3
"status",3
"working",3
"stage",3
"tested",3
"politically",3
"consolidation",3
"when",3
"ovalle",3
"massive",3
"geographical",3
"will",3
"therefore",3
"san",3
"minor",3
"variety",3
"andina",3
"materials",3
"indeed",3
"located",3
"techniques",3
"transition",3
"islands",3
"intensively",3
"still",3
"estado",3
"movement",3
"guarnan",3
"surveyed",3
"relied",3
"chungarA!",3
"coverage",3
"paradox",3
"same",3
"kowalewski",3
"issues",3
"niles",3
"titikala",3
"others",3
"pumpu",3
"present",3
"forth",3
"material",3
"perhaps",3
"shifts",3
"demonstrated",3
"redman",3
"rio",3
"examples",3
"una",3
"upon",3
"harvard",3
"questions",3
"muA?oz",3
"soriano",3
"would",3
"vA!squez",3
"ann",3
"patterson",3
"probably",3
"differ",3
"arbor",3
"widely",3
"fifty",3
"relationship",3
"vertical",3
"began",3
"wilson",3
"littoral",3
"life",3
"existed",3
"centuries",3
"poma",3
"associated",3
"ayala",3
"civilizations",3
"complexity",3
"mentioned",3
"precise",3
"costin",3
"garrisons",3
"best",3
"intrusive",3
"argue",3
"siglos",3
"goods",3
"differed",3
"revel",3
"cusco",3
"what",3
"unique",3
"them",3
"particular",3
"imposed",3
"dearborn",3
"thames",3
"installations",3
"minimal",3
"size",3
"incaico",3
"bray",3
"given",3
"arica",3
"role",3
"phenomenon",3
"sistema",3
"andino",3
"question",3
"promoted",3
"consumption",3
"heartland",3
"territories",3
"potential",3
"peabody",3
"building",3
"resources",3
"tokyo",2
"does",2
"o",2
"sadowski",2
"imported",2
"affected",2
"shrines",2
"trans",2
"chilena",2
"alone",2
"mountains",2
"ayacucho",2
"cerA!micos",2
"properly",2
"designed",2
"authority",2
"true",2
"monolithic",2
"former",2
"policy",2
"reduced",2
"unlike",2
"hatun",2
"total",2
"cornell",2
"princeton",2
"various",2
"lower",2
"either",2
"sources",2
"universitv",2
"chiswell",2
"taken",2
"culturally",2
"statecraft",2
"might",2
"address",2
"steadman",2
"onofre",2
"principles",2
"book",2
"available",2
"scarr",2
"advantage",2
"wirth",2
"imperio",2
"carnegie",2
"integrate",2
"improved",2
"greatly",2
"raised",2
"reworking",2
"keatinge",2
"cuenca",2
"botanical",2
"recorded",2
"historians",2
"stanA?sh",2
"primary",2
"america",2
"agriculture",2
"inga",2
"design",2
"buren",2
"possible",2
"marked",2
"illustrate",2
"drive",2
"above",2
"orthogonal",2
"margolies",2
"tribute",2
"goal",2
"boliviana",2
"includes",2
"documento",2
"immediate",2
"silent",2
"terraces",2
"intact",2
"relatively",2
"estilos",2
"forced",2
"subacuA!ticas",2
"unity",2
"sanders",2
"underlying",2
"fig",2
"ha",2
"ithaca",2
"compulsory",2
"handbook",2
"left",2
"fieldiana",2
"communication",2
"traditions",2
"castro",2
"antropologA-a",2
"nuanced",2
"influence",2
"costa",2
"profoundly",2
"town",2
"bonavia",2
"grid",2
"generations",2
"how",2
"remain",2
"premodern",2
"basic",2
"donnan",2
"arze",2
"paz",2
"importance",2
"grew",2
"certain",2
"eisenstadt",2
"producciones",2
"sanctuary",2
"ammerman",2
"monuments",2
"developments",2
"locally",2
"dichotomy",2
"sum",2
"air",2
"communities",2
"rice",2
"exploitation",2
"plenum",2
"coca",2
"grupos",2
"whereas",2
"diachronic",2
"distribution",2
"societies",2
"inherent",2
"called",2
"access",2
"intellectuals",2
"prehispA!nica",2
"base",2
"kinship",2
"luttwak",2
"santuarios",2
"detected",2
"fishermen",2
"chicama",2
"arqueolA3gico",2
"wari",2
"franco",2
"approached",2
"facilities",2
"dumbarton",2
"method",2
"criteria",2
"because",2
"vizguerra",2
"intense",2
"tool",2
"london",2
"chiquitoy",2
"dynasties",2
"travel",2
"oaks",2
"inkas",2
"piazza",2
"personal",2
"stanford",2
"chuquimia",2
"staple",2
"published",2
"steward",2
"valles",2
"describing",2
"indicators",2
"order",2
"dillehay",2
"long",2
"autonomy",2
"executed",2
"arquitectura",2
"villages",2
"methodological",2
"annual",2
"jordan",2
"chimu",2
"paid",2
"tschopik",2
"roots",2
"frontera",2
"chronological",2
"institut",2
"identified",2
"incaicos",2
"reconstruction",2
"echoing",2
"make",2
"expanded",2
"comments",2
"strategic",2
"guide",2
"competition",2
"yet",2
"interpretation",2
"technology",2
"compiled",2
"national",2
"homogeneous",2
"infrastructure",2
"culture",2
"tschudi",2
"largest",2
"pisco",2
"williams",2
"picture",2
"useful",2
"qosqo",2
"birthplace",2
"ramA-rez",2
"again",2
"similarly",2
"efforts",2
"joyce",2
"underestimated",2
"occupations",2
"utilizing",2
"larger",2
"centinela",2
"anthropologist",2
"paris",2
"purposes",2
"establish",2
"hassig",2
"origin",2
"native",2
"ziA3lkowski",2
"catarpe",2
"collier",2
"investigators",2
"pacariqtambo",2
"own",2
"made",2
"range",2
"previously",2
"asentamiento",2
"torata",2
"valcA!rcel",2
"largely",2
"rivers",2
"virtually",2
"ynga",2
"ethnic",2
"evolution",2
"rare",2
"paredones",2
"redistributive",2
"sees",2
"cultura",2
"significance",2
"comprehensive",2
"peripheral",2
"urbanism",2
"neoevolutionary",2
"histA3rica",2
"seA?orA-os",2
"interpret",2
"individual",2
"times",2
"architectural",2
"puno",2
"features",2
"mountain",2
"accurate",2
"probable",2
"preservation",2
"cambios",2
"comparing",2
"problems",2
"craft",2
"stand",2
"recoverable",2
"xvi",2
"structure",2
"hatuncolla",2
"terracing",2
"gasparini",2
"versus",2
"concluded",2
"fostered",2
"space",2
"ACtnicos",2
"entail",2
"archipelago",2
"santillana",2
"bureau",2
"continued",2
"ideology",2
"americanist",2
"altitude",2
"wiener",2
"institutions",2
"detailed",2
"returned",2
"shimada",2
"parsons",2
"ramirez",2
"fe",2
"fields",2
"silverblatt",2
"lago",2
"considered",2
"wanka",2
"supply",2
"sections",2
"school",2
"authorities",2
"rarely",2
"historian",2
"dispersed",2
"mundo",2
"asentamientos",2
"simply",2
"extensive",2
"aymara",2
"totality",2
"rivero",2
"carbondale",2
"here",2
"colorado",2
"defining",2
"ilo",2
"finance",2
"nobility",2
"variable",2
"contextual",2
"down",2
"clearly",2
"reflected",2
"hilltops",2
"distinctive",2
"las",2
"believed",2
"romero",2
"according",2
"preexisting",2
"whether",2
"ones",2
"nearby",2
"maintain",2
"squier",2
"baudin",2
"ustariz",2
"huge",2
"calendars",2
"etnia",2
"lucanas",2
"ruled",2
"centro",2
"became",2
"variability",2
"asessment",2
"challenges",2
"indians",2
"caiamarca",2
"rosaldo",2
"formation",2
"argument",2
"intensified",2
"advent",2
"illinois",2
"argentina",2
"twentieth",2
"numerous",2
"instead",2
"sur",2
"unified",2
"defined",2
"seeks",2
"nonmarket",2
"chimor",2
"nonhabitation",2
"remains",2
"chavez",2
"association",2
"shift",2
"comparison",2
"km",2
"reached",2
"pachacamac",2
"seek",2
"should",2
"looking",2
"heterogeneous",2
"ima",1
"residing",1
"mortuary",1
"entities",1
"now",1
"ambiente",1
"formulated",1
"transportation",1
"palabra",1
"rate",1
"hecha",1
"paralleled",1
"situate",1
"cima",1
"obligations",1
"helaine",1
"common",1
"rasgos",1
"indicated",1
"stylistic",1
"corA!nica",1
"pittsburgh",1
"fase",1
"broadest",1
"outcome",1
"functional",1
"investigaciones",1
"northernmost",1
"leche",1
"represent",1
"librairie",1
"extreme",1
"elaborating",1
"arkush",1
"midvalley",1
"measures",1
"combine",1
"totally",1
"stands",1
"originate",1
"connecticut",1
"mouth",1
"mesoamerica",1
"discover",1
"replaced",1
"achievements",1
"piura",1
"myth",1
"effective",1
"por",1
"essays",1
"maize",1
"stone",1
"linkages",1
"live",1
"biirgi",1
"sets",1
"continent",1
"ways",1
"strictly",1
"oracle",1
"johns",1
"espaA?ola",1
"ms",1
"flores",1
"position",1
"simultaneously",1
"emphasize",1
"mainland",1
"encourage",1
"vestiges",1
"pasture",1
"scientist",1
"indias",1
"valencia",1
"criticizing",1
"nineteenth",1
"russell",1
"edu",1
"sisicaya",1
"hillsides",1
"kollao",1
"client",1
"permitted",1
"inventario",1
"forcible",1
"disturbances",1
"highlight",1
"aguiroe",1
"sapp",1
"being",1
"said",1
"came",1
"transitions",1
"provision",1
"permit",1
"modest",1
"specifically",1
"every",1
"revisited",1
"sA?riA$inen",1
"chronicles",1
"witches",1
"originally",1
"aldea",1
"fund",1
"give",1
"monumentos",1
"pA$rssinen",1
"guaranga",1
"emerged",1
"fragmentary",1
"ourselves",1
"kvietok",1
"bloomington",1
"gary",1
"reach",1
"archaeologically",1
"moderna",1
"secondary",1
"agrarian",1
"suggesting",1
"together",1
"thank",1
"differences",1
"bolivie",1
"exotic",1
"torres",1
"lARtikaka",1
"ecolA3gicos",1
"sanginACs",1
"able",1
"hachette",1
"nondescript",1
"brian",1
"concludes",1
"characterizing",1
"expense",1
"take",1
"chankas",1
"subsequent",1
"faunal",1
"xx",1
"tempted",1
"milla",1
"emphasized",1
"chiefdoms",1
"concepts",1
"investigations",1
"subterrA!neo",1
"pftnianns",1
"decreased",1
"committed",1
"dd",1
"costeros",1
"millones",1
"gabai",1
"contents",1
"posts",1
"zapen",1
"growing",1
"nodes",1
"reserva",1
"issue",1
"side",1
"occasional",1
"sophisticated",1
"portugal",1
"limatambo",1
"anthropologists",1
"albeit",1
"task",1
"continuum",1
"incorporate",1
"hall",1
"chinchaycocha",1
"ofpremodern",1
"addresses",1
"intermediaries",1
"chapter",1
"carretera",1
"quantities",1
"holocene",1
"politics",1
"origen",1
"chronicler",1
"semirural",1
"reaching",1
"establishing",1
"multiethnicity",1
"alter",1
"julian",1
"bibliography",1
"west",1
"apart",1
"carrasco",1
"say",1
"reflecting",1
"etnias",1
"relocated",1
"desirable",1
"literal",1
"geomorphological",1
"givers",1
"trombold",1
"seA?orA-o",1
"zonation",1
"wallace",1
"tied",1
"dominio",1
"callachaca",1
"comunista",1
"relies",1
"piedmont",1
"hombre",1
"million",1
"centralized",1
"astronomy",1
"anA!lisis",1
"economA-a",1
"puna",1
"sillustani",1
"madrid",1
"riego",1
"component",1
"facts",1
"representations",1
"cambio",1
"due",1
"objective",1
"visited",1
"hierarchy",1
"author",1
"invaders",1
"thompson",1
"interest",1
"characteristic",1
"storehouse",1
"reyes",1
"econA3micas",1
"application",1
"jr",1
"actas",1
"insofar",1
"utilizes",1
"extensively",1
"expected",1
"unwilling",1
"z",1
"beorchia",1
"ai",1
"norte",1
"turn",1
"ureo",1
"rank",1
"nor",1
"old",1
"innovation",1
"destroyed",1
"curiously",1
"feasible",1
"document",1
"person",1
"ceramics",1
"ediciones",1
"convincing",1
"chucuito",1
"contrary",1
"body",1
"columbia",1
"houses",1
"compared",1
"unchanged",1
"third",1
"spurling",1
"witnessed",1
"alliances",1
"find",1
"skew",1
"formulate",1
"polA-ticas",1
"terrace",1
"pueblo",1
"look",1
"spite",1
"nieves",1
"aciones",1
"allpanchis",1
"horca",1
"apparently",1
"kidder",1
"observatory",1
"leadership",1
"piedra",1
"understood",1
"walls",1
"realigned",1
"lyon",1
"higher",1
"sislo",1
"media",1
"affiliations",1
"surprisingly",1
"civilization",1
"assessed",1
"opposed",1
"poor",1
"premode",1
"elevating",1
"trapezoidal",1
"etudes",1
"andamarca",1
"purely",1
"growth",1
"encompassed",1
"breadth",1
"reexamining",1
"explicit",1
"longest",1
"notion",1
"remote",1
"habitacional",1
"mammals",1
"players",1
"represented",1
"deprived",1
"after",1
"flexible",1
"connected",1
"mesopotamian",1
"lunahuanA!",1
"entre",1
"derived",1
"parts",1
"drenaje",1
"cansada",1
"resettlement",1
"distant",1
"white",1
"list",1
"productive",1
"augmented",1
"ticlla",1
"foufid",1
"precious",1
"dAa",1
"tarapaca",1
"support",1
"plaza",1
"modified",1
"references",1
"arid",1
"cornejo",1
"perceptions",1
"binghamton",1
"descripciA3n",1
"hatunqolla",1
"plus",1
"gonzales",1
"foreotten",1
"encourages",1
"languages",1
"sol",1
"osaka",1
"presumably",1
"linked",1
"discus",1
"elsewhere",1
"producers",1
"proposed",1
"reconstructions",1
"fronteras",1
"numbers",1
"enhancement",1
"house",1
"frequently",1
"quarters",1
"listed",1
"benefited",1
"age",1
"orientation",1
"four",1
"show",1
"experienced",1
"polanyi",1
"stewart",1
"readings",1
"indications",1
"isolation",1
"comparisons",1
"evaluation",1
"prehispanicos",1
"andinas",1
"monografA-a",1
"neitzel",1
"shifted",1
"explain",1
"protohistory",1
"providing",1
"decades",1
"cut",1
"differently",1
"appear",1
"myths",1
"tacahuay",1
"bureaucracy",1
"anthropologically",1
"lurin",1
"expressed",1
"closely",1
"concentration",1
"location",1
"senri",1
"junA-n",1
"pf",1
"lumbreras",1
"hands",1
"appropriated",1
"critically",1
"strongly",1
"embracing",1
"lived",1
"economics",1
"ocean",1
"fishing",1
"radical",1
"hopkins",1
"mythical",1
"zone",1
"araueoloeA-a",1
"noting",1
"viking",1
"configuration",1
"emerge",1
"imprenta",1
"territorio",1
"vigorous",1
"markets",1
"continuidades",1
"big",1
"extracting",1
"maule",1
"density",1
"applying",1
"sparse",1
"exceptions",1
"outset",1
"informed",1
"wenner",1
"hinterland",1
"prehispA!nico",1
"districts",1
"schobinger",1
"symbols",1
"etnografA-a",1
"dispersal",1
"applied",1
"farrington",1
"scale",1
"appearing",1
"metals",1
"xvii",1
"noroeste",1
"revert",1
"hidalgo",1
"huayna",1
"taught",1
"networks",1
"exploration",1
"premise",1
"gods",1
"umarp",1
"governing",1
"expressions",1
"eliminate",1
"technical",1
"eyewitness",1
"taxes",1
"pedro",1
"network",1
"basis",1
"dilemmas",1
"distinguish",1
"accounting",1
"degrees",1
"rivera",1
"artifacts",1
"pesca",1
"inferred",1
"planning",1
"scope",1
"scatters",1
"ideal",1
"postoccupational",1
"preferred",1
"nine",1
"batres",1
"concept",1
"adjuncts",1
"simplification",1
"prominent",1
"significantly",1
"su",1
"purpose",1
"casa",1
"apparent",1
"calls",1
"tombs",1
"resettlements",1
"mitmas",1
"administrativo",1
"pyramids",1
"topa",1
"gender",1
"sociedades",1
"elizabeth",1
"servicio",1
"dozens",1
"pisos",1
"realm",1
"gave",1
"consistently",1
"hagan",1
"northwest",1
"chinchasuyos",1
"jai",1
"expansive",1
"unos",1
"inferences",1
"suppliers",1
"records",1
"corvACe",1
"des",1
"expansionist",1
"actually",1
"bertholet",1
"documented",1
"lifeways",1
"justification",1
"hydraulic",1
"intimachay",1
"canberra",1
"complemented",1
"rise",1
"appreciated",1
"entails",1
"occured",1
"couple",1
"cornerstone",1
"alliance",1
"ethnicity",1
"memoirs",1
"feast",1
"coasts",1
"ucla",1
"contradictions",1
"extremo",1
"redistribution",1
"sampled",1
"relaciones",1
"errors",1
"continuidad",1
"agriculturally",1
"statistically",1
"apparatus",1
"huarco",1
"sense",1
"viable",1
"recursos",1
"responsibility",1
"buildings",1
"multiyear",1
"socialist",1
"involve",1
"resolving",1
"selectivamente",1
"villagers",1
"rarer",1
"complicate",1
"imposition",1
"reaches",1
"quite",1
"emerging",1
"event",1
"berg",1
"bonol",1
"characteristics",1
"wider",1
"highly",1
"components",1
"australian",1
"reported",1
"decline",1
"ericson",1
"essentially",1
"ancestors",1
"virAo",1
"differing",1
"visible",1
"progress",1
"loci",1
"chinchaysuyos",1
"results",1
"estates",1
"appropriate",1
"patrones",1
"rn",1
"displaced",1
"finds",1
"tahuantinsuyu",1
"francais",1
"valuable",1
"kingship",1
"paya",1
"avoid",1
"survived",1
"integrating",1
"portion",1
"battle",1
"critical",1
"licenciado",1
"highlights",1
"descriptivo",1
"demand",1
"ceremonial",1
"implications",1
"ravines",1
"onset",1
"myriad",1
"resettled",1
"arqueolA3gicos",1
"scientific",1
"spalding",1
"meticulously",1
"action",1
"reminiscences",1
"gren",1
"wrote",1
"service",1
"vols",1
"limited",1
"successes",1
"corporation",1
"wait",1
"kilometers",1
"attarian",1
"classic",1
"hagen",1
"tropical",1
"standardization",1
"converted",1
"community",1
"centrales",1
"says",1
"intervention",1
"americana",1
"manifest",1
"standing",1
"unprecedented",1
"modes",1
"anthrovoloeist",1
"hold",1
"templo",1
"verticality",1
"single",1
"para",1
"percentage",1
"foot",1
"potsherds",1
"incursion",1
"edited",1
"qolqampata",1
"fascinating",1
"fit",1
"treaty",1
"security",1
"sausa",1
"accident",1
"marginal",1
"coincidental",1
"legitimation",1
"residence",1
"acknowledgments",1
"serve",1
"hegemonic",1
"precolumbian",1
"counterparts",1
"sociocultural",1
"equally",1
"rebounded",1
"sociologA-a",1
"inconsistencies",1
"heffernan",1
"parte",1
"rACcit",1
"tax",1
"unreported",1
"patrA3n",1
"publishing",1
"promotes",1
"rising",1
"formalized",1
"baltimore",1
"archeology",1
"demarest",1
"prehispanica",1
"cerA!mica",1
"reconnoitered",1
"sector",1
"avoided",1
"harper",1
"huarochin",1
"volume",1
"enclaves",1
"ceramic",1
"alteration",1
"inhabitants",1
"walled",1
"leader",1
"vogt",1
"unmistakably",1
"quivi",1
"heritage",1
"omission",1
"technique",1
"gobierno",1
"stronger",1
"garrison",1
"carrAC",1
"marA-a",1
"academy",1
"locating",1
"pointed",1
"conceived",1
"varies",1
"ask",1
"reino",1
"andeanists",1
"quebrada",1
"visita",1
"rock",1
"addition",1
"added",1
"complementary",1
"nazca",1
"summing",1
"incorporates",1
"provincia",1
"longer",1
"sommer",1
"main",1
"idea",1
"valid",1
"contrasts",1
"socorama",1
"occurrence",1
"importation",1
"aegis",1
"plan",1
"segunda",1
"dpi",1
"mien",1
"crop",1
"renovables",1
"anthro",1
"coicas",1
"socialiste",1
"banks",1
"bishop",1
"nucleated",1
"urbanized",1
"end",1
"incaica",1
"debated",1
"mA-tico",1
"substantially",1
"doubt",1
"bound",1
"resolved",1
"catA3lica",1
"distributions",1
"functionally",1
"discussed",1
"enlarge",1
"johannessen",1
"removal",1
"fragments",1
"burger",1
"honor",1
"lone",1
"organizations",1
"never",1
"oftucume",1
"conclusions",1
"outside",1
"took",1
"hand",1
"cajararca",1
"conflicts",1
"foccaci",1
"glew",1
"unit",1
"developing",1
"skewing",1
"accepted",1
"karl",1
"weavers",1
"arqueologia",1
"ports",1
"homenaje",1
"dislocations",1
"deep",1
"appropriating",1
"chungara",1
"nueva",1
"books",1
"governance",1
"hamilton",1
"ethnohistorians",1
"locations",1
"encountered",1
"outlines",1
"identifiable",1
"northwestern",1
"remained",1
"another",1
"pachacamacan",1
"heyerdahl",1
"empirically",1
"aggregation",1
"private",1
"argentino",1
"greatest",1
"extended",1
"divided",1
"diehl",1
"coherent",1
"producciA3n",1
"survive",1
"gordon",1
"easier",1
"leone",1
"discovery",1
"biblioteca",1
"sacrifices",1
"maritime",1
"ecologically",1
"incidents",1
"itinerario",1
"systematics",1
"enhanced",1
"rehabilitation",1
"predominates",1
"manufactured",1
"deserts",1
"grossbell",1
"contacts",1
"silverman",1
"manifestations",1
"markedly",1
"recover",1
"usurped",1
"identification",1
"mosaic",1
"varying",1
"host",1
"controlling",1
"andinos",1
"operated",1
"andines",1
"refers",1
"socialista",1
"affects",1
"variation",1
"ideas",1
"complements",1
"barreda",1
"resulting",1
"recovery",1
"canon",1
"examination",1
"pACrou",1
"full",1
"traders",1
"involves",1
"subsurface",1
"negotiating",1
"militaristic",1
"xv",1
"tunsukancha",1
"clear",1
"chambillas",1
"reality",1
"theoretician",1
"inadequate",1
"points",1
"dominated",1
"congreso",1
"logic",1
"held",1
"citv",1
"christopher",1
"allowed",1
"reviewers",1
"cronica",1
"function",1
"creating",1
"obtained",1
"stages",1
"hacienda",1
"solstice",1
"leventhal",1
"misunderstanding",1
"last",1
"abundant",1
"disintegration",1
"municipal",1
"abbeville",1
"random",1
"article",1
"arquitectA3nicos",1
"incapable",1
"mA!s",1
"parallel",1
"arqueolA3gica",1
"alpine",1
"constructing",1
"precolombian",1
"correct",1
"become",1
"burga",1
"mitimae",1
"implication",1
"begs",1
"locales",1
"saw",1
"metrA2poli",1
"adorno",1
"quarter",1
"semiautonomous",1
"focacci",1
"division",1
"decision",1
"gist",1
"separate",1
"summary",1
"absence",1
"ardiles",1
"carried",1
"accepting",1
"aspirations",1
"mayta",1
"suggestion",1
"reliable",1
"relying",1
"discussing",1
"rA2ad",1
"modification",1
"dual",1
"corrales",1
"comentarios",1
"transformations",1
"nohceramic",1
"fairly",1
"tomo",1
"rA-o",1
"usually",1
"investi",1
"effects",1
"plays",1
"practitioners",1
"nasca",1
"program",1
"hill",1
"santiago",1
"select",1
"entity",1
"cA!pac",1
"primarily",1
"referred",1
"camino",1
"concluding",1
"transformed",1
"owens",1
"rethinking",1
"team",1
"seventeenth",1
"force",1
"cementerio",1
"legitimacy",1
"comechingonia",1
"whereby",1
"length",1
"traveled",1
"class",1
"methods",1
"responsible",1
"implementing",1
"expectations",1
"formaciones",1
"mA!ximo",1
"frontier",1
"antiquities",1
"capac",1
"exists",1
"sandstone",1
"ensayos",1
"face",1
"gonzalez",1
"guerreros",1
"tomoeda",1
"articles",1
"combines",1
"tarmatambo",1
"photographs",1
"middens",1
"forests",1
"ensure",1
"quantitatively",1
"echoes",1
"revolutionized",1
"pareja",1
"then",1
"precedence",1
"practice",1
"nigris",1
"colony",1
"conclusion",1
"ethnological",1
"changing",1
"intensification",1
"banco",1
"grand",1
"cataloging",1
"founded",1
"complexes",1
"hvslop",1
"constituted",1
"indA-genas",1
"hypothesized",1
"speculating",1
"continues",1
"piurana",1
"ofmilliraya",1
"A!rea",1
"theme",1
"uma",1
"recognizable",1
"intergroup",1
"supported",1
"varA3n",1
"colleagues",1
"enigma",1
"sherds",1
"sciences",1
"sums",1
"organizational",1
"creations",1
"command",1
"aranibar",1
"resonance",1
"guchte",1
"berkeley",1
"dimension",1
"ACpoca",1
"ciclo",1
"aldeanos",1
"colonization",1
"extant",1
"principle",1
"pedestrian",1
"frA-o",1
"cultures",1
"worth",1
"december",1
"extraction",1
"veintiuno",1
"amACrica",1
"roman",1
"unambiguously",1
"believe",1
"capital",1
"unknown",1
"tandem",1
"half",1
"constructions",1
"cui",1
"report",1
"sucre",1
"foundation",1
"brothers",1
"ethnologie",1
"reliability",1
"copiapo",1
"ff",1
"locumba",1
"rely",1
"buen",1
"trabajo",1
"mercaderes",1
"written",1
"cities",1
"explicitly",1
"free",1
"driven",1
"visiA3n",1
"rural",1
"hamlets",1
"advances",1
"ideally",1
"better",1
"places",1
"concrete",1
"parcialidad",1
"beginning",1
"ideologies",1
"william",1
"virtual",1
"ruins",1
"fuller",1
"literature",1
"notable",1
"proceedings",1
"investigation",1
"discharge",1
"combined",1
"primer",1
"implicit",1
"narvA!ez",1
"selected",1
"form",1
"nonsystematic",1
"making",1
"accounts",1
"rebellion",1
"intensivo",1
"supports",1
"add",1
"covers",1
"map",1
"problem",1
"extent",1
"montaA?as",1
"periphery",1
"titikaka",1
"institute",1
"studying",1
"abruptly",1
"reviewed",1
"emphasis",1
"urban",1
"contain",1
"port",1
"categories",1
"universe",1
"topographical",1
"socioeconomic",1
"researchers",1
"transplanted",1
"circumstances",1
"careful",1
"potters",1
"transport",1
"met",1
"conclude",1
"uniform",1
"emperor",1
"sea",1
"zegarra",1
"antiauitv",1
"prospect",1
"puente",1
"chaupiyunga",1
"easy",1
"giving",1
"predecessors",1
"subject",1
"intended",1
"impose",1
"lies",1
"assumptions",1
"controls",1
"bona",1
"putnam",1
"reconstruct",1
"complementarity",1
"manufacturing",1
"discussion",1
"qualitative",1
"disrupted",1
"allows",1
"isolated",1
"hilltop",1
"writing",1
"voyage",1
"zuidema",1
"fide",1
"recovered",1
"departamento",1
"resource",1
"estatales",1
"naturales",1
"indiana",1
"multiethnic",1
"chiribaya",1
"commercial",1
"invasion",1
"fullcoverage",1
"interested",1
"lands",1
"azapa",1
"nonlethal",1
"initiated",1
"finding",1
"quest",1
"formulates",1
"paradigm",1
"glencoe",1
"frame",1
"recovering",1
"mendieta",1
"commentaries",1
"highest",1
"approximately",1
"horizontefondo",1
"regionales",1
"disagree",1
"manufacture",1
"santillA!n",1
"cautionary",1
"smaller",1
"integration",1
"serendipitous",1
"lupaca",1
"photograph",1
"fue",1
"pontificia",1
"speak",1
"archaic",1
"canons",1
"wealth",1
"anonymous",1
"needs",1
"carr",1
"observation",1
"specific",1
"charles",1
"allA!",1
"removed",1
"haines",1
"recounted",1
"montaA?a",1
"themselves",1
"bottoms",1
"variations",1
"scholarship",1
"idilio",1
"greenwich",1
"views",1
"exclusively",1
"develop",1
"traditional",1
"images",1
"offers",1
"exploraciones",1
"repartimiento",1
"customs",1
"hecho",1
"cited",1
"symbolism",1
"osA3rio",1
"hypothesis",1
