"WORDCOUNTS","WEIGHT"
"the",1358
"of",1065
"and",899
"in",707
"a",349
"to",267
"archaeology",217
"aegean",184
"j",161
"at",148
"bronze",147
"on",141
"age",139
"b",122
"l",119
"c",117
"university",115
"g",113
"as",113
"for",108
"greece",108
"pp",105
"s",104
"mediterranean",104
"e",102
"de",98
"studies",95
"journal",93
"from",89
"d",89
"eds",87
"p",82
"by",80
"that",79
"archaeological",79
"has",74
"m",72
"press",67
"r",65
"et",65
"classical",65
"an",63
"greek",63
"w",62
"with",61
"t",60
"ancient",58
"new",55
"crete",55
"liA?ge",55
"early",55
"prehistory",54
"survey",53
"ed",53
"regional",53
"h",52
"is",52
"evidence",52
"n",50
"late",49
"minoan",49
"trade",48
"have",48
"mycenaean",47
"i",43
"this",43
"american",42
"bennet",41
"prehistoric",39
"data",39
"neolithic",38
"cherry",38
"research",38
"cambridge",38
"exchange",37
"been",37
"such",36
"van",36
"linear",34
"state",34
"universitAC",34
"athens",34
"are",34
"international",33
"chronology",33
"world",33
"recent",33
"f",32
"palaima",32
"study",32
"was",32
"runnels",32
"or",31
"british",30
"proceedings",30
"archaeologists",29
"oxford",29
"social",29
"which",29
"historical",29
"aegaeum",29
"it",28
"A ",28
"their",28
"work",28
"island",28
"society",28
"institute",28
"andel",27
"york",27
"athA?nes",27
"not",27
"austin",26
"ACtat",25
"origins",25
"franchthi",25
"morris",25
"gale",25
"palatial",24
"renfrew",24
"its",24
"field",24
"were",24
"we",24
"school",24
"conference",24
"davis",23
"k",23
"earliest",23
"context",22
"landscape",22
"manning",22
"knossos",22
"la",22
"also",22
"region",22
"be",22
"middle",22
"some",21
"development",21
"galaty",21
"islands",21
"paul",21
"pottery",21
"analysis",21
"laffineur",21
"between",21
"scripts",20
"olivier",20
"settlement",20
"more",20
"al",20
"cycladic",20
"cyprus",19
"mainland",19
"those",19
"review",19
"cave",19
"london",19
"periods",19
"history",18
"into",18
"site",18
"franA?aise",18
"annual",18
"held",18
"palace",18
"pylos",18
"hellACnique",18
"later",17
"approaches",17
"eastern",17
"than",17
"most",17
"snodgrass",17
"le",17
"but",17
"these",17
"program",17
"les",17
"o",16
"all",16
"other",16
"excavations",16
"theoretical",16
"halstead",16
"texas",16
"fA?rlag",16
"years",16
"symposium",16
"ACcole",16
"dissertation",16
"astrA?ms",16
"colonization",16
"past",16
"des",16
"both",16
"through",16
"models",16
"texts",16
"textual",15
"thera",15
"example",15
"project",15
"small",15
"results",15
"he",15
"southern",15
"knapp",15
"time",15
"see",15
"muhly",15
"period",15
"argolid",14
"they",14
"one",14
"first",14
"production",14
"within",14
"y",14
"actes",14
"problems",14
"palaces",14
"published",14
"perlACs",14
"indiana",14
"use",14
"supplement",14
"bulletin",14
"ph",14
"administration",14
"greeceaegean",14
"now",13
"niemeier",13
"du",13
"egypt",13
"beyond",13
"recently",13
"sites",13
"used",13
"reports",13
"v",13
"earlier",13
"systems",13
"anthropological",13
"cyclades",13
"presented",13
"area",13
"ca",13
"bloomington",12
"alcock",12
"objects",12
"based",12
"however",12
"stanford",12
"zangger",12
"relationship",12
"antiquity",12
"roman",12
"interaction",12
"copper",12
"question",12
"traditional",12
"complex",11
"correspondance",11
"sources",11
"swedish",11
"script",11
"date",11
"interest",11
"cf",11
"rather",11
"his",11
"out",11
"well",11
"excavation",11
"jonsered",11
"patterns",11
"paris",11
"model",11
"number",11
"destruction",11
"athen",11
"different",11
"december",11
"current",11
"economy",11
"role",11
"egyptian",11
"princeton",10
"eruption",10
"papers",10
"case",10
"tablets",10
"palaeolithic",10
"svenska",10
"stone",10
"recherches",10
"civilization",10
"institutet",10
"emergence",10
"result",10
"part",10
"hA$gg",10
"stockholm",10
"shaping",10
"many",10
"areas",10
"minnesota",10
"john",10
"administrative",10
"carried",10
"bottema",10
"broodbank",10
"control",10
"killen",10
"iii",10
"bristol",10
"formation",10
"focus",10
"major",10
"available",9
"there",9
"political",9
"america",9
"vol",9
"par",9
"human",9
"millennium",9
"century",9
"items",9
"no",9
"archaeometry",9
"just",9
"house",9
"surface",9
"rewley",9
"societies",9
"cultural",9
"metals",9
"obsidian",9
"economic",9
"land",9
"culture",9
"wright",9
"department",9
"only",9
"provenience",9
"projects",9
"documents",9
"centre",9
"day",9
"salamanca",9
"especially",9
"present",9
"tin",9
"watrous",9
"mcdonald",9
"series",9
"complexity",9
"over",9
"seals",9
"techniques",9
"hesperia",9
"writing",9
"sur",9
"much",9
"sheffield",8
"before",8
"great",8
"system",8
"agriculture",8
"hall",8
"classics",8
"ritual",8
"z",8
"jones",8
"bintliff",8
"similar",8
"parts",8
"changes",8
"methodology",8
"lead",8
"rutter",8
"absolute",8
"possibility",8
"fieldwork",8
"change",8
"methodological",8
"minos",8
"second",8
"scientific",8
"interpretation",8
"man",8
"minneapolis",8
"understanding",8
"discussion",8
"questions",8
"dating",8
"methods",8
"can",8
"northern",8
"marinatos",8
"material",8
"record",8
"june",8
"particularly",8
"keos",8
"theory",8
"city",8
"debate",8
"documentary",8
"politeia",8
"sealings",7
"modern",7
"nature",7
"colloque",7
"comparative",7
"discipline",7
"mycACniens",7
"west",7
"cretan",7
"central",7
"mycenae",7
"developments",7
"fig",7
"bernal",7
"marks",7
"internationale",7
"important",7
"view",7
"histories",7
"found",7
"octobre",7
"organisAC",7
"method",7
"near",7
"grecque",7
"balkema",7
"related",7
"indigenous",7
"journals",7
"sherratt",7
"approach",7
"nj",7
"wider",7
"therefore",7
"rome",7
"above",7
"technology",7
"under",7
"palmer",7
"rise",7
"ceramic",7
"zeist",7
"romaine",7
"scholars",7
"gA?teborg",7
"thessaly",7
"high",7
"anatolia",7
"ACgACens",7
"primarily",7
"scientifiques",7
"textes",7
"rotterdam",7
"anthropology",7
"yener",7
"particular",7
"agricultural",7
"art",7
"fondation",7
"although",7
"remains",7
"campaign",7
"surveys",7
"should",7
"metal",6
"center",6
"shelmerdine",6
"being",6
"ii",6
"origin",6
"east",6
"ixe",6
"combination",6
"strasser",6
"attested",6
"clay",6
"response",6
"even",6
"industries",6
"phases",6
"process",6
"ceramics",6
"contributions",6
"warren",6
"numbers",6
"diachronic",6
"distribution",6
"centers",6
"applied",6
"determinations",6
"information",6
"decipherment",6
"ingots",6
"literature",6
"overview",6
"during",6
"ulu",6
"sutton",6
"either",6
"helladic",6
"working",6
"several",6
"coast",6
"practice",6
"using",6
"south",6
"prepalatial",6
"april",6
"prehistorians",6
"kardulias",6
"two",6
"increasingly",6
"book",6
"power",6
"fact",6
"end",6
"ages",6
"do",6
"shipwreck",6
"archaeologies",6
"homer",6
"perhaps",6
"demonstrated",6
"sealing",6
"made",6
"including",6
"landscapes",6
"antiquitAC",6
"general",6
"black",6
"become",6
"who",6
"detailed",6
"often",6
"table",6
"when",6
"pulak",6
"extensive",6
"text",6
"athena",6
"foundation",6
"goods",6
"rural",6
"advances",6
"according",6
"them",6
"divide",6
"founded",6
"finally",6
"integration",6
"effects",6
"does",5
"ACgACen",5
"way",5
"generated",5
"large",5
"myth",5
"western",5
"materials",5
"duhoux",5
"evolution",5
"seems",5
"rich",5
"sophisticated",5
"avril",5
"plain",5
"uluburun",5
"primary",5
"possible",5
"far",5
"ACgACenne",5
"framework",5
"iron",5
"weingarten",5
"ai",5
"cases",5
"perspective",5
"back",5
"dates",5
"third",5
"publications",5
"influence",5
"may",5
"developed",5
"levels",5
"hansen",5
"annales",5
"ammerman",5
"mcgovern",5
"organization",5
"monde",5
"jars",5
"iconography",5
"had",5
"intensive",5
"levant",5
"because",5
"aspects",5
"directly",5
"characterization",5
"pernicka",5
"pocket",5
"whole",5
"year",5
"issues",5
"prAChistorique",5
"artifact",5
"regions",5
"wilkie",5
"mantzourani",5
"event",5
"notes",5
"geographical",5
"toward",5
"mme",5
"place",5
"already",5
"whitelaw",5
"structures",5
"smith",5
"lanham",5
"broadly",5
"chadwick",5
"los",5
"figurines",5
"outside",5
"monographs",5
"strategies",5
"bass",5
"moody",5
"cheny",5
"significant",5
"sequence",5
"laboratory",5
"radiocarbon",5
"function",5
"contact",5
"southwest",5
"attention",5
"rencontre",5
"then",5
"known",5
"md",5
"schofield",5
"beginning",5
"nestor",5
"explanations",5
"what",5
"terms",5
"extent",5
"nautical",5
"doumas",5
"transition",5
"colloquium",5
"our",5
"until",5
"scribes",5
"paradigm",5
"need",5
"states",5
"cline",5
"views",5
"messenia",5
"among",5
"close",5
"final",4
"given",4
"mortuary",4
"stoddart",4
"mostly",4
"groups",4
"represent",4
"affected",4
"introduction",4
"likely",4
"gothenburg",4
"humans",4
"definition",4
"suggesting",4
"hirschfeld",4
"scheme",4
"take",4
"subsequent",4
"last",4
"written",4
"wagner",4
"issue",4
"sought",4
"holocene",4
"resources",4
"kadmos",4
"phase",4
"throughout",4
"comments",4
"hallager",4
"kosso",4
"against",4
"shaft",4
"application",4
"lax",4
"simpson",4
"storage",4
"seventh",4
"angeles",4
"how",4
"environments",4
"importance",4
"special",4
"produced",4
"summarized",4
"stirrup",4
"metallurgy",4
"impact",4
"universidad",4
"pleistocene",4
"hope",4
"santorini",4
"voutsakis",4
"rackham",4
"godart",4
"occupation",4
"furthermore",4
"leuven",4
"reviews",4
"tools",4
"graeca",4
"january",4
"thebes",4
"basis",4
"burun",4
"nemea",4
"cosmopoulos",4
"lower",4
"il",4
"connections",4
"incunabula",4
"below",4
"specifically",4
"ship",4
"decline",4
"acts",4
"french",4
"preliminary",4
"akrotiri",4
"pope",4
"institut",4
"processual",4
"led",4
"demitrack",4
"various",4
"cullen",4
"blitzer",4
"about",4
"hellenistic",4
"communities",4
"dyson",4
"light",4
"cavanagh",4
"vitelli",4
"technique",4
"death",4
"kommos",4
"considerable",4
"ruler",4
"pACloponnA?se",4
"burial",4
"ground",4
"astrA?m",4
"interpreting",4
"another",4
"discovery",4
"chiefly",4
"sixth",4
"hieroglyphic",4
"combining",4
"station",4
"processes",4
"examination",4
"chemical",4
"low",4
"historic",4
"heidelberg",4
"august",4
"so",4
"inscribed",4
"article",4
"relation",4
"topics",4
"wreck",4
"structure",4
"wells",4
"versus",4
"quarterly",4
"melos",4
"she",4
"schoep",4
"perspectives",4
"dans",4
"types",4
"sacconi",4
"environment",4
"soil",4
"here",4
"budd",4
"der",4
"defining",4
"each",4
"contained",4
"report",4
"spatial",4
"cypriot",4
"form",4
"almost",4
"phenomena",4
"betancourt",4
"practices",4
"phenomenon",4
"devoted",4
"zones",4
"numerous",4
"national",4
"nordquist",4
"accept",4
"offer",4
"include",4
"davies",4
"comparison",4
"tiryns",4
"territories",4
"potential",4
"archaeologica",4
"dark",4
"biegen",4
"paleoethnobotany",3
"common",3
"if",3
"medieval",3
"expedition",3
"monumenta",3
"northeast",3
"alone",3
"combine",3
"informative",3
"position",3
"cargo",3
"ian",3
"vandiver",3
"contexts",3
"ideas",3
"stressed",3
"australia",3
"certainly",3
"might",3
"steadman",3
"advantage",3
"analyses",3
"religion",3
"wardle",3
"exogenous",3
"recorded",3
"historians",3
"crowley",3
"prior",3
"functions",3
"kabri",3
"point",3
"conceptual",3
"reconstruction",3
"branigan",3
"modem",3
"collection",3
"taurus",3
"regularly",3
"collapse",3
"since",3
"bailey",3
"simmons",3
"dynamic",3
"relatively",3
"ayia",3
"fitch",3
"jr",3
"document",3
"fourth",3
"price",3
"look",3
"apparently",3
"melena",3
"mesolithic",3
"sardinia",3
"without",3
"thalassa",3
"risk",3
"certain",3
"del",3
"direct",3
"paleolithic",3
"space",3
"chippindale",3
"reason",3
"old",3
"dated",3
"section",3
"hankey",3
"instance",3
"suggested",3
"mer",3
"appear",3
"linguistique",3
"could",3
"begun",3
"erosion",3
"isotope",3
"academic",3
"further",3
"gill",3
"scale",3
"wealth",3
"conferences",3
"wide",3
"silver",3
"none",3
"artifacts",3
"godait",3
"egACe",3
"emphasis",3
"civilisation",3
"knowledge",3
"paratextual",3
"sakellarakis",3
"aetokremnos",3
"dokos",3
"coulson",3
"kilian",3
"somewhere",3
"polity",3
"mathers",3
"mesopotamia",3
"level",3
"around",3
"industry",3
"presence",3
"cincinnati",3
"up",3
"progress",3
"rapp",3
"value",3
"khania",3
"massive",3
"chronological",3
"will",3
"calibration",3
"absence",3
"short",3
"ia",3
"subject",3
"return",3
"hobart",3
"bsa",3
"corpus",3
"archaeometric",3
"reference",3
"shipwrecks",3
"metallurgical",3
"fifth",3
"us",3
"whitbread",3
"same",3
"cadogan",3
"cahiers",3
"divinity",3
"picture",3
"nazionale",3
"corse",3
"goodway",3
"others",3
"europe",3
"addition",3
"barber",3
"undeciphered",3
"calvi",3
"departments",3
"grave",3
"aep",3
"celebrations",3
"conclusions",3
"centenary",3
"louvain",3
"books",3
"routledge",3
"distance",3
"ecology",3
"polities",3
"degree",3
"atheniensia",3
"status",3
"jameson",3
"incorporation",3
"examples",3
"upon",3
"range",3
"ucla",3
"collis",3
"papathanasopoulos",3
"seriation",3
"emphasize",3
"hardy",3
"gazetteer",3
"california",3
"lolos",3
"stress",3
"ocACanographiques",3
"interpret",3
"times",3
"like",3
"revised",3
"would",3
"spread",3
"dell",3
"oxbow",3
"examine",3
"ib",3
"diffusionist",3
"bibliothA?que",3
"relative",3
"wanax",3
"dabney",3
"increasing",3
"note",3
"science",3
"sometimes",3
"ecological",3
"foreign",3
"wilson",3
"transformation",3
"gallant",3
"surprising",3
"exchanged",3
"evaluation",3
"any",3
"torrence",3
"continues",3
"earle",3
"offers",3
"geoarchaeology",3
"quaternary",3
"set",3
"paper",3
"sheep",3
"exploration",3
"style",3
"turned",3
"troisiA?me",3
"whether",3
"volcanic",3
"haggis",3
"basch",3
"problem",3
"wiseman",3
"inscriptions",3
"stareso",3
"while",3
"lm",3
"incorporated",3
"sea",3
"frescoes",3
"turkey",3
"initiated",3
"provenance",3
"nixon",3
"nikopolis",3
"explanation",3
"crisis",3
"fauna",3
"madison",3
"shift",3
"macdonald",3
"summary",3
"offered",3
"manchester",3
"themselves",3
"elites",3
"reached",3
"tasmania",3
"valley",3
"building",3
"maran",2
"duckworth",2
"polarizing",2
"stimuli",2
"appropriation",2
"brumfiel",2
"difficult",2
"anatolian",2
"keller",2
"kokkinopilos",2
"nAColithique",2
"environmental",2
"conducted",2
"deuxiA?me",2
"mountains",2
"likewise",2
"becoming",2
"settlements",2
"bochum",2
"systematically",2
"evely",2
"tend",2
"reflections",2
"formed",2
"rogers",2
"strictly",2
"di",2
"peeters",2
"largely",2
"decade",2
"trace",2
"pedestrian",2
"presents",2
"occurred",2
"em",2
"variety",2
"chief",2
"diversity",2
"finke",2
"lakonia",2
"diffusion",2
"shea",2
"highlighted",2
"revisited",2
"hellenic",2
"pACtrographie",2
"attempts",2
"season",2
"emerged",2
"containing",2
"alexander",2
"tradition",2
"crops",2
"shay",2
"thank",2
"stosgale",2
"location",2
"producing",2
"studied",2
"able",2
"composition",2
"dubuque",2
"raised",2
"papyrus",2
"somewhat",2
"visibility",2
"maniatis",2
"involves",2
"takes",2
"occasional",2
"habitat",2
"existence",2
"fruit",2
"philological",2
"anthropologists",2
"u",2
"economics",2
"design",2
"jack",2
"methodologies",2
"politics",2
"labs",2
"epigraphy",2
"bibliography",2
"lavrion",2
"owners",2
"philology",2
"cited",2
"palazzo",2
"considerably",2
"economies",2
"matsas",2
"redating",2
"hudson",2
"ljubljana",2
"woldring",2
"includes",2
"accessible",2
"examining",2
"explained",2
"dynamics",2
"carothers",2
"mm",2
"samothrace",2
"professor",2
"ottoman",2
"realized",2
"dei",2
"mccallum",2
"aceramic",2
"tucson",2
"extensively",2
"forced",2
"exercise",2
"ware",2
"distinct",2
"elements",2
"relations",2
"concerning",2
"convincing",2
"labyrinth",2
"eikqn",2
"compared",2
"anschnitt",2
"fineware",2
"drawn",2
"critique",2
"minoanization",2
"olympia",2
"walls",2
"graziado",2
"employ",2
"interesting",2
"philadelphia",2
"whose",2
"biers",2
"resists",2
"centered",2
"remain",2
"paths",2
"posits",2
"en",2
"coastal",2
"burnished",2
"subsistence",2
"elsevier",2
"tel",2
"connected",2
"ongoing",2
"cnossos",2
"productive",2
"von",2
"means",2
"accounts",2
"understand",2
"category",2
"brunswick",2
"facilitated",2
"encourages",2
"clearly",2
"elsewhere",2
"gradually",2
"recycling",2
"moyen",2
"commonly",2
"macgillivray",2
"challenged",2
"pollen",2
"lithic",2
"readings",2
"gieben",2
"modeled",2
"undertaken",2
"oxhide",2
"exploitation",2
"gaffney",2
"helped",2
"providing",2
"perceive",2
"organic",2
"descriptive",2
"bunin",2
"whom",2
"appearance",2
"kingship",2
"basin",2
"paralia",2
"amsterdam",2
"penna",2
"sedentary",2
"relate",2
"carolina",2
"brill",2
"initial",2
"interpretations",2
"greater",2
"thames",2
"cores",2
"pots",2
"aerial",2
"krzyszkowska",2
"understood",2
"focused",2
"interconnections",2
"epiros",2
"donohue",2
"monograph",2
"placed",2
"catling",2
"scribe",2
"receive",2
"kitchen",2
"future",2
"publish",2
"hauptmann",2
"archACologie",2
"nine",2
"concept",2
"fascicles",2
"significantly",2
"brought",2
"tombs",2
"palaeoethnobotany",2
"internationalen",2
"thoughts",2
"dal",2
"refined",2
"northwest",2
"broad",2
"destination",2
"records",2
"relevance",2
"shackleton",2
"statistics",2
"andreou",2
"call",2
"archA$ometallurgie",2
"chipped",2
"away",2
"systematic",2
"own",2
"trends",2
"theran",2
"lefkowitz",2
"depositional",2
"tbrrence",2
"responses",2
"darcque",2
"construct",2
"upheavals",2
"ago",2
"suggest",2
"indicators",2
"emphasizes",2
"quite",2
"banquets",2
"resurvey",2
"characteristics",2
"few",2
"eighth",2
"breaking",2
"rendiconti",2
"baillie",2
"peak",2
"reported",2
"essentially",2
"beitrA$ge",2
"iria",2
"fully",2
"necessity",2
"hayden",2
"explains",2
"roots",2
"achieves",2
"passive",2
"contributory",2
"rest",2
"klithi",2
"sophistication",2
"archeology",2
"nichoria",2
"voi",2
"ana",2
"implications",2
"comment",2
"populations",2
"indeed",2
"overall",2
"barley",2
"standardization",2
"juin",2
"stratigraphy",2
"allen",2
"wagstaff",2
"make",2
"interactions",2
"ice",2
"treuil",2
"single",2
"perles",2
"auspices",2
"museum",2
"thought",2
"tablet",2
"fotiades",2
"populated",2
"transformations",2
"pioneered",2
"inferences",2
"zabern",2
"reply",2
"wisconsin",2
"edizioni",2
"alten",2
"noted",2
"frameworks",2
"functioned",2
"opAosculo",2
"members",2
"fresco",2
"challenge",2
"scientifique",2
"again",2
"liege",2
"longer",2
"uses",2
"fundamental",2
"destructions",2
"bikaki",2
"appeared",2
"wine",2
"crop",2
"willies",2
"kendall",2
"larger",2
"diverse",2
"perfumed",2
"rawson",2
"inni",2
"contemporary",2
"pattern",2
"external",2
"bradford",2
"honor",2
"forms",2
"never",2
"took",2
"downey",2
"bietak",2
"rehak",2
"innovative",2
"empire",2
"accepted",2
"michael",2
"less",2
"polis",2
"containers",2
"exotic",2
"dimini",2
"focusing",2
"invitation",2
"extinctions",2
"driessen",2
"shifts",2
"dietz",2
"ine",2
"exploring",2
"extended",2
"lost",2
"background",2
"organisACe",2
"completed",2
"wheat",2
"true",2
"lincei",2
"previously",2
"increase",2
"contacts",2
"elite",2
"expand",2
"concern",2
"varying",2
"elucidated",2
"additions",2
"robinson",2
"factor",2
"causes",2
"vlasakis",2
"zum",2
"chosen",2
"wace",2
"peatfield",2
"synthetic",2
"jacobsen",2
"significance",2
"clear",2
"loosely",2
"three",2
"reality",2
"directed",2
"emphasizing",2
"fA?rlae",2
"publication",2
"language",2
"allowed",2
"philipp",2
"plant",2
"collected",2
"stresses",2
"accurate",2
"spa",2
"hania",2
"thomas",2
"least",2
"winder",2
"lerna",2
"fits",2
"murray",2
"narrow",2
"assessing",2
"availability",2
"probably",2
"grain",2
"franchthl",2
"louisiana",2
"sailing",2
"widely",2
"hunt",2
"operating",2
"genesis",2
"panel",2
"off",2
"provide",2
"lithiques",2
"five",2
"kotsakis",2
"potteiy",2
"wiener",2
"widespread",2
"seen",2
"began",2
"importantly",2
"contribution",2
"sequences",2
"rutgers",2
"literacy",2
"existed",2
"inferior",2
"antiquities",2
"composed",2
"instances",2
"mainz",2
"face",2
"matters",2
"addressed",2
"detail",2
"sections",2
"shaw",2
"variable",2
"heavy",2
"osborne",2
"following",2
"nowicki",2
"changing",2
"must",2
"farrand",2
"demonstrate",2
"ronde",2
"countryside",2
"kavousi",2
"constructed",2
"consensus",2
"hydra",2
"welt",2
"amphorae",2
"berkeley",2
"melian",2
"cannon",2
"cm",2
"interested",2
"sampling",2
"pullen",2
"taillACes",2
"oreece",2
"phaistos",2
"handmade",2
"collectors",2
"hassan",2
"recherche",2
"accademia",2
"type",2
"archival",2
"talalay",2
"william",2
"unlikely",2
"investigation",2
"combined",2
"dACmoule",2
"list",2
"making",2
"references",2
"orleans",2
"foundations",2
"weights",2
"prestige",2
"stability",2
"produce",2
"Acstroms",2
"delle",2
"suggests",2
"urban",2
"weninger",2
"researchers",2
"boston",2
"owner",2
"bcnnet",2
"transport",2
"introduced",2
"elucidate",2
"content",2
"vichos",2
"controls",2
"commodities",2
"contribute",2
"reconstruct",2
"mention",2
"definitions",2
"au",2
"precision",2
"difference",2
"kingdom",2
"stratification",2
"newsletter",2
"geoarchaeological",2
"mykenaA?ka",2
"whitley",2
"vACcole",2
"correlated",2
"dendrochronology",2
"physical",2
"provided",2
"enalia",2
"maritime",2
"pylian",2
"colleagues",2
"leiden",2
"parkinson",2
"rACcent",2
"israel",2
"zerner",2
"soils",2
"anonymous",2
"specific",2
"mesara",2
"mee",2
"myers",2
"acconia",2
"chicago",2
"uncertainty",2
"gulf",2
"north",2
"payton",2
"broader",2
"meeting",2
"doing",2
"arizona",2
"beimet",1
"frequent",1
"cultigens",1
"gis",1
"A$",1
"andin",1
"bernard",1
"inka",1
"ending",1
"archives",1
"epeiros",1
"ACd",1
"explosion",1
"currently",1
"mute",1
"compares",1
"done",1
"refinement",1
"situate",1
"doubts",1
"tuning",1
"prefer",1
"uA?ge",1
"katholieke",1
"arcaismo",1
"anthony",1
"stylistic",1
"questionthat",1
"purkis",1
"imported",1
"correlations",1
"created",1
"euboean",1
"encouraged",1
"truth",1
"fouilles",1
"deserve",1
"extend",1
"mourtzas",1
"discredited",1
"college",1
"dACchiffrement",1
"determine",1
"trojan",1
"host",1
"palaeogeographical",1
"Acstrom",1
"gajaty",1
"string",1
"notably",1
"pushed",1
"systemic",1
"per",1
"linguistic",1
"comparability",1
"connect",1
"upsurge",1
"gA?ltepe",1
"mesoamerica",1
"spice",1
"summarizing",1
"mounted",1
"pygmACes",1
"archaeometatturgy",1
"offerings",1
"conserved",1
"designed",1
"conducting",1
"word",1
"produces",1
"alive",1
"confines",1
"helmets",1
"positivistic",1
"sets",1
"ways",1
"illiterate",1
"item",1
"walker",1
"sudden",1
"universiteit",1
"flemming",1
"jonathan",1
"postprocessual",1
"athenian",1
"ore",1
"spirit",1
"grove",1
"animaux",1
"policy",1
"devices",1
"kas",1
"qj",1
"explanatory",1
"offshore",1
"destabihzation",1
"unlike",1
"laid",1
"hominid",1
"total",1
"eastward",1
"vichou",1
"ae",1
"complacency",1
"detailing",1
"exceptions",1
"something",1
"systA?me",1
"arguing",1
"acquainted",1
"descriptions",1
"inconographic",1
"stande",1
"dose",1
"institutes",1
"basil",1
"vegetation",1
"turning",1
"women",1
"bunal",1
"laura",1
"experience",1
"fluctuations",1
"predominantly",1
"klaus",1
"accumulation",1
"came",1
"asine",1
"grimanis",1
"explaining",1
"provision",1
"unearthed",1
"pansion",1
"hyksos",1
"reconstructions",1
"paleoclimaA-es",1
"torical",1
"oftenmesopotamia",1
"expands",1
"drugs",1
"preceding",1
"progressed",1
"regeneration",1
"majority",1
"jointly",1
"cany",1
"dossiers",1
"freelance",1
"overproduction",1
"AcstrA?m",1
"deutschen",1
"contrasted",1
"planting",1
"address",1
"dixon",1
"attempt",1
"palynological",1
"progression",1
"surveying",1
"worked",1
"ourselves",1
"analogies",1
"joukowsky",1
"supplied",1
"words",1
"dramatically",1
"replaces",1
"best",1
"principles",1
"archaeologically",1
"route",1
"textiles",1
"leading",1
"explores",1
"secondary",1
"agrarian",1
"together",1
"liquids",1
"latium",1
"mACditerranACen",1
"squat",1
"disproportionate",1
"jonsercd",1
"naissance",1
"gradual",1
"ploughzone",1
"wave",1
"borne",1
"premiA?res",1
"theoiy",1
"transferred",1
"sometime",1
"link",1
"mercenaries",1
"intrusive",1
"hunting",1
"connection",1
"promontory",1
"packages",1
"wealthy",1
"search",1
"feature",1
"integrate",1
"ACgACe",1
"mykenaAoca",1
"bmtliff",1
"emphasized",1
"greatly",1
"blackwell",1
"influences",1
"marine",1
"concepts",1
"tv",1
"robert",1
"deriving",1
"normal",1
"reading",1
"ambiguous",1
"signs",1
"alluviation",1
"construe",1
"rocchetti",1
"positivism",1
"epic",1
"curtis",1
"stopped",1
"el",1
"avans",1
"ad",1
"ily",1
"depending",1
"injected",1
"blades",1
"gaps",1
"king",1
"englianos",1
"task",1
"transliteration",1
"advice",1
"iv",1
"hippopotamus",1
"thalassocracies",1
"incorporate",1
"approximations",1
"addresses",1
"taillACe",1
"representations",1
"sheridan",1
"papen",1
"cabay",1
"copenhagen",1
"egyptians",1
"account",1
"indirectly",1
"opened",1
"earfy",1
"leicester",1
"activity",1
"reliability",1
"securely",1
"colonizationand",1
"annuario",1
"sabloff",1
"characterize",1
"drive",1
"bun",1
"gift",1
"studi",1
"reaction",1
"literary",1
"raris",1
"pastthe",1
"approvisionnement",1
"fine",1
"internet",1
"indoeuropeans",1
"occurring",1
"normative",1
"regards",1
"ignores",1
"begemann",1
"conception",1
"quantity",1
"radical",1
"desirable",1
"qassical",1
"along",1
"representing",1
"correlation",1
"himself",1
"networkshas",1
"ACconomies",1
"poliochni",1
"craftsmen",1
"atsipadhes",1
"disturbances",1
"localized",1
"signal",1
"surplus",1
"colonized",1
"koressos",1
"expertise",1
"labor",1
"tribute",1
"implements",1
"della",1
"boardman",1
"thus",1
"multidimensional",1
"vertebrates",1
"palais",1
"pompeii",1
"kopais",1
"southampton",1
"southwestern",1
"influx",1
"madrid",1
"rocchi",1
"accuracy",1
"classique",1
"eventual",1
"vigorous",1
"leur",1
"dendrochronological",1
"inevitable",1
"durACe",1
"due",1
"analyzing",1
"herz",1
"wreckage",1
"agemortuary",1
"hierarchy",1
"unpublished",1
"terraces",1
"corner",1
"tigris",1
"danube",1
"lectures",1
"bridging",1
"characteristic",1
"adopted",1
"acta",1
"raises",1
"petrography",1
"thalassocracy",1
"paleographical",1
"jahrbuch",1
"ins",1
"tithemy",1
"surveysto",1
"assessment",1
"preparation",1
"pACtat",1
"sample",1
"privilege",1
"resin",1
"vanished",1
"spans",1
"interprets",1
"kind",1
"bands",1
"pollard",1
"oracles",1
"forsACn",1
"cyprusreceived",1
"better",1
"clark",1
"divergence",1
"bay",1
"feasible",1
"leant",1
"profound",1
"spanned",1
"ej",1
"inspirational",1
"xvn",1
"columbia",1
"echos",1
"six",1
"barker",1
"trous",1
"southeast",1
"bone",1
"left",1
"vm",1
"jeremy",1
"weakening",1
"compare",1
"find",1
"coincidentally",1
"undertaking",1
"contemporaneously",1
"geological",1
"archaeologist",1
"birkhA$user",1
"consequently",1
"seal",1
"reassessment",1
"communication",1
"hodder",1
"bennett",1
"excavator",1
"canaanite",1
"details",1
"olive",1
"strengthening",1
"pennsylvania",1
"sun",1
"conceive",1
"micenicos",1
"lineare",1
"simplistic",1
"giannotta",1
"sjA?berg",1
"acted",1
"biblioteca",1
"summer",1
"poorly",1
"ica",1
"react",1
"crossroads",1
"higher",1
"assessed",1
"opposed",1
"ruins",1
"via",1
"megaron",1
"momigliano",1
"colin",1
"reflects",1
"veiy",1
"prACsentation",1
"identification",1
"circular",1
"expected",1
"ox",1
"subjected",1
"vA3i",1
"camp",1
"bring",1
"nuovi",1
"ruipACrez",1
"growth",1
"emmett",1
"managing",1
"intraregional",1
"modeles",1
"denmark",1
"hoarding",1
"espoused",1
"scafa",1
"espouses",1
"official",1
"tectonic",1
"permcka",1
"yucatA!n",1
"culminating",1
"preparing",1
"capture",1
"tb",1
"bloomineton",1
"gaiaty",1
"una",1
"active",1
"suffer",1
"interruption",1
"opportunity",1
"determining",1
"probability",1
"tA lalay",1
"siphnos",1
"sarah",1
"turn",1
"derived",1
"batsford",1
"generating",1
"herodotus",1
"sanctuary",1
"mobilize",1
"illustrated",1
"lay",1
"unknown",1
"burials",1
"discoveries",1
"feel",1
"practicing",1
"clarification",1
"iy",1
"aeeean",1
"intensity",1
"periodic",1
"moreover",1
"provides",1
"broadened",1
"evaluated",1
"figures",1
"arvoA?d",1
"shell",1
"suffice",1
"methuen",1
"solutions",1
"defies",1
"dolls",1
"tempus",1
"bad",1
"plus",1
"adopt",1
"relationshipsprimarancient",1
"greeks",1
"consider",1
"possibly",1
"dichotomy",1
"key",1
"established",1
"geosciences",1
"familiar",1
"unclear",1
"image",1
"unfamiliarity",1
"dce",1
"india",1
"morgan",1
"receptacle",1
"latin",1
"proved",1
"represented",1
"days",1
"duhon",1
"tying",1
"traces",1
"invariably",1
"downs",1
"weinstein",1
"hastening",1
"bemal",1
"unproblematic",1
"quarters",1
"pebble",1
"observations",1
"upper",1
"periodically",1
"situations",1
"ulysses",1
"four",1
"show",1
"hadzidaki",1
"esoteric",1
"underwater",1
"delta",1
"resource",1
"comparisons",1
"albuquerque",1
"edinburgh",1
"shed",1
"isolation",1
"followed",1
"avert",1
"thACorA?me",1
"plenum",1
"pseira",1
"permanent",1
"pierre",1
"vallianos",1
"scaife",1
"endemic",1
"mollusca",1
"tas",1
"david",1
"export",1
"strategy",1
"drawing",1
"trajectories",1
"plausibly",1
"invading",1
"argolis",1
"proposed",1
"vrokastro",1
"matching",1
"experimentation",1
"raw",1
"processing",1
"expressed",1
"ou",1
"advance",1
"incomplete",1
"oassical",1
"cynthia",1
"tA2rrence",1
"migrant",1
"questioned",1
"asserts",1
"modernity",1
"dACveloppement",1
"tingle",1
"scientifically",1
"wares",1
"hisancient",1
"devastation",1
"malia",1
"expanses",1
"farmsteads",1
"typical",1
"vantiquitAC",1
"attack",1
"verlag",1
"behavioral",1
"contextualize",1
"changed",1
"matiA?res",1
"jn",1
"ventris",1
"rooms",1
"zone",1
"diet",1
"brokers",1
"apr",1
"expressions",1
"term",1
"acquiring",1
"historicity",1
"handbook",1
"bureaucracies",1
"cups",1
"sword",1
"artefact",1
"archeologica",1
"neighboring",1
"cheriy",1
"avaris",1
"chronique",1
"hippopotames",1
"acropolis",1
"cadmo",1
"mainly",1
"stock",1
"knossian",1
"fotiadis",1
"afforded",1
"appears",1
"ot",1
"viewed",1
"absorption",1
"population",1
"reinforce",1
"cannot",1
"dispersal",1
"lvoz",1
"thin",1
"productively",1
"procedures",1
"explored",1
"confirmation",1
"explain",1
"nvap",1
"athletes",1
"kythnos",1
"tracking",1
"package",1
"halieis",1
"warriors",1
"tarling",1
"failure",1
"shape",1
"urfirnis",1
"tebe",1
"gained",1
"jma",1
"swords",1
"artefacts",1
"network",1
"creteis",1
"degrees",1
"paleoenvironmental",1
"line",1
"correctly",1
"assistants",1
"overviews",1
"strengths",1
"klippel",1
"received",1
"culham",1
"imports",1
"rupp",1
"aravantinos",1
"wolfs",1
"start",1
"stiff",1
"heart",1
"entures",1
"unless",1
"dab",1
"colloquia",1
"breeding",1
"discusses",1
"multilayered",1
"wley",1
"calls",1
"clearer",1
"confined",1
"studia",1
"patterning",1
"positions",1
"description",1
"highlight",1
"restructuring",1
"iia",1
"A2cnool",1
"galanopoulos",1
"q",1
"database",1
"discussions",1
"intermediate",1
"tyios",1
"mycenaeans",1
"partly",1
"objectsis",1
"climatic",1
"people",1
"long",1
"actually",1
"beads",1
"speaking",1
"augment",1
"turkeyrather",1
"circulation",1
"transported",1
"attica",1
"doors",1
"lifeways",1
"vessels",1
"scope",1
"palAColithiques",1
"endnote",1
"newspaper",1
"lemtory",1
"intersections",1
"merchant",1
"resourceswidely",1
"sicily",1
"longboat",1
"interpreted",1
"premiers",1
"breakdown",1
"agios",1
"ethnicity",1
"convegno",1
"textshas",1
"conceptualizes",1
"indexed",1
"lithics",1
"redistribution",1
"dalmatia",1
"worldsuch",1
"pelon",1
"philip",1
"citing",1
"subtle",1
"oriental",1
"atlas",1
"aa",1
"twilight",1
"postpalatial",1
"abuse",1
"premieres",1
"interregional",1
"brush",1
"aeoe",1
"sense",1
"viable",1
"hiii",1
"sweep",1
"uninterrupted",1
"wi",1
"embodied",1
"buildings",1
"revolution",1
"stage",1
"tested",1
"trading",1
"alto",1
"politically",1
"catholic",1
"order",1
"togstaff",1
"lesbos",1
"cope",1
"formatting",1
"owned",1
"ward",1
"geomorphology",1
"scarab",1
"quantification",1
"deutsches",1
"delozier",1
"ignore",1
"astounding",1
"concerns",1
"smithsonian",1
"revealing",1
"components",1
"bridge",1
"aegeanists",1
"deirateneo",1
"disaster",1
"thereby",1
"ericson",1
"distinguished",1
"naa",1
"latest",1
"statelevel",1
"boundaries",1
"villages",1
"differing",1
"tended",1
"regular",1
"core",1
"agepreviously",1
"afroasiatic",1
"visible",1
"generally",1
"richness",1
"inability",1
"problA?mes",1
"pays",1
"monographiae",1
"filling",1
"describes",1
"discoveriesstill",1
"correspondence",1
"bogdan",1
"sharon",1
"structured",1
"gubbio",1
"abstracted",1
"grateful",1
"developmental",1
"finds",1
"geenne",1
"multifunctional",1
"A?etel",1
"longue",1
"scuola",1
"luxuries",1
"phi",1
"koroneika",1
"niemi",1
"archA$ologisches",1
"epirus",1
"integrating",1
"testi",1
"pertaining",1
"oriente",1
"ofarchaeobgy",1
"approximate",1
"units",1
"investigating",1
"coastline",1
"mirabelle",1
"excludes",1
"deities",1
"ceremonial",1
"ttie",1
"chronometry",1
"shedding",1
"aim",1
"sesklo",1
"impacts",1
"identified",1
"action",1
"correlating",1
"stockhohn",1
"italy",1
"mechanisms",1
"larissa",1
"synthesis",1
"service",1
"located",1
"labeled",1
"expansion",1
"linden",1
"tartaron",1
"reinterpreted",1
"plans",1
"corporation",1
"indigA?nes",1
"listings",1
"coleman",1
"nearly",1
"exception",1
"unsystematic",1
"foisACn",1
"vili",1
"suggestion",1
"dor",1
"still",1
"illustrating",1
"presently",1
"indicates",1
"conceived",1
"urece",1
"interrelations",1
"seemingly",1
"synchronisms",1
"surveyed",1
"hold",1
"religious",1
"zeal",1
"positive",1
"structural",1
"wv",1
"plow",1
"nubia",1
"fighting",1
"sponsorship",1
"aghios",1
"hominids",1
"guide",1
"heretics",1
"mycA?nes",1
"once",1
"simultaneous",1
"rational",1
"indus",1
"yet",1
"domesticates",1
"push",1
"examined",1
"wake",1
"neopalatial",1
"lloyd",1
"makes",1
"theargolid",1
"read",1
"marginal",1
"happened",1
"builds",1
"acknowledgments",1
"serve",1
"hegemonic",1
"array",1
"sociocultural",1
"windows",1
"paleontological",1
"historia",1
"specifics",1
"german",1
"thesis",1
"workmanship",1
"tn",1
"chypre",1
"included",1
"planned",1
"consiglio",1
"aux",1
"handaxe",1
"nonindigenous",1
"demonstrates",1
"maddle",1
"natural",1
"largest",1
"traders",1
"mollusc",1
"contains",1
"cargoes",1
"begins",1
"lingering",1
"situates",1
"operations",1
"bernats",1
"evolve",1
"disciplinary",1
"volume",1
"representation",1
"rings",1
"routes",1
"crew",1
"inhabitants",1
"organizations",1
"resolution",1
"collaborators",1
"name",1
"idea",1
"ergon",1
"albania",1
"decoration",1
"mark",1
"admirable",1
"tnessaly",1
"siteia",1
"similarly",1
"procured",1
"petruso",1
"put",1
"decorative",1
"lime",1
"sui",1
"wooden",1
"lack",1
"scarabs",1
"pological",1
"valid",1
"lengthens",1
"stimulus",1
"identifying",1
"occurrence",1
"striking",1
"proposal",1
"krzysztof",1
"sportiello",1
"hakkert",1
"attempting",1
"grog",1
"painted",1
"eruptions",1
"enclosure",1
"birth",1
"ethnography",1
"ideology",1
"surveythe",1
"personal",1
"vagnetti",1
"musti",1
"feasting",1
"substantially",1
"variation",1
"identical",1
"distributions",1
"minimize",1
"snyder",1
"hiatus",1
"ormore",1
"ftp",1
"resurveying",1
"kit",1
"drinking",1
"A2tate",1
"arisen",1
"increases",1
"etymologized",1
"manner",1
"where",1
"tne",1
"continuing",1
"purposes",1
"coarse",1
"receives",1
"relevant",1
"renaissance",1
"tell",1
"arhaioloyikon",1
"stech",1
"slice",1
"royal",1
"inductively",1
"transizione",1
"notices",1
"simplicity",1
"showing",1
"citadels",1
"fewer",1
"recording",1
"hvar",1
"fanning",1
"mACsolithique",1
"assemblage",1
"coined",1
"after",1
"explicitly",1
"argument",1
"lemnos",1
"projectexplicitly",1
"italiane",1
"oepiros",1
"palestine",1
"petrological",1
"archaeometallurgical",1
"local",1
"cann",1
"greatest",1
"balance",1
"ignored",1
"vast",1
"campaigns",1
"session",1
"considering",1
"lands",1
"preneolithic",1
"sphakia",1
"farming",1
"chronologies",1
"archaeologya",1
"hardwick",1
"istituto",1
"bulgarian",1
"miceneo",1
"telescope",1
"rediscovery",1
"lake",1
"arose",1
"tsoungarakis",1
"atene",1
"apology",1
"dispersals",1
"stephanos",1
"goodison",1
"entrepreneurship",1
"samples",1
"ateneo",1
"prospection",1
"talking",1
"entirely",1
"waste",1
"traded",1
"food",1
"griegos",1
"enalta",1
"refers",1
"surveyors",1
"reconstructing",1
"particularthe",1
"aside",1
"hise",1
"trend",1
"archaeomagnetic",1
"styles",1
"redistributive",1
"deltion",1
"raising",1
"literate",1
"impacte",1
"continuities",1
"discontinuities",1
"described",1
"specimen",1
"berkshire",1
"reevaluated",1
"sails",1
"rutkowski",1
"gafmey",1
"homeric",1
"open",1
"prACdation",1
"earth",1
"ricerche",1
"laboratories",1
"authors",1
"potmarks",1
"hampered",1
"mycACnienne",1
"profession",1
"agreement",1
"reparatum",1
"accounted",1
"soldiers",1
"decorated",1
"internazionale",1
"essay",1
"A?ypriot",1
"tool",1
"civilisations",1
"tokens",1
"individual",1
"binthff",1
"architectural",1
"gardin",1
"blend",1
"powerful",1
"flood",1
"transshipment",1
"haldane",1
"attribution",1
"features",1
"mexico",1
"distinction",1
"AClite",1
"stages",1
"lie",1
"contributed",1
"shortly",1
"gitin",1
"peer",1
"preservation",1
"cultureincluding",1
"peebles",1
"protopalatial",1
"dialogue",1
"wight",1
"wrecks",1
"perfume",1
"procurement",1
"malthi",1
"fidio",1
"esteem",1
"graves",1
"readers",1
"annually",1
"random",1
"sentiment",1
"regionalism",1
"elaborate",1
"nicely",1
"evolutionary",1
"pedology",1
"chapel",1
"mykenaARka",1
"sporades",1
"correct",1
"hastily",1
"exported",1
"suffers",1
"ACtude",1
"exactly",1
"effect",1
"haidane",1
"nami",1
"deciphered",1
"seeking",1
"ethnohistory",1
"preand",1
"travelers",1
"attracted",1
"workshop",1
"geography",1
"impressed",1
"saw",1
"archaeometaA?urgynt",1
"wiggle",1
"librariesare",1
"balkans",1
"concluding",1
"lafsneur",1
"aiyan",1
"achieve",1
"investigations",1
"encompassing",1
"decay",1
"animals",1
"bibliographic",1
"gACnACrale",1
"mmiflllm",1
"mykenatka",1
"evaluatedhave",1
"druitt",1
"farm",1
"european",1
"delphi",1
"things",1
"depth",1
"seasons",1
"fifty",1
"pictorial",1
"assigned",1
"fueled",1
"liritzis",1
"glass",1
"daidalos",1
"belonged",1
"publishing",1
"africa",1
"reviewer",1
"independent",1
"alla",1
"redefine",1
"george",1
"nodules",1
"hommes",1
"vision",1
"impressive",1
"practical",1
"testing",1
"practitioners",1
"maps",1
"basen",1
"pieces",1
"hill",1
"employment",1
"begin",1
"archA$ologischen",1
"marzo",1
"randomly",1
"images",1
"frogs",1
"slow",1
"becomes",1
"referred",1
"athe",1
"mmdiver",1
"directions",1
"un",1
"transformed",1
"linACaire",1
"anthropogenic",1
"team",1
"imperialism",1
"midea",1
"force",1
"returned",1
"islandsas",1
"effectively",1
"jar",1
"reoccupation",1
"determination",1
"proposition",1
"interplay",1
"confine",1
"gli",1
"originated",1
"recognize",1
"contents",1
"whereby",1
"indicate",1
"lafAYneuralso",1
"length",1
"frames",1
"volumes",1
"owed",1
"why",1
"es",1
"reconsider",1
"responsible",1
"pond",1
"hi",1
"fall",1
"interconnected",1
"turbed",1
"opuscula",1
"capta",1
"chamber",1
"roma",1
"fields",1
"canonical",1
"centuries",1
"itself",1
"thermi",1
"morpurgo",1
"problematic",1
"interpretive",1
"ano",1
"susan",1
"collecteurs",1
"dickinson",1
"pvlos",1
"micenei",1
"quantitative",1
"classification",1
"acquired",1
"revolutionized",1
"abandonment",1
"wing",1
"seriously",1
"wisconsinmadison",1
"deposited",1
"popham",1
"A?rrance",1
"grA?ce",1
"monument",1
"updating",1
"associated",1
"tusk",1
"suite",1
"raiaima",1
"bnodgrass",1
"counterintuitive",1
"comes",1
"conclusion",1
"mentioned",1
"praktika",1
"laconia",1
"generalthat",1
"simply",1
"mayt",1
"ever",1
"hypothesized",1
"interisland",1
"needless",1
"symbolic",1
"theme",1
"thousand",1
"temporal",1
"travellers",1
"symbol",1
"sciences",1
"clarifying",1
"iscrizione",1
"alternative",1
"microscale",1
"cover",1
"troy",1
"gilmore",1
"imposing",1
"dimension",1
"jahns",1
"benefits",1
"intellectual",1
"postglacial",1
"proof",1
"monthly",1
"specialization",1
"country",1
"svcnska",1
"gassical",1
"specialized",1
"centuiy",1
"novel",1
"malone",1
"ingot",1
"seem",1
"board",1
"ivory",1
"fabrication",1
"did",1
"outillage",1
"nevertheless",1
"wuliam",1
"contextual",1
"down",1
"anatolians",1
"synchronism",1
"consequences",1
"fired",1
"paleontologtcal",1
"visiting",1
"concurrently",1
"exploiting",1
"losses",1
"entering",1
"stillfrom",1
"linked",1
"contradictory",1
"speculation",1
"wilkinson",1
"sanctuaries",1
"rely",1
"very",1
"benefit",1
"hundred",1
"constant",1
"colonizationor",1
"levelprior",1
"creteknossosbroodbank",1
"cities",1
"purview",1
"domesticated",1
"scatters",1
"demoule",1
"confining",1
"cittA ",1
"works",1
"codes",1
"terebinth",1
"mainlands",1
"destroyed",1
"oztunali",1
"positivisti",1
"noise",1
"maddin",1
"northeastern",1
"discuss",1
"basics",1
"fuller",1
"completion",1
"preexisting",1
"affirm",1
"carefully",1
"afykenaA?ka",1
"unique",1
"implicit",1
"multidisciplinary",1
"ones",1
"neolithicincluding",1
"want",1
"cause",1
"fress",1
"sc",1
"missioni",1
"add",1
"maintain",1
"artifactual",1
"map",1
"cult",1
"downloading",1
"mesoamericacovered",1
"phylakopi",1
"fanners",1
"barriers",1
"updates",1
"outs",1
"waters",1
"densities",1
"her",1
"mykenA A?ka",1
"incised",1
"collector",1
"cloth",1
"basel",1
"imperial",1
"diptych",1
"influenced",1
"calendar",1
"epeiras",1
"sorioeconomic",1
"flaked",1
"ideal",1
"paleoecology",1
"italian",1
"pemicka",1
"categories",1
"phiius",1
"beazley",1
"collA3n",1
"radically",1
"outline",1
"botteraa",1
"apparatus",1
"pdA""",1
"trees",1
"poems",1
"preserved",1
"potters",1
"mycenology",1
"met",1
"ancestral",1
"conclude",1
"affecting",1
"despite",1
"marble",1
"lovaniensia",1
"adolf",1
"became",1
"edmunds",1
"diachronie",1
"shelmerdme",1
"tried",1
"disciplines",1
"faience",1
"cash",1
"argive",1
"territory",1
"instA-tutet",1
"measure",1
"oil",1
"moms",1
"atti",1
"tracing",1
"programs",1
"operate",1
"corollary",1
"resistance",1
"mvcenaean",1
"summarizes",1
"paintings",1
"clothing",1
"tenable",1
"qualitative",1
"arcneoiogique",1
"allows",1
"goals",1
"aspect",1
"coming",1
"varied",1
"pouvoir",1
"strong",1
"remarks",1
"oA?",1
"prepared",1
"come",1
"examinations",1
"eric",1
"false",1
"olimpia",1
"determinism",1
"sociACtACs",1
"hcp",1
"obliged",1
"langdon",1
"survival",1
"sediments",1
"spacing",1
"synopsis",1
"locations",1
"fA?riag",1
"troica",1
"argues",1
"biennial",1
"reveals",1
"justifiably",1
"advent",1
"hordes",1
"illinois",1
"twentieth",1
"grappling",1
"write",1
"fordham",1
"submerged",1
"public",1
"course",1
"indications",1
"astrA?ras",1
"typically",1
"integrated",1
"enabling",1
"consumption",1
"hunter",1
"opinions",1
"smaller",1
"flocks",1
"petros",1
"disruption",1
"involving",1
"round",1
"centrality",1
"piece",1
"clues",1
"defined",1
"disney",1
"discounted",1
"arethusa",1
"captain",1
"typology",1
"lading",1
"secolo",1
"increased",1
"archaic",1
"roughly",1
"moved",1
"mobilized",1
"politela",1
"interdisciplinary",1
"reticent",1
"deployment",1
"instituts",1
"client",1
"bell",1
"nucleation",1
"say",1
"andindirectlymesopotamia",1
"contrasting",1
"sharing",1
"pool",1
"deposition",1
"irinA1",1
"exclusively",1
"element",1
"noncommercial",1
"northwestern",1
"duration",1
"immediately",1
"graecia",1
"iraq",1
"comparable",1
"priestly",1
"ashkelon",1
"networks",1
"gui",1
"observed",1
"famous",1
"tf",1
"assists",1
"premature",1
"nears",1
"tradeand",1
"christina",1
"indicating",1
"helladics",1
"termed",1
"boeotian",1
"workings",1
"draft",1
"customs",1
"laws",1
"efstratiou",1
"kra",1
"martin",1
"symbolism",1
"costly",1
"mook",1
"deeper",1
"satisfyingly",1
