"WORDCOUNTS","WEIGHT"
"the",1086
"of",715
"and",696
"in",372
"de",342
"a",290
"to",211
"that",160
"e",154
"puebla",151
"mexico",128
"city",121
"pp",114
"cholula",107
"la",104
"plunket",104
"on",104
"g",101
"p",99
"at",91
"s",90
"d",86
"y",82
"b",82
"m",82
"antropologA-a",80
"en",77
"nacional",77
"del",72
"from",66
"this",65
"for",64
"historia",63
"j",62
"have",61
"uruA?uela",60
"c",60
"research",56
"by",56
"eds",55
"as",54
"with",54
"ed",53
"has",53
"r",52
"was",50
"instituto",50
"is",50
"el",49
"valley",49
"al",48
"an",48
"tetimpa",47
"postclassic",47
"central",45
"mesoamerican",45
"were",45
"between",45
"mACxico",44
"university",44
"et",44
"las",43
"been",41
"are",41
"archaeology",40
"universidad",38
"f",37
"press",37
"these",37
"during",36
"tehuacan",35
"h",33
"los",33
"recent",33
"mesoamerica",32
"prehistory",32
"arqueologA-a",32
"or",32
"archaeological",32
"it",31
"l",31
"classic",31
"period",31
"ceramics",30
"smith",30
"cook",30
"teotihuacan",29
"tehuacA!n",29
"new",29
"not",29
"mexicana",28
"n",28
"mesa",28
"formative",28
"but",28
"area",28
"anthropology",27
"first",27
"early",27
"political",26
"unirmela",26
"mccafferty",26
"late",25
"state",24
"century",24
"ancient",24
"be",23
"american",22
"t",22
"two",22
"vol",21
"unpublished",21
"castillo",21
"more",21
"also",21
"although",21
"popoloca",20
"important",20
"cantona",20
"work",20
"nicholson",20
"v",20
"k",20
"major",20
"macneish",19
"popocatepetl",19
"style",19
"region",19
"sisson",19
"into",18
"hernA!ndez",18
"ritual",18
"thesis",18
"pyramid",18
"sociedad",18
"garcA-a",17
"other",17
"their",17
"lA3pez",17
"middle",17
"world",17
"southern",17
"we",17
"autA3noma",17
"eruption",16
"i",16
"along",16
"codex",16
"may",16
"most",16
"merino",16
"san",16
"redonda",16
"like",16
"un",16
"volcanic",16
"art",16
"both",16
"proyecto",16
"they",15
"berdan",15
"fig",15
"no",15
"house",15
"agricultural",15
"basin",15
"arqueolA3gico",15
"population",15
"used",15
"about",15
"social",15
"tlaxcala",15
"garcia",15
"volcano",15
"report",15
"notas",14
"investigaciones",14
"village",14
"complex",14
"excavations",14
"houses",14
"prehispA!nica",14
"however",14
"su",14
"internacional",14
"lind",14
"perspectivas",14
"department",14
"only",14
"ceramic",14
"areas",14
"lilly",14
"obsidian",14
"lama",14
"one",13
"studies",13
"western",13
"long",13
"great",13
"some",13
"consejo",13
"sites",13
"flannery",13
"its",13
"located",13
"study",13
"project",13
"sequence",13
"construction",13
"castellA3n",13
"salt",13
"building",13
"ca",13
"viejo",12
"maize",12
"there",12
"eastern",12
"human",12
"dates",12
"than",12
"inah",12
"tepexi",12
"around",12
"mesoamericanas",12
"culture",12
"mixtee",12
"cerA!mica",12
"entorno",12
"submitted",12
"tACcnico",12
"pohl",12
"cuthA!",12
"rattray",12
"simposium",12
"domestic",12
"licenciatura",11
"siebe",11
"nature",11
"culver",11
"oaxaca",11
"subsistence",11
"discoveries",11
"origins",11
"austin",11
"cultural",11
"occidente",11
"labyrinthos",11
"texas",11
"materials",11
"economic",11
"patterns",11
"lake",11
"which",11
"platform",11
"panfil",11
"systems",11
"structure",11
"frontier",11
"balance",11
"years",11
"remains",11
"archaic",11
"utah",11
"interaction",11
"development",10
"york",10
"murals",10
"settlement",10
"brambila",10
"south",10
"second",10
"architecture",10
"many",10
"ams",10
"mural",10
"suA!rez",10
"can",10
"sobre",10
"antiquity",10
"analysis",10
"abandonment",10
"valle",10
"xxiv",10
"institute",10
"cientA-fica",10
"evidence",10
"agriculture",9
"prehispanic",9
"lineage",9
"impact",9
"w",9
"found",9
"centers",9
"initial",9
"data",9
"hirth",9
"regional",9
"our",9
"polychrome",9
"ethnic",9
"probably",9
"provide",9
"fields",9
"mesoamACrica",9
"natural",9
"very",9
"past",9
"while",9
"groups",8
"large",8
"flows",8
"themes",8
"room",8
"date",8
"kingdoms",8
"atlixco",8
"international",8
"appears",8
"southeastern",8
"investigaciA3n",8
"small",8
"villages",8
"provided",8
"estado",8
"under",8
"eruptions",8
"top",8
"significant",8
"sierra",8
"urban",8
"marquina",8
"americas",8
"much",8
"should",8
"environmental",7
"production",7
"processes",7
"highland",7
"fritz",7
"household",7
"sanders",7
"thin",7
"growth",7
"monumental",7
"latin",7
"borgia",7
"estudios",7
"archivo",7
"artifacts",7
"unA-rmela",7
"part",7
"aztec",7
"structures",7
"published",7
"excavated",7
"sheehy",7
"sitio",7
"limited",7
"religious",7
"others",7
"projects",7
"time",7
"see",7
"homenaje",7
"understanding",7
"made",7
"deposits",7
"elite",7
"radiocarbon",7
"three",7
"so",7
"exchange",7
"colecciA3n",7
"current",7
"cities",7
"vessels",7
"through",7
"transition",7
"terminal",7
"include",7
"later",6
"modern",6
"bp",6
"archaeologists",6
"within",6
"system",6
"subsequent",6
"particularly",6
"america",6
"activity",6
"stratigraphy",6
"temporada",6
"economies",6
"phase",6
"such",6
"since",6
"distinct",6
"wares",6
"apparently",6
"master",6
"oxford",6
"rather",6
"across",6
"salvage",6
"paillACs",6
"earlier",6
"certain",6
"organization",6
"antropolA3gicos",6
"informe",6
"residential",6
"networks",6
"place",6
"rojas",6
"regions",6
"event",6
"several",6
"society",6
"chronological",6
"situation",6
"exception",6
"headrick",6
"preclA!sico",6
"compound",6
"present",6
"where",6
"coloquio",6
"perhaps",6
"valleys",6
"polities",6
"local",6
"nahua",6
"use",6
"laboratory",6
"una",6
"spread",6
"hardy",6
"divides",6
"northern",6
"highlands",6
"para",6
"hill",6
"plaza",6
"juan",6
"clA!sico",6
"escuela",6
"tlachihualtepetl",6
"ash",6
"boletA-n",6
"huejotzingo",6
"rural",6
"mixteca",6
"frontiers",6
"iconografA-a",6
"impacted",6
"specific",6
"km",6
"little",6
"fortified",5
"resulted",5
"seA?orA-o",5
"linguistic",5
"center",5
"settlements",5
"sets",5
"mexican",5
"ms",5
"undertaken",5
"excavation",5
"contexts",5
"being",5
"rapid",5
"formativo",5
"sacred",5
"u",5
"west",5
"review",5
"corner",5
"antropolA3gicas",5
"geological",5
"journal",5
"spite",5
"gillespie",5
"site",5
"bellwood",5
"his",5
"developed",5
"landscape",5
"boone",5
"references",5
"burials",5
"determination",5
"dated",5
"aguirre",5
"northeastern",5
"plinian",5
"based",5
"could",5
"handbook",5
"byers",5
"prehispA!nico",5
"recently",5
"produced",5
"excellent",5
"information",5
"documented",5
"presented",5
"few",5
"highly",5
"coast",5
"benz",5
"results",5
"led",5
"tlalancaleca",5
"orange",5
"same",5
"nevada",5
"motifs",5
"memorias",5
"medina",5
"took",5
"do",5
"material",5
"altar",5
"prehispA!nicos",5
"dating",5
"similar",5
"symposium",5
"architectural",5
"high",5
"problems",5
"those",5
"pintura",5
"dead",5
"program",5
"who",5
"talavera",5
"anthropological",5
"environment",5
"paper",5
"polychromes",5
"cal",5
"arqueolA3gicas",5
"almost",5
"revista",5
"xli",5
"epiclassic",5
"tschohl",5
"indians",5
"formation",5
"north",5
"zapotitlA!n",5
"gulf",5
"focus",5
"difficult",4
"o",4
"edge",4
"common",4
"if",4
"group",4
"di",4
"better",4
"history",4
"excavaciones",4
"different",4
"transitions",4
"all",4
"subject",4
"farmers",4
"analyses",4
"last",4
"chiefdoms",4
"platforms",4
"less",4
"side",4
"milpas",4
"east",4
"albany",4
"holocene",4
"richard",4
"arqueolA3gica",4
"piedmont",4
"neutron",4
"anA!lisis",4
"cepeda",4
"dyckerhoff",4
"norte",4
"drainage",4
"relations",4
"perspective",4
"agrA-cola",4
"response",4
"alliances",4
"cabeceras",4
"cameron",4
"whose",4
"neff",4
"how",4
"mountain",4
"process",4
"active",4
"importance",4
"mA!rquez",4
"emergence",4
"linked",4
"suggested",4
"view",4
"iconography",4
"charcoal",4
"societies",4
"out",4
"iconographie",4
"occupation",4
"buried",4
"caves",4
"monograph",4
"issues",4
"reflect",4
"alliance",4
"angeles",4
"order",4
"fuentes",4
"family",4
"soil",4
"disaster",4
"und",4
"bocas",4
"massive",4
"activities",4
"activation",4
"he",4
"valsequillo",4
"ignacio",4
"still",4
"make",4
"communities",4
"opportunities",4
"included",4
"demonstrates",4
"tlaxcalan",4
"members",4
"power",4
"gobierno",4
"orA-genes",4
"water",4
"pennsylvania",4
"drinking",4
"chacA3n",4
"unidades",4
"compounds",4
"serra",4
"strategies",4
"maya",4
"assemblages",4
"range",4
"detailed",4
"mortuary",4
"landa",4
"entirely",4
"styles",4
"california",4
"directed",4
"publication",4
"language",4
"histA3rica",4
"would",4
"played",4
"after",4
"provides",4
"disasters",4
"sigma",4
"arana",4
"hi",4
"furrows",4
"occupied",4
"ago",4
"codices",4
"neely",4
"ideology",4
"primarily",4
"sequences",4
"earliest",4
"considered",4
"senior",4
"geographic",4
"symbolic",4
"A!rea",4
"cotsen",4
"temple",4
"over",4
"regiA3n",4
"cultures",4
"colotzingo",4
"shrine",4
"seem",4
"believe",4
"best",4
"goods",4
"beginning",4
"according",4
"form",4
"size",4
"emergent",4
"role",4
"contreras",4
"salinas",4
"campus",4
"until",4
"models",4
"altiplano",4
"pedro",4
"create",4
"including",4
"traditional",4
"among",4
"dos",4
"devastated",4
"lahars",4
"primera",4
"coxcatlA!n",3
"now",3
"rate",3
"noguera",3
"stylistic",3
"tres",3
"represent",3
"shrines",3
"northeast",3
"speakers",3
"patio",3
"designed",3
"likely",3
"ballcourt",3
"organic",3
"diversity",3
"pyroclastic",3
"lateral",3
"zona",3
"interests",3
"huexotzinco",3
"originally",3
"might",3
"attempt",3
"alemana",3
"seems",3
"noyola",3
"tradition",3
"indeed",3
"cerro",3
"classified",3
"surveys",3
"cuenca",3
"manrique",3
"case",3
"plains",3
"otomangue",3
"key",3
"siglos",3
"representations",3
"intercambio",3
"prior",3
"illustrate",3
"edelstein",3
"occupy",3
"flank",3
"figurillas",3
"far",3
"above",3
"zone",3
"vaillant",3
"evans",3
"includes",3
"rutas",3
"southwestern",3
"due",3
"decorated",3
"encyclopedia",3
"z",3
"items",3
"canal",3
"academic",3
"catalina",3
"airport",3
"back",3
"marriage",3
"served",3
"fowler",3
"communication",3
"tecnologA-a",3
"solanes",3
"acropolis",3
"civilization",3
"operation",3
"philadelphia",3
"centered",3
"dry",3
"remain",3
"basic",3
"supplement",3
"domestication",3
"parts",3
"pilitas",3
"symbols",3
"webster",3
"arid",3
"section",3
"just",3
"show",3
"trace",3
"lithic",3
"beyond",3
"painted",3
"materiales",3
"appear",3
"had",3
"problem",3
"paddock",3
"typical",3
"format",3
"events",3
"interpretations",3
"excavaciA3n",3
"further",3
"focused",3
"barba",3
"leonard",3
"scale",3
"record",3
"public",3
"cambridge",3
"sacrifice",3
"hopkins",3
"technical",3
"well",3
"directly",3
"basis",3
"concept",3
"leads",3
"casa",3
"related",3
"centro",3
"northwest",3
"broad",3
"rituals",3
"floors",3
"pumitic",3
"researchers",3
"earth",3
"least",3
"caused",3
"pottery",3
"buildings",3
"suggest",3
"involved",3
"eighth",3
"depression",3
"presence",3
"core",3
"always",3
"generally",3
"rodrA-guez",3
"tiempo",3
"neolithic",3
"various",3
"gabriel",3
"identified",3
"shields",3
"return",3
"reconstruction",3
"ware",3
"stones",3
"salvamento",3
"yet",3
"interpretation",3
"makes",3
"chronology",3
"us",3
"manzanilla",3
"drunkenness",3
"beams",3
"swamp",3
"floor",3
"sondeo",3
"reports",3
"garland",3
"fill",3
"angel",3
"street",3
"towns",3
"dumaine",3
"residence",3
"salomA3n",3
"joyce",3
"outside",3
"zacatecas",3
"pattern",3
"informativo",3
"adjacent",3
"estudio",3
"covered",3
"shown",3
"empire",3
"number",3
"pAoblica",3
"link",3
"tulane",3
"enormous",3
"identity",3
"volcanoes",3
"numerous",3
"fundaciA3n",3
"evolution",3
"marcos",3
"clear",3
"prospectivas",3
"authors",3
"estructura",3
"A!guila",3
"mines",3
"obtained",3
"courtyard",3
"topics",3
"xxvi",3
"diamond",3
"propose",3
"educaciA3n",3
"sacrificial",3
"veracruz",3
"drennan",3
"perspectives",3
"sealed",3
"tomo",3
"science",3
"ecological",3
"usually",3
"domACsticas",3
"often",3
"composed",3
"mA!rtir",3
"tunnel",3
"mud",3
"anthropomorphic",3
"then",3
"associated",3
"series",3
"yohualichan",3
"changing",3
"demonstrate",3
"constructed",3
"symbol",3
"ACpoca",3
"comisiA3n",3
"control",3
"each",3
"exploration",3
"industry",3
"contextual",3
"down",3
"wall",3
"assemblage",3
"iii",3
"clearly",3
"quintana",3
"hostilities",3
"living",3
"them",3
"selected",3
"distribution",3
"balances",3
"divide",3
"huge",3
"suggests",3
"paintings",3
"colonial",3
"phenomenon",3
"sabloff",3
"lands",3
"surface",3
"wolfman",3
"sur",3
"states",3
"ciudad",3
"did",3
"schiffer",3
"johnson",3
"era",3
"martA-nez",3
"corn",3
"strong",3
"bernal",2
"final",2
"does",2
"patrilineages",2
"done",2
"limits",2
"balsas",2
"indicated",2
"entierros",2
"separated",2
"cradle",2
"bolstering",2
"affected",2
"extreme",2
"tierra",2
"monjas",2
"miguel",2
"likewise",2
"partially",2
"kinds",2
"yv",2
"identify",2
"artwork",2
"stone",2
"ruiz",2
"roots",2
"centenario",2
"bureaucracy",2
"true",2
"residencia",2
"hidrA!ulico",2
"boulder",2
"grove",2
"decade",2
"before",2
"exceptions",2
"cultura",2
"nubes",2
"file",2
"sterile",2
"domACstico",2
"holy",2
"hermosillo",2
"famsi",2
"military",2
"location",2
"uriarte",2
"furrowed",2
"triadic",2
"broken",2
"suggesting",2
"together",2
"imported",2
"pinto",2
"sometime",2
"atlantic",2
"uncovered",2
"renfrew",2
"reproduction",2
"help",2
"feature",2
"worldwide",2
"papers",2
"similarities",2
"she",2
"existence",2
"westview",2
"primary",2
"denver",2
"siebert",2
"preceramic",2
"sA!nchez",2
"fossilized",2
"surrounded",2
"coas",2
"establishment",2
"considerably",2
"undoubtedly",2
"tied",2
"nickel",2
"moll",2
"swezey",2
"quauhquechulan",2
"thus",2
"royal",2
"collapse",2
"relationships",2
"influx",2
"palaces",2
"oy",2
"incense",2
"culto",2
"terraces",2
"catA!logo",2
"neighbors",2
"divine",2
"interest",2
"dozen",2
"chinantla",2
"co",2
"media",2
"manuscript",2
"kind",2
"estimates",2
"cases",2
"nelson",2
"elements",2
"destroyed",2
"stored",2
"lances",2
"posiciA3n",2
"flawed",2
"caminos",2
"bone",2
"witnessed",2
"find",2
"explore",2
"even",2
"consequently",2
"look",2
"pichardo",2
"staircase",2
"general",2
"hallazgos",2
"cacaxtla",2
"walls",2
"murales",2
"employ",2
"opposed",2
"expansions",2
"essential",2
"german",2
"rACACvaluation",2
"links",2
"poblaciA3n",2
"catarina",2
"absent",2
"unam",2
"levels",2
"households",2
"landscapes",2
"se",2
"entre",2
"leave",2
"derived",2
"direct",2
"koontz",2
"sandy",2
"elaborate",2
"cave",2
"cholulteca",2
"cobs",2
"primer",2
"maestro",2
"clay",2
"tejupa",2
"settled",2
"serve",2
"posclA!sico",2
"established",2
"industria",2
"languages",2
"elsewhere",2
"donde",2
"placed",2
"constructivos",2
"frequently",2
"delgado",2
"restos",2
"four",2
"alta",2
"tezcatlipoca",2
"recovered",2
"eubanks",2
"additional",2
"segundo",2
"requires",2
"destructive",2
"imminent",2
"providing",2
"apizaco",2
"conquest",2
"irrigation",2
"result",2
"zeit",2
"six",2
"faunal",2
"midden",2
"gods",2
"underneath",2
"deal",2
"relate",2
"possibility",2
"base",2
"secretarA-a",2
"kinship",2
"lava",2
"postclA!sica",2
"understood",2
"braswell",2
"younger",2
"publications",2
"tikal",2
"hodge",2
"comunicaciones",2
"wide",2
"periodo",2
"subdivisions",2
"near",2
"departamento",2
"kirch",2
"briefly",2
"because",2
"none",2
"having",2
"network",2
"already",2
"niederberger",2
"pacheco",2
"heart",2
"protected",2
"proportions",2
"symbolism",2
"test",2
"realm",2
"mountjoy",2
"sta",2
"maldonado",2
"unidad",2
"people",2
"survey",2
"border",2
"focuses",2
"surrounding",2
"employed",2
"interpreted",2
"status",2
"horizon",2
"functioned",2
"mesoamericana",2
"relaciones",2
"change",2
"responses",2
"tepetate",2
"painting",2
"sense",2
"tested",2
"travACs",2
"presencia",2
"rushed",2
"feasts",2
"diagnostic",2
"otomanguean",2
"emerging",2
"specifically",2
"workshops",2
"decline",2
"distinguished",2
"ancestors",2
"boundaries",2
"dedicated",2
"mythological",2
"annual",2
"london",2
"virgen",2
"rescate",2
"poorly",2
"correspondence",2
"environmentally",2
"preliminary",2
"moved",2
"geographical",2
"periods",2
"will",2
"midpoint",2
"mA?ller",2
"ceremonial",2
"variety",2
"xochiyaoyotl",2
"arqueolA3gicos",2
"populations",2
"pilgrimage",2
"romano",2
"short",2
"gradual",2
"essays",2
"synthesis",2
"comparative",2
"expansion",2
"millA3n",2
"prevailing",2
"community",2
"indicates",2
"tzitzimime",2
"southeast",2
"vocabularies",2
"single",2
"depicted",2
"reference",2
"habitacional",2
"addition",2
"represents",2
"campo",2
"continuity",2
"evolved",2
"challenged",2
"demographic",2
"commoner",2
"antigua",2
"accelerated",2
"largest",2
"insights",2
"hearth",2
"jaguar",2
"geologists",2
"independent",2
"ringle",2
"lack",2
"culturales",2
"inhabitants",2
"participated",2
"decoration",2
"death",2
"tremendous",2
"towards",2
"adobe",2
"polA-croma",2
"aufdermaeur",2
"fact",2
"main",2
"olmeca",2
"temples",2
"nA!huatl",2
"plan",2
"segunda",2
"vela",2
"ethnohistoric",2
"manifested",2
"daily",2
"caballero",2
"end",2
"figurines",2
"contemporary",2
"variation",2
"jaACn",2
"junior",2
"succeeding",2
"forms",2
"antiguo",2
"bAosqueda",2
"jane",2
"existing",2
"heavily",2
"fennell",2
"exotic",2
"acatlA!n",2
"commercial",2
"streets",2
"arman",2
"popolocas",2
"demonstrated",2
"government",2
"fajardo",2
"situated",2
"extended",2
"discussion",2
"messmacher",2
"tipo",2
"upon",2
"aA?os",2
"dumond",2
"canals",2
"simkin",2
"findings",2
"traded",2
"food",2
"teotihuacA!n",2
"alducin",2
"ideas",2
"engaged",2
"individuals",2
"synthetic",2
"described",2
"nuclear",2
"theses",2
"significance",2
"erosive",2
"stress",2
"bebedores",2
"maintenance",2
"serpiente",2
"individual",2
"times",2
"homes",2
"antecedentes",2
"lie",2
"filled",2
"ecology",2
"preservation",2
"abundant",2
"latter",2
"municipal",2
"repeated",2
"migrants",2
"especially",2
"internal",2
"promote",2
"fortification",2
"craft",2
"milpa",2
"assessing",2
"respectively",2
"xvi",2
"james",2
"connections",2
"mil",2
"attention",2
"consists",2
"kaplan",2
"etnohistA3rico",2
"rA-o",2
"impressive",2
"inside",2
"alternate",2
"ferriz",2
"explosivity",2
"referred",2
"chimneys",2
"seen",2
"strongly",2
"importantly",2
"intensive",2
"life",2
"substyles",2
"changes",2
"gonlin",2
"chamber",2
"lineages",2
"tomka",2
"centuries",2
"posgrado",2
"investigate",2
"diversidad",2
"addressed",2
"dissertation",2
"any",2
"mcdonald",2
"tzitzimitl",2
"following",2
"cholollan",2
"mentioned",2
"pueblos",2
"reflexiones",2
"adjoining",2
"catastrophes",2
"known",2
"slope",2
"temporal",2
"palace",2
"vasijas",2
"rituales",2
"offers",2
"here",2
"set",2
"cerA!micas",2
"portal",2
"specialized",2
"arquitectura",2
"parmenter",2
"simposio",2
"ph",2
"argue",2
"civic",2
"episodic",2
"preclassic",2
"dennis",2
"ideological",2
"shows",2
"obviously",2
"carrasco",2
"plazas",2
"coxcatlan",2
"cultivation",2
"reflected",2
"crater",2
"seele",2
"what",2
"economy",2
"investigation",2
"unique",2
"making",2
"nearby",2
"byland",2
"sus",2
"temporally",2
"extent",2
"prismatic",2
"migrations",2
"montano",2
"lesure",2
"lynch",2
"burners",2
"phenomena",2
"tepeaca",2
"ritually",2
"level",2
"circumstances",2
"preserved",2
"convento",2
"pits",2
"reported",2
"slopes",2
"mixtees",2
"kitchens",2
"techniques",2
"lies",2
"step",2
"challenges",2
"deities",2
"sistema",2
"totonac",2
"relates",2
"naturales",2
"prehispA!nicas",2
"cuadernos",2
"refugees",2
"ultimately",2
"multiethnic",2
"sistemas",2
"arturo",2
"advent",2
"kingdom",2
"conditions",2
"spranz",2
"frame",2
"contributed",2
"detached",2
"zapotecas",2
"need",2
"effects",2
"defined",2
"extremely",2
"typology",2
"canons",2
"needs",2
"organizaciA3n",2
"potential",2
"tablero",2
"assumed",2
"cortACs",2
"sits",2
"nuevos",2
"occur",2
"zones",2
"ballcourts",2
"broader",2
"meeting",2
"built",2
"arizona",2
"nicholas",1
"woven",1
"countryside",1
"superiores",1
"carved",1
"contacts",1
"parcial",1
"sA?",1
"ambiente",1
"estatus",1
"gubler",1
"bichromes",1
"obenholzner",1
"paralleled",1
"triple",1
"profesor",1
"personally",1
"gimpera",1
"frequent",1
"oriented",1
"transiciA3n",1
"estimated",1
"way",1
"urquiza",1
"curtailed",1
"generated",1
"reporte",1
"names",1
"generous",1
"glascock",1
"amACricaspuebla",1
"copas",1
"josserand",1
"stood",1
"integrating",1
"created",1
"clave",1
"fortaleza",1
"relocate",1
"reconsidered",1
"postclA!sicos",1
"college",1
"modificaciones",1
"determine",1
"intriguing",1
"fitzgibbons",1
"feathered",1
"alone",1
"textos",1
"combine",1
"aquiach",1
"labnA!",1
"mountains",1
"poblaciones",1
"introduction",1
"cuevas",1
"string",1
"originate",1
"sphere",1
"metzontla",1
"expect",1
"prem",1
"trash",1
"colegio",1
"ii",1
"needed",1
"developmentally",1
"residences",1
"villahermosa",1
"retrospectiva",1
"imprint",1
"agency",1
"myth",1
"stem",1
"prime",1
"algunas",1
"formed",1
"underground",1
"summaries",1
"ways",1
"memoria",1
"approaches",1
"drawings",1
"easily",1
"park",1
"considerations",1
"diffuse",1
"collection",1
"lothrop",1
"implosion",1
"cholulaone",1
"trade",1
"proveniences",1
"necessarily",1
"virtually",1
"ciudades",1
"unlike",1
"basalt",1
"vestiges",1
"maybe",1
"sundt",1
"fragile",1
"redating",1
"indA-gena",1
"remedy",1
"accomplishments",1
"cama",1
"lowlands",1
"apartamento",1
"vidas",1
"contested",1
"arguing",1
"nuevas",1
"castigation",1
"citibank",1
"carnero",1
"pACrez",1
"fraternidad",1
"women",1
"formativas",1
"np",1
"experience",1
"xiutetelco",1
"andesitic",1
"lower",1
"said",1
"replant",1
"consistent",1
"fabric",1
"biconical",1
"peregrinos",1
"www",1
"isthmus",1
"inc",1
"ha",1
"sources",1
"surmounted",1
"edificio",1
"overlie",1
"every",1
"revisited",1
"embraced",1
"concur",1
"ekholm",1
"creation",1
"posed",1
"orchards",1
"setting",1
"cationes",1
"xouauhquechulanv",1
"controlled",1
"cinco",1
"attempts",1
"chaos",1
"taken",1
"tumbas",1
"culturally",1
"concentrated",1
"diego",1
"terrain",1
"improvised",1
"kent",1
"reynoso",1
"fronteras",1
"eruptive",1
"fallout",1
"gary",1
"vl",1
"immense",1
"displacement",1
"malacates",1
"protecciA3n",1
"archaeologically",1
"wooden",1
"humana",1
"interwoven",1
"cofre",1
"assess",1
"belong",1
"borders",1
"undertake",1
"lechuga",1
"display",1
"olla",1
"baessler",1
"thank",1
"maguey",1
"july",1
"wave",1
"origin",1
"narrative",1
"spaced",1
"descubrimientos",1
"farther",1
"hundred",1
"reveal",1
"composition",1
"restudied",1
"sabidurA-a",1
"hunting",1
"religion",1
"cabrero",1
"begun",1
"take",1
"real",1
"aeropuerto",1
"manejo",1
"dotted",1
"alarming",1
"emblem",1
"hands",1
"achieved",1
"fresh",1
"consolidaciA3n",1
"vindobonensis",1
"testimonios",1
"traditionally",1
"hazards",1
"cream",1
"reevaluate",1
"loci",1
"remainder",1
"polA-tica",1
"protocols",1
"principal",1
"cell",1
"totee",1
"opposite",1
"xochiquetzal",1
"mail",1
"application",1
"signs",1
"declines",1
"petrografia",1
"quauhtinchan",1
"buenaventura",1
"daniel",1
"designs",1
"issue",1
"effigy",1
"con",1
"occasional",1
"cruce",1
"botanical",1
"abbreviated",1
"verlag",1
"inadequate",1
"recorded",1
"courtesy",1
"householders",1
"bird",1
"webb",1
"advice",1
"weddings",1
"bases",1
"mass",1
"iv",1
"mazatecs",1
"incorporate",1
"draw",1
"hall",1
"pocked",1
"victims",1
"ethnohistorische",1
"diario",1
"design",1
"stepped",1
"mythology",1
"nonoalca",1
"funciA3n",1
"gardens",1
"anticipation",1
"quantities",1
"placement",1
"ixcaquixtla",1
"possible",1
"implies",1
"marked",1
"politics",1
"xv",1
"securely",1
"burning",1
"exports",1
"establishing",1
"erased",1
"feinman",1
"alter",1
"bibliography",1
"agrA-colas",1
"leonor",1
"crossed",1
"alducA-n",1
"catA!strofe",1
"apart",1
"nonpalatial",1
"reflecting",1
"tetlatahuaca",1
"inhumed",1
"indicating",1
"hispA!nicas",1
"genetic",1
"acercamiento",1
"lxvn",1
"formula",1
"beneath",1
"forged",1
"implications",1
"warfare",1
"wallace",1
"adobewalled",1
"sign",1
"ocampo",1
"behavior",1
"valuables",1
"univesidad",1
"A!reas",1
"framework",1
"karen",1
"accesses",1
"learned",1
"arACchiga",1
"interments",1
"singularity",1
"matos",1
"xxiii",1
"conservators",1
"relocation",1
"uxmal",1
"laplaza",1
"historically",1
"sA!enz",1
"blades",1
"riego",1
"distinctive",1
"component",1
"difficulties",1
"costumes",1
"dynamics",1
"blast",1
"module",1
"violence",1
"tehucan",1
"church",1
"scarce",1
"interior",1
"campos",1
"nealtican",1
"udlap",1
"forschungsgemeinschaft",1
"habitacionales",1
"doctor",1
"intact",1
"millennium",1
"postlcassic",1
"trench",1
"concentrations",1
"decided",1
"adopted",1
"acta",1
"hamlets",1
"te",1
"br",1
"occurs",1
"rites",1
"competitor",1
"lacustre",1
"grouped",1
"subsuelo",1
"tucson",1
"beatriz",1
"sample",1
"barrier",1
"atzizihuacan",1
"given",1
"asymmetrical",1
"spans",1
"forced",1
"turn",1
"humanos",1
"defense",1
"developments",1
"reacomodos",1
"immigrants",1
"channeled",1
"chata",1
"reyes",1
"circulation",1
"document",1
"refer",1
"monografA-a",1
"ceramica",1
"bloody",1
"ear",1
"divisions",1
"iro",1
"serving",1
"restrict",1
"extraordinary",1
"porrAoa",1
"macroregion",1
"reserach",1
"compared",1
"defensive",1
"third",1
"consulted",1
"reoccupation",1
"determinations",1
"compare",1
"pasado",1
"stratigraphie",1
"accelerator",1
"pueblaveracruz",1
"avances",1
"chichACn",1
"dammed",1
"sin",1
"unresolved",1
"deceased",1
"critique",1
"direcciA3n",1
"yi",1
"sun",1
"traditions",1
"occasion",1
"piedra",1
"adult",1
"altars",1
"though",1
"tercera",1
"meza",1
"estilo",1
"adjust",1
"unfortunate",1
"tempering",1
"linton",1
"selectively",1
"crossroads",1
"industries",1
"using",1
"phases",1
"tehuacA!ny",1
"posited",1
"seventh",1
"steps",1
"oversees",1
"ruins",1
"simultaneously",1
"lexical",1
"enhancing",1
"recognized",1
"adequate",1
"leary",1
"becerril",1
"heaven",1
"regiones",1
"without",1
"operations",1
"terminates",1
"underway",1
"drainages",1
"remedios",1
"destroy",1
"actividad",1
"mixtecapuebla",1
"regbn",1
"perote",1
"db",1
"remnants",1
"edward",1
"smoking",1
"aggressive",1
"adapt",1
"museum",1
"square",1
"junction",1
"conflation",1
"gradualist",1
"frente",1
"fabaceae",1
"lohse",1
"itzA!",1
"initiatives",1
"flanks",1
"untimely",1
"highway",1
"mean",1
"conjunto",1
"olmec",1
"depicts",1
"environments",1
"excavators",1
"opportunity",1
"dealt",1
"archiv",1
"outward",1
"spirits",1
"reworked",1
"rescue",1
"persistent",1
"eight",1
"tecali",1
"ns",1
"legendary",1
"textil",1
"incipient",1
"drenaje",1
"possess",1
"danger",1
"histonco",1
"promoting",1
"offering",1
"nahuatlspeaking",1
"productive",1
"publicaciones",1
"cueva",1
"consequences",1
"scattered",1
"urbe",1
"vasos",1
"comment",1
"firing",1
"velasquez",1
"modified",1
"tlA!loc",1
"zurita",1
"vA-nculo",1
"litica",1
"nor",1
"polA-cromo",1
"palos",1
"marks",1
"metropolis",1
"locally",1
"possibly",1
"bramoiia",1
"flexibility",1
"cultivators",1
"reinforcement",1
"clark",1
"interdisciplinarios",1
"geosciences",1
"imposing",1
"specialization",1
"cuauhtinchan",1
"balam",1
"acculturated",1
"photographs",1
"driven",1
"caltonac",1
"reconstructions",1
"elevated",1
"coerced",1
"reexamination",1
"traces",1
"articulated",1
"hierarchically",1
"plaster",1
"allude",1
"abrams",1
"reales",1
"casas",1
"quarters",1
"calendar",1
"observations",1
"upper",1
"solid",1
"xi",1
"situations",1
"potters",1
"orientation",1
"milan",1
"resource",1
"stewart",1
"textile",1
"powerful",1
"albuquerque",1
"vn",1
"drought",1
"tourism",1
"aquiahuac",1
"predates",1
"cACsar",1
"comparisons",1
"etnogrA!fico",1
"consequence",1
"plates",1
"merited",1
"seriated",1
"ideologA-a",1
"ceremonias",1
"cantonav",1
"mix",1
"amount",1
"toolin",1
"polA-cromas",1
"coincide",1
"arechavaleta",1
"personified",1
"footnote",1
"cut",1
"tecama",1
"yard",1
"paragraph",1
"espaA?ola",1
"whereas",1
"ranges",1
"galguera",1
"manifestaciones",1
"uses",1
"diseA?o",1
"antecedente",1
"prehistoric",1
"acceptable",1
"lead",1
"whom",1
"anaranjado",1
"merging",1
"empties",1
"occurred",1
"affiliated",1
"questioned",1
"allow",1
"bearing",1
"declined",1
"portable",1
"future",1
"appearance",1
"acknowledgments",1
"erosion",1
"bricks",1
"gabriela",1
"volcA!nico",1
"access",1
"inappropriate",1
"mapping",1
"tenencia",1
"effort",1
"seven",1
"gallareta",1
"anaranjada",1
"sedentary",1
"rooms",1
"xochitecal",1
"coley",1
"criticisms",1
"agendas",1
"luxury",1
"acatox",1
"configuration",1
"apogeo",1
"percentages",1
"cerA!mico",1
"suarez",1
"shield",1
"xipe",1
"cores",1
"zeitlin",1
"installation",1
"embedded",1
"fourth",1
"ann",1
"volcA!n",1
"neighboring",1
"standardized",1
"traits",1
"hacia",1
"mushroomed",1
"war",1
"linguists",1
"michigan",1
"cremated",1
"ethnically",1
"kitchen",1
"province",1
"arqueA3logos",1
"pitting",1
"viewed",1
"dispersal",1
"awls",1
"geografA-a",1
"binghamton",1
"applied",1
"grounds",1
"xiv",1
"procedures",1
"produce",1
"propuesta",1
"diffusionist",1
"tipos",1
"acceleration",1
"crossroad",1
"opposition",1
"superior",1
"postclA!sico",1
"pailles",1
"coapan",1
"warriors",1
"aspects",1
"ayuntamiento",1
"failure",1
"weight",1
"products",1
"eduardo",1
"spheres",1
"distinguish",1
"tlaxco",1
"line",1
"seminal",1
"cuicuilco",1
"varias",1
"minute",1
"sA-ntesis",1
"geothermal",1
"paillestoc",1
"zoomorphic",1
"planning",1
"intense",1
"scope",1
"albaitero",1
"fragmented",1
"terrace",1
"imports",1
"partir",1
"palacio",1
"prominent",1
"significantly",1
"modular",1
"purpose",1
"mx",1
"evidencia",1
"mexiko",1
"tombs",1
"zwei",1
"cob",1
"nation",1
"southwest",1
"homeland",1
"org",1
"geology",1
"caching",1
"donahue",1
"desarrollo",1
"year",1
"literature",1
"peaked",1
"exploitation",1
"special",1
"consistently",1
"rivas",1
"discussions",1
"xu",1
"unreported",1
"urbanas",1
"des",1
"relevance",1
"reconsidering",1
"winter",1
"binding",1
"device",1
"reinterpreting",1
"forces",1
"lifeways",1
"bishop",1
"publish",1
"away",1
"hostettler",1
"macias",1
"appreciated",1
"prA!cticas",1
"compact",1
"systematic",1
"ciencia",1
"showing",1
"reconstructing",1
"perdidos",1
"artifact",1
"spectrometer",1
"shapiro",1
"cornerstone",1
"ethnicity",1
"diverted",1
"memoirs",1
"polity",1
"esoamerica",1
"approach",1
"either",1
"auza",1
"depicting",1
"xochitACcatl",1
"vateequiho",1
"commerce",1
"wraps",1
"correct",1
"bojalil",1
"squatters",1
"working",1
"field",1
"below",1
"questionable",1
"urdapilleta",1
"aggrandizement",1
"stage",1
"dictionary",1
"nonresidential",1
"indicators",1
"flemming",1
"trading",1
"next",1
"alto",1
"politically",1
"espacio",1
"unquestioned",1
"gamio",1
"catalog",1
"stimulated",1
"etnicidad",1
"merlo",1
"claim",1
"night",1
"nashville",1
"overshadowed",1
"intervals",1
"habitation",1
"influence",1
"sufficient",1
"june",1
"knives",1
"components",1
"bridge",1
"efectos",1
"consolidant",1
"chasm",1
"brought",1
"jimACnez",1
"centrai",1
"peak",1
"calipan",1
"climate",1
"goblet",1
"cardoso",1
"methodological",1
"paste",1
"symposia",1
"ek",1
"visible",1
"descendants",1
"majority",1
"productivity",1
"ta",1
"motif",1
"factionalism",1
"arbor",1
"chAoA?ales",1
"structured",1
"pulque",1
"example",1
"patrones",1
"reclamo",1
"xochicalco",1
"rancho",1
"tribus",1
"valuable",1
"sporadic",1
"questioning",1
"manuel",1
"papeles",1
"holtsford",1
"corpse",1
"nonceramic",1
"subsequently",1
"inspection",1
"cite",1
"flourished",1
"uncommon",1
"dtis",1
"therefore",1
"became",1
"stucco",1
"tasks",1
"lecciones",1
"cholultA?ca",1
"electrification",1
"xochipilli",1
"units",1
"business",1
"unquestionable",1
"divisiA3n",1
"demand",1
"nahuatized",1
"lit",1
"saw",1
"xvni",1
"vanderbilt",1
"cottage",1
"acwul",1
"functioning",1
"lesser",1
"offrontiers",1
"cessation",1
"confederacies",1
"doctoral",1
"wrote",1
"launch",1
"demogrA!ficos",1
"intrusions",1
"catastrophism",1
"plans",1
"representaciones",1
"flowery",1
"forward",1
"merits",1
"framing",1
"rodriguez",1
"brings",1
"intensively",1
"converted",1
"juli",1
"sedation",1
"men",1
"isrocr",1
"americana",1
"comments",1
"torrential",1
"unprecedented",1
"premises",1
"anthropomorphized",1
"collapsed",1
"settings",1
"roads",1
"surveyed",1
"templo",1
"aztamecatl",1
"selection",1
"structural",1
"huasteca",1
"supplier",1
"lisa",1
"relationship",1
"scarcity",1
"worked",1
"cielo",1
"retrieved",1
"artes",1
"mayab",1
"pacific",1
"springs",1
"tempranos",1
"turmoil",1
"relied",1
"elaboration",1
"housing",1
"fringe",1
"arrangements",1
"atoyac",1
"suited",1
"interment",1
"read",1
"ocupaciA3n",1
"esoteric",1
"counterparts",1
"ring",1
"tepeacac",1
"satow",1
"fifth",1
"god",1
"boundary",1
"index",1
"muerte",1
"parte",1
"participants",1
"mA-nimas",1
"home",1
"homogeneous",1
"light",1
"tecalli",1
"guatemala",1
"abandon",1
"rectangular",1
"nine",1
"hay",1
"words",1
"reply",1
"lingA?A-stica",1
"industrial",1
"fearsome",1
"constitute",1
"noted",1
"volcanism",1
"rise",1
"baby",1
"multibranched",1
"bordering",1
"sector",1
"considers",1
"useful",1
"sigurdsson",1
"volume",1
"recycled",1
"untimela",1
"preclA!sicos",1
"civlizations",1
"impediment",1
"flanked",1
"fenA3menos",1
"book",1
"waves",1
"comparison",1
"laca",1
"fell",1
"kenneth",1
"garrison",1
"turner",1
"available",1
"put",1
"villaverde",1
"rock",1
"efforts",1
"communal",1
"provincia",1
"chemically",1
"valid",1
"consideration",1
"stories",1
"rainwater",1
"treatment",1
"fundamental",1
"chicanna",1
"xii",1
"blocks",1
"carbonized",1
"discord",1
"agree",1
"documents",1
"confederacy",1
"rugged",1
"viveros",1
"exclusion",1
"instalaciA3n",1
"acteopan",1
"eagle",1
"layer",1
"children",1
"really",1
"quaternaire",1
"practical",1
"larger",1
"isolate",1
"diverse",1
"xitle",1
"prospects",1
"feasting",1
"meanders",1
"identical",1
"chochos",1
"segmentation",1
"cerca",1
"utilize",1
"superstructure",1
"fragments",1
"reasons",1
"elegant",1
"milenios",1
"anthropologist",1
"travertino",1
"mesoamenca",1
"never",1
"behind",1
"comprehensive",1
"sA-mbolos",1
"hand",1
"hies",1
"ground",1
"conflicts",1
"increases",1
"crowns",1
"model",1
"movers",1
"huertos",1
"sergio",1
"continuing",1
"developing",1
"resports",1
"validity",1
"shared",1
"unclear",1
"bifaces",1
"celebrated",1
"michael",1
"coxcattA na",1
"polA-cromos",1
"pre",1
"gal",1
"gA!mez",1
"necessary",1
"bedacryl",1
"por",1
"deep",1
"paredA3n",1
"bid",1
"rupestres",1
"nueva",1
"olmecas",1
"belief",1
"caskey",1
"hamilton",1
"controversy",1
"impoverished",1
"eastwest",1
"sewage",1
"grave",1
"elementos",1
"fortificados",1
"siglo",1
"explicitly",1
"locations",1
"mexicano",1
"outlines",1
"mcguire",1
"reminds",1
"sal",1
"civilized",1
"doubled",1
"doubtful",1
"tunneling",1
"another",1
"original",1
"buckler",1
"analyzed",1
"mcmaster",1
"associates",1
"rio",1
"vez",1
"coherent",1
"disease",1
"sealing",1
"examples",1
"epiclA!sico",1
"treated",1
"moyotzingo",1
"own",1
"discovery",1
"explanation",1
"chronologies",1
"dehn",1
"sides",1
"diferencias",1
"initiated",1
"enhanced",1
"barquera",1
"pirA!mide",1
"forested",1
"method",1
"samples",1
"warrior",1
"santley",1
"thriving",1
"glasscock",1
"interfaces",1
"unfortunately",1
"emphasize",1
"began",1
"factor",1
"aesthetics",1
"contends",1
"ruz",1
"congress",1
"cults",1
"questions",1
"deutschen",1
"nothing",1
"examination",1
"abandono",1
"helpful",1
"rojo",1
"full",1
"doctora",1
"reinforcing",1
"banners",1
"embellishment",1
"theoretical",1
"quiA?oneskeber",1
"publicados",1
"installed",1
"low",1
"dahlgren",1
"open",1
"explorations",1
"compositions",1
"prACdation",1
"meanings",1
"royalty",1
"turbulent",1
"lakes",1
"points",1
"peter",1
"seA?orA-os",1
"rains",1
"held",1
"mA?ckmA?hl",1
"good",1
"tradiciA3n",1
"gardner",1
"pendientes",1
"diagonally",1
"function",1
"skulls",1
"fr",1
"cabrera",1
"suroeste",1
"caso",1
"features",1
"armory",1
"serves",1
"stages",1
"hacienda",1
"totimehuacan",1
"configurations",1
"accurate",1
"probable",1
"epoch",1
"peer",1
"black",1
"zapotees",1
"lapilli",1
"exporter",1
"supplementi",1
"subfloor",1
"quick",1
"artificial",1
"tecnolA3gico",1
"decide",1
"fauna",1
"mexica",1
"codical",1
"random",1
"empleados",1
"article",1
"arquitectA3nicos",1
"improving",1
"arbeiten",1
"mining",1
"jaca",1
"spreads",1
"become",1
"relation",1
"straddling",1
"iztapan",1
"domA-nguez",1
"fuente",1
"mainly",1
"effect",1
"patrimony",1
"excluded",1
"grA!fico",1
"monographs",1
"etnohistonco",1
"priests",1
"estados",1
"workshop",1
"mA-mela",1
"reverses",1
"vorspanischer",1
"darts",1
"modifications",1
"vertebrate",1
"pearsall",1
"altipiano",1
"excavadas",1
"implicity",1
"concluded",1
"division",1
"von",1
"justice",1
"examines",1
"reluctant",1
"decision",1
"clusters",1
"separate",1
"tardA-o",1
"tula",1
"revolved",1
"space",1
"rope",1
"worldview",1
"pictorial",1
"twelve",1
"topography",1
"lo",1
"imperialistic",1
"claw",1
"layouts",1
"ln",1
"chalcatzingo",1
"today",1
"road",1
"looted",1
"irregular",1
"integration",1
"processed",1
"fairly",1
"faA?ade",1
"mixture",1
"movements",1
"conquered",1
"chan",1
"continue",1
"linda",1
"five",1
"foreign",1
"censers",1
"lagunas",1
"maps",1
"sol",1
"pueblasuch",1
"superimposed",1
"support",1
"wild",1
"trabajos",1
"powis",1
"discard",1
"widespread",1
"marcus",1
"bulletin",1
"appeasing",1
"collections",1
"deposit",1
"rim",1
"force",1
"ethnoarchaeolosical",1
"inframundo",1
"parsons",1
"understand",1
"ramirez",1
"suggestions",1
"relevant",1
"transformation",1
"originated",1
"plA$tze",1
"paraphernalia",1
"indicate",1
"covering",1
"volcanically",1
"contexto",1
"confuses",1
"metaphors",1
"reconsider",1
"responsible",1
"paternal",1
"existed",1
"fall",1
"united",1
"clA!sica",1
"table",1
"barrientes",1
"british",1
"when",1
"braseros",1
"ensayos",1
"itself",1
"face",1
"ecofacts",1
"bundled",1
"worlds",1
"mirror",1
"menno",1
"solA-s",1
"mcauliffe",1
"sound",1
"grounded",1
"unacceptable",1
"conservation",1
"estratACgica",1
"regularly",1
"res",1
"hancock",1
"cA3dice",1
"hearts",1
"school",1
"acquired",1
"reciprocal",1
"wars",1
"variable",1
"heavy",1
"prA$klassischer",1
"suite",1
"crystal",1
"enfoques",1
"sloping",1
"ethnological",1
"arrest",1
"version",1
"intensification",1
"medio",1
"incorporated",1
"throw",1
"patios",1
"must",1
"mexicas",1
"extending",1
"respective",1
"asentamientos",1
"extensive",1
"diversos",1
"drue",1
"invoked",1
"partnerships",1
"htm",1
"continues",1
"decanatura",1
"theme",1
"discrepancy",1
"dr",1
"rival",1
"proposes",1
"abutting",1
"jaguars",1
"rivero",1
"reconnaissance",1
"chores",1
"territories",1
"doi",1
"text",1
"marketplaces",1
"paleoetnobotA!nicos",1
"pt",1
"sciences",1
"qg",1
"column",1
"der",1
"colorado",1
"cover",1
"forty",1
"milieu",1
"know",1
"escultura",1
"defining",1
"caciques",1
"plateau",1
"etnohistoria",1
"intellectual",1
"colonization",1
"mastache",1
"rear",1
"ancestor",1
"northward",1
"share",1
"removing",1
"contained",1
"monumentos",1
"innovations",1
"altering",1
"unknown",1
"alfarerA-a",1
"appendix",1
"constructions",1
"movable",1
"threats",1
"speech",1
"foundation",1
"patrimonio",1
"avance",1
"lamesa",1
"humid",1
"thorns",1
"impossible",1
"polynesian",1
"agricultura",1
"salvagegenerated",1
"generalized",1
"sought",1
"historical",1
"examining",1
"canales",1
"quetzalcoatl",1
"atlatl",1
"closest",1
"meager",1
"altixcA?",1
"caricature",1
"hydrology",1
"imA!genes",1
"lending",1
"survivors",1
"places",1
"charged",1
"problemas",1
"morfolA3gico",1
"animal",1
"franciscan",1
"tajin",1
"sectors",1
"unlikely",1
"bajo",1
"dispersed",1
"heads",1
"notable",1
"fina",1
"ritos",1
"spatial",1
"whether",1
"griffiths",1
"tlalchiach",1
"ones",1
"accounts",1
"yielded",1
"plants",1
"orleans",1
"particular",1
"monastery",1
"inomata",1
"males",1
"thirty",1
"violent",1
"emblems",1
"baja",1
"maintain",1
"opportunistic",1
"converting",1
"validate",1
"robles",1
"etnohistA3ricas",1
"erupted",1
"manuscripts",1
"enterramientos",1
"clues",1
"axis",1
"theory",1
"valiA?as",1
"leaving",1
"unwise",1
"forma",1
"immersed",1
"her",1
"A3seos",1
"getting",1
"foundations",1
"periphery",1
"prestige",1
"extract",1
"vehicle",1
"serie",1
"explored",1
"preliminar",1
"reviewed",1
"phaseolus",1
"springer",1
"apartment",1
"mixtACeos",1
"reddened",1
"bey",1
"museo",1
"morales",1
"categories",1
"quA-mico",1
"thematically",1
"cluster",1
"translated",1
"eagles",1
"ultimos",1
"domACstica",1
"socioeconomic",1
"vista",1
"rises",1
"gatherings",1
"occasionally",1
"severed",1
"bath",1
"entire",1
"age",1
"ocotelulco",1
"attached",1
"complexes",1
"conceptuales",1
"procure",1
"topsoil",1
"variability",1
"tried",1
"cacicazgo",1
"confronted",1
"plant",1
"navarrete",1
"commodities",1
"programs",1
"obtain",1
"arguments",1
"summarizes",1
"linguistics",1
"botany",1
"pina",1
"ranks",1
"families",1
"turbulence",1
"mention",1
"evidenced",1
"kA?ln",1
"representation",1
"bosch",1
"varied",1
"courtyards",1
"prepared",1
"unexplored",1
"totonaca",1
"durante",1
"algunos",1
"orea",1
"hubs",1
"layers",1
"elongated",1
"spring",1
"underworld",1
"clasico",1
"recording",1
"spacing",1
"argument",1
"stereotypie",1
"ignored",1
"generate",1
"furrow",1
"formality",1
"hero",1
"riesgo",1
"fourteenth",1
"web",1
"secretos",1
"sitios",1
"swampy",1
"precise",1
"morphological",1
"position",1
"texcal",1
"finally",1
"latecomers",1
"aware",1
"recycle",1
"newsletter",1
"burnt",1
"redrawn",1
"parallels",1
"ended",1
"conjuntos",1
"prolonged",1
"instead",1
"uncalibrated",1
"teyst",1
"fosilizados",1
"define",1
"socially",1
"otumba",1
"cobble",1
"developmental",1
"vital",1
"smaller",1
"quA-micos",1
"heartland",1
"modules",1
"fondo",1
"teocrA!ticos",1
"rACACvaluations",1
"obverse",1
"morelos",1
"contamination",1
"colleagues",1
"attempted",1
"aztecan",1
"diaspora",1
"horizonte",1
"basureros",1
"francisco",1
"indices",1
"summary",1
"maintaining",1
"ofvolcanology",1
"travertine",1
"vi",1
"offered",1
"supported",1
"coalesce",1
"drift",1
"aztecs",1
"removed",1
"ceiling",1
"ser",1
"clarify",1
"meaning",1
"arrived",1
"themselves",1
"sellado",1
"elites",1
"consisted",1
"totonacs",1
"nucleation",1
"precerA!mico",1
"patricia",1
"reached",1
"zaragoza",1
"cholultecas",1
"serrano",1
"northwestern",1
"uso",1
"verified",1
"abandoned",1
"immediately",1
"mature",1
"technological",1
"permanent",1
"taylor",1
"drew",1
"zoahapilco",1
"unequivocal",1
"explanations",1
"cross",1
"editorial",1
"asked",1
"funerarios",1
"roles",1
"templos",1
"archA$ologische",1
"gran",1
"cited",1
"evidently",1
"bundles",1
"hypothesis",1
