"WORDCOUNTS","WEIGHT"
"the",976
"of",841
"and",689
"to",446
"in",392
"a",390
"that",237
"is",222
"or",166
"be",138
"for",134
"by",134
"with",124
"as",114
"p",105
"it",100
"food",99
"are",99
"cooperation",98
"sharing",97
"an",86
"this",84
"on",84
"exchange",82
"social",76
"models",73
"group",72
"their",72
"from",72
"selection",71
"not",70
"among",69
"but",67
"reciprocity",67
"s",66
"they",64
"these",64
"evolutionary",64
"foraging",63
"will",62
"if",61
"tolerated",59
"theft",59
"has",57
"can",55
"winterhaider",54
"more",53
"value",52
"j",50
"individuals",50
"g",49
"risk",49
"gifts",48
"may",48
"individual",48
"have",48
"resource",47
"scrounging",47
"other",46
"ecology",45
"evolution",44
"its",43
"also",43
"e",42
"hawkes",40
"which",39
"than",39
"r",39
"hill",39
"we",38
"behavioral",37
"b",36
"smith",36
"human",35
"kaplan",35
"given",35
"one",34
"game",34
"at",33
"groups",33
"i",33
"behavior",33
"marginal",33
"foragers",32
"analysis",32
"large",31
"taken",31
"some",31
"m",31
"c",31
"pp",30
"anthropology",30
"production",29
"might",29
"l",29
"only",29
"scroungers",29
"theory",29
"packet",28
"reciprocal",28
"fitness",28
"through",28
"because",27
"likely",27
"t",26
"would",26
"n",26
"kin",26
"there",25
"benefits",25
"sahlins",25
"model",25
"no",24
"producer",24
"h",23
"resources",23
"who",23
"most",22
"small",22
"see",22
"high",22
"been",22
"then",22
"producers",22
"what",22
"d",22
"mechanisms",21
"when",21
"economic",21
"forager",21
"k",21
"any",21
"must",21
"minimization",21
"does",20
"mechanism",20
"those",20
"such",20
"portions",20
"about",20
"share",20
"size",20
"packets",20
"within",19
"altruism",19
"diet",19
"two",19
"eds",19
"current",19
"equilibrium",19
"between",19
"o",18
"jones",18
"blurton",18
"press",18
"costs",18
"so",18
"tactics",18
"circumstance",18
"conditions",18
"all",17
"advantage",17
"journal",17
"how",17
"boyd",17
"do",17
"ecological",17
"them",17
"both",17
"thus",16
"even",16
"collective",16
"members",16
"new",16
"terms",16
"form",16
"distribution",16
"w",16
"consumption",16
"evidence",16
"should",16
"hypothesis",16
"each",15
"contested",15
"hunting",15
"sexual",15
"direct",15
"population",15
"data",15
"good",15
"below",15
"family",15
"return",15
"giver",15
"frequency",15
"success",15
"harvest",15
"benefit",15
"her",15
"gain",15
"american",14
"give",14
"ethology",14
"priority",14
"his",14
"university",14
"based",14
"well",14
"et",14
"degree",14
"behaviors",14
"variance",14
"relative",14
"widely",14
"much",14
"common",13
"first",13
"case",13
"economies",13
"review",13
"dilemma",13
"sociobiology",13
"show",13
"greater",13
"pure",13
"cultural",13
"transfer",13
"units",13
"inheritance",13
"low",13
"three",13
"hunters",13
"behaviour",13
"why",13
"transfers",13
"circumstances",13
"giraldeau",13
"opportunist",12
"possibilities",12
"simple",12
"due",12
"ess",12
"item",12
"optimal",12
"he",12
"opportunities",12
"hypotheses",12
"tft",12
"material",12
"although",12
"now",11
"opportunists",11
"richerson",11
"cooperative",11
"rates",11
"without",11
"study",11
"societies",11
"however",11
"work",11
"own",11
"avoid",11
"restricted",11
"ethnographic",11
"reproductive",11
"another",11
"range",11
"attention",11
"dual",11
"returns",11
"animal",11
"balance",11
"dugatkin",10
"achAC",10
"context",10
"possible",10
"mauss",10
"york",10
"mean",10
"factors",10
"interdemic",10
"mix",10
"important",10
"equal",10
"prisoner",10
"above",10
"al",10
"larger",10
"men",10
"less",10
"perhaps",10
"empirical",10
"net",10
"trade",10
"like",10
"here",10
"natural",10
"families",10
"cambridge",10
"approach",10
"potential",10
"recent",10
"hadza",9
"into",9
"taker",9
"nepotism",9
"exchanges",9
"against",9
"items",9
"balanced",9
"was",9
"problem",9
"economics",9
"axelrod",9
"used",9
"brown",9
"stephens",9
"action",9
"defection",9
"hominids",9
"us",9
"toward",9
"foods",9
"diverse",9
"man",9
"forms",9
"where",9
"hamilton",9
"number",9
"pooling",9
"explanation",9
"use",9
"hunter",9
"unrelated",9
"note",9
"she",9
"provide",9
"science",9
"wilson",9
"stable",9
"goods",9
"need",9
"detection",9
"sigmund",8
"hominid",8
"consistent",8
"long",8
"take",8
"generosity",8
"consumed",8
"patch",8
"after",8
"means",8
"acquisition",8
"beyond",8
"could",8
"kinship",8
"feeding",8
"successful",8
"archaeology",8
"several",8
"offspring",8
"aldine",8
"society",8
"portion",8
"yet",8
"same",8
"ed",8
"relatedness",8
"fact",8
"shows",8
"showing",8
"local",8
"tactic",8
"were",8
"effect",8
"efficiency",8
"biology",8
"environment",8
"nutritional",8
"better",8
"males",8
"while",8
"produce",8
"mutualism",8
"using",8
"our",8
"strong",8
"nonmarket",8
"studies",7
"history",7
"either",7
"nature",7
"available",7
"daily",7
"producing",7
"relatives",7
"make",7
"caraco",7
"de",7
"relatively",7
"rather",7
"capture",7
"support",7
"defectors",7
"effort",7
"shared",7
"narrow",7
"explain",7
"public",7
"possibility",7
"receive",7
"f",7
"sufficient",7
"research",7
"demand",7
"patches",7
"oxford",7
"under",7
"others",7
"connell",7
"enough",7
"strategies",7
"free",7
"active",7
"rare",7
"evolve",7
"standard",7
"species",7
"aid",7
"life",7
"itself",7
"detect",7
"different",7
"wilkinson",7
"evident",7
"level",7
"pavlov",7
"handicap",7
"average",7
"effects",7
"second",7
"rate",6
"environmental",6
"alone",6
"modern",6
"negative",6
"analyses",6
"cooperatore",6
"threshold",6
"point",6
"very",6
"quantity",6
"diversity",6
"surplus",6
"conflict",6
"realized",6
"kind",6
"higher",6
"remain",6
"subsistence",6
"valuation",6
"affect",6
"biased",6
"situations",6
"origins",6
"providing",6
"appear",6
"result",6
"transmission",6
"out",6
"indirect",6
"cannot",6
"literature",6
"part",6
"loss",6
"reduces",6
"lower",6
"williams",6
"lee",6
"suggest",6
"contrast",6
"quite",6
"thereby",6
"always",6
"up",6
"results",6
"promising",6
"incentive",6
"gift",6
"positive",6
"nowak",6
"makes",6
"participants",6
"minnegal",6
"selfish",6
"time",6
"scrounger",6
"present",6
"intragroup",6
"original",6
"nonetheless",6
"sober",6
"values",6
"including",6
"processes",6
"advantages",6
"reward",6
"patterns",6
"arise",6
"fails",6
"things",6
"imbalance",6
"male",6
"becomes",6
"often",6
"anthropological",6
"associated",6
"temporal",6
"meat",6
"sciences",6
"alternative",6
"packer",6
"advances",6
"table",6
"explanations",6
"particular",6
"axis",6
"information",6
"giving",6
"off",6
"needs",6
"specific",6
"chicago",6
"instance",6
"close",6
"obligations",5
"adopt",5
"mulder",5
"identify",5
"flows",5
"necessarily",5
"before",5
"stochastic",5
"trivers",5
"properties",5
"women",5
"round",5
"modest",5
"fully",5
"help",5
"achieved",5
"state",5
"concepts",5
"bats",5
"key",5
"capable",5
"feinman",5
"move",5
"community",5
"along",5
"woodburn",5
"borgerhoff",5
"maynard",5
"points",5
"pursuit",5
"neighbors",5
"ability",5
"elements",5
"fig",5
"left",5
"takers",5
"influence",5
"levels",5
"reviewed",5
"observations",5
"age",5
"cost",5
"gtft",5
"produced",5
"kubo",5
"egalitarian",5
"gains",5
"scavenging",5
"future",5
"related",5
"describe",5
"issues",5
"status",5
"change",5
"peterson",5
"ravens",5
"few",5
"descendants",5
"provided",5
"variety",5
"materials",5
"various",5
"inclusive",5
"constraints",5
"currency",5
"decisions",5
"hegmon",5
"interpretation",5
"choices",5
"unbalanced",5
"opportunism",5
"many",5
"choice",5
"variation",5
"increases",5
"examples",5
"effectiveness",5
"made",5
"discovery",5
"organisms",5
"increase",5
"medium",5
"causes",5
"band",5
"full",5
"previous",5
"defect",5
"function",5
"curve",5
"households",5
"provides",5
"especially",5
"acquire",5
"joint",5
"animals",5
"hunt",5
"somewhat",5
"force",5
"intergroup",5
"primates",5
"dimension",5
"hirshleifer",5
"just",5
"whether",5
"dwyer",5
"cause",5
"character",5
"add",5
"agricultural",5
"adaptation",5
"transaction",5
"intake",5
"recipients",5
"role",5
"subject",5
"generate",5
"wiessner",5
"regular",5
"measured",5
"observation",5
"obligation",5
"early",5
"uncertainty",5
"maximum",5
"little",5
"interaction",5
"delayed",5
"cited",5
"occur",5
"difficult",4
"locates",4
"donor",4
"overcompensation",4
"everyone",4
"measures",4
"predator",4
"distributed",4
"needed",4
"prediction",4
"nonkin",4
"stone",4
"sure",4
"princeton",4
"practices",4
"test",4
"being",4
"interests",4
"dion",4
"prey",4
"differences",4
"origin",4
"arises",4
"forage",4
"biologists",4
"dd",4
"anthropologists",4
"right",4
"activity",4
"naturalist",4
"genetic",4
"interact",4
"central",4
"relationships",4
"component",4
"immediate",4
"predators",4
"mixed",4
"mating",4
"complex",4
"expected",4
"averaging",4
"effective",4
"find",4
"general",4
"nondescendant",4
"recognized",4
"purely",4
"unit",4
"process",4
"probability",4
"importance",4
"distant",4
"accounts",4
"days",4
"threat",4
"four",4
"follow",4
"view",4
"dc",4
"allow",4
"rule",4
"found",4
"gruyter",4
"temptation",4
"generates",4
"initial",4
"term",4
"further",4
"otherwise",4
"wide",4
"gained",4
"unequal",4
"received",4
"anbara",4
"riders",4
"people",4
"actually",4
"reflect",4
"redistribution",4
"computer",4
"sense",4
"field",4
"diminish",4
"highly",4
"routine",4
"significantly",4
"acts",4
"valuable",4
"cite",4
"nepotistic",4
"reduction",4
"critical",4
"san",4
"situation",4
"absence",4
"identified",4
"limited",4
"interactions",4
"lb",4
"single",4
"competition",4
"thought",4
"broad",4
"goals",4
"camp",4
"put",4
"diminishing",4
"idea",4
"minimize",4
"pattern",4
"establish",4
"children",4
"day",4
"argues",4
"opportunity",4
"factor",4
"theoretical",4
"clear",4
"archaeological",4
"organism",4
"plant",4
"earlier",4
"krebs",4
"special",4
"problems",4
"structure",4
"ethnographically",4
"tendency",4
"adaptive",4
"la",4
"vickery",4
"increasing",4
"tests",4
"relationship",4
"sometimes",4
"usually",4
"order",4
"widespread",4
"cashdan",4
"types",4
"acquired",4
"simply",4
"regime",4
"over",4
"marzluff",4
"sizes",4
"setting",4
"best",4
"argue",4
"losses",4
"generalized",4
"living",4
"according",4
"avoidance",4
"extent",4
"yield",4
"presume",4
"variability",4
"harvesting",4
"winterhalder",4
"allows",4
"asynchronous",4
"shown",4
"until",4
"distinguish",4
"observed",4
"quest",4
"never",4
"typically",4
"vg",4
"locate",4
"optimization",4
"shift",4
"themselves",4
"partial",4
"seek",4
"north",4
"connor",4
"dawkins",4
"starter",4
"sufficiently",3
"divisible",3
"produces",3
"provisioning",3
"behavioural",3
"horizontal",3
"avoiding",3
"enter",3
"generous",3
"opponent",3
"functional",3
"determine",3
"partially",3
"designed",3
"ma",3
"nonrelatives",3
"variants",3
"question",3
"sequential",3
"hopi",3
"sources",3
"hence",3
"implications",3
"humans",3
"seems",3
"attractive",3
"assess",3
"theoiy",3
"goland",3
"concludes",3
"subsequent",3
"precisely",3
"represent",3
"tell",3
"task",3
"account",3
"vol",3
"quantities",3
"determined",3
"lies",3
"solely",3
"taking",3
"combination",3
"say",3
"handicaps",3
"correlation",3
"localized",3
"framework",3
"labor",3
"punishing",3
"penalty",3
"indefinite",3
"dependence",3
"severe",3
"reject",3
"past",3
"since",3
"scarce",3
"cooperate",3
"interest",3
"adopted",3
"price",3
"ai",3
"rank",3
"nor",3
"depend",3
"refer",3
"amount",3
"accurately",3
"disproportionately",3
"highest",3
"compared",3
"twice",3
"academy",3
"adult",3
"invites",3
"transactions",3
"kung",3
"harcourt",3
"poor",3
"criticism",3
"absent",3
"developed",3
"adds",3
"breadth",3
"turn",3
"similar",3
"variant",3
"ache",3
"contributions",3
"tree",3
"productive",3
"risks",3
"lowers",3
"gathering",3
"females",3
"consider",3
"ceded",3
"frequently",3
"consequence",3
"requires",3
"terminology",3
"strategy",3
"italics",3
"conflicts",3
"qualities",3
"radial",3
"cd",3
"search",3
"called",3
"combinations",3
"captured",3
"base",3
"punishment",3
"big",3
"embedded",3
"contest",3
"equally",3
"though",3
"meet",3
"energy",3
"absolute",3
"required",3
"creates",3
"eliminate",3
"shape",3
"directly",3
"degrees",3
"flourish",3
"gatherers",3
"sanction",3
"london",3
"example",3
"ecologists",3
"overview",3
"q",3
"during",3
"place",3
"contains",3
"divided",3
"stanford",3
"attributed",3
"causal",3
"least",3
"honey",3
"annual",3
"dependent",3
"world",3
"games",3
"performing",3
"cheating",3
"activities",3
"reduced",3
"contingent",3
"charnov",3
"indeed",3
"synthesis",3
"overall",3
"play",3
"whatever",3
"still",3
"movement",3
"examined",3
"qc",3
"home",3
"complete",3
"culture",3
"dropped",3
"routes",3
"simulation",3
"ingold",3
"chance",3
"analytical",3
"longer",3
"limit",3
"ituri",3
"proposal",3
"lc",3
"distributions",3
"starvation",3
"disproportionate",3
"anthropologist",3
"stuff",3
"scientist",3
"manner",3
"continuing",3
"existing",3
"relevant",3
"necessary",3
"practice",3
"distance",3
"shifts",3
"notion",3
"imagine",3
"ruttan",3
"proceedings",3
"analyzed",3
"investment",3
"encounter",3
"survive",3
"lost",3
"formal",3
"soltis",3
"unpredictable",3
"reside",3
"entirely",3
"significant",3
"ideas",3
"variables",3
"heinrich",3
"rejected",3
"open",3
"authors",3
"comprehensive",3
"maintenance",3
"recipient",3
"tribal",3
"features",3
"repeated",3
"favored",3
"fatal",3
"systems",3
"sequence",3
"specialize",3
"selfishness",3
"opposite",3
"division",3
"stage",3
"vertical",3
"relations",3
"strongly",3
"get",3
"event",3
"face",3
"regularly",3
"isaac",3
"quantitative",3
"variable",3
"finches",3
"initiating",3
"known",3
"byproduct",3
"mixes",3
"text",3
"compensation",3
"set",3
"outcome",3
"partner",3
"readily",3
"parental",3
"shares",3
"worth",3
"novel",3
"half",3
"cc",3
"scavengers",3
"scenario",3
"particularly",3
"constant",3
"options",3
"subgroup",3
"defend",3
"unique",3
"adults",3
"making",3
"utilitarian",3
"pursued",3
"too",3
"suggests",3
"despite",3
"procure",3
"develop",3
"perspective",3
"arguments",3
"isolated",3
"deme",3
"come",3
"lone",3
"argument",3
"national",3
"include",3
"realism",3
"association",3
"increased",3
"roles",3
"offered",3
"preferentially",3
"actions",3
"era",3
"pool",3
"focus",3
"tournaments",2
"summed",2
"together",2
"zaire",2
"punctulata",2
"spice",2
"appropriation",2
"prefer",2
"indicated",2
"suggested",2
"designated",2
"affected",2
"consume",2
"coll",2
"ultimate",2
"utility",2
"per",2
"lonchura",2
"likewise",2
"envisioned",2
"fate",2
"mobility",2
"vj",2
"live",2
"true",2
"sets",2
"approaches",2
"bias",2
"shortfall",2
"inconsistent",2
"nondonor",2
"crocuta",2
"favor",2
"boulder",2
"acceptance",2
"position",2
"predictor",2
"explanatory",2
"predicting",2
"unlike",2
"encourage",2
"underproduction",2
"limits",2
"something",2
"source",2
"expend",2
"concretely",2
"explaining",2
"provision",2
"undermine",2
"every",2
"interested",2
"ii",2
"deterministic",2
"later",2
"address",2
"attempt",2
"expectation",2
"promoting",2
"words",2
"definition",2
"incorporating",2
"reach",2
"principles",2
"skills",2
"sibley",2
"economizing",2
"sociality",2
"assembled",2
"follows",2
"able",2
"transferred",2
"link",2
"cooperating",2
"characterizing",2
"resulting",2
"depress",2
"lees",2
"date",2
"primitive",2
"enloe",2
"normal",2
"reading",2
"favoring",2
"behind",2
"tragedy",2
"depends",2
"system",2
"side",2
"classic",2
"depending",2
"existence",2
"westview",2
"bird",2
"continuum",2
"tx",2
"primary",2
"analytically",2
"hyenas",2
"characterizes",2
"mamaindAa",2
"evolutionarily",2
"distributing",2
"reply",2
"hungry",2
"occurring",2
"household",2
"monitoring",2
"constrained",2
"holder",2
"acquires",2
"engage",2
"socially",2
"signal",2
"victim",2
"specifically",2
"dilemmas",2
"adaptationist",2
"differential",2
"ethnographies",2
"cheat",2
"leclair",2
"difficulties",2
"dynamics",2
"run",2
"calculated",2
"pd",2
"center",2
"satiation",2
"comprised",2
"estimates",2
"uncompensated",2
"cases",2
"ranta",2
"parker",2
"encompass",2
"response",2
"rhesus",2
"six",2
"waal",2
"brace",2
"kelly",2
"tend",2
"consequently",2
"stinginess",2
"critique",2
"details",2
"discovering",2
"unwelcome",2
"occasion",2
"incidental",2
"discoverer",2
"resist",2
"unlikely",2
"fort",2
"vegetable",2
"whose",2
"veiy",2
"predicted",2
"elaborate",2
"motivation",2
"traffic",2
"garners",2
"refitting",2
"arising",2
"across",2
"sort",2
"hoarding",2
"basic",2
"influential",2
"vampire",2
"doctrine",2
"neatly",2
"vehicles",2
"environments",2
"reciprocate",2
"parents",2
"proximity",2
"parts",2
"generating",2
"envision",2
"diminishes",2
"eaten",2
"practicing",2
"augmented",2
"consequences",2
"utilities",2
"moves",2
"reason",2
"solutions",2
"quarterly",2
"possibly",2
"marier",2
"organization",2
"statistical",2
"established",2
"macaques",2
"linked",2
"welfare",2
"clustering",2
"upper",2
"doesn",2
"companions",2
"carolina",2
"polanyi",2
"generally",2
"answers",2
"cooperatively",2
"dominant",2
"faced",2
"methodology",2
"scavenger",2
"friends",2
"countervailing",2
"whereas",2
"had",2
"uses",2
"advance",2
"whom",2
"acting",2
"martinez",2
"access",2
"hames",2
"arnhart",2
"seven",2
"deal",2
"requirements",2
"east",2
"acquiring",2
"eliminates",2
"ranking",2
"understood",2
"third",2
"imbalances",2
"chimpanzee",2
"appears",2
"schneider",2
"suffered",2
"hypothetical",2
"saving",2
"premise",2
"simulations",2
"sacrifice",2
"chief",2
"package",2
"wants",2
"overlapping",2
"failure",2
"basis",2
"supplanted",2
"ideal",2
"repetition",2
"claim",2
"concept",2
"unless",2
"prominent",2
"surfeit",2
"contracts",2
"ot",2
"knowledge",2
"calls",2
"whole",2
"realm",2
"intermediate",2
"constitute",2
"keep",2
"microeconomic",2
"mulatta",2
"forces",2
"away",2
"regional",2
"schaffer",2
"il",2
"entails",2
"enhances",2
"encounters",2
"errors",2
"geneticai",2
"contests",2
"commons",2
"normally",2
"speth",2
"distances",2
"assay",2
"reliable",2
"tested",2
"coupled",2
"encompasses",2
"berg",2
"separately",2
"choose",2
"starting",2
"presence",2
"observe",2
"gene",2
"ancestors",2
"methodological",2
"visible",2
"productivity",2
"paton",2
"distinguishing",2
"subgroups",2
"notes",2
"finds",2
"inform",2
"aggregate",2
"reducing",2
"schematic",2
"apparent",2
"uncommon",2
"ranging",2
"matter",2
"requirement",2
"populations",2
"short",2
"nearly",2
"rita",2
"etc",2
"reduce",2
"elusive",2
"elster",2
"sufficiency",2
"expanded",2
"surviving",2
"comments",2
"premises",2
"distribute",2
"structural",2
"riches",2
"biological",2
"once",2
"depicted",2
"violence",2
"optimality",2
"security",2
"represents",2
"usa",2
"sex",2
"evolved",2
"formally",2
"neither",2
"favorable",2
"relinquish",2
"experimental",2
"hart",2
"already",2
"cartmill",2
"department",2
"reports",2
"boomerang",2
"begins",2
"pole",2
"meets",2
"considers",2
"unrestricted",2
"recall",2
"houston",2
"book",2
"power",2
"supraindividual",2
"complementary",2
"efforts",2
"chicanery",2
"consideration",2
"fundamental",2
"recurrent",2
"pressure",2
"determines",2
"trips",2
"match",2
"sated",2
"asymptote",2
"understandable",2
"personal",2
"grows",2
"end",2
"reallocation",2
"seize",2
"contemporary",2
"observes",2
"reasons",2
"bargaining",2
"procurement",2
"conclusions",2
"lions",2
"likelihood",2
"v",2
"operating",2
"bonus",2
"mitigates",2
"accepted",2
"primatology",2
"defense",2
"span",2
"rounds",2
"gives",2
"macaca",2
"multicausal",2
"pleistocene",2
"rationality",2
"scant",2
"ephemeral",2
"empirically",2
"ine",2
"understanding",2
"discussion",2
"dissimilar",2
"birth",2
"onerous",2
"comprise",2
"restrained",2
"enhanced",2
"expand",2
"concern",2
"virtually",2
"began",2
"assume",2
"cooperates",2
"catalyst",2
"engaged",2
"relinquishes",2
"described",2
"qe",2
"directed",2
"adding",2
"recognize",2
"hauser",2
"sustain",2
"receiver",2
"feasible",2
"period",2
"optimum",2
"collected",2
"maximize",2
"mammals",2
"latter",2
"outcomes",2
"promote",2
"parallel",2
"methods",2
"chapel",2
"become",2
"forgiving",2
"blackwell",2
"cuyo",2
"seeking",2
"kill",2
"probably",2
"slightly",2
"schoener",2
"primal",2
"adaptations",2
"davies",2
"evaluated",2
"political",2
"attended",2
"exchanged",2
"presumed",2
"separate",2
"dietary",2
"discriminating",2
"dealing",2
"individualism",2
"suggestion",2
"bertram",2
"applications",2
"quantitye",2
"payoffs",2
"africa",2
"chimpanzees",2
"independent",2
"mixture",2
"elevate",2
"testing",2
"primarily",2
"predict",2
"developments",2
"proposition",2
"overlap",2
"reversals",2
"extra",2
"construction",2
"cease",2
"measuring",2
"achieve",2
"lion",2
"respect",2
"composed",2
"premarket",2
"assigns",2
"hutchinson",2
"repressed",2
"pressures",2
"stipulation",2
"considered",2
"matters",2
"detail",2
"differentiated",2
"bates",2
"following",2
"dispersed",2
"lessons",2
"series",2
"conclusion",2
"complexity",2
"peoples",2
"ve",2
"extending",2
"solitary",2
"claims",2
"membership",2
"cedes",2
"quickly",2
"know",2
"extant",2
"principle",2
"faulty",2
"ratio",2
"blumenschine",2
"cautiously",2
"flowing",2
"peasant",2
"classed",2
"capacity",2
"proportional",2
"eventually",2
"last",2
"devore",2
"type",2
"id",2
"economy",2
"preexisting",2
"notable",2
"dominate",2
"carefully",2
"spatial",2
"stability",2
"references",2
"charged",2
"indicates",2
"calculations",2
"paleoeconomics",2
"leaving",2
"provisioners",2
"correlates",2
"prestige",2
"secure",2
"precedent",2
"almost",2
"opportunistic",2
"contain",2
"travel",2
"nj",2
"varieties",2
"permissiveness",2
"foley",2
"careful",2
"multiple",2
"met",2
"strangers",2
"socioecological",2
"alternatives",2
"confirm",2
"cronk",2
"measure",2
"conventional",2
"deviate",2
"qualitative",2
"phenomenon",2
"metabolic",2
"pulford",2
"formation",2
"lactating",2
"moderate",2
"survival",2
"score",2
"years",2
"difference",2
"relinquishing",2
"modifiers",2
"nash",2
"appropriate",2
"finally",2
"catch",2
"wish",2
"brain",2
"offer",2
"land",2
"speaking",2
"states",2
"obvious",2
"evolutionaiy",2
"aspelin",2
"hours",2
"salience",2
"remains",2
"supported",2
"undercompensation",2
"drift",2
"modeling",2
"apart",2
"distinctions",2
"thing",2
"correlate",2
"reached",2
"debate",2
"create",2
"duration",2
"immediately",2
"doing",2
"pilaga",1
"scituate",1
"taste",1
"dip",1
"emulate",1
"frequent",1
"deception",1
"reactive",1
"selfinterest",1
"repay",1
"chicaneiy",1
"mongoose",1
"deference",1
"done",1
"dissipated",1
"child",1
"grumbling",1
"fathers",1
"lacunae",1
"tvade",1
"diligent",1
"convergence",1
"edge",1
"fraction",1
"falsifying",1
"representing",1
"implying",1
"meaning",1
"responds",1
"milieu",1
"shortterm",1
"keller",1
"asymmetric",1
"beauchamp",1
"correlations",1
"guaranteeing",1
"mingle",1
"compensate",1
"melody",1
"market",1
"extreme",1
"profitability",1
"marcel",1
"legitimate",1
"reckoning",1
"combine",1
"eliminated",1
"incentives",1
"considerably",1
"totally",1
"introduction",1
"stands",1
"mato",1
"controlling",1
"identifies",1
"formulated",1
"arnhem",1
"forcesindividual",1
"enduring",1
"summarizing",1
"unsatisfactory",1
"saved",1
"properly",1
"enhance",1
"diverge",1
"essays",1
"prime",1
"anchor",1
"contiguity",1
"linkages",1
"zero",1
"freeriding",1
"alternation",1
"hail",1
"circumspect",1
"constitutes",1
"liabilities",1
"unabated",1
"rewards",1
"irrespective",1
"kl",1
"additionally",1
"easily",1
"competence",1
"solicitation",1
"acorns",1
"expects",1
"incidentally",1
"spirit",1
"motive",1
"trace",1
"policy",1
"redistribute",1
"emphasize",1
"presents",1
"title",1
"chapman",1
"redounds",1
"individually",1
"total",1
"freeman",1
"stretches",1
"botswana",1
"ethnoarchaeological",1
"exacerbate",1
"harvests",1
"husbands",1
"steeply",1
"exceptions",1
"obligate",1
"stochastically",1
"attractiveness",1
"descriptions",1
"nice",1
"actuality",1
"sahlms",1
"appraisal",1
"experience",1
"fluctuations",1
"predominantly",1
"thiel",1
"compression",1
"largess",1
"paradox",1
"cast",1
"archaeologists",1
"way",1
"else",1
"foothold",1
"transitions",1
"interpersonal",1
"australia",1
"inc",1
"dwarf",1
"kilocalories",1
"defects",1
"gibbons",1
"adversity",1
"multicausality",1
"posed",1
"haring",1
"enquist",1
"derives",1
"allocations",1
"exclusive",1
"coexist",1
"microecological",1
"scientific",1
"supplicants",1
"chaos",1
"symmetrical",1
"rapid",1
"thrive",1
"stochasticity",1
"othersappeared",1
"shortage",1
"ourselves",1
"ilie",1
"freely",1
"discerned",1
"impels",1
"departure",1
"amoral",1
"lests",1
"parties",1
"bonanzas",1
"zeitschrift",1
"replaces",1
"clinchy",1
"affinities",1
"ikung",1
"scientists",1
"stringent",1
"leading",1
"explores",1
"succeeds",1
"assertion",1
"counterstrategies",1
"great",1
"confusion",1
"grasshoppers",1
"thumb",1
"smale",1
"altruistic",1
"defections",1
"indifferent",1
"theftsubtle",1
"expense",1
"anyway",1
"real",1
"debt",1
"reproduction",1
"prevail",1
"canwhat",1
"inadvertently",1
"alden",1
"damage",1
"fresh",1
"confers",1
"patterned",1
"shirks",1
"tangible",1
"depresses",1
"causAC",1
"loose",1
"mind",1
"emphasized",1
"greatly",1
"respond",1
"remainder",1
"deaccelerating",1
"reserved",1
"classified",1
"complicated",1
"songbirds",1
"profitable",1
"mindset",1
"gfit",1
"intersection",1
"kragt",1
"elaborating",1
"altaian",1
"proposals",1
"impulses",1
"nowhere",1
"partners",1
"issue",1
"takes",1
"exogenous",1
"sophisticated",1
"correlated",1
"ltd",1
"disabling",1
"hurtado",1
"ARoragers",1
"eastern",1
"gaps",1
"assertions",1
"punishers",1
"modify",1
"captures",1
"draws",1
"keywords",1
"sought",1
"bases",1
"mass",1
"campbell",1
"incorporate",1
"tA?rke",1
"draw",1
"leacock",1
"solving",1
"vulnerability",1
"retain",1
"chapter",1
"laurila",1
"inverse",1
"politics",1
"compelling",1
"reproducing",1
"metanorms",1
"extinguished",1
"belies",1
"facilitating",1
"player",1
"slight",1
"zones",1
"earn",1
"mutual",1
"alter",1
"bibliography",1
"herea",1
"consumers",1
"births",1
"perfectly",1
"prACdation",1
"vital",1
"stabilizes",1
"deceit",1
"mutuality",1
"except",1
"extends",1
"events",1
"x",1
"disparities",1
"conception",1
"apply",1
"himself",1
"demanded",1
"permissive",1
"offe",1
"unhappy",1
"slacker",1
"nondescendent",1
"measurement",1
"removes",1
"collection",1
"unrecognized",1
"pursuing",1
"knauft",1
"frequencies",1
"mistake",1
"goal",1
"restraint",1
"phase",1
"includes",1
"buffered",1
"royal",1
"pincevent",1
"collapse",1
"actual",1
"hazards",1
"surely",1
"pot",1
"explained",1
"spectrum",1
"facts",1
"eveiyone",1
"sociability",1
"development",1
"equalize",1
"quality",1
"digestion",1
"adapting",1
"reprobation",1
"bailey",1
"impala",1
"initially",1
"swamped",1
"parsimonious",1
"author",1
"supportive",1
"informant",1
"patchy",1
"tit",1
"logic",1
"juxtaposition",1
"contributors",1
"moment",1
"relinquished",1
"valueas",1
"raises",1
"heterogeneity",1
"ancient",1
"occurs",1
"heightened",1
"conjures",1
"inconsequential",1
"caporael",1
"overt",1
"emerges",1
"constellation",1
"bounty",1
"pay",1
"enlarges",1
"templeton",1
"overly",1
"digestive",1
"inspires",1
"lessening",1
"z",1
"hat",1
"exercise",1
"evaluate",1
"initiate",1
"down",1
"precludes",1
"offenders",1
"arc",1
"theorists",1
"ct",1
"speculative",1
"vigilance",1
"illuminates",1
"mistakes",1
"times",1
"enhancement",1
"systematically",1
"transcends",1
"inclinations",1
"density",1
"cavallo",1
"convincing",1
"contrary",1
"restrict",1
"contributes",1
"extraordinary",1
"generated",1
"served",1
"kills",1
"maunier",1
"quit",1
"outcompeted",1
"continuous",1
"AY",1
"criterion",1
"detecting",1
"intersocietal",1
"alliances",1
"powerfully",1
"incompletely",1
"irresistible",1
"optimizes",1
"weight",1
"hybrid",1
"explore",1
"mates",1
"unresolved",1
"unconditional",1
"communication",1
"look",1
"spite",1
"ecosystems",1
"noncooperator",1
"tentatively",1
"solution",1
"demonstration",1
"seeded",1
"plio",1
"jr",1
"conceive",1
"departed",1
"replicators",1
"protects",1
"pusey",1
"acknowledge",1
"adjust",1
"holekamp",1
"cites",1
"materially",1
"calculate",1
"poorly",1
"gtfi",1
"tangent",1
"newer",1
"van",1
"lesser",1
"site",1
"assessed",1
"operation",1
"opposed",1
"ineffective",1
"interesting",1
"weapon",1
"enhancing",1
"aborigines",1
"evaluates",1
"hofman",1
"adequate",1
"added",1
"lowertail",1
"cooperationfavored",1
"likeness",1
"air",1
"saturate",1
"exact",1
"act",1
"nonperformer",1
"functionalist",1
"ml",1
"observers",1
"distinction",1
"performance",1
"ways",1
"generations",1
"compatible",1
"capita",1
"ra",1
"mountain",1
"crash",1
"resident",1
"explicit",1
"gratuitous",1
"od",1
"migrate",1
"consumes",1
"broaden",1
"henry",1
"players",1
"culturally",1
"represented",1
"suffer",1
"goes",1
"lindstrom",1
"inconsistently",1
"dp",1
"occurif",1
"associate",1
"persistent",1
"reinterpretations",1
"eight",1
"inhere",1
"nonreproductive",1
"ns",1
"comprehensively",1
"ponder",1
"lamented",1
"certain",1
"leave",1
"adjustments",1
"ongoing",1
"reconcile",1
"forestalls",1
"danger",1
"manipulative",1
"mit",1
"feel",1
"paleolithic",1
"discriminate",1
"supplements",1
"carcass",1
"expressing",1
"paper",1
"guides",1
"replete",1
"determination",1
"downward",1
"category",1
"suppression",1
"analogous",1
"efe",1
"unpredictability",1
"optimally",1
"old",1
"plus",1
"operates",1
"female",1
"praise",1
"self",1
"prehistory",1
"locally",1
"dobecause",1
"flexibility",1
"objects",1
"clark",1
"lloyd",1
"specialization",1
"neutral",1
"bursts",1
"emergence",1
"contiguous",1
"presumably",1
"francis",1
"specify",1
"begs",1
"invite",1
"allocation",1
"appraised",1
"proposed",1
"threatening",1
"congregate",1
"obligationto",1
"numbers",1
"impact",1
"receiving",1
"harvested",1
"bruce",1
"displays",1
"weak",1
"unfavorable",1
"agonistic",1
"inspiration",1
"profile",1
"cunning",1
"accurate",1
"theatre",1
"acknowledges",1
"store",1
"elephants",1
"additional",1
"biotic",1
"vn",1
"statement",1
"readings",1
"peru",1
"derby",1
"selective",1
"linkage",1
"isolation",1
"depart",1
"storytelling",1
"matsuda",1
"evolves",1
"generalizingin",1
"unequally",1
"expulsion",1
"reconsideration",1
"plenum",1
"willing",1
"rendered",1
"entrant",1
"odd",1
"helped",1
"likens",1
"david",1
"antecedents",1
"ostracism",1
"personalized",1
"decades",1
"management",1
"misunderstandings",1
"dispersion",1
"categorical",1
"paragraph",1
"constructive",1
"clements",1
"streak",1
"holdings",1
"duxbury",1
"shirting",1
"outperforms",1
"expressed",1
"standards",1
"watchful",1
"endogenous",1
"prehistoric",1
"came",1
"lead",1
"identifying",1
"columbia",1
"aftermath",1
"ethnography",1
"location",1
"analog",1
"quoted",1
"incurs",1
"tamarins",1
"appearance",1
"holds",1
"replicate",1
"carrying",1
"conservative",1
"carcasses",1
"superfluous",1
"hands",1
"tconomics",1
"critically",1
"relating",1
"ambiguity",1
"observing",1
"objectives",1
"tucker",1
"demands",1
"omnivorous",1
"sedentary",1
"infrequent",1
"enjoin",1
"overtmay",1
"primacy",1
"relate",1
"dispute",1
"ambivalence",1
"near",1
"olorgesailie",1
"eat",1
"reactionary",1
"philosophical",1
"negation",1
"attained",1
"im",1
"coalitions",1
"polemics",1
"allopatric",1
"affluence",1
"wonder",1
"genes",1
"predicates",1
"vickgifts",1
"spotted",1
"durham",1
"promotes",1
"posited",1
"expressly",1
"mainly",1
"regulation",1
"reviews",1
"studying",1
"aspects",1
"flourishes",1
"sharpened",1
"tools",1
"divide",1
"residential",1
"beidelman",1
"decidedly",1
"scrounge",1
"promise",1
"biases",1
"applied",1
"erratic",1
"minimisation",1
"bram",1
"wealth",1
"record",1
"possessor",1
"xvii",1
"procedures",1
"rest",1
"mesterton",1
"organizationradial",1
"networks",1
"dependents",1
"naturalism",1
"gods",1
"property",1
"beckerman",1
"vo",1
"alt",1
"handsome",1
"improve",1
"comestibles",1
"having",1
"harpending",1
"none",1
"shrewdly",1
"expansionary",1
"followed",1
"detractors",1
"kg",1
"accounting",1
"line",1
"y",1
"unallocated",1
"intense",1
"climb",1
"contexts",1
"implication",1
"looks",1
"commonplaces",1
"uneven",1
"strict",1
"carries",1
"instituted",1
"preferred",1
"competent",1
"predicating",1
"coping",1
"brought",1
"fosters",1
"foltA-ics",1
"characterization",1
"rat",1
"secures",1
"purpose",1
"kristen",1
"proportions",1
"curriculum",1
"charoov",1
"scraps",1
"tenure",1
"thoughts",1
"newest",1
"description",1
"ecologist",1
"unusually",1
"chagnon",1
"betzig",1
"securing",1
"piecing",1
"nonsharing",1
"fit",1
"consistently",1
"couched",1
"fail",1
"languish",1
"northwest",1
"subtleties",1
"reynolds",1
"primaeval",1
"demonstrates",1
"subtly",1
"records",1
"concentrate",1
"enforce",1
"falling",1
"predicts",1
"runs",1
"subverts",1
"perishable",1
"winter",1
"call",1
"lyyo",1
"lifeways",1
"adaptiveness",1
"contentious",1
"surrounding",1
"lazy",1
"institution",1
"riding",1
"believes",1
"systematic",1
"participate",1
"capacities",1
"manage",1
"arrangements",1
"reciprocities",1
"interpreted",1
"my",1
"concurrent",1
"concave",1
"harding",1
"count",1
"manipulation",1
"shortcomings",1
"hyaneidae",1
"delay",1
"citing",1
"extrafamilial",1
"subtle",1
"ven",1
"entitle",1
"preceded",1
"originsfaunal",1
"tone",1
"creating",1
"ratios",1
"correct",1
"hard",1
"recast",1
"simpler",1
"carol",1
"adequacy",1
"complicate",1
"theater",1
"interacting",1
"wrong",1
"synthesized",1
"asynchrony",1
"reaches",1
"sharp",1
"typ",1
"insurance",1
"signifies",1
"around",1
"kent",1
"intervals",1
"authored",1
"affluent",1
"specified",1
"specificity",1
"proximate",1
"anticipation",1
"pregnant",1
"smithsonian",1
"revealing",1
"scattering",1
"reciprocation",1
"compatibility",1
"temporary",1
"psychological",1
"invoke",1
"A s",1
"ts",1
"australian",1
"choosing",1
"blunt",1
"schedules",1
"usual",1
"junctures",1
"differing",1
"truck",1
"potent",1
"credible",1
"core",1
"dedicated",1
"discreetly",1
"sidedness",1
"unbridled",1
"beacon",1
"tethered",1
"describes",1
"grinnell",1
"payoff",1
"gould",1
"theorem",1
"plausible",1
"neoclassical",1
"diminished",1
"regulating",1
"folk",1
"preliminary",1
"displaced",1
"increments",1
"compels",1
"passive",1
"rinehart",1
"sporadic",1
"hora",1
"behalf",1
"invest",1
"seemed",1
"content",1
"awards",1
"subsequently",1
"periods",1
"entailed",1
"garnered",1
"south",1
"insufficient",1
"flourished",1
"analytic",1
"sanctions",1
"ride",1
"rankings",1
"intrascrounger",1
"suspects",1
"deplete",1
"fortunate",1
"spoilage",1
"myth",1
"excludes",1
"resolution",1
"basarwa",1
"comment",1
"attempts",1
"biologist",1
"attributable",1
"exhaust",1
"resolutefy",1
"gather",1
"synchronized",1
"logically",1
"separation",1
"divergence",1
"entangled",1
"istner",1
"hypothesisone",1
"routinely",1
"expansion",1
"racey",1
"tempted",1
"minority",1
"corporation",1
"brief",1
"yields",1
"merits",1
"drops",1
"interforager",1
"exception",1
"assurance",1
"brings",1
"deviation",1
"equivalents",1
"allogrooming",1
"allen",1
"starve",1
"says",1
"strife",1
"currencies",1
"settings",1
"member",1
"seemingly",1
"strategic",1
"groupings",1
"surveyed",1
"ask",1
"hold",1
"reception",1
"tends",1
"spectacular",1
"illuminating",1
"grandchildren",1
"percentage",1
"omits",1
"scarcity",1
"confronting",1
"guide",1
"contributing",1
"collect",1
"emerged",1
"archaeologist",1
"avoids",1
"elaboration",1
"guile",1
"floods",1
"liability",1
"reference",1
"beachhead",1
"permission",1
"processobviates",1
"ery",1
"switching",1
"scrounges",1
"advanced",1
"emigrants",1
"residence",1
"acknowledgments",1
"serve",1
"soon",1
"rain",1
"array",1
"sate",1
"continuity",1
"drivers",1
"mobile",1
"fifth",1
"exposure",1
"challenged",1
"specifics",1
"disastrous",1
"index",1
"quanti",1
"salutary",1
"today",1
"puzzle",1
"technical",1
"sheryl",1
"quantityt",1
"adjusted",1
"conversely",1
"transformations",1
"assistance",1
"expansive",1
"shifting",1
"haggling",1
"obligated",1
"equalized",1
"passions",1
"incompetent",1
"dna",1
"robust",1
"largest",1
"coveiy",1
"insights",1
"odds",1
"hunger",1
"retribution",1
"proclivities",1
"noted",1
"exceptionally",1
"rise",1
"inedible",1
"retaliations",1
"ambiguities",1
"affections",1
"double",1
"regardless",1
"generality",1
"lavish",1
"tries",1
"achieves",1
"nicholas",1
"seasonally",1
"optimize",1
"salmon",1
"successfully",1
"california",1
"bushman",1
"impediment",1
"larder",1
"heritage",1
"challenge",1
"stronger",1
"stated",1
"monitor",1
"neglect",1
"punish",1
"tactically",1
"conceived",1
"valuet",1
"trafficking",1
"tierpsychologie",1
"lowering",1
"addition",1
"experienced",1
"generously",1
"water",1
"disadvantageous",1
"conformity",1
"acquirer",1
"naive",1
"lack",1
"dietare",1
"breakfast",1
"treatment",1
"foodstuffs",1
"chord",1
"areas",1
"tolerate",1
"striking",1
"creative",1
"appeared",1
"documents",1
"tally",1
"neglects",1
"cheaters",1
"lacks",1
"debates",1
"reasoning",1
"really",1
"suboptimal",1
"hobbes",1
"demonstrating",1
"fallen",1
"debated",1
"rene",1
"doubt",1
"identical",1
"quadrant",1
"imperfect",1
"seldom",1
"vt",1
"anthropologica",1
"puzzling",1
"hand",1
"peacock",1
"organizing",1
"remarkable",1
"signifying",1
"selectionism",1
"secular",1
"developing",1
"equitable",1
"intermedie",1
"income",1
"vulnerable",1
"soos",1
"axes",1
"parcelling",1
"ultimately",1
"potentially",1
"achieving",1
"appreciation",1
"anubis",1
"paired",1
"disparity",1
"mbuti",1
"appropriating",1
"woman",1
"binford",1
"belief",1
"recognizes",1
"exceeds",1
"guarantees",1
"threats",1
"zuu",1
"hovering",1
"compete",1
"encountered",1
"anticipate",1
"remained",1
"captive",1
"eric",1
"simon",1
"hogan",1
"stabilize",1
"displace",1
"private",1
"luck",1
"greatest",1
"reveals",1
"nutrition",1
"synchrony",1
"extended",1
"supplies",1
"prestations",1
"knew",1
"observable",1
"preferential",1
"waite",1
"disagree",1
"accompanying",1
"bear",1
"pertain",1
"groupwide",1
"retains",1
"procedure",1
"holt",1
"formalist",1
"birds",1
"ingratitude",1
"exploits",1
"oscillation",1
"varying",1
"empiricallywould",1
"skeptical",1
"expression",1
"summaiy",1
"refers",1
"vc",1
"affects",1
"morality",1
"vocabulary",1
"smoothly",1
"products",1
"harvard",1
"shorn",1
"books",1
"joiner",1
"questions",1
"trend",1
"predictors",1
"services",1
"lasted",1
"aids",1
"stay",1
"hunted",1
"offs",1
"sees",1
"option",1
"ifaluk",1
"improvements",1
"flocks",1
"washington",1
"mammalia",1
"uniqueness",1
"vigilant",1
"homeric",1
"significance",1
"explorations",1
"magnanimity",1
"selfserving",1
"hybridreturns",1
"provoked",1
"intraand",1
"transformation",1
"reality",1
"emphasizing",1
"stress",1
"fullness",1
"welcomed",1
"rareand",1
"sensitivity",1
"express",1
"neediest",1
"utter",1
"clue",1
"asynchronously",1
"held",1
"derived",1
"characterized",1
"sociable",1
"receipt",1
"spread",1
"rewarded",1
"puno",1
"statistically",1
"interspecific",1
"causally",1
"obtained",1
"stages",1
"lie",1
"pervasive",1
"glut",1
"interacted",1
"indiscriminately",1
"structuralism",1
"preservation",1
"adequately",1
"glynn",1
"temporaiy",1
"graphical",1
"class",1
"genderbased",1
"retaliating",1
"facing",1
"internal",1
"article",1
"prescribes",1
"leaves",1
"eyes",1
"nicely",1
"grosso",1
"spreads",1
"assures",1
"insists",1
"northern",1
"relation",1
"interpretations",1
"assessing",1
"respectively",1
"gwaimasi",1
"influences",1
"accrue",1
"excluded",1
"hierarchical",1
"availability",1
"james",1
"sizable",1
"confusing",1
"comfortably",1
"ethnohistory",1
"sanctioning",1
"intervalsnot",1
"gerety",1
"analyze",1
"differ",1
"ensure",1
"arisen",1
"equivalent",1
"dividing",1
"ascribe",1
"versus",1
"iterated",1
"occupied",1
"haven",1
"egoistic",1
"attend",1
"eating",1
"bliege",1
"cede",1
"regimes",1
"clans",1
"reluctant",1
"decision",1
"infants",1
"summary",1
"ws",1
"genesis",1
"qr",1
"asking",1
"capaldo",1
"twelve",1
"alters",1
"dead",1
"penguin",1
"entail",1
"assigned",1
"critics",1
"hurdle",1
"abundance",1
"mitigate",1
"chances",1
"marginally",1
"publishing",1
"residual",1
"integration",1
"wisdom",1
"perspectives",1
"lot",1
"bulk",1
"figure",1
"gottenand",1
"next",1
"inculcated",1
"highvalue",1
"goodenough",1
"depersonalization",1
"orbell",1
"foster",1
"unwarranted",1
"prudent",1
"suffice",1
"vague",1
"qualifies",1
"attitude",1
"discard",1
"binary",1
"independence",1
"racine",1
"concluding",1
"venues",1
"seen",1
"consonant",1
"progressively",1
"yale",1
"divergences",1
"returned",1
"rational",1
"economists",1
"importantly",1
"contribution",1
"husbanding",1
"suggestions",1
"instituting",1
"remaining",1
"maximization",1
"reservations",1
"rapidly",1
"maximizing",1
"maximizes",1
"plasticity",1
"stimulated",1
"covering",1
"provider",1
"catalyzed",1
"peuhkuri",1
"givers",1
"impersonal",1
"examine",1
"stiner",1
"norton",1
"fe",1
"surprising",1
"lineages",1
"simulated",1
"muted",1
"fields",1
"creatures",1
"papio",1
"instances",1
"strategically",1
"diogenes",1
"irons",1
"articles",1
"emlen",1
"inducing",1
"conspecific",1
"widest",1
"hxaro",1
"forest",1
"citation",1
"distributional",1
"undertook",1
"stimulates",1
"valuing",1
"curious",1
"latest",1
"rarely",1
"historian",1
"broke",1
"touches",1
"fingerprinting",1
"overriding",1
"comes",1
"yc",1
"analogues",1
"mentioned",1
"version",1
"changing",1
"paleoanthropology",1
"simmel",1
"ethnoarchaeology",1
"respective",1
"urgent",1
"predictions",1
"giraffe",1
"demonstrate",1
"fjood",1
"geographic",1
"ever",1
"reinforced",1
"speculating",1
"forests",1
"skillful",1
"treats",1
"favors",1
"tat",1
"compensates",1
"narrowly",1
"plea",1
"command",1
"qg",1
"comparative",1
"cover",1
"darwinian",1
"partitioning",1
"favorably",1
"mutually",1
"control",1
"rainfall",1
"quantityp",1
"intangible",1
"commonplace",1
"descent",1
"correspond",1
"proponents",1
"cultures",1
"disinterested",1
"reversal",1
"specialized",1
"organized",1
"anything",1
"coopACration",1
"dunbar",1
"confident",1
"moral",1
"seem",1
"authorities",1
"believe",1
"international",1
"gone",1
"did",1
"accommodate",1
"straightforward",1
"restrictive",1
"pretence",1
"breaking",1
"cooperators",1
"finder",1
"duprAC",1
"rearing",1
"minimized",1
"dramatic",1
"exploiting",1
"brothers",1
"inveterate",1
"expresses",1
"disperse",1
"brazil",1
"rely",1
"far",1
"encouraging",1
"hypotheticodeductive",1
"pygmies",1
"elsewhere",1
"reintroducing",1
"meager",1
"disputes",1
"benefitting",1
"foodhunters",1
"ideally",1
"person",1
"valueultimately",1
"america",1
"rejection",1
"subordinate",1
"valuep",1
"agriculture",1
"tendencies",1
"drop",1
"discourse",1
"surpluses",1
"realize",1
"reciprocating",1
"commodity",1
"defending",1
"zen",1
"pooled",1
"probabilistic",1
"impulse",1
"combined",1
"encountermean",1
"mccloskey",1
"bell",1
"want",1
"grow",1
"fenton",1
"coerced",1
"elaborations",1
"stocking",1
"maintain",1
"proven",1
"seasonal",1
"leimar",1
"remove",1
"valueto",1
"shortages",1
"shortfalls",1
"starkly",1
"succumb",1
"densities",1
"linger",1
"undo",1
"scavenged",1
"allocate",1
"xvjil",1
"healthy",1
"rayner",1
"counteracted",1
"missed",1
"quantityg",1
"apparently",1
"phenomena",1
"designates",1
"bargain",1
"prevent",1
"categories",1
"occupying",1
"incur",1
"hurst",1
"boston",1
"providential",1
"demarcated",1
"occasionally",1
"provokable",1
"kim",1
"expunge",1
"extracts",1
"retaliatory",1
"unavoidable",1
"affecting",1
"coordination",1
"forfeiting",1
"wording",1
"became",1
"easy",1
"african",1
"focal",1
"turns",1
"transition",1
"rendering",1
"viruses",1
"reserves",1
"congenial",1
"happens",1
"matches",1
"substance",1
"target",1
"nonhuman",1
"iheoretical",1
"cooperationa",1
"complementarity",1
"constituted",1
"indebted",1
"selectioneach",1
"tenable",1
"indians",1
"mention",1
"exploit",1
"graces",1
"definitions",1
"characterize",1
"satisfying",1
"think",1
"intimate",1
"varied",1
"reciprocitychief",1
"boldface",1
"rious",1
"proceeds",1
"susceptible",1
"diagram",1
"northeast",1
"wild",1
"adopting",1
"dawes",1
"spacing",1
"invasion",1
"discourages",1
"ignored",1
"disappear",1
"encouragement",1
"initiated",1
"assayed",1
"sensibilities",1
"donald",1
"ancillary",1
"decrease",1
"dangerous",1
"heretical",1
"opens",1
"vikings",1
"accept",1
"mode",1
"motives",1
"exploitation",1
"etholow",1
"parallels",1
"exceed",1
"insight",1
"applicable",1
"approximately",1
"advantageous",1
"grown",1
"cuigifts",1
"upon",1
"manifest",1
"teleki",1
"define",1
"enabling",1
"nonpacket",1
"broader",1
"developmental",1
"product",1
"clearest",1
"smaller",1
"forgo",1
"willingness",1
"othersare",1
"colleagues",1
"derive",1
"seeks",1
"voluntary",1
"philosophy",1
"terribly",1
"area",1
"usas",1
"disgifts",1
"embodies",1
"francisco",1
"overabundance",1
"intermale",1
"keyed",1
"selectionhave",1
"maintaining",1
"simultaneous",1
"periodic",1
"besides",1
"removed",1
"deciding",1
"indicating",1
"bonding",1
"regularity",1
"kramer",1
"fourth",1
"arrived",1
"intolerably",1
"inducements",1
"supply",1
"vary",1
"restricts",1
"transitory",1
"adheres",1
"conceptual",1
"hiatt",1
"views",1
"substantial",1
"exclusively",1
"puts",1
"element",1
"participant",1
"divergent",1
"corn",1
"alA-eles",1
"winston",1
"re",1
"benchmark",1
"mature",1
"lu",1
"taylor",1
"unsynchronized",1
"vulgar",1
"sustained",1
"calories",1
"deflected",1
"virtue",1
"previously",1
"deficiency",1
"metcalfe",1
"meeting",1
"oA-",1
"nonmarginal",1
"signals",1
"fur",1
"mistaken",1
"fortuitous",1
"predicated",1
"huntmg",1
"turai",1
"heterogeneous",1
