"WORDCOUNTS","WEIGHT"
"and",1080
"of",912
"the",902
"in",696
"a",396
"to",232
"d",199
"m",191
"on",168
"from",162
"archaeological",159
"plant",159
"j",154
"g",142
"s",137
"archaeology",132
"for",131
"is",131
"r",126
"c",124
"as",117
"pp",114
"that",105
"research",105
"journal",101
"are",101
"eds",99
"e",93
"new",86
"analysis",86
"university",84
"agriculture",81
"p",78
"evidence",77
"science",74
"l",69
"american",68
"b",68
"w",68
"this",67
"k",67
"maize",65
"with",65
"plants",65
"early",64
"hastorf",63
"antiquity",63
"by",62
"world",62
"et",60
"use",60
"press",58
"have",58
"an",57
"at",56
"paleoethnobotany",56
"prehistoric",56
"human",50
"ancient",50
"recent",50
"h",49
"f",49
"economic",49
"remains",49
"be",48
"change",47
"ed",47
"these",46
"some",44
"north",44
"studies",43
"eastern",43
"hillman",42
"or",42
"pollen",41
"pearsall",41
"more",41
"also",41
"piperno",40
"n",39
"processing",39
"origins",38
"al",38
"phytolith",38
"has",38
"current",38
"papers",37
"study",37
"domestication",37
"past",37
"botany",37
"america",36
"production",35
"t",35
"such",34
"jones",33
"site",33
"identification",33
"well",33
"food",33
"anthropology",33
"agricultural",32
"i",31
"de",31
"london",31
"data",31
"not",31
"their",30
"sites",30
"archaeobotanical",30
"it",29
"been",29
"crop",28
"foraging",27
"there",27
"central",27
"pennsylvania",27
"most",27
"phytoliths",27
"environmental",26
"van",26
"subsistence",26
"important",26
"seeds",26
"philadelphia",25
"diet",25
"example",25
"farming",25
"samples",25
"evolution",25
"one",24
"vol",24
"we",24
"v",24
"work",23
"can",23
"cultivation",23
"they",22
"harris",22
"but",22
"smith",22
"masca",22
"models",22
"miller",21
"no",21
"international",21
"ethnobiology",21
"reconstruction",21
"culture",21
"johannessen",21
"prehistory",21
"europe",20
"hather",20
"how",20
"approach",20
"activities",20
"she",20
"was",19
"techniques",19
"different",19
"through",19
"wild",19
"years",19
"chemical",19
"asia",18
"contents",18
"archaeobotany",18
"than",18
"impact",18
"based",18
"cultural",18
"near",18
"taxa",18
"using",18
"ethnographic",18
"model",18
"material",18
"region",18
"specific",18
"vegetation",17
"political",17
"botanical",17
"exploitation",17
"charred",17
"results",17
"neolithic",17
"south",17
"will",17
"applications",17
"zeist",17
"questions",17
"very",17
"role",17
"crops",16
"flotation",16
"analyses",16
"cereal",16
"old",16
"field",16
"southern",16
"soil",16
"der",16
"found",16
"organic",15
"identifying",15
"all",15
"ph",15
"cowan",15
"fritz",15
"dna",15
"only",15
"many",15
"man",15
"northern",15
"ecological",15
"dissertation",15
"information",15
"between",15
"valley",15
"now",14
"common",14
"investigations",14
"age",14
"weed",14
"its",14
"seed",14
"watson",14
"other",14
"were",14
"methods",14
"paleoethnobotanical",14
"environment",14
"paper",14
"wood",14
"investigation",14
"institute",14
"consumption",14
"chicago",14
"into",13
"east",13
"perspective",13
"part",13
"systematic",13
"about",13
"two",13
"time",13
"asian",13
"southwest",13
"series",13
"what",13
"both",13
"although",13
"evans",12
"identify",12
"history",12
"nature",12
"domesticated",12
"center",12
"ai",12
"oxford",12
"dates",12
"ot",12
"society",12
"interpretation",12
"department",12
"present",12
"see",12
"maya",12
"mexico",12
"landscape",12
"detailed",12
"middle",12
"charring",12
"range",12
"o",11
"western",11
"being",11
"archaeologists",11
"crawford",11
"view",11
"late",11
"moore",11
"florida",11
"materials",11
"us",11
"areas",11
"less",11
"thomas",11
"brown",11
"her",11
"paleoecology",11
"conditions",11
"within",11
"tropics",10
"boulder",10
"occurred",10
"woodlands",10
"occasional",10
"westview",10
"collection",10
"thus",10
"review",10
"sample",10
"applied",10
"popper",10
"palynology",10
"regions",10
"settlement",10
"smithsonian",10
"texas",10
"morphology",10
"implications",10
"macrobotanical",10
"unwin",10
"foods",10
"molecular",10
"california",10
"co",10
"institution",10
"species",10
"africa",10
"rotterdam",10
"hyman",10
"u",10
"washington",10
"potential",10
"if",9
"excavation",9
"chenopodium",9
"case",9
"tropical",9
"development",9
"due",9
"even",9
"direct",9
"mcgovern",9
"changes",9
"kislev",9
"could",9
"levant",9
"literature",9
"issues",9
"long",9
"climate",9
"southeast",9
"anthropologist",9
"where",9
"collected",9
"minnis",9
"interpretations",9
"la",9
"seen",9
"collections",9
"associated",9
"bronze",9
"type",9
"edwards",9
"reconstruct",9
"illinois",9
"major",9
"difficult",8
"modelling",8
"college",8
"sets",8
"origin",8
"phytosociology",8
"last",8
"state",8
"those",8
"soils",8
"genetic",8
"diversity",8
"frequencies",8
"application",8
"jr",8
"biers",8
"environments",8
"after",8
"scarry",8
"parts",8
"les",8
"commonly",8
"macroremains",8
"record",8
"method",8
"sedentism",8
"because",8
"balkema",8
"woodland",8
"wheat",8
"moist",8
"dietary",8
"still",8
"paleoethnobotanists",8
"pacific",8
"same",8
"cultivated",8
"published",8
"volume",8
"husbandry",8
"do",8
"bulletin",8
"local",8
"cambridge",8
"completed",8
"theoretical",8
"perspectives",8
"provide",8
"subdiscipline",8
"veen",8
"bush",8
"carbondale",8
"each",8
"sampling",8
"animal",8
"economy",8
"edinburgh",8
"vessels",8
"our",8
"examples",8
"morphological",8
"cucurbita",8
"corn",8
"tubers",8
"trace",7
"presents",7
"before",7
"contexts",7
"pepo",7
"holocene",7
"southwestern",7
"like",7
"archaeologist",7
"museum",7
"cave",7
"developments",7
"river",7
"rollo",7
"blumler",7
"providing",7
"mulholland",7
"fuel",7
"blake",7
"gebauer",7
"reinhard",7
"andes",7
"used",7
"people",7
"status",7
"ratios",7
"small",7
"up",7
"second",7
"picture",7
"strategies",7
"japan",7
"von",7
"discussion",7
"assemblages",7
"previously",7
"dating",7
"preservation",7
"provides",7
"earliest",7
"must",7
"over",7
"historical",7
"problem",7
"while",7
"bryant",7
"conference",7
"presented",7
"coprolites",7
"practices",7
"variability",7
"peru",7
"land",7
"effects",7
"madison",7
"association",7
"increased",7
"does",6
"created",6
"modern",6
"lower",6
"first",6
"ii",6
"book",6
"studied",6
"mississippi",6
"renfrew",6
"resources",6
"economies",6
"includes",6
"excavations",6
"price",6
"island",6
"york",6
"coastal",6
"importance",6
"statistical",6
"resource",6
"isotopes",6
"dc",6
"uses",6
"chaff",6
"michigan",6
"however",6
"during",6
"des",6
"reflect",6
"dinan",6
"keegan",6
"when",6
"casparie",6
"und",6
"benz",6
"he",6
"san",6
"onset",6
"edited",6
"reports",6
"useful",6
"holden",6
"others",6
"lennstrom",6
"addition",6
"diverse",6
"begin",6
"basin",6
"perhaps",6
"books",6
"another",6
"including",6
"gut",6
"residues",6
"exciting",6
"procurement",6
"which",6
"period",6
"so",6
"especially",6
"article",6
"often",6
"grain",6
"cereals",6
"increasing",6
"bottema",6
"kaplan",6
"extracted",6
"independent",6
"gleason",6
"began",6
"types",6
"beans",6
"continues",6
"discuss",6
"them",6
"size",6
"die",6
"harvesting",6
"include",6
"area",6
"focus",6
"much",6
"belize",6
"should",6
"inka",5
"pA$A$bo",5
"horticultural",5
"isotopie",5
"later",5
"mesoamerica",5
"oriented",5
"processes",5
"address",5
"palynological",5
"experiments",5
"isozyme",5
"help",5
"microbotanical",5
"mass",5
"archA$ologie",5
"relationships",5
"preparation",5
"grape",5
"rowlett",5
"amount",5
"subjects",5
"applying",5
"identifications",5
"sheffield",5
"distribution",5
"rather",5
"his",5
"morrison",5
"process",5
"population",5
"gathering",5
"starch",5
"doebley",5
"grains",5
"section",5
"sobolik",5
"show",5
"ecuador",5
"archeological",5
"methodology",5
"charcoal",5
"had",5
"out",5
"further",5
"cannot",5
"younger",5
"procedures",5
"wide",5
"aspects",5
"future",5
"opal",5
"hubbard",5
"palaeoethnobotany",5
"climatic",5
"mccorriston",5
"evershed",5
"diagnostic",5
"few",5
"methodological",5
"preliminary",5
"finds",5
"investigating",5
"scientific",5
"legumes",5
"specimens",5
"management",5
"behre",5
"light",5
"increasingly",5
"wasylikowa",5
"choice",5
"focusing",5
"routledge",5
"ecology",5
"microscopic",5
"understanding",5
"collecting",5
"mays",5
"made",5
"procedure",5
"melaren",5
"continue",5
"taxon",5
"individual",5
"helpful",5
"stages",5
"earlier",5
"oxbow",5
"problems",5
"wi",5
"gremillion",5
"tne",5
"hill",5
"tuber",5
"el",5
"fields",5
"forest",5
"regularly",5
"stable",5
"any",5
"bean",5
"changing",5
"comparison",5
"assemblage",5
"report",5
"proceedings",5
"adaptation",5
"varieties",5
"andrea",5
"pecos",5
"subject",5
"transition",5
"com",5
"gain",5
"locations",5
"states",5
"regular",5
"archaic",5
"debate",5
"little",5
"spectroscopy",5
"medicinal",4
"comparability",4
"large",4
"complex",4
"ana",4
"tend",4
"acorns",4
"greater",4
"women",4
"sequence",4
"transitions",4
"australia",4
"krzyzaniak",4
"disturbance",4
"farmers",4
"newsom",4
"able",4
"products",4
"henry",4
"taphonomic",4
"bones",4
"iv",4
"hall",4
"possible",4
"tipping",4
"tharrounia",4
"west",4
"along",4
"edible",4
"ritual",4
"usage",4
"dynamics",4
"aus",4
"interest",4
"egypt",4
"compared",4
"effective",4
"storage",4
"look",4
"general",4
"decker",4
"hansen",4
"demonstrates",4
"supplement",4
"signatures",4
"arbor",4
"tissue",4
"entry",4
"intensive",4
"parenchymous",4
"gero",4
"cotton",4
"pleistocene",4
"conquest",4
"root",4
"societies",4
"begun",4
"changed",4
"initial",4
"ann",4
"focused",4
"scale",4
"isotope",4
"rosen",4
"y",4
"horticulture",4
"tool",4
"training",4
"overview",4
"harlan",4
"statistics",4
"project",4
"good",4
"social",4
"emergent",4
"le",4
"mediterranean",4
"poznan",4
"presence",4
"massachusetts",4
"always",4
"visible",4
"progress",4
"value",4
"bozarth",4
"therefore",4
"habitats",4
"matter",4
"identified",4
"short",4
"toward",4
"barley",4
"forward",4
"interactions",4
"communities",4
"yet",4
"thought",4
"under",4
"bone",4
"complete",4
"wright",4
"regional",4
"analytical",4
"fact",4
"ceramic",4
"distributions",4
"discussed",4
"boardman",4
"pozorski",4
"above",4
"reconstructing",4
"number",4
"analyzed",4
"investigated",4
"nile",4
"rust",4
"rare",4
"recovery",4
"laboratory",4
"radiocarbon",4
"clearing",4
"kreuz",4
"symposium",4
"plains",4
"floral",4
"evolutionary",4
"become",4
"probably",4
"ago",4
"tennessee",4
"european",4
"primarily",4
"who",4
"wilson",4
"life",4
"aboriginal",4
"anthropological",4
"panama",4
"mentioned",4
"intensification",4
"desiccated",4
"oi",4
"gumerman",4
"genetics",4
"colorado",4
"butler",4
"berkeley",4
"did",4
"gas",4
"beginning",4
"combined",4
"spatial",4
"making",4
"references",4
"phaseolus",4
"leyden",4
"multiple",4
"beck",4
"became",4
"african",4
"allows",4
"chile",4
"course",4
"wadi",4
"davies",4
"desert",4
"summary",4
"close",4
"lentz",4
"mason",4
"lake",4
"interaction",4
"traditional",4
"among",4
"oA-",4
"arizona",4
"rachis",3
"pals",3
"yoshizaki",3
"poinar",3
"kA?ster",3
"determine",3
"likely",3
"mexican",3
"approaches",3
"sunflower",3
"station",3
"robinson",3
"warnock",3
"reddy",3
"every",3
"maloney",3
"humans",3
"dennell",3
"england",3
"au",3
"together",3
"great",3
"differences",3
"rich",3
"cnrs",3
"discipline",3
"domestic",3
"context",3
"charbons",3
"sophisticated",3
"missouri",3
"colledge",3
"methodologies",3
"bibliography",3
"richard",3
"eating",3
"taking",3
"household",3
"steppe",3
"quiros",3
"squash",3
"iron",3
"throughout",3
"electron",3
"village",3
"adams",3
"century",3
"z",3
"midcontinental",3
"palaeolithic",3
"colinvaux",3
"back",3
"connecticut",3
"publications",3
"accelerator",3
"paleoecological",3
"influence",3
"rates",3
"festschrift",3
"sergerstrom",3
"wendorf",3
"bonavia",3
"adds",3
"influenced",3
"remain",3
"basic",3
"unit",3
"var",3
"similar",3
"fujiwara",3
"contributions",3
"discoveries",3
"productive",3
"allaby",3
"understand",3
"microscope",3
"jomon",3
"established",3
"emergence",3
"latin",3
"just",3
"harvested",3
"northeastern",3
"beyond",3
"rice",3
"descriptive",3
"location",3
"bearing",3
"search",3
"combinations",3
"effort",3
"behavioral",3
"county",3
"events",3
"academic",3
"durham",3
"wales",3
"recently",3
"ceramics",3
"produced",3
"coprolite",3
"monograph",3
"fish",3
"ford",3
"fox",3
"diego",3
"bradshaw",3
"kirch",3
"syria",3
"directly",3
"invisible",3
"journals",3
"artifacts",3
"received",3
"del",3
"archeometrie",3
"prominent",3
"characterization",3
"discusses",3
"bois",3
"knowledge",3
"related",3
"indigenous",3
"test",3
"donahue",3
"lange",3
"dakota",3
"my",3
"chemistry",3
"depositional",3
"diatoms",3
"excavated",3
"least",3
"normally",3
"goette",3
"pottery",3
"deniro",3
"stage",3
"peruvian",3
"hole",3
"around",3
"sufficient",3
"accomplished",3
"zea",3
"acts",3
"australian",3
"coast",3
"notes",3
"provided",3
"critical",3
"willcox",3
"impacts",3
"islands",3
"allen",3
"cucurbitaceae",3
"garden",3
"expanded",3
"paiynology",3
"settings",3
"selection",3
"biological",3
"ugent",3
"azm",3
"kiva",3
"temperate",3
"ams",3
"experimental",3
"wisconsin",3
"bar",3
"available",3
"put",3
"delcourt",3
"scholars",3
"documents",3
"seasonality",3
"larger",3
"habitat",3
"mccorrA-ston",3
"variation",3
"coles",3
"fragments",3
"forms",3
"patterns",3
"learn",3
"en",3
"taphonomy",3
"als",3
"shifts",3
"gepts",3
"histology",3
"turkey",3
"helps",3
"deposits",3
"concern",3
"aufderheide",3
"examination",3
"shelter",3
"wheats",3
"historic",3
"stress",3
"points",3
"dry",3
"standard",3
"hopf",3
"special",3
"stahl",3
"systems",3
"blackwell",3
"anderson",3
"oak",3
"adaptations",3
"rovner",3
"dryas",3
"karg",3
"suggest",3
"ellison",3
"discussing",3
"aid",3
"note",3
"andean",3
"directions",3
"kroll",3
"linking",3
"lipids",3
"archeologie",3
"introductory",3
"united",3
"irom",3
"articles",3
"addressed",3
"then",3
"dishes",3
"measurements",3
"demonstrate",3
"simply",3
"quaternary",3
"histological",3
"chapman",3
"cultures",3
"specialized",3
"crites",3
"wagner",3
"particularly",3
"gregg",3
"february",3
"better",3
"conservation",3
"whether",3
"terms",3
"cooking",3
"particular",3
"harappan",3
"domesticate",3
"deposition",3
"archaeometry",3
"boston",3
"john",3
"preserved",3
"rapp",3
"domesticates",3
"kelso",3
"aspect",3
"uk",3
"webb",3
"formation",3
"soft",3
"until",3
"roots",3
"lists",3
"difference",3
"umlauf",3
"india",3
"ecosystem",3
"spectra",3
"need",3
"goloubinoff",3
"shift",3
"arctic",3
"observation",3
"carbon",3
"weber",3
"gainesville",3
"views",3
"occur",3
"element",3
"counts",3
"southeastern",3
"done",2
"institut",2
"way",2
"estudi",2
"lipid",2
"substances",2
"meaning",2
"commentary",2
"groups",2
"revue",2
"infrared",2
"adoption",2
"nouvelle",2
"introduction",2
"grasses",2
"numerical",2
"per",2
"germany",2
"group",2
"settlements",2
"interrelationships",2
"engendering",2
"ivA?A?",2
"systematically",2
"essays",2
"greig",2
"library",2
"ways",2
"umemoto",2
"noshiro",2
"potentials",2
"migration",2
"source",2
"primitive",2
"du",2
"encrustations",2
"glover",2
"husks",2
"either",2
"ethnobotany",2
"specifically",2
"avenues",2
"consuming",2
"might",2
"utilization",2
"actual",2
"winnowing",2
"rindos",2
"editions",2
"zeitschrift",2
"moundville",2
"hoffman",2
"alexander",2
"flowers",2
"scientists",2
"secondary",2
"broken",2
"cummings",2
"concludes",2
"composition",2
"launched",2
"hunting",2
"trondheim",2
"ancestry",2
"nm",2
"date",2
"greatly",2
"argyrosperma",2
"heating",2
"meridionale",2
"natufian",2
"johns",2
"visibility",2
"worldwide",2
"system",2
"hammond",2
"fruit",2
"plain",2
"recorded",2
"tieszen",2
"rossen",2
"key",2
"me",2
"zur",2
"account",2
"lalueza",2
"ethnographique",2
"fine",2
"stratigraphy",2
"kruk",2
"chromatography",2
"far",2
"fur",2
"apply",2
"conkey",2
"taube",2
"iltis",2
"concerted",2
"exist",2
"chapters",2
"differential",2
"windover",2
"beating",2
"spectrum",2
"quality",2
"shipek",2
"illustrates",2
"millennium",2
"domain",2
"relations",2
"acta",2
"ethnobotanical",2
"untersuchungen",2
"moffett",2
"phytouth",2
"assessment",2
"topic",2
"basil",2
"borderlands",2
"padmore",2
"maintaining",2
"clark",2
"bay",2
"anthropogenically",2
"santa",2
"speed",2
"difficulty",2
"generated",2
"allowing",2
"biomolecular",2
"determinations",2
"compare",2
"find",2
"whorls",2
"swiss",2
"occidental",2
"kentucky",2
"botanique",2
"coal",2
"paleogenetics",2
"mA?ller",2
"oj",2
"gaining",2
"mesolithic",2
"essential",2
"bog",2
"played",2
"heads",2
"main",2
"vegetative",2
"cleaned",2
"alonso",2
"hunter",2
"fabaceae",2
"midwest",2
"mean",2
"province",2
"active",2
"parasite",2
"certain",2
"derived",2
"floated",2
"ongoing",2
"schoenwetter",2
"selected",2
"hAcland",2
"burials",2
"animals",2
"jacomet",2
"wymer",2
"reason",2
"valla",2
"montpellier",2
"specialization",2
"dated",2
"floras",2
"aly",2
"bruce",2
"dallas",2
"epipaleolithic",2
"too",2
"mixtures",2
"situations",2
"acorn",2
"sobohk",2
"russ",2
"additional",2
"calcium",2
"kealhofer",2
"comparisons",2
"illig",2
"plenum",2
"og",2
"syntheses",2
"shanidar",2
"strategy",2
"trajectories",2
"irrigation",2
"experimentation",2
"whereas",2
"closely",2
"anthropogenic",2
"kennedy",2
"allow",2
"histories",2
"entered",2
"faunal",2
"traditionally",2
"kubbaniya",2
"molecules",2
"centers",2
"relation",2
"radical",2
"mesoamerican",2
"extinct",2
"viking",2
"arable",2
"cores",2
"term",2
"big",2
"extracting",2
"handbook",2
"equally",2
"standardized",2
"studying",2
"rottlander",2
"leonard",2
"halstead",2
"burial",2
"boyd",2
"metals",2
"required",2
"poor",2
"paleoenvironmental",2
"cambridgeshire",2
"valles",2
"protein",2
"significantly",2
"simms",2
"calls",2
"clearer",2
"ten",2
"geology",2
"sillen",2
"year",2
"keeley",2
"q",2
"describe",2
"millet",2
"northwest",2
"analogies",2
"broad",2
"tehuacA!n",2
"seasonally",2
"structures",2
"zohary",2
"golenberg",2
"midwestern",2
"lifeways",2
"away",2
"rise",2
"participate",2
"own",2
"trends",2
"researchers",2
"earth",2
"arkansas",2
"statistically",2
"sense",2
"level",2
"revolution",2
"indicators",2
"next",2
"contrast",2
"byrne",2
"davis",2
"involved",2
"belt",2
"heat",2
"several",2
"characteristics",2
"concerns",2
"choose",2
"components",2
"pods",2
"microscopes",2
"dem",2
"scott",2
"productivity",2
"teasel",2
"pruess",2
"valuable",2
"gordon",2
"geographical",2
"fiber",2
"isozymes",2
"span",2
"tasks",2
"populations",2
"thermoluminescence",2
"corporation",2
"classic",2
"female",2
"death",2
"etc",2
"costantini",2
"willem",2
"tor",2
"dwellings",2
"praehistorische",2
"baikema",2
"thailand",2
"direction",2
"ACcosystA?mes",2
"single",2
"percentage",2
"guide",2
"once",2
"ubiquity",2
"collect",2
"reference",2
"stuffs",2
"towards",2
"lietava",2
"seeing",2
"scora",2
"strontium",2
"schild",2
"swamp",2
"included",2
"lowland",2
"miocene",2
"rosenzweig",2
"reply",2
"insights",2
"illustrated",2
"cyperus",2
"hearth",2
"williams",2
"inedible",2
"stones",2
"suzanne",2
"fairly",2
"fire",2
"paleofaeces",2
"layton",2
"challenge",2
"technique",2
"power",2
"provenience",2
"chance",2
"towns",2
"domains",2
"water",2
"zeder",2
"turner",2
"preserve",2
"carbonized",2
"weeds",2
"smart",2
"wine",2
"developed",2
"fengate",2
"external",2
"chiefdom",2
"paris",2
"euphrates",2
"spielmann",2
"sw",2
"riley",2
"chloroplast",2
"A?ber",2
"jacobs",2
"paleoclimatic",2
"kobusiewicz",2
"skoteini",2
"explicitly",2
"mill",2
"luckau",2
"identifiable",2
"paleothnobotanical",2
"interpreting",2
"ine",2
"technologies",2
"brady",2
"ecologically",2
"represented",2
"runia",2
"pulliam",2
"mcclaren",2
"cropping",2
"eaten",2
"determining",2
"causes",2
"archaeobotanists",2
"survey",2
"electrophoresis",2
"chromotography",2
"gerick",2
"trade",2
"scanning",2
"significance",2
"clear",2
"three",2
"tissues",2
"publication",2
"zuhelnatele",2
"workers",2
"would",2
"seltzer",2
"spread",2
"dendrochronology",2
"rACsultats",2
"construct",2
"never",2
"circaea",2
"decide",2
"comparing",2
"cogent",2
"textbooks",2
"effect",2
"monographs",2
"james",2
"wills",2
"residue",2
"greece",2
"morphologically",2
"looked",2
"battarbee",2
"potato",2
"liphschitz",2
"micromorphological",2
"cape",2
"mckenna",2
"versus",2
"relative",2
"prAChistoire",2
"quarterly",2
"controversial",2
"ambrose",2
"duplicated",2
"anatomy",2
"consumed",2
"separate",2
"ranging",2
"space",2
"groupings",2
"mangafa",2
"abundance",2
"delhi",2
"anciens",2
"usually",2
"cedar",2
"france",2
"you",2
"politically",2
"esculentus",2
"program",2
"pieces",2
"spindle",2
"team",2
"force",2
"sociACtAC",2
"volumes",2
"allozyme",2
"why",2
"construction",2
"quite",2
"fe",2
"norwegian",2
"edulis",2
"interpretive",2
"issue",2
"quantitative",2
"school",2
"pearsali",2
"cycas",2
"drevo",2
"conjunction",2
"peoples",2
"urgell",2
"known",2
"forests",2
"temporal",2
"diets",2
"text",2
"here",2
"geoarchaeology",2
"natural",2
"letts",2
"colonization",2
"rocksheiter",2
"frequency",2
"sativa",2
"sizes",2
"welch",2
"seem",2
"glynis",2
"best",2
"contextual",2
"down",2
"faulkner",2
"scenario",2
"sudan",2
"homme",2
"handt",2
"houses",2
"reflected",2
"pit",2
"norway",2
"thompson",2
"works",2
"bands",2
"litynska",2
"tenth",2
"nAColithique",2
"mittelalters",2
"microremains",2
"unique",2
"stability",2
"largy",2
"want",2
"valbonne",2
"seasonal",2
"opravil",2
"theory",2
"densities",2
"getting",2
"damp",2
"weedy",2
"observations",2
"suggests",2
"emphasis",2
"virginia",2
"doran",2
"bodies",2
"loy",2
"ohio",2
"ellenberg",2
"city",2
"despite",2
"huckell",2
"fossil",2
"easy",2
"mutualism",2
"egyptian",2
"inventions",2
"cultigens",2
"coming",2
"neusius",2
"ein",2
"analysts",2
"northeast",2
"indiana",2
"pochetten",2
"internodes",2
"polynesia",2
"ultimately",2
"rna",2
"average",2
"zones",2
"initiated",2
"similarity",2
"biochemical",2
"national",2
"temperature",2
"accept",2
"badler",2
"eggs",2
"constructed",2
"barnes",2
"anatomical",2
"defined",2
"off",2
"shackelton",2
"classification",2
"israel",2
"vessel",2
"schiffer",2
"actions",2
"johnson",2
"vary",2
"potatoes",2
"munson",2
"pulses",2
"substantial",2
"documentary",2
"technological",2
"calories",2
"building",2
"werker",2
"chambers",2
"gourd",2
"tapia",2
"cordova",1
"carevic",1
"creswell",1
"mineralized",1
"lentil",1
"dale",1
"portuguese",1
"undergraduate",1
"wooden",1
"ja",1
"ausgrabung",1
"polymerase",1
"produces",1
"rate",1
"compares",1
"brumfiel",1
"A?kologisoher",1
"page",1
"drylands",1
"gayle",1
"prefer",1
"balsas",1
"behavioural",1
"jull",1
"implemented",1
"gujarat",1
"dioscorides",1
"kachemak",1
"berlin",1
"phylogeny",1
"uncritically",1
"names",1
"staff",1
"cndlebaugh",1
"preclassic",1
"suggested",1
"lowther",1
"pnytouins",1
"bagaco",1
"washer",1
"mcmeekin",1
"encouraged",1
"winterhaider",1
"habakhadi",1
"migrated",1
"defining",1
"market",1
"deserve",1
"affected",1
"pisagua",1
"episodes",1
"tou",1
"monumenta",1
"revolutionary",1
"intriguing",1
"red",1
"yam",1
"gesher",1
"wiltshire",1
"chabal",1
"caches",1
"wickler",1
"kronknght",1
"replicability",1
"mountains",1
"utility",1
"notably",1
"yamida",1
"cramer",1
"contemporaneous",1
"grobman",1
"potter",1
"heckenberger",1
"tort",1
"becoming",1
"reflection",1
"sprawozdania",1
"discover",1
"rick",1
"kryrau",1
"conquering",1
"offerings",1
"peril",1
"mobility",1
"chewing",1
"reassessment",1
"ya",1
"stone",1
"experientia",1
"samford",1
"formed",1
"rogers",1
"schools",1
"fibres",1
"paleoecologists",1
"kariya",1
"demeriti",1
"phragmites",1
"prince",1
"arkheoiogiia",1
"pflanzenreste",1
"item",1
"situation",1
"nuts",1
"di",1
"walker",1
"pressing",1
"drawings",1
"rt",1
"marcus",1
"postprocessual",1
"rubane",1
"mit",1
"cryptic",1
"discriminate",1
"hepper",1
"timbrook",1
"ibh",1
"informtionsquelle",1
"massenfund",1
"venanzi",1
"hair",1
"urund",1
"position",1
"proveniences",1
"necessarily",1
"virtually",1
"takamiya",1
"unlike",1
"kr",1
"refers",1
"pinus",1
"inequality",1
"behavior",1
"cocaine",1
"nozzolillo",1
"stenocarra",1
"ethnoarchaeological",1
"ae",1
"dig",1
"pots",1
"amici",1
"wuro",1
"esculentum",1
"nyame",1
"bend",1
"lowlands",1
"mitteurp",1
"quaderns",1
"track",1
"eye",1
"nice",1
"ingredients",1
"tallin",1
"interface",1
"sem",1
"yohe",1
"updated",1
"krstic",1
"eastanalysis",1
"turning",1
"themes",1
"norton",1
"par",1
"cutting",1
"meadows",1
"highlight",1
"chichester",1
"rorida",1
"oceania",1
"came",1
"cahen",1
"weems",1
"expanding",1
"teadustie",1
"canyon",1
"iw",1
"gap",1
"pollens",1
"unearthed",1
"florian",1
"walters",1
"menean",1
"inianicnamun",1
"invention",1
"nutmeat",1
"isaksson",1
"swedish",1
"grapes",1
"nnaieno",1
"pharaoh",1
"calusa",1
"creation",1
"connection",1
"utopia",1
"fifteenth",1
"sidliste",1
"euphrate",1
"flavor",1
"interests",1
"experimented",1
"medieval",1
"iversen",1
"give",1
"dickel",1
"exploration",1
"mcqung",1
"agroecological",1
"culturally",1
"planting",1
"plateau",1
"karst",1
"gourds",1
"ssp",1
"permanently",1
"worked",1
"amaranthus",1
"advanced",1
"maturation",1
"seems",1
"chemicals",1
"finlayson",1
"mitteleuropas",1
"words",1
"detritus",1
"gary",1
"agricultura",1
"hiedelberg",1
"possibilities",1
"validating",1
"grossrestnachweisen",1
"archaeologically",1
"tradition",1
"escalation",1
"leading",1
"canaan",1
"soconusco",1
"brombacher",1
"myrrh",1
"accompanied",1
"highland",1
"prA$historischer",1
"bavaria",1
"confusion",1
"uwaii",1
"thank",1
"experimentierfeld",1
"timing",1
"vuigaris",1
"hochdorf",1
"crages",1
"uab",1
"nonmechanical",1
"mcgovera",1
"purple",1
"weening",1
"premiA?res",1
"vanishing",1
"rosenfeld",1
"nordwestdeutschlands",1
"link",1
"substantive",1
"transforms",1
"closer",1
"hundred",1
"carbonised",1
"tribute",1
"paleopharmacology",1
"uncovered",1
"lindow",1
"tsche",1
"berkhaus",1
"take",1
"yentsch",1
"hochmittelalterlichen",1
"listing",1
"niche",1
"analyst",1
"harvey",1
"deforestation",1
"archeobotanical",1
"parasitic",1
"feature",1
"spilaeou",1
"starchy",1
"palcoecological",1
"holle",1
"beger",1
"nicotiana",1
"hopped",1
"successional",1
"laurons",1
"nakuru",1
"mind",1
"respond",1
"steffian",1
"raised",1
"situ",1
"pogrebenie",1
"galere",1
"prACliminaires",1
"classified",1
"borromeo",1
"china",1
"texana",1
"committed",1
"sA$ence",1
"sheet",1
"uagostera",1
"bluciny",1
"racial",1
"rethinking",1
"uid",1
"producing",1
"triggered",1
"krings",1
"british",1
"hellwig",1
"devries",1
"tallies",1
"durbin",1
"generosity",1
"dissemination",1
"existence",1
"fens",1
"bellomo",1
"befunde",1
"alfred",1
"sieving",1
"kudo",1
"verlag",1
"payne",1
"postwinnowed",1
"jama",1
"king",1
"av",1
"ligfit",1
"bird",1
"task",1
"andhra",1
"uplands",1
"primary",1
"bases",1
"amplified",1
"albany",1
"draw",1
"greenland",1
"walz",1
"artiiacts",1
"addresses",1
"newman",1
"heron",1
"apprenticeship",1
"dipsacus",1
"conns",1
"stepped",1
"plums",1
"indirectly",1
"amplification",1
"quantities",1
"placement",1
"opened",1
"discrepancies",1
"bohemian",1
"bygrunn",1
"shultz",1
"activity",1
"yugoslavia",1
"tracing",1
"illustrate",1
"prehispanic",1
"burning",1
"epigraphy",1
"reaction",1
"move",1
"kesearch",1
"millington",1
"schwerdt",1
"measuring",1
"onyo",1
"unidentifiable",1
"ice",1
"point",1
"except",1
"conceptual",1
"x",1
"palaeoethnobotanical",1
"timothy",1
"revu",1
"muchuggiag",1
"fluorescence",1
"legume",1
"dynamic",1
"bottom",1
"monitoring",1
"palaoethnobotanische",1
"succinct",1
"negotiation",1
"domi",1
"saponin",1
"undoubtedly",1
"keeps",1
"increase",1
"charnng",1
"protocol",1
"horticulturalists",1
"domestiques",1
"minimum",1
"epipalaeoliihic",1
"nonagrarian",1
"identifies",1
"berezkin",1
"simA3la",1
"sweet",1
"zohaiy",1
"nee",1
"miwok",1
"bouzek",1
"illustrating",1
"dissected",1
"oikosomos",1
"analyser",1
"doura",1
"sanchez",1
"vozokany",1
"localized",1
"surplus",1
"knoblauchzehen",1
"factional",1
"labor",1
"learned",1
"syrup",1
"regarding",1
"chaco",1
"thuesen",1
"ranere",1
"royal",1
"nut",1
"nonlithic",1
"macromicro",1
"brote",1
"apers",1
"domesticating",1
"pokrovnik",1
"ethnographies",1
"sovetskaia",1
"heinen",1
"influx",1
"accuracy",1
"eventual",1
"jarrige",1
"resins",1
"dendrochronological",1
"latrines",1
"definitely",1
"pilot",1
"since",1
"experimentelle",1
"nunez",1
"metamerica",1
"against",1
"approches",1
"andrACa",1
"pursuit",1
"gokstad",1
"categorized",1
"cortella",1
"hierarchy",1
"assumes",1
"sacramento",1
"silent",1
"machine",1
"integral",1
"medio",1
"oseberg",1
"scarce",1
"donnACes",1
"sierra",1
"cACrACales",1
"stadtkern",1
"ability",1
"michey",1
"viewing",1
"westborough",1
"foodways",1
"needed",1
"quantifying",1
"occurs",1
"landraces",1
"cf",1
"paleocthnobotany",1
"dick",1
"assured",1
"hevly",1
"disconcerting",1
"rozhledy",1
"wiley",1
"punning",1
"fountain",1
"rank",1
"cardal",1
"sphenostylis",1
"oouin",1
"wendy",1
"drainage",1
"torregrossa",1
"oxfordshire",1
"hohokam",1
"items",1
"ct",1
"innovation",1
"uniesen",1
"immigrants",1
"bretting",1
"mistakes",1
"clustering",1
"epoca",1
"person",1
"simpson",1
"cucurbits",1
"fm",1
"toolin",1
"body",1
"ear",1
"hopefully",1
"mochica",1
"machines",1
"columbia",1
"inclusion",1
"races",1
"pores",1
"served",1
"companion",1
"suitable",1
"hillam",1
"danebury",1
"rnytoiwi",1
"buth",1
"zurawski",1
"pamatky",1
"waterlogged",1
"truly",1
"thy",1
"ruffaldi",1
"spin",1
"marino",1
"determinination",1
"damghan",1
"geological",1
"prado",1
"paleoevironmental",1
"pA-a",1
"charcoals",1
"hodder",1
"rottendam",1
"espA?ces",1
"volney",1
"intrigued",1
"powders",1
"rashka",1
"kadada",1
"binder",1
"parasites",1
"details",1
"olive",1
"bill",1
"kelley",1
"wet",1
"colloque",1
"krakow",1
"weave",1
"traditions",1
"william",1
"kidder",1
"kashmir",1
"groves",1
"ohalo",1
"climates",1
"cooperative",1
"lesting",1
"giribaldi",1
"competitive",1
"impressions",1
"continuity",1
"implementation",1
"christensen",1
"diatom",1
"piani",1
"selectively",1
"cas",1
"acrocomia",1
"ftistory",1
"heiheitung",1
"boott",1
"lesser",1
"collagen",1
"awkward",1
"cheapest",1
"umvcreiiy",1
"civilization",1
"phytohths",1
"codified",1
"via",1
"competition",1
"pitch",1
"femosa",1
"argant",1
"vegetable",1
"recognized",1
"americans",1
"adequate",1
"belyst",1
"veiy",1
"greffier",1
"botaanilised",1
"drass",1
"delpozzo",1
"norse",1
"peterson",1
"rACACvaluation",1
"without",1
"palaeoeconomy",1
"buxo",1
"acid",1
"hissar",1
"millisauskas",1
"pakoethnobotany",1
"managers",1
"english",1
"links",1
"distortion",1
"archaeobotanicae",1
"harrington",1
"growth",1
"katakombnoe",1
"modeling",1
"across",1
"primers",1
"phytoanhaeology",1
"essence",1
"mA$lestusele",1
"hilknan",1
"love",1
"organise",1
"gymnosperm",1
"arqueobotA!nic",1
"keil",1
"palA$oethnobotanischen",1
"camacho",1
"influential",1
"na",1
"evaluation",1
"explicit",1
"amiel",1
"sandvik",1
"ethnobiohgy",1
"cremation",1
"verosub",1
"remote",1
"broaden",1
"turkmenistan",1
"olmec",1
"christine",1
"stuttgart",1
"excellent",1
"poses",1
"negbi",1
"cultigen",1
"excavators",1
"dealt",1
"jaciment",1
"mangaia",1
"substantiate",1
"risk",1
"feddema",1
"trom",1
"scottish",1
"kl",1
"housley",1
"ns",1
"A ",1
"amazonian",1
"postdepositional",1
"alaska",1
"puzzle",1
"nicks",1
"septembre",1
"folkebibliotekstomten",1
"iwz",1
"powersjones",1
"pafynology",1
"restes",1
"barrow",1
"creek",1
"tree",1
"jurzysta",1
"prakashan",1
"worldbased",1
"ruidos",1
"methoden",1
"calpesta",1
"dunbar",1
"paleolithic",1
"cobs",1
"funksjoner",1
"ferry",1
"williamsburg",1
"nucleic",1
"arid",1
"tooth",1
"pakonutritiorv",1
"vorgeschichte",1
"brothwell",1
"acquisition",1
"archaeobotaniki",1
"hairs",1
"iye",1
"moister",1
"dean",1
"affect",1
"sirunrvpoiugiA2i",1
"interdependence",1
"promee",1
"females",1
"skeleton",1
"fcariy",1
"locally",1
"lernionaniy",1
"eraul",1
"flexibility",1
"foothills",1
"improvement",1
"meda",1
"sampson",1
"vestonice",1
"intellectually",1
"retained",1
"argisbrekka",1
"gard",1
"cellulose",1
"vulgaris",1
"organized",1
"laugen",1
"parkington",1
"fertilizer",1
"esabrook",1
"geschichte",1
"tossal",1
"lima",1
"lowell",1
"stored",1
"linked",1
"francis",1
"amid",1
"contaminated",1
"glues",1
"edition",1
"reconstructions",1
"tauber",1
"numbers",1
"dominate",1
"ladizinsky",1
"masson",1
"house",1
"hordeum",1
"precontact",1
"edging",1
"frequently",1
"cliff",1
"quantifies",1
"upper",1
"statics",1
"sorghum",1
"benefited",1
"proven",1
"orientation",1
"four",1
"kommert",1
"riverside",1
"experienced",1
"linguistics",1
"heading",1
"cnarcoai",1
"stewart",1
"franchthi",1
"lithic",1
"tributes",1
"albuquerque",1
"continual",1
"surface",1
"follow",1
"guiterrero",1
"submerged",1
"bishops",1
"signature",1
"peninsula",1
"baselland",1
"chamorro",1
"comprising",1
"filtered",1
"lithiA?s",1
"artzy",1
"requires",1
"hidatsa",1
"clemente",1
"terminology",1
"dwelling",1
"answers",1
"tringham",1
"shifted",1
"linearbandkeramik",1
"dominant",1
"setup",1
"kajale",1
"etude",1
"italiano",1
"bartalotta",1
"decades",1
"ian",1
"hodge",1
"molds",1
"gamble",1
"kenya",1
"tuberous",1
"pinaceae",1
"challenges",1
"eastgate",1
"expressed",1
"standards",1
"cloning",1
"casma",1
"barleyfrom",1
"rajamae",1
"acceptable",1
"forsandmoen",1
"dumps",1
"lead",1
"amaranth",1
"complications",1
"brennan",1
"concentration",1
"plantsemmer",1
"aegean",1
"einkorn",1
"frike",1
"pye",1
"harder",1
"cardia",1
"acknowledgments",1
"inherent",1
"physicochemical",1
"heer",1
"erosion",1
"called",1
"andan",1
"yunnan",1
"paleonutrition",1
"young",1
"painstaking",1
"relating",1
"forgiven",1
"lived",1
"deal",1
"siliceous",1
"paleodietary",1
"arcnaeoiogicai",1
"subsampling",1
"iaw",1
"expACrimentales",1
"requirements",1
"carolina",1
"drawbacks",1
"mcc",1
"noting",1
"isoelectric",1
"fie",1
"eat",1
"percentages",1
"cupules",1
"medicines",1
"feasibility",1
"kyule",1
"kumeyaay",1
"arkeoiop",1
"end",1
"amazon",1
"density",1
"giannasi",1
"bohrer",1
"artesa",1
"rieseberg",1
"neighboring",1
"oklahoma",1
"mcewan",1
"solely",1
"buried",1
"caves",1
"garcia",1
"reviews",1
"mcclung",1
"indirect",1
"appears",1
"cuddapah",1
"residential",1
"franA?aise",1
"sedenA1sm",1
"yen",1
"dispersal",1
"claeson",1
"eketorp",1
"sweetmeat",1
"hansson",1
"franco",1
"amber",1
"amenable",1
"stalks",1
"outside",1
"lets",1
"cannings",1
"vartavan",1
"hypothetical",1
"sandnes",1
"lymopterus",1
"unravel",1
"merrill",1
"explain",1
"neoA?thische",1
"andre",1
"phytohth",1
"bow",1
"simulations",1
"tracking",1
"haury",1
"khabur",1
"creates",1
"spain",1
"corners",1
"vegetal",1
"wants",1
"huge",1
"cerdanyola",1
"criteria",1
"experiment",1
"technical",1
"acheulian",1
"shape",1
"apalachee",1
"gained",1
"chihuahuan",1
"keeping",1
"arqueolA3gica",1
"malmros",1
"proovides",1
"spheres",1
"douches",1
"relatives",1
"protected",1
"marsh",1
"line",1
"timbo",1
"cuicuilco",1
"phytosociological",1
"mcconnell",1
"spilaeo",1
"inferred",1
"intense",1
"kassai",1
"mitteleuropa",1
"industrial",1
"bauchi",1
"terrace",1
"goodman",1
"haston",1
"europaea",1
"pueblo",1
"getreidefunde",1
"concept",1
"brought",1
"mittelalterlichen",1
"documenting",1
"fredskild",1
"pA$abo",1
"macrofossil",1
"symbolism",1
"cob",1
"henderson",1
"botaanika",1
"danish",1
"productionderived",1
"equivalent",1
"gottesfeld",1
"bouleau",1
"gender",1
"experience",1
"microenvironmental",1
"paleoedietary",1
"rivera",1
"falaeoethnoootany",1
"whole",1
"nu",1
"citrus",1
"categories",1
"archeologicke",1
"sta",1
"fit",1
"bonding",1
"coca",1
"cerasiforme",1
"mesohthic",1
"cons",1
"wells",1
"dcsmith",1
"contains",1
"beginnings",1
"records",1
"vermont",1
"kA?hler",1
"aztec",1
"oasis",1
"tenalles",1
"A?",1
"kehlheim",1
"anA!lisis",1
"vards",1
"abakumova",1
"egan",1
"harlin",1
"focuses",1
"illustrative",1
"eichenholz",1
"canberra",1
"frehistoire",1
"herding",1
"haven",1
"interdisciplinaria",1
"il",1
"nor",1
"sutton",1
"paleoetbnobotany",1
"artifact",1
"spectrometer",1
"stead",1
"krouse",1
"challenging",1
"famine",1
"ucla",1
"lithics",1
"attributed",1
"strasborg",1
"leu",1
"refuse",1
"antonnaire",1
"fionda",1
"dy",1
"akuma",1
"aided",1
"archaeobotanicals",1
"staple",1
"tough",1
"halaf",1
"sds",1
"computer",1
"ihphonomy",1
"steward",1
"mesopotamia",1
"brush",1
"whitehead",1
"mesoamericas",1
"successful",1
"describing",1
"hungary",1
"working",1
"kadero",1
"regardless",1
"espaA?oles",1
"cold",1
"goland",1
"shaping",1
"leguminosae",1
"bourke",1
"involve",1
"stafford",1
"aniaza",1
"fern",1
"alto",1
"grass",1
"lowly",1
"incipient",1
"interacting",1
"kuhnlein",1
"sharp",1
"things",1
"burchard",1
"atmosphere",1
"palachee",1
"encompasses",1
"ebbatson",1
"dried",1
"feudvar",1
"cellular",1
"habitation",1
"nutritional",1
"chan",1
"rrom",1
"shapes",1
"preucel",1
"driving",1
"garman",1
"highly",1
"ship",1
"hererogenous",1
"folk",1
"cool",1
"playa",1
"capdevila",1
"centrai",1
"rhizomes",1
"easton",1
"gene",1
"refinement",1
"kernels",1
"ancestors",1
"hetianthus",1
"ethnobiobcy",1
"diversified",1
"tended",1
"zonal",1
"budkovicich",1
"core",1
"opaline",1
"treasures",1
"testa",1
"annual",1
"sitges",1
"jordan",1
"st",1
"news",1
"loci",1
"proper",1
"describes",1
"genome",1
"pryor",1
"cheniers",1
"rotundas",1
"computations",1
"inquiries",1
"presenchen",1
"structured",1
"tulA!n",1
"appropriate",1
"lore",1
"narragansett",1
"fairbairn",1
"quartier",1
"approacnes",1
"ureat",1
"inform",1
"kasper",1
"sophistication",1
"reducing",1
"budget",1
"input",1
"hontoon",1
"heimann",1
"khan",1
"annuus",1
"blanket",1
"marquardt",1
"skoyeini",1
"voi",1
"complementary",1
"tamale",1
"sativus",1
"borreani",1
"oriente",1
"processual",1
"statuses",1
"highlights",1
"maguey",1
"pine",1
"ompiled",1
"lieberman",1
"kalamazoo",1
"mcweeney",1
"depe",1
"mircroremains",1
"io",1
"laasimeri",1
"rey",1
"oryza",1
"harpers",1
"exeter",1
"preagrarian",1
"libya",1
"variety",1
"absence",1
"wendort",1
"chronometry",1
"various",1
"subsp",1
"requirement",1
"fortunately",1
"arqueolA3gicos",1
"aim",1
"action",1
"britain",1
"chufa",1
"zubrow",1
"prospectus",1
"gradual",1
"tune",1
"synthesis",1
"deraprahamian",1
"magnolia",1
"quantified",1
"palaeoecology",1
"allegan",1
"expansion",1
"yucatan",1
"gronlund",1
"symbolics",1
"scottow",1
"schemes",1
"pflanzliche",1
"notoriously",1
"maygrass",1
"brief",1
"wetland",1
"tabasco",1
"ethnobiolo",1
"cuisine",1
"portland",1
"reproducing",1
"surest",1
"subdisipline",1
"standardization",1
"step",1
"fagre",1
"community",1
"dread",1
"cultivar",1
"salvi",1
"slower",1
"surprise",1
"comments",1
"cyperaceae",1
"studien",1
"schick",1
"copan",1
"longitudinal",1
"movement",1
"registered",1
"modes",1
"degree",1
"ask",1
"archA$ologischer",1
"decisions",1
"tends",1
"structural",1
"sA?ddeutschland",1
"lidACn",1
"expACrimentais",1
"experimentations",1
"humaine",1
"A2aennjic",1
"retrieved",1
"patches",1
"sirikwa",1
"hellenistic",1
"alter",1
"forager",1
"betula",1
"hybridization",1
"distinguishing",1
"bridged",1
"paleoethnobotanyy",1
"macroreraains",1
"contribute",1
"estremo",1
"vs",1
"prof",1
"bilanz",1
"tremendous",1
"hureyra",1
"midsize",1
"sausa",1
"ile",1
"barker",1
"precolumbian",1
"rain",1
"array",1
"discussions",1
"den",1
"technology",1
"exposure",1
"historia",1
"stanowiska",1
"place",1
"selective",1
"anthropologique",1
"archeobotanic",1
"brooks",1
"dyson",1
"arqueA3lo",1
"home",1
"damn",1
"archA$ologisches",1
"switzerland",1
"dalmatien",1
"armit",1
"rightly",1
"assistance",1
"masse",1
"bloomington",1
"ipomoea",1
"refine",1
"carrai",1
"pA?hendatud",1
"rubbish",1
"cahiers",1
"subarctic",1
"dobson",1
"colored",1
"um",1
"humle",1
"tartaric",1
"hjelmqvist",1
"responsive",1
"indian",1
"cooke",1
"cuello",1
"privies",1
"images",1
"provocative",1
"biologische",1
"cargoes",1
"begins",1
"dock",1
"noted",1
"rome",1
"strata",1
"decomposition",1
"considers",1
"jon",1
"fill",1
"interdisciplinary",1
"dans",1
"tries",1
"alteration",1
"ncuaaor",1
"actually",1
"blossomed",1
"inhabitants",1
"fustA!n",1
"starting",1
"lleida",1
"goals",1
"successfully",1
"vojvodina",1
"solomon",1
"flachsrA?ste",1
"paul",1
"snuff",1
"latrine",1
"maple",1
"bulk",1
"gonur",1
"factory",1
"palm",1
"relatedness",1
"productioa",1
"ontario",1
"jocomet",1
"academy",1
"gathered",1
"pointed",1
"drink",1
"gyulai",1
"macroremain",1
"quebrada",1
"rock",1
"wetlands",1
"added",1
"projects",1
"missing",1
"dissertations",1
"dorfler",1
"anthracologiques",1
"kadiro",1
"rinds",1
"bakkevik",1
"speciation",1
"farmland",1
"iu",1
"chemically",1
"longer",1
"idea",1
"marker",1
"valid",1
"benot",1
"chisholm",1
"storing",1
"riverine",1
"villa",1
"hershkovitz",1
"meadow",1
"mittlealterlichen",1
"pressure",1
"xm",1
"minnesota",1
"uurimused",1
"floyd",1
"ceska",1
"kelloff",1
"plan",1
"merwe",1
"hiebert",1
"instituto",1
"sullivan",1
"antique",1
"yee",1
"whzou",1
"disturbed",1
"tuross",1
"amarna",1
"oremilaon",1
"mummy",1
"grave",1
"clegg",1
"daily",1
"tepe",1
"princeton",1
"copersicon",1
"incorporation",1
"paca",1
"gray",1
"wellcontrolled",1
"minneapolis",1
"mitteilung",1
"makaya",1
"everything",1
"varietal",1
"feasting",1
"contemporary",1
"substantially",1
"resolved",1
"pflanzenresten",1
"minimize",1
"pattern",1
"repke",1
"formativeperiod",1
"txoiogy",1
"pradesh",1
"interim",1
"depict",1
"zboza",1
"espaA?a",1
"men",1
"reproductive",1
"stempler",1
"enough",1
"took",1
"hand",1
"determinism",1
"peacock",1
"cuitivanon",1
"bendremer",1
"conreus",1
"geography",1
"nadel",1
"shipwreck",1
"chain",1
"archaeologies",1
"yale",1
"clusters",1
"operating",1
"innovative",1
"suzuki",1
"keys",1
"tortillas",1
"allignino",1
"moche",1
"continuing",1
"understandings",1
"purposes",1
"computerizing",1
"canna",1
"accepted",1
"kubbamye",1
"relevant",1
"cartmell",1
"regionrye",1
"council",1
"ainu",1
"necessary",1
"olea",1
"deep",1
"hu",1
"taimejA$A$nused",1
"diy",1
"plana",1
"torres",1
"iooa",1
"limbrey",1
"nueva",1
"fewer",1
"macrobotanicals",1
"district",1
"hazlett",1
"hamilton",1
"hastort",1
"distance",1
"kalapodi",1
"pusillum",1
"centralization",1
"beverley",1
"grotte",1
"pitfalls",1
"distortions",1
"fuuonum",1
"saunders",1
"venta",1
"bibliographic",1
"mills",1
"grouping",1
"matrix",1
"anttqwty",1
"smiley",1
"bottle",1
"ibACrica",1
"classes",1
"graminae",1
"shapiro",1
"meaningful",1
"associates",1
"vast",1
"johannes",1
"rio",1
"disease",1
"getty",1
"survive",1
"finnish",1
"hA$land",1
"mexicana",1
"faecal",1
"siphoning",1
"accompanying",1
"bear",1
"tnvironmental",1
"fcgypt",1
"ic",1
"chewed",1
"bulgarian",1
"meals",1
"teosinte",1
"transformed",1
"fungi",1
"thickness",1
"umgebung",1
"scatter",1
"looking",1
"holt",1
"dispersals",1
"forested",1
"collis",1
"hillfort",1
"reside",1
"centuries",1
"intrasite",1
"complexities",1
"louis",1
"zusammensetzung",1
"ligneuses",1
"farmyards",1
"mummified",1
"grassland",1
"renA$hrungsgeschichte",1
"paleofeces",1
"controlling",1
"ethnography",1
"meleti",1
"expression",1
"krameriaceae",1
"frA?hmittelalterlichen",1
"assumption",1
"dye",1
"rivers",1
"emphasize",1
"molecularly",1
"assume",1
"sandhill",1
"affects",1
"immunological",1
"congress",1
"resulting",1
"asteraceae",1
"jalA?s",1
"crevices",1
"archaeologie",1
"ouuu",1
"marcos",1
"piA?A3n",1
"faroe",1
"smalland",1
"raising",1
"previous",1
"sissel",1
"samuel",1
"borealia",1
"theories",1
"armant",1
"synthetic",1
"guilA!",1
"brai",1
"shriver",1
"involves",1
"specimen",1
"vii",1
"subsurface",1
"low",1
"recerques",1
"landscapes",1
"discriminante",1
"meanings",1
"discovered",1
"jacoraet",1
"deduce",1
"goldrush",1
"modem",1
"refreshingly",1
"adding",1
"authors",1
"comprehensive",1
"michel",1
"peripheral",1
"rfaatany",1
"ehnobotany",1
"lakes",1
"health",1
"hyeres",1
"victory",1
"ireland",1
"worla",1
"amounts",1
"primitives",1
"pshenitsei",1
"radioimmunoassay",1
"mississippian",1
"sahara",1
"feasible",1
"biochemistry",1
"phanom",1
"started",1
"reviewers",1
"caribbean",1
"environs",1
"melde",1
"tneory",1
"schurr",1
"haldane",1
"objektu",1
"doyle",1
"creating",1
"landschaft",1
"eisentraut",1
"high",1
"cache",1
"vernet",1
"brain",1
"ramonage",1
"practiced",1
"offer",1
"amorphous",1
"black",1
"segment",1
"martin",1
"faithful",1
"reuse",1
"curtailing",1
"exchange",1
"payment",1
"perfume",1
"margin",1
"valued",1
"cano",1
"tomlinson",1
"internal",1
"wilkins",1
"AYryza",1
"rouse",1
"woj",1
"chapel",1
"uan",1
"computed",1
"frink",1
"editors",1
"dtis",1
"pratibha",1
"heustis",1
"stand",1
"topics",1
"orchard",1
"charles",1
"mainly",1
"ezzo",1
"hajnalova",1
"heiser",1
"museen",1
"sobre",1
"tumilat",1
"kai",1
"aaas",1
"availability",1
"structure",1
"hantanbaus",1
"micronesia",1
"usa",1
"white",1
"cacne",1
"farmstead",1
"akadeenia",1
"palA$oethnobotanik",1
"kulturpflanzen",1
"otte",1
"destruction",1
"highlands",1
"bonde",1
"porquerolles",1
"sugar",1
"medicago",1
"anatolia",1
"berlandieri",1
"sociopolitical",1
"propose",1
"regimes",1
"attention",1
"greek",1
"maslins",1
"papyrus",1
"eigenschaften",1
"ovifera",1
"millsauskas",1
"gymnosperms",1
"hunt",1
"bang",1
"hyrax",1
"leeds",1
"fruhneuzeitlichen",1
"aqov",1
"chwasty",1
"pohl",1
"heinz",1
"farm",1
"phytogeographical",1
"expACriences",1
"rico",1
"microand",1
"ardACche",1
"efbeuas",1
"vaughn",1
"fogel",1
"liA?ge",1
"aktiviteter",1
"sustainability",1
"dolores",1
"modification",1
"cobweb",1
"iroquois",1
"chances",1
"neanderthal",1
"today",1
"publishing",1
"honckeney",1
"hemolytic",1
"sealed",1
"tomo",1
"khok",1
"lnomas",1
"movements",1
"opportunism",1
"addressing",1
"labeled",1
"labomtic",1
"opai",1
"bye",1
"wheelersburg",1
"kotsakis",1
"nonfanning",1
"ideology",1
"testing",1
"sauvages",1
"albion",1
"apiaceae",1
"reinterpretation",1
"vicieae",1
"infection",1
"venkatasubbaiah",1
"trabajos",1
"lines",1
"order",1
"male",1
"kisjev",1
"archiac",1
"thulin",1
"becomes",1
"deborah",1
"rootstocks",1
"means",1
"dimensions",1
"bakels",1
"sensitive",1
"cigarettes",1
"jersey",1
"privy",1
"spriggs",1
"nabta",1
"returned",1
"pakong",1
"basel",1
"ozark",1
"bankeramik",1
"grinding",1
"taddei",1
"exportation",1
"pasternak",1
"tellez",1
"sequences",1
"alpen",1
"rrc",1
"fARt",1
"newson",1
"pia",1
"rapidly",1
"berato",1
"remnants",1
"taies",1
"tamales",1
"indicate",1
"covering",1
"cronica",1
"zooloogia",1
"spanning",1
"novelles",1
"efficiency",1
"sicht",1
"continually",1
"hams",1
"ward",1
"fall",1
"hope",1
"perspektiven",1
"enamel",1
"identificaciA3n",1
"dead",1
"wives",1
"charlottesville",1
"mother",1
"measured",1
"hierarchical",1
"delyser",1
"months",1
"emerging",1
"get",1
"ramirez",1
"trigos",1
"fen",1
"kantons",1
"kento",1
"olives",1
"proving",1
"problematic",1
"middlesex",1
"nenca",1
"susan",1
"influencing",1
"rosenburg",1
"slowness",1
"biology",1
"middens",1
"res",1
"door",1
"neve",1
"vastly",1
"linares",1
"detail",1
"jacobi",1
"rosenberg",1
"burned",1
"subfields",1
"osborn",1
"springfield",1
"pakorient",1
"oxus",1
"graphs",1
"share",1
"miowesi",1
"crisp",1
"deposited",1
"rarely",1
"monocrops",1
"thinking",1
"zhao",1
"outlier",1
"dispersed",1
"considered",1
"dennelts",1
"publishers",1
"exemplified",1
"complexity",1
"encampment",1
"cottbus",1
"sealy",1
"cohnvaux",1
"complexes",1
"athens",1
"arheoloogilistes",1
"wear",1
"wildwood",1
"economically",1
"salttolerant",1
"metabolite",1
"alfalfa",1
"symbolic",1
"agronomical",1
"implied",1
"scrutiny",1
"korrespondenzblatt",1
"distria",1
"vince",1
"kemp",1
"gjenom",1
"regime",1
"discrete",1
"revising",1
"proposes",1
"arzigian",1
"dues",1
"pinaleno",1
"mixes",1
"besides",1
"preserves",1
"mochiyazawa",1
"jeitun",1
"sciences",1
"paleoecoiogy",1
"einer",1
"offers",1
"tb",1
"nitrogen",1
"pignut",1
"sections",1
"set",1
"minimization",1
"cover",1
"barleys",1
"resonance",1
"grup",1
"quickly",1
"singh",1
"mantaro",1
"moran",1
"phytotith",1
"enters",1
"korpusova",1
"iindow",1
"euboea",1
"makrofossiler",1
"marina",1
"substantively",1
"principle",1
"saxon",1
"straker",1
"protohistoric",1
"cemetery",1
"rutaceae",1
"tomb",1
"murcia",1
"euenberg",1
"worth",1
"methodist",1
"madeyska",1
"attribute",1
"zimmer",1
"extraction",1
"merry",1
"paiynoiogiscner",1
"believe",1
"gone",1
"industry",1
"unknown",1
"steroids",1
"print",1
"margalef",1
"gosden",1
"ohvtolith",1
"temper",1
"marvin",1
"facility",1
"baillie",1
"drome",1
"counting",1
"eventually",1
"foundation",1
"bestA$tigt",1
"monument",1
"solved",1
"entering",1
"zneolitycznego",1
"clearly",1
"honeysett",1
"atacama",1
"macroplant",1
"written",1
"edaphic",1
"benefit",1
"constant",1
"presentation",1
"tA kamiya",1
"factors",1
"build",1
"poaceae",1
"differed",1
"chumash",1
"closest",1
"prospects",1
"leroigourhan",1
"yesner",1
"headway",1
"vijyanagara",1
"gmitter",1
"seiler",1
"procedural",1
"places",1
"concrete",1
"arnanz",1
"vitry",1
"spectrometrie",1
"perreka",1
"helping",1
"keddud",1
"explanations",1
"fuller",1
"ventana",1
"benfer",1
"lyyj",1
"reanalyzed",1
"reactions",1
"implicit",1
"volcanic",1
"kevin",1
"beaudry",1
"form",1
"elands",1
"solving",1
"twisted",1
"ones",1
"pipemo",1
"hoss",1
"supports",1
"independently",1
"ethnographiques",1
"comes",1
"nearby",1
"cahokia",1
"add",1
"hierarchically",1
"maintain",1
"covers",1
"lutankhamun",1
"laguna",1
"bissabol",1
"couinson",1
"pros",1
"ceri",1
"extent",1
"chapter",1
"martA-nez",1
"charting",1
"prestige",1
"rejoinder",1
"iiashko",1
"pursued",1
"require",1
"dark",1
"moyen",1
"seep",1
"representations",1
"produce",1
"gardens",1
"pact",1
"nonnear",1
"ori",1
"generally",1
"dentition",1
"oxygen",1
"manabi",1
"hundreds",1
"urban",1
"infant",1
"preservability",1
"universe",1
"art",1
"preolmec",1
"import",1
"vertag",1
"kansas",1
"popular",1
"spaces",1
"diagenesis",1
"radically",1
"pancA!n",1
"naked",1
"occasionally",1
"vor",1
"braunschweig",1
"direwan",1
"foley",1
"sillasoo",1
"scented",1
"extracts",1
"reedgrass",1
"gopha",1
"hartman",1
"introduced",1
"vistas",1
"pearsalts",1
"content",1
"undertaken",1
"beer",1
"siphon",1
"bourgeois",1
"tried",1
"disciplines",1
"assumptions",1
"sweiz",1
"formannen",1
"coassociate",1
"universitA$t",1
"substance",1
"nutzpflanze",1
"geographic",1
"obtain",1
"uversage",1
"arguments",1
"hydrogen",1
"families",1
"fiants",1
"breakthrough",1
"indians",1
"mention",1
"isolated",1
"botanists",1
"paleocarpolA2giques",1
"tall",1
"associating",1
"hokkaido",1
"oceanic",1
"budapest",1
"think",1
"faeces",1
"recovered",1
"teeth",1
"fung",1
"turkish",1
"iraq",1
"einiger",1
"krolik",1
"prepared",1
"uninitiated",1
"pakistan",1
"come",1
"named",1
"anaerobic",1
"pcr",1
"frA?hgeschichte",1
"whittle",1
"lone",1
"suosistence",1
"propagating",1
"sediments",1
"brochier",1
"redmond",1
"schweiz",1
"reveals",1
"algae",1
"lands",1
"mA?lennium",1
"coproutes",1
"ackerreservat",1
"proteins",1
"finding",1
"contract",1
"zakiab",1
"kmmeria",1
"aoonginai",1
"macrofossils",1
"recovering",1
"fibers",1
"sidamon",1
"schultes",1
"aware",1
"morven",1
"cezavach",1
"geoarchaeological",1
"chiefly",1
"eest",1
"contributed",1
"diligence",1
"joined",1
"ceci",1
"hftstoif",1
"americas",1
"grown",1
"repon",1
"frukter",1
"emmer",1
"canadian",1
"oriental",1
"specialists",1
"abu",1
"botanica",1
"opinions",1
"ll",1
"palaeotaeces",1
"suss",1
"maritime",1
"connor",1
"thoughtful",1
"rojodi",1
"attributes",1
"garbuglia",1
"leguilloux",1
"spectrometry",1
"batatas",1
"contamination",1
"colleagues",1
"adjoin",1
"ethnographie",1
"await",1
"tobacco",1
"sexuality",1
"bliss",1
"extremely",1
"untouched",1
"nausharo",1
"ethnopharmacology",1
"anonymous",1
"needs",1
"supported",1
"paleoland",1
"bernstein",1
"searching",1
"birchbark",1
"schoeninger",1
"coefficient",1
"slawischen",1
"behtzky",1
"archaeologica",1
"clarify",1
"griffin",1
"qiristine",1
"pathways",1
"chenopodiunv",1
"benoist",1
"fortiden",1
"tanning",1
"coltella",1
"charged",1
"hills",1
"pedro",1
"escalating",1
"store",1
"naquitz",1
"temperatures",1
"bower",1
"nekrofeio",1
"dalmatian",1
"partial",1
"ballow",1
"create",1
"norman",1
"catalana",1
"manioc",1
"gophna",1
"cocas",1
"characters",1
"northwestern",1
"develop",1
"pearsail",1
"gulf",1
"duration",1
"gilbertson",1
"comparable",1
"taylor",1
"ethnobiolofy",1
"observed",1
"janige",1
"objekty",1
"rajeoeinnoootany",1
"run",1
"limes",1
"makroreste",1
"downland",1
"naturrA$umliche",1
"voorhies",1
"doing",1
"conversations",1
"carbonACale",1
"sidell",1
"ca",1
"skoteims",1
"termed",1
"archA$ologische",1
"race",1
"selevaA?",1
"cited",1
"veterovskeho",1
"costly",1
"thorough",1
