"WORDCOUNTS","WEIGHT"
"and",1302
"the",1302
"of",1156
"in",821
"a",425
"to",344
"paleolithic",175
"by",175
"j",171
"pp",171
"human",167
"from",163
"on",159
"for",157
"m",156
"g",147
"r",143
"e",142
"are",142
"c",140
"that",130
"eds",126
"as",126
"at",125
"early",125
"l",123
"is",123
"p",121
"stiner",115
"et",114
"d",110
"middle",104
"h",99
"press",97
"hominids",94
"b",93
"university",93
"with",92
"s",91
"de",91
"journal",85
"t",81
"o",80
"upper",80
"new",78
"this",77
"archaeological",77
"europe",76
"were",76
"or",76
"evolution",74
"hominid",72
"hunting",72
"pleistocene",72
"some",70
"late",67
"large",66
"these",66
"prey",65
"cave",64
"kya",64
"w",62
"k",61
"humans",59
"al",58
"more",58
"an",58
"have",58
"food",57
"also",57
"ungulate",56
"f",56
"ed",55
"n",52
"not",52
"di",51
"their",49
"evidence",49
"may",48
"science",48
"lower",47
"foraging",46
"be",46
"italy",45
"anthropology",45
"small",44
"modern",43
"i",43
"eurasia",43
"carnivory",43
"species",43
"other",42
"york",42
"homo",42
"population",42
"israel",42
"stone",41
"age",41
"spread",41
"meat",41
"american",40
"behavior",40
"but",40
"time",40
"bone",39
"exploitation",39
"earliest",39
"oxford",39
"it",38
"asia",38
"geographic",37
"archaeology",36
"sites",36
"van",35
"populations",35
"animals",34
"among",34
"most",33
"use",33
"animal",33
"kuhn",33
"later",32
"they",32
"western",32
"predators",32
"current",32
"cambridge",31
"ai",30
"palaeolithic",30
"site",30
"than",30
"was",30
"prehistoric",30
"diet",30
"research",30
"about",30
"africa",30
"bones",30
"bunn",29
"technology",29
"social",29
"la",29
"first",28
"no",28
"many",28
"role",28
"leiden",28
"remains",28
"change",27
"grotta",27
"can",27
"such",26
"tools",26
"scavenging",26
"during",26
"southern",26
"been",26
"tchernov",26
"world",26
"one",25
"mesolithic",25
"niche",25
"binford",25
"ecology",25
"anthropological",25
"game",25
"princeton",24
"du",24
"review",24
"cases",24
"prehistory",24
"faunal",24
"cultural",24
"record",24
"only",24
"which",24
"northern",24
"carnivores",24
"years",24
"between",24
"levant",24
"central",23
"changes",23
"well",23
"few",23
"mellars",23
"plenum",22
"domestication",22
"however",22
"patterns",22
"spain",22
"transition",22
"chicago",22
"roebroeks",21
"origins",21
"processing",21
"v",21
"evolutionary",21
"much",21
"into",20
"before",20
"soffer",20
"subsistence",20
"after",20
"because",20
"stanford",20
"east",20
"y",20
"adaptations",20
"antiquity",20
"over",20
"although",20
"gamble",19
"implications",19
"resources",19
"occupation",19
"artifacts",19
"del",19
"keeley",19
"shifts",19
"ecological",19
"efficiency",19
"if",18
"hayonim",18
"nature",18
"last",18
"vol",18
"foragers",18
"evolved",18
"plant",18
"what",18
"african",18
"klein",18
"recent",18
"history",17
"kolfschoten",17
"price",17
"fig",17
"even",17
"weapons",17
"part",17
"revolution",17
"competition",17
"winterhaider",17
"very",17
"densities",17
"agriculture",16
"hyenas",16
"academic",16
"paris",16
"epipaleolithic",16
"international",16
"see",16
"carnivore",16
"natufian",16
"predatory",16
"series",16
"natural",16
"blumenschine",16
"them",16
"des",16
"easily",15
"could",15
"there",15
"marine",15
"resource",15
"its",15
"latitudes",15
"long",15
"neolithic",15
"likely",15
"perspectives",15
"fire",15
"mya",15
"assemblages",15
"range",15
"hunters",15
"roma",15
"dimensions",15
"henry",14
"eastern",14
"perspective",14
"greater",14
"london",14
"trends",14
"south",14
"ana",14
"all",14
"smith",14
"strategies",14
"high",14
"mammals",14
"marrow",14
"primates",14
"potts",14
"france",14
"groups",13
"diversity",13
"certainly",13
"pianka",13
"thus",13
"piperno",13
"relatively",13
"studies",13
"behavioral",13
"glacial",13
"spotted",13
"near",13
"example",13
"turner",13
"villa",13
"palmqvist",13
"mousterian",13
"prACdation",13
"chimpanzees",13
"complexity",13
"colonization",13
"cm",13
"foley",13
"nonhuman",13
"environmental",12
"great",12
"times",12
"interspecific",12
"study",12
"energy",12
"boesch",12
"mediterranean",12
"culture",12
"man",12
"where",12
"ungulates",12
"made",12
"increase",12
"relative",12
"european",12
"did",12
"both",12
"must",12
"tortoises",12
"wild",12
"turkey",12
"conditions",12
"major",12
"common",11
"germany",11
"carnivorous",11
"dd",11
"carni",11
"clark",11
"how",11
"en",11
"certain",11
"gathering",11
"important",11
"dc",11
"had",11
"information",11
"straus",11
"records",11
"least",11
"generally",11
"production",11
"trophic",11
"available",11
"fact",11
"il",11
"less",11
"low",11
"period",11
"aurignacian",11
"cassoli",11
"liA?ge",11
"mortality",11
"when",11
"meignen",11
"isaac",11
"cultures",11
"different",11
"kozlowski",11
"through",11
"vory",11
"models",11
"washington",11
"fauna",11
"predator",10
"those",10
"old",10
"body",10
"breadth",10
"tagliacozzo",10
"risk",10
"yarimburgaz",10
"white",10
"basis",10
"winter",10
"speth",10
"climate",10
"annual",10
"same",10
"bar",10
"sensu",10
"demographic",10
"perhaps",10
"behaviors",10
"systems",10
"availability",10
"bears",10
"palAColithique",10
"quaternary",10
"emergence",10
"proceedings",10
"size",10
"techniques",10
"national",10
"association",10
"north",10
"wolves",9
"true",9
"marean",9
"segre",9
"rapid",9
"dennell",9
"simple",9
"case",9
"fossils",9
"possible",9
"shellfish",9
"della",9
"since",9
"eurasian",9
"response",9
"compare",9
"biology",9
"russian",9
"parts",9
"out",9
"tool",9
"davis",9
"society",9
"periods",9
"gibert",9
"biological",9
"sciences",9
"chronology",9
"boundary",9
"regional",9
"variation",9
"considerable",9
"another",9
"radiocarbon",9
"dating",9
"three",9
"grew",9
"exchange",9
"ornaments",9
"ago",9
"increasing",9
"primate",9
"types",9
"quaternaria",9
"known",9
"jaubert",9
"holocene",9
"kebara",9
"materials",9
"potential",9
"occur",9
"complex",8
"tend",8
"occurred",8
"source",8
"toth",8
"farmers",8
"context",8
"british",8
"plain",8
"u",8
"along",8
"relationships",8
"spectrum",8
"dei",8
"ascenzi",8
"rates",8
"gaudzinski",8
"capture",8
"process",8
"mean",8
"clearly",8
"efficient",8
"archeological",8
"my",8
"carcasses",8
"caves",8
"diminution",8
"data",8
"people",8
"consumption",8
"le",8
"quite",8
"settlement",8
"several",8
"highly",8
"presence",8
"deer",8
"areas",8
"pressure",8
"connell",8
"do",8
"present",8
"number",8
"palma",8
"region",8
"skeletal",8
"hunted",8
"would",8
"earlier",8
"especially",8
"probably",8
"prAChistoire",8
"brown",8
"mcgrew",8
"goldberg",8
"associated",8
"universitAC",8
"living",8
"better",8
"economy",8
"particular",8
"valkenburgh",8
"jordan",8
"evidenced",8
"formation",8
"increased",8
"modeling",8
"including",8
"valley",8
"focus",8
"technological",8
"oA-",8
"ca",8
"represent",7
"group",7
"san",7
"weiner",7
"specifically",7
"ii",7
"riparo",7
"monte",7
"seems",7
"origin",7
"enloe",7
"papers",7
"has",7
"prior",7
"torre",7
"eating",7
"west",7
"above",7
"southwestern",7
"aldine",7
"density",7
"excavations",7
"academy",7
"general",7
"ways",7
"environments",7
"eight",7
"importance",7
"marks",7
"impact",7
"observations",7
"view",7
"appear",7
"basin",7
"access",7
"guilds",7
"cannot",7
"networks",7
"aspects",7
"harpending",7
"gebauer",7
"emphasis",7
"faunas",7
"optimal",7
"working",7
"archaeofaunas",7
"aoki",7
"cesnola",7
"critical",7
"neanderthals",7
"akazawa",7
"used",7
"mallegni",7
"selection",7
"once",7
"communities",7
"yet",7
"cats",7
"tortoise",7
"two",7
"intraspecific",7
"radiations",7
"layer",7
"end",7
"increases",7
"errico",7
"assemblage",7
"stringer",7
"examples",7
"largely",7
"trend",7
"open",7
"so",7
"quick",7
"neandertal",7
"we",7
"harding",7
"relationship",7
"neanderthal",7
"effects",7
"un",7
"often",7
"school",7
"material",7
"too",7
"set",7
"global",7
"level",7
"layers",7
"comparison",7
"maximum",7
"close",7
"per",6
"scientist",6
"diego",6
"individuals",6
"fe",6
"greatly",6
"within",6
"el",6
"taphonomic",6
"me",6
"far",6
"haynes",6
"dynamics",6
"santa",6
"distinct",6
"developments",6
"arribas",6
"competitive",6
"museum",6
"fat",6
"just",6
"bordeaux",6
"numbers",6
"traces",6
"stewart",6
"oi",6
"olduvai",6
"societies",6
"david",6
"dispersal",6
"scale",6
"sedentism",6
"feeding",6
"older",6
"broad",6
"shackleton",6
"regions",6
"order",6
"contrast",6
"involved",6
"decline",6
"scott",6
"activities",6
"various",6
"economic",6
"community",6
"vandermeersch",6
"shipman",6
"thought",6
"neandertals",6
"ky",6
"foods",6
"fragments",6
"bulletin",6
"diverse",6
"upon",6
"deposits",6
"magdalenian",6
"questions",6
"theoretical",6
"baboons",6
"points",6
"individual",6
"pietra",6
"structure",6
"southwest",6
"tendency",6
"hunt",6
"dietary",6
"factors",6
"limpets",6
"nadel",6
"widespread",6
"indicate",6
"life",6
"analysis",6
"macarthur",6
"any",6
"following",6
"lagomorphs",6
"theory",6
"equipment",6
"here",6
"dimension",6
"each",6
"mochi",6
"returns",6
"report",6
"particularly",6
"venosa",6
"moyen",6
"transport",6
"technologies",6
"carnivora",6
"rather",6
"paleorient",6
"need",6
"sharing",6
"kim",6
"does",5
"bailey",5
"bosinski",5
"carbonell",5
"hublin",5
"total",5
"canids",5
"transitions",5
"every",5
"revisited",5
"gabunia",5
"reach",5
"suggesting",5
"analyses",5
"peterkin",5
"zilhA$o",5
"callow",5
"fractures",5
"hawkes",5
"valladas",5
"associations",5
"million",5
"diets",5
"barton",5
"ability",5
"relations",5
"kind",5
"byrd",5
"kuzmin",5
"dates",5
"storage",5
"industries",5
"costs",5
"premodern",5
"taphonomy",5
"suppl",5
"carcass",5
"direct",5
"seasonality",5
"les",5
"reviewed",5
"situations",5
"hoffecker",5
"exploited",5
"us",5
"cut",5
"caloi",5
"appearance",5
"found",5
"peretto",5
"complete",5
"zooarchaeological",5
"though",5
"hammers",5
"explain",5
"garrard",5
"preferred",5
"protein",5
"horwitz",5
"ot",5
"apparent",5
"overview",5
"past",5
"elephant",5
"approach",5
"surovell",5
"components",5
"ubeidiya",5
"niches",5
"qafzeh",5
"core",5
"santonja",5
"bietti",5
"results",5
"value",5
"preliminary",5
"confined",5
"habitats",5
"nonetheless",5
"contact",5
"expansion",5
"harris",5
"nearly",5
"moscerini",5
"fossil",5
"ranuccio",5
"expanded",5
"accumulations",5
"bertram",5
"siegfried",5
"paleontological",5
"lowland",5
"without",5
"already",5
"insights",5
"berke",5
"stA-ner",5
"toward",5
"others",5
"megafauna",5
"death",5
"megafaunal",5
"fish",5
"growth",5
"appeared",5
"larger",5
"breuil",5
"radmilli",5
"distributions",5
"reproductive",5
"ground",5
"remarkable",5
"mammalian",5
"zhoukoudian",5
"frequency",5
"munro",5
"causes",5
"processes",5
"rare",5
"landscapes",5
"percussion",5
"palombo",5
"features",5
"brain",5
"cashden",5
"serengeti",5
"dogs",5
"abundance",5
"evenness",5
"overlap",5
"oddly",5
"fontana",5
"then",5
"circumstances",5
"simply",5
"howell",5
"terrestrial",5
"erectus",5
"type",5
"rose",5
"form",5
"bricker",5
"plants",5
"cause",5
"problem",5
"adaptation",5
"almost",5
"preserved",5
"brugal",5
"harvesting",5
"tissues",5
"au",5
"soft",5
"instead",5
"include",5
"ya",5
"themselves",5
"point",5
"strong",5
"monographs",5
"zaire",4
"books",4
"stuart",4
"identity",4
"red",4
"introduction",4
"paleolitico",4
"tigers",4
"kinds",4
"mobility",4
"ruiz",4
"situation",4
"nuts",4
"favor",4
"park",4
"habits",4
"audouze",4
"rome",4
"accumulation",4
"way",4
"exist",4
"localities",4
"taken",4
"worked",4
"experiments",4
"georgia",4
"subject",4
"tozzi",4
"latium",4
"shores",4
"closer",4
"hadza",4
"china",4
"application",4
"somewhat",4
"italie",4
"system",4
"forum",4
"key",4
"capacity",4
"italian",4
"development",4
"naturalist",4
"x",4
"vekua",4
"franchthi",4
"ranked",4
"throughout",4
"ice",4
"dependence",4
"dominated",4
"vertebrates",4
"sp",4
"otte",4
"farming",4
"hahn",4
"mammal",4
"ecosystems",4
"apparently",4
"laterza",4
"jones",4
"orlova",4
"guido",4
"preistoria",4
"grotte",4
"unlikely",4
"pattern",4
"philadelphia",4
"essential",4
"across",4
"wobst",4
"mACmoires",4
"similar",4
"manzi",4
"belgium",4
"river",4
"established",4
"allocation",4
"lithic",4
"teleki",4
"mordant",4
"permanent",4
"shifted",4
"kenya",4
"raw",4
"strum",4
"came",4
"based",4
"musACe",4
"carrying",4
"events",4
"extracting",4
"knecht",4
"nel",4
"preistorica",4
"chimpanzee",4
"appears",4
"dayan",4
"isotope",4
"presented",4
"flannery",4
"folia",4
"packing",4
"literature",4
"brantingham",4
"schoener",4
"fumane",4
"competing",4
"issues",4
"climatic",4
"structures",4
"thereafter",4
"rise",4
"cone",4
"cold",4
"suggest",4
"multiple",4
"concerns",4
"pichA3n",4
"seeds",4
"tappen",4
"span",4
"absence",4
"limited",4
"season",4
"reduce",4
"tor",4
"make",4
"cavallo",4
"hares",4
"castel",4
"coevolution",4
"sex",4
"under",4
"latitude",4
"coeval",4
"increasingly",4
"dmanisi",4
"stones",4
"declining",4
"members",4
"monkeys",4
"water",4
"meadow",4
"choice",4
"doubt",4
"pennsylvania",4
"gruyter",4
"schaller",4
"remarkably",4
"artifact",4
"taborin",4
"understanding",4
"blanc",4
"istituto",4
"birds",4
"improvements",4
"clear",4
"scienze",4
"modem",4
"eaters",4
"obtained",4
"anthropologist",4
"abundant",4
"granada",4
"procurement",4
"italia",4
"hand",4
"arsebA?k",4
"effect",4
"omnivores",4
"diamond",4
"galilee",4
"ambrose",4
"behaviour",4
"flesh",4
"regular",4
"primarily",4
"means",4
"seen",4
"kroll",4
"visual",4
"hockey",4
"aboriginal",4
"thick",4
"stable",4
"palACorient",4
"heavy",4
"editori",4
"cassou",4
"kruuk",4
"changing",4
"farrand",4
"physical",4
"orce",4
"passarello",4
"interpretation",4
"quickly",4
"outcome",4
"paper",4
"jochim",4
"innovations",4
"best",4
"eventually",4
"baryosef",4
"unique",4
"terms",4
"rising",4
"edinburgh",4
"extent",4
"indications",4
"suggests",4
"museo",4
"peoples",4
"cluster",4
"ursus",4
"given",4
"laville",4
"carmel",4
"became",4
"yellen",4
"variability",4
"die",4
"rendering",4
"redding",4
"atti",4
"herders",4
"exceptionally",4
"snow",4
"coles",4
"question",4
"chile",4
"generate",4
"average",4
"ecosystem",4
"smaller",4
"scavi",4
"oldest",4
"shift",4
"archaic",4
"roughly",4
"thousand",4
"notarchirico",4
"variations",4
"rocky",4
"ithaca",4
"lu",4
"beings",4
"rivista",4
"roles",4
"arizona",4
"final",3
"micena",3
"substrates",3
"difficult",3
"rate",3
"mania",3
"sherry",3
"delpech",3
"created",3
"coevolutionary",3
"consume",3
"hommids",3
"goodall",3
"measures",3
"gesher",3
"succession",3
"geo",3
"debris",3
"expect",3
"significant",3
"spears",3
"circeo",3
"approaches",3
"animaux",3
"dog",3
"solutrean",3
"cornell",3
"exceptions",3
"variety",3
"petraglia",3
"bahn",3
"behavioural",3
"experience",3
"taxa",3
"shea",3
"cope",3
"rabinovich",3
"akademia",3
"czwartorzA?du",3
"editions",3
"gorge",3
"wooden",3
"industrie",3
"display",3
"differences",3
"indeed",3
"potentially",3
"able",3
"molecular",3
"reveal",3
"animale",3
"products",3
"damage",3
"state",3
"newell",3
"date",3
"vertebrate",3
"threshold",3
"extreme",3
"crader",3
"basilicata",3
"omnivorous",3
"iii",3
"boA<da",3
"design",3
"marked",3
"leakey",3
"anatomically",3
"alter",3
"fishing",3
"consumers",3
"supply",3
"say",3
"framework",3
"oswalt",3
"conflict",3
"includes",3
"bison",3
"consumed",3
"interest",3
"concentrations",3
"raises",3
"tucson",3
"cantabria",3
"tripolar",3
"digestive",3
"union",3
"levantine",3
"compared",3
"left",3
"cohen",3
"tanzania",3
"kelly",3
"geological",3
"communication",3
"look",3
"prime",3
"krakow",3
"ohalo",3
"adult",3
"jerusalem",3
"anzidei",3
"opposed",3
"sinclair",3
"interesting",3
"expansions",3
"recognized",3
"stiiier",3
"cotte",3
"sort",3
"basic",3
"levels",3
"coastal",3
"completely",3
"viewed",3
"winters",3
"arbor",3
"selected",3
"krebs",3
"komisja",3
"consequences",3
"space",3
"springer",3
"periodic",3
"shell",3
"reason",3
"tooth",3
"colonizing",3
"benefits",3
"kelders",3
"internationale",3
"presumably",3
"section",3
"elsewhere",3
"beyond",3
"kislev",3
"christenson",3
"grease",3
"brelade",3
"strategy",3
"arrived",3
"tra",3
"histories",3
"search",3
"mollusks",3
"young",3
"changed",3
"deal",3
"sutcliffe",3
"isernia",3
"radical",3
"requirements",3
"brooks",3
"initial",3
"archaeofaunal",3
"schwarcz",3
"malnutrition",3
"delle",3
"province",3
"industria",3
"berlin",3
"yield",3
"fox",3
"wide",3
"trinkaus",3
"accelerated",3
"pigs",3
"rink",3
"artefacts",3
"pazzi",3
"bratlund",3
"protostoria",3
"svoboda",3
"contains",3
"hearth",3
"prAChistorique",3
"casal",3
"specialization",3
"call",3
"lifeways",3
"personal",3
"lupo",3
"institution",3
"cat",3
"capacities",3
"preparation",3
"extinctions",3
"ann",3
"challenging",3
"good",3
"responses",3
"normally",3
"caused",3
"below",3
"cooperative",3
"fostered",3
"firenze",3
"reliable",3
"involve",3
"generation",3
"gombe",3
"around",3
"nutritional",3
"smithsonian",3
"oldowan",3
"australian",3
"ancestors",3
"up",3
"progress",3
"st",3
"using",3
"gould",3
"bicho",3
"geneste",3
"katanda",3
"stephens",3
"raposo",3
"reduced",3
"neer",3
"chase",3
"interference",3
"short",3
"hide",3
"benot",3
"wetland",3
"rodriguez",3
"moustenan",3
"still",3
"indicates",3
"interactions",3
"comments",3
"seemingly",3
"cachel",3
"forager",3
"examined",3
"array",3
"specimens",3
"unwin",3
"marshall",3
"home",3
"extinction",3
"rabbits",3
"bonsall",3
"watson",3
"partly",3
"reply",3
"attritional",3
"ethnology",3
"reliance",3
"reese",3
"landscape",3
"independent",3
"thieme",3
"polska",3
"layton",3
"put",3
"decorative",3
"addition",3
"husbandry",3
"lahr",3
"shows",3
"gatherable",3
"tubingen",3
"conference",3
"occupations",3
"acheulian",3
"arthur",3
"mammoth",3
"pineta",3
"forms",3
"took",3
"lions",3
"model",3
"atapuerca",3
"vertut",3
"huntergatherer",3
"incursions",3
"rebound",3
"routledge",3
"circumscription",3
"wood",3
"shells",3
"degree",3
"crimea",3
"herbivores",3
"pooling",3
"investigators",3
"greatest",3
"nutrition",3
"art",3
"background",3
"explanation",3
"insulation",3
"limitations",3
"drills",3
"comportement",3
"dye",3
"sequence",3
"resulting",3
"harvard",3
"connected",3
"involves",3
"java",3
"specimen",3
"roberts",3
"mt",3
"decorated",3
"evidently",3
"opdyke",3
"genetics",3
"littoral",3
"provides",3
"latter",3
"unambiguous",3
"margin",3
"favored",3
"special",3
"sense",3
"technologique",3
"james",3
"gallia",3
"differ",3
"guidi",3
"whitei",3
"aqov",3
"caucasus",3
"yields",3
"processed",3
"raise",3
"provide",3
"support",3
"fewer",3
"negev",3
"slow",3
"sensitive",3
"rim",3
"began",3
"designs",3
"norwich",3
"lives",3
"rapidly",3
"why",3
"kill",3
"paleogeografii",3
"wildlife",3
"gosto",3
"implies",3
"acquisition",3
"respect",3
"turq",3
"exists",3
"gathered",3
"dissertation",3
"share",3
"ash",3
"storia",3
"intensification",3
"eraul",3
"tchemov",3
"extension",3
"pace",3
"temporal",3
"moravia",3
"geoarchaeology",3
"der",3
"cantabrian",3
"grayson",3
"agostino",3
"novel",3
"expanding",3
"extraction",3
"sizes",3
"connection",3
"interested",3
"seem",3
"grigson",3
"genus",3
"universitA ",3
"homme",3
"megantereon",3
"recherches",3
"cultivation",3
"domesticated",3
"mass",3
"davidson",3
"phd",3
"beginning",3
"stature",3
"hyman",3
"korisettar",3
"notable",3
"transfers",3
"venta",3
"seasonal",3
"neeley",3
"biddittu",3
"while",3
"produce",3
"property",3
"infACrieur",3
"oxygen",3
"contain",3
"detazzi",3
"aurochs",3
"researchers",3
"occasionally",3
"northwestern",3
"barroso",3
"obtain",3
"reports",3
"gain",3
"hockett",3
"terminal",3
"our",3
"umano",3
"until",3
"practices",3
"lands",3
"societA ",3
"archACologiques",3
"kleindienst",3
"catch",3
"isles",3
"course",3
"land",3
"ambush",3
"flocks",3
"involving",3
"steinheim",3
"apes",3
"mac",3
"area",3
"observation",3
"reyss",3
"survivorship",3
"conceptual",3
"interaction",3
"acadACmie",3
"pakistan",3
"indicating",3
"signals",3
"tne",3
"retention",3
"schmitt",3
"hypothesis",3
"miller",2
"preistoriche",2
"tokyo",2
"now",2
"portuguese",2
"ACd",2
"antler",2
"mostly",2
"weinert",2
"antoine",2
"lagomorph",2
"hallmarks",2
"limits",2
"jull",2
"estimated",2
"fraction",2
"indicated",2
"juvenile",2
"paleoindian",2
"designated",2
"sACrie",2
"pettitt",2
"resulted",2
"postacquisition",2
"alone",2
"ethnographic",2
"epipalaeolithic",2
"holm",2
"rolled",2
"purroy",2
"he",2
"rick",2
"lernau",2
"designed",2
"diversification",2
"rogers",2
"live",2
"managing",2
"hausfater",2
"kimura",2
"mammiferi",2
"cursorial",2
"hillman",2
"considerations",2
"balzi",2
"reasonably",2
"laboratory",2
"character",2
"necessarily",2
"mainland",2
"exeter",2
"something",2
"neolitico",2
"territorial",2
"competttion",2
"doctorat",2
"kivu",2
"permit",2
"sources",2
"modest",2
"subtidal",2
"quaternario",2
"lyman",2
"interests",2
"concentrated",2
"might",2
"elusive",2
"fACmur",2
"utilization",2
"sustainable",2
"words",2
"definition",2
"possibilities",2
"shaped",2
"limb",2
"humana",2
"together",2
"turnover",2
"richards",2
"rich",2
"colloque",2
"wynn",2
"buca",2
"scientifica",2
"goland",2
"thanks",2
"generalizations",2
"composition",2
"stekelis",2
"room",2
"beds",2
"argue",2
"styles",2
"packages",2
"subsequent",2
"efficiently",2
"andel",2
"overlapping",2
"cowan",2
"belli",2
"gifts",2
"classified",2
"california",2
"giileA?",2
"avifaune",2
"rrom",2
"giannecchini",2
"tell",2
"forums",2
"agile",2
"paleodemography",2
"side",2
"nunamiut",2
"con",2
"described",2
"existence",2
"sophisticated",2
"projectile",2
"edges",2
"mithen",2
"jenkins",2
"king",2
"task",2
"primary",2
"clevenger",2
"bases",2
"routines",2
"pendo",2
"quantities",2
"burke",2
"palaeomagnetic",2
"burning",2
"koobi",2
"humain",2
"sicilia",2
"petersfels",2
"umiejA?tnosci",2
"whatever",2
"taking",2
"tooby",2
"quantity",2
"sahnouni",2
"interior",2
"mountains",2
"correlation",2
"economies",2
"palermo",2
"beidha",2
"tests",2
"interestingly",2
"exposed",2
"li",2
"maynard",2
"frequencies",2
"albrecht",2
"phase",2
"royal",2
"italiano",2
"equatorial",2
"explained",2
"oy",2
"quality",2
"mm",2
"paleoclimates",2
"due",2
"simmons",2
"mtdna",2
"cooperate",2
"becoming",2
"cauvin",2
"zooarchaeology",2
"consumer",2
"grouped",2
"cf",2
"boca",2
"riunione",2
"preagricultural",2
"julien",2
"hyaena",2
"spans",2
"rank",2
"elements",2
"items",2
"burgeoning",2
"modifying",2
"prehistoria",2
"columbia",2
"waal",2
"allowing",2
"magdelenian",2
"drives",2
"thin",2
"mechanical",2
"like",2
"child",2
"men",2
"geographically",2
"traditions",2
"rigors",2
"mammoths",2
"musteriano",2
"kloss",2
"trut",2
"regionalization",2
"bottlenecks",2
"grimaldi",2
"higher",2
"baboon",2
"via",2
"simultaneously",2
"aborigines",2
"invaded",2
"estremadura",2
"patterning",2
"german",2
"links",2
"postdate",2
"principally",2
"stresses",2
"maximize",2
"andalucA-a",2
"ra",2
"artiodactyls",2
"culminating",2
"sanlaville",2
"scamuso",2
"opportunity",2
"giacimento",2
"annales",2
"A ",2
"polesini",2
"boone",2
"signatures",2
"overharvesting",2
"lacking",2
"presso",2
"von",2
"dismiss",2
"wallertheim",2
"risks",2
"peabody",2
"modified",2
"understand",2
"escape",2
"nor",2
"siciliana",2
"monumental",2
"relethford",2
"biased",2
"possibly",2
"sant",2
"yellow",2
"den",2
"hare",2
"dalla",2
"pidoplichko",2
"dominate",2
"castilla",2
"solid",2
"xi",2
"zagros",2
"operate",2
"hesse",2
"busse",2
"actes",2
"peninsula",2
"position",2
"continuity",2
"eighth",2
"neither",2
"problems",2
"tuffreau",2
"centrale",2
"testify",2
"etude",2
"preference",2
"suggested",2
"management",2
"reflections",2
"dobosi",2
"whereas",2
"comford",2
"declined",2
"portable",2
"typical",2
"effort",2
"nutrients",2
"energetic",2
"format",2
"larsson",2
"primigenius",2
"persist",2
"isolated",2
"bead",2
"arsebuk",2
"equally",2
"forests",2
"mussi",2
"crc",2
"kitchener",2
"metabolism",2
"mainly",2
"syracuse",2
"separated",2
"recently",2
"moore",2
"broglio",2
"appearing",2
"grounds",2
"procedures",2
"rossi",2
"absolute",2
"required",2
"paleontologists",2
"package",2
"wayne",2
"directly",2
"criteria",2
"deningeri",2
"technical",2
"distinguishes",2
"gained",2
"darlas",2
"participation",2
"hoofed",2
"gramsch",2
"zentralmuseums",2
"hamar",2
"line",2
"forlA?",2
"estratto",2
"gazella",2
"werker",2
"fora",2
"brought",2
"boiling",2
"nella",2
"knowledge",2
"reduction",2
"caught",2
"restructuring",2
"cracking",2
"loss",2
"whole",2
"year",2
"place",2
"castillo",2
"relevance",2
"jo",2
"survey",2
"enghoff",2
"versatile",2
"reflect",2
"moustACriennes",2
"partridges",2
"coooafabve",2
"niveaux",2
"archaeologists",2
"graph",2
"sulla",2
"quarterly",2
"explaining",2
"legacy",2
"steward",2
"los",2
"refitting",2
"giant",2
"nonconfrontational",2
"useful",2
"distances",2
"prevalence",2
"next",2
"foray",2
"oms",2
"leyhausen",2
"coping",2
"characteristics",2
"tixier",2
"lascaux",2
"bridge",2
"routine",2
"transfer",2
"investigations",2
"coast",2
"always",2
"stratigraphy",2
"richness",2
"scavenge",2
"productivity",2
"wrangham",2
"kiro",2
"peculiar",2
"altogether",2
"francais",2
"local",2
"limiting",2
"bartram",2
"chronological",2
"will",2
"aiello",2
"therefore",2
"microwear",2
"interglacial",2
"reductions",2
"basarwa",2
"matter",2
"attributable",2
"quaternarie",2
"scientific",2
"comparative",2
"ancien",2
"thermoluminescence",2
"play",2
"return",2
"onward",2
"investments",2
"tillier",2
"albany",2
"prove",2
"thA?se",2
"uthic",2
"dibble",2
"backdrop",2
"raton",2
"traps",2
"settings",2
"dama",2
"strategic",2
"weniger",2
"innovation",2
"kills",2
"southeast",2
"gnawed",2
"quina",2
"advent",2
"jaksic",2
"opportunities",2
"represents",2
"ile",2
"barker",2
"strange",2
"soon",2
"millA3n",2
"elephants",2
"selective",2
"sACmah",2
"temperate",2
"ancient",2
"included",2
"epigravettian",2
"finlayson",2
"light",2
"continents",2
"experimental",2
"inferences",2
"locality",2
"wright",2
"switch",2
"intense",2
"provocative",2
"department",2
"beginnings",2
"eisenberg",2
"kortlandt",2
"harper",2
"volume",2
"parACs",2
"resolution",2
"ho",2
"cavities",2
"mineralogical",2
"houston",2
"challenge",2
"again",2
"fragmentation",2
"conslmAcptlon",2
"trapping",2
"experienced",2
"zeder",2
"rolland",2
"consideration",2
"preserve",2
"fundamental",2
"foodstuffs",2
"head",2
"paleoanthropological",2
"hershkovitz",2
"phalanx",2
"striking",2
"advantage",2
"bovids",2
"children",2
"kobusiewicz",2
"biostratigraphy",2
"origine",2
"pacific",2
"john",2
"rochester",2
"debates",2
"whittle",2
"snyder",2
"removal",2
"external",2
"honor",2
"sierra",2
"borziyak",2
"never",2
"outside",2
"waterborne",2
"adjacent",2
"physiological",2
"praslov",2
"ceprano",2
"centre",2
"purposes",2
"soodyall",2
"ljubin",2
"timing",2
"kretzoi",2
"emlen",2
"coincident",2
"iberia",2
"practice",2
"maturity",2
"anthropologie",2
"agencies",2
"intragroup",2
"schick",2
"valoch",2
"hamilton",2
"stoneking",2
"naturale",2
"encountered",2
"differentiation",2
"third",2
"lithique",2
"poggiolo",2
"ACditions",2
"ephemeral",2
"disease",2
"survive",2
"considering",2
"transporting",2
"discovery",2
"ecologically",2
"enhanced",2
"previously",2
"ruminant",2
"manifestations",2
"A?",2
"snares",2
"warming",2
"artiodactyl",2
"asian",2
"raven",2
"kostenki",2
"virtually",2
"refers",2
"poulain",2
"congress",2
"recovery",2
"protohistorique",2
"continue",2
"full",2
"swisher",2
"shelter",2
"ties",2
"significance",2
"mercier",2
"authors",2
"discussed",2
"scandinavia",2
"taxonomic",2
"amounts",2
"interpret",2
"soressi",2
"semaw",2
"function",2
"formicola",2
"hammer",2
"heat",2
"am",2
"paleomagnetic",2
"played",2
"inferred",2
"collected",2
"lie",2
"kept",2
"probable",2
"dell",2
"preservation",2
"standard",2
"repeated",2
"butynski",2
"southeastern",2
"mcmahon",2
"levins",2
"enough",2
"methods",2
"conduits",2
"viewpoint",2
"become",2
"relation",2
"institut",2
"tactics",2
"deliberate",2
"remainder",2
"raised",2
"congres",2
"sept",2
"greece",2
"lay",2
"guattari",2
"partridge",2
"tarih",2
"versus",2
"occupied",2
"haven",2
"acheuleana",2
"dACcouverte",2
"balkans",2
"chain",2
"adaptive",2
"creativity",2
"zafarraya",2
"gasaway",2
"ammerman",2
"hallam",2
"arensburg",2
"panel",2
"capaldo",2
"applications",2
"stems",2
"highand",2
"usually",2
"logged",2
"mammalia",2
"inside",2
"deaths",2
"substitution",2
"monigal",2
"concluding",2
"valla",2
"deposit",2
"strongly",2
"yale",2
"effectively",2
"softer",2
"gli",2
"recognize",2
"length",2
"stage",2
"responsible",2
"dans",2
"rak",2
"existed",2
"wheeler",2
"clovis",2
"sauvages",2
"instances",2
"mainz",2
"cueva",2
"face",2
"pulses",2
"lowther",2
"savanna",2
"pressures",2
"conservation",2
"complexes",2
"thinly",2
"burned",2
"revolutionized",2
"mismatch",2
"magnitude",2
"protracted",2
"intertidal",2
"dispersed",2
"deposito",2
"hertel",2
"chabai",2
"founded",2
"ethnoarchaeology",2
"needs",2
"ever",2
"substrate",2
"macroscopic",2
"work",2
"reciprocity",2
"scraping",2
"membership",2
"vi",2
"earle",2
"alternative",2
"cervids",2
"simek",2
"iran",2
"rocksheiter",2
"avifauna",2
"specialized",2
"refinements",2
"accustomed",2
"nets",2
"straightforward",2
"gazelle",2
"barcelona",2
"guild",2
"domestic",2
"branch",2
"harvest",2
"mallaha",2
"bordes",2
"obviously",2
"devore",2
"recherche",2
"approche",2
"edible",2
"replication",2
"essentially",2
"options",2
"advances",2
"captive",2
"according",2
"explanations",2
"vary",2
"reproduce",2
"investigation",2
"bacho",2
"spatial",2
"adults",2
"cooking",2
"nuovi",2
"ones",2
"making",2
"agricultural",2
"sus",2
"explore",2
"supplemented",2
"leuven",2
"correlates",2
"scavenged",2
"faune",2
"serie",2
"absurdly",2
"peters",2
"influenced",2
"superiore",2
"phenomena",2
"paleoecology",2
"herd",2
"seed",2
"selvaggio",2
"leopard",2
"altered",2
"edwards",2
"reported",2
"universitA$t",2
"introduced",2
"despite",2
"overlays",2
"reappraisal",2
"jACrA?me",2
"extensive",2
"cooperation",2
"palestine",2
"roe",2
"manufacturing",2
"phenomenon",2
"expense",2
"iberian",2
"semliki",2
"spring",2
"sediments",2
"locations",2
"nonviolent",2
"intensified",2
"donald",2
"nile",2
"camps",2
"trap",2
"grenoble",2
"equids",2
"bolletino",2
"testart",2
"grown",2
"driver",2
"afrique",2
"manufacture",2
"broom",2
"wiessner",2
"autumn",2
"sito",2
"integration",2
"antiquus",2
"territories",2
"searching",2
"blurton",2
"nifln",2
"root",2
"comptes",2
"butchering",2
"brink",2
"civico",2
"nisp",2
"ehrlich",2
"dental",2
"adovasio",2
"row",2
"sedimentary",2
"profiles",2
"should",2
"ACtudes",2
"meeting",2
"kra",2
"madeyska",2
"meoreucm",1
"tasi",1
"intimately",1
"regione",1
"jezrael",1
"mimic",1
"survived",1
"timnian",1
"yesner",1
"hagdud",1
"rress",1
"currently",1
"cleland",1
"predatorprey",1
"natoufienne",1
"paralleled",1
"accidents",1
"ecologA-a",1
"doubts",1
"metal",1
"radicati",1
"alpinus",1
"dA-az",1
"reno",1
"universal",1
"humankind",1
"humaines",1
"paleobiology",1
"selon",1
"valle",1
"concerned",1
"kACbara",1
"sartorelli",1
"stylistic",1
"drag",1
"norse",1
"hfeways",1
"blum",1
"israA<l",1
"guillem",1
"fase",1
"defy",1
"war",1
"faced",1
"cisjordan",1
"immune",1
"palaeoloxodon",1
"faceted",1
"ciencia",1
"primedominated",1
"cyrenaican",1
"universite",1
"dipartimento",1
"peaceful",1
"culminated",1
"career",1
"luck",1
"berkeley",1
"extend",1
"memorie",1
"fACminine",1
"piA1",1
"internationales",1
"bermudez",1
"hyperdeveloped",1
"inferior",1
"pleistosen",1
"eclipsed",1
"tankersley",1
"thai",1
"ultimate",1
"mundane",1
"spurred",1
"bibliography",1
"myths",1
"originate",1
"manuscript",1
"roche",1
"distributed",1
"wolpoff",1
"canopy",1
"angelo",1
"caccia",1
"village",1
"xiii",1
"center",1
"enlightening",1
"needed",1
"pendants",1
"spoor",1
"marina",1
"industry",1
"ive",1
"minuscule",1
"systematically",1
"limpet",1
"zohar",1
"agency",1
"myth",1
"laminar",1
"illustrative",1
"larry",1
"enhance",1
"essays",1
"precede",1
"hull",1
"carnA-vory",1
"informative",1
"second",1
"schools",1
"rybczynski",1
"constitutes",1
"terza",1
"withered",1
"hiopleistocene",1
"remnants",1
"strictly",1
"ankara",1
"stephenson",1
"earlymiddle",1
"bias",1
"localitA ",1
"faiestine",1
"oqtfrf",1
"analyse",1
"medullary",1
"environment",1
"steve",1
"fly",1
"protoagricultural",1
"higgs",1
"stA-ncr",1
"notwithstanding",1
"galili",1
"wolf",1
"rangifer",1
"ti",1
"former",1
"anthrodlonx",1
"tempered",1
"acceptance",1
"trace",1
"earnest",1
"devices",1
"comparisons",1
"obligations",1
"cycles",1
"crenelation",1
"pose",1
"unlike",1
"kr",1
"italiana",1
"cited",1
"rf",1
"bditon",1
"eastward",1
"equations",1
"botswana",1
"assisted",1
"dig",1
"vlcek",1
"hayes",1
"jufuulh",1
"edu",1
"virgili",1
"arguing",1
"lenses",1
"eye",1
"hemitoechus",1
"schA?ningen",1
"amibes",1
"unselective",1
"legless",1
"facets",1
"contexts",1
"limestone",1
"turning",1
"women",1
"contributi",1
"disturbances",1
"formalize",1
"cutting",1
"fluctuations",1
"predominantly",1
"salvadei",1
"file",1
"machairodontinae",1
"said",1
"troop",1
"molluscs",1
"compression",1
"anything",1
"lannone",1
"pleistocenico",1
"gap",1
"amvientali",1
"noble",1
"beneficial",1
"australia",1
"submitted",1
"humble",1
"invention",1
"constituting",1
"expands",1
"karenina",1
"starasele",1
"container",1
"implements",1
"creation",1
"vulture",1
"distinguishing",1
"nonexistent",1
"genetic",1
"lotn",1
"unambiguously",1
"archeozoologiche",1
"portage",1
"lessini",1
"saleki",1
"tmhftology",1
"nouvelles",1
"attempts",1
"paleosuperfici",1
"magdalACnien",1
"ciencias",1
"hornyak",1
"musical",1
"uuuu",1
"dunnell",1
"anywhere",1
"demonstrable",1
"permanently",1
"opportunists",1
"invertebrates",1
"biochronology",1
"stretch",1
"palACrient",1
"nice",1
"od",1
"boertje",1
"anagni",1
"westcentral",1
"dramatically",1
"mouskhelishvili",1
"regionale",1
"comparatively",1
"displacement",1
"mesopotamica",1
"egre",1
"attractive",1
"scientists",1
"laundry",1
"technologic",1
"auciu",1
"broadly",1
"serjeantson",1
"coexisting",1
"quel",1
"warm",1
"accompanied",1
"desire",1
"sociality",1
"cheddar",1
"accumulated",1
"kubbaniya",1
"arctic",1
"dicerorhinus",1
"mohusk",1
"neiue",1
"paganini",1
"pincevent",1
"kefar",1
"link",1
"broadest",1
"vermeersch",1
"escalate",1
"tnoA!ci",1
"monograph",1
"whistling",1
"take",1
"reproduction",1
"demie",1
"dneister",1
"listed",1
"lasting",1
"ropuianon",1
"sagaie",1
"hands",1
"inadvertently",1
"tracce",1
"bibena",1
"needles",1
"biogenic",1
"mehlman",1
"fractions",1
"consist",1
"rindos",1
"emphasized",1
"primitive",1
"mechanism",1
"costlier",1
"lifestyle",1
"normal",1
"ozbasaran",1
"alike",1
"morphologie",1
"signs",1
"fouilles",1
"outstripped",1
"declines",1
"presani",1
"anfibi",1
"cetona",1
"deteriorated",1
"worldwide",1
"crusher",1
"associates",1
"quneitra",1
"fulfilling",1
"contents",1
"gona",1
"peer",1
"wstiandt",1
"gittleman",1
"phylogenetics",1
"grenada",1
"denrens",1
"calvarium",1
"litoranee",1
"gastric",1
"est",1
"expedition",1
"occasional",1
"habitual",1
"gnawing",1
"rasp",1
"horon",1
"followed",1
"shellmound",1
"icxa",1
"pied",1
"resilience",1
"develops",1
"verlag",1
"resembles",1
"ncnness",1
"portugal",1
"trade",1
"stashing",1
"owing",1
"groupes",1
"capitalizes",1
"felid",1
"framing",1
"continuum",1
"motion",1
"histoire",1
"kauiulu",1
"arrive",1
"mine",1
"shafts",1
"conditioned",1
"hippopotamus",1
"meandertnai",1
"demography",1
"lena",1
"discuss",1
"rests",1
"right",1
"cu",1
"march",1
"riperno",1
"solving",1
"buitenhuis",1
"functional",1
"bnloe",1
"gough",1
"figs",1
"trophy",1
"earlx",1
"warty",1
"northeast",1
"dimensionality",1
"demands",1
"opened",1
"unexploited",1
"compelling",1
"leo",1
"constraints",1
"pets",1
"condition",1
"idarraga",1
"paucity",1
"facilitating",1
"artefactual",1
"standardization",1
"biotic",1
"functions",1
"october",1
"bonacradA?ng",1
"taxonomically",1
"move",1
"clv",1
"obvious",1
"maspero",1
"arenas",1
"matama",1
"rudolf",1
"apart",1
"sA?ner",1
"interdisciplinary",1
"rely",1
"preliminari",1
"adoption",1
"razzai",1
"infer",1
"tablets",1
"farizy",1
"carved",1
"taunal",1
"fur",1
"vertesszollos",1
"antedate",1
"desirable",1
"retooling",1
"lycz",1
"agendas",1
"burope",1
"anticipated",1
"promises",1
"felids",1
"bmith",1
"macedonia",1
"chronic",1
"humains",1
"domestiques",1
"minimum",1
"identifies",1
"storici",1
"leas",1
"todd",1
"fragment",1
"ecologia",1
"dwellings",1
"swedlund",1
"crocuta",1
"unprepossessing",1
"collection",1
"palaeoecological",1
"split",1
"travers",1
"attract",1
"localized",1
"controlled",1
"colonized",1
"wherever",1
"usage",1
"subsist",1
"abraded",1
"narrowed",1
"fieistocene",1
"jacob",1
"lewontin",1
"possessing",1
"lara",1
"multidimensional",1
"therein",1
"fracture",1
"unpublished",1
"nouveau",1
"silent",1
"picuumum",1
"bogucki",1
"differential",1
"actual",1
"tending",1
"wisher",1
"nzmg",1
"cortical",1
"alignments",1
"torralba",1
"madrid",1
"blades",1
"padana",1
"curated",1
"eventual",1
"estimating",1
"component",1
"facts",1
"sapiens",1
"saccopastore",1
"kurumu",1
"illustrates",1
"wad",1
"against",1
"visited",1
"regimens",1
"clue",1
"muscle",1
"hallan",1
"omnivore",1
"degli",1
"director",1
"anomalous",1
"luca",1
"vancy",1
"monopolizing",1
"verberie",1
"integral",1
"medio",1
"rosas",1
"cornford",1
"corner",1
"kielman",1
"neighbors",1
"danube",1
"patchy",1
"forgotten",1
"bridging",1
"modes",1
"daniel",1
"sympatric",1
"num",1
"ostrich",1
"polledrara",1
"gnatcatcher",1
"shaft",1
"millennio",1
"morey",1
"afford",1
"divje",1
"guattan",1
"heightened",1
"facet",1
"pig",1
"irreversibly",1
"actas",1
"lincei",1
"quicker",1
"hannan",1
"meyer",1
"nt",1
"assured",1
"term",1
"mild",1
"extensively",1
"expected",1
"koenigswald",1
"nested",1
"z",1
"forced",1
"rissian",1
"attracting",1
"priority",1
"wiley",1
"turn",1
"scienre",1
"transpires",1
"arc",1
"paleolitiche",1
"tends",1
"ilani",1
"stored",1
"lwA?",1
"document",1
"lxxxvi",1
"depend",1
"refer",1
"sized",1
"positive",1
"amount",1
"pierre",1
"subjects",1
"uvA?hj",1
"disproportionately",1
"architectural",1
"gradients",1
"speed",1
"simplest",1
"leusj",1
"ineoualities",1
"panafricain",1
"tlephantenjager",1
"further",1
"difficulty",1
"generated",1
"races",1
"basimevi",1
"toire",1
"analogs",1
"cutmarks",1
"engen",1
"continuous",1
"effective",1
"hibernating",1
"criterion",1
"digestor",1
"enlightened",1
"predomesticated",1
"find",1
"rounding",1
"zebras",1
"overarching",1
"koitscnoien",1
"schiegl",1
"diverge",1
"nonselective",1
"memoir",1
"stimulating",1
"bennett",1
"sala",1
"imagerie",1
"vanguard",1
"olive",1
"language",1
"huts",1
"shelf",1
"occasion",1
"commensal",1
"understood",1
"savage",1
"stiller",1
"pACrigord",1
"spielmann",1
"valleys",1
"handful",1
"coal",1
"influence",1
"intensifias",1
"bypassed",1
"prescott",1
"lumley",1
"durham",1
"hundert",1
"kinsey",1
"patches",1
"undisputed",1
"lettere",1
"hyaenids",1
"weirs",1
"parks",1
"phases",1
"smoothed",1
"garrod",1
"ze",1
"gravitate",1
"oj",1
"awkward",1
"divergence",1
"mb",1
"surprisingly",1
"ventral",1
"civilization",1
"poor",1
"automatic",1
"weapon",1
"acculturation",1
"profoundly",1
"moms",1
"ill",1
"manipulated",1
"added",1
"capre",1
"plotted",1
"pastorizia",1
"kabazi",1
"colleee",1
"nonaatoctfcra",1
"gaeta",1
"identification",1
"reassessed",1
"predicted",1
"stockpiled",1
"transformations",1
"cheetahs",1
"natoufiennes",1
"ofneandertals",1
"etudes",1
"repressentation",1
"gaACtan",1
"statements",1
"istruzione",1
"koltschoten",1
"eiszeitliche",1
"gaete",1
"performance",1
"residence",1
"december",1
"troubled",1
"absent",1
"rifi",1
"superficial",1
"centered",1
"developed",1
"faunistici",1
"denmark",1
"riwat",1
"rounded",1
"smoking",1
"adademiai",1
"paths",1
"tnggernsn",1
"natuARian",1
"bifaces",1
"hemitragus",1
"explicit",1
"hibernation",1
"fair",1
"indonesia",1
"presentation",1
"sA?ain",1
"demonstration",1
"una",1
"represented",1
"deliberately",1
"mezin",1
"suffer",1
"articulation",1
"burgos",1
"ozarks",1
"bncj",1
"systematics",1
"aurignacien",1
"proportion",1
"supplement",1
"stirar",1
"meaning",1
"conjunction",1
"thing",1
"cervid",1
"marillac",1
"republic",1
"variant",1
"butterflies",1
"balanced",1
"artiface",1
"pul",1
"ix",1
"contributions",1
"hames",1
"xdiwk",1
"nos",1
"produced",1
"consuming",1
"isotopes",1
"disappear",1
"abitanti",1
"poggio",1
"bloomington",1
"helmei",1
"delv",1
"feel",1
"redundancy",1
"paleoclimate",1
"intensity",1
"ineanuerinai",1
"canid",1
"suffice",1
"ironic",1
"eriksen",1
"wash",1
"exceptional",1
"references",1
"tissue",1
"arid",1
"solutions",1
"uA?agizli",1
"rendell",1
"esoteric",1
"perceptions",1
"ragged",1
"sevilla",1
"associaiea",1
"affect",1
"ensure",1
"zonneveld",1
"hawks",1
"ation",1
"supports",1
"consider",1
"locally",1
"trans",1
"tailored",1
"dichotomy",1
"flexibility",1
"eynan",1
"entry",1
"tanning",1
"popolamento",1
"cuantitativo",1
"nitrogen",1
"spencer",1
"bernaldo",1
"magaralari",1
"spreading",1
"severity",1
"intensive",1
"exponential",1
"organized",1
"selectivtty",1
"bursts",1
"otherwise",1
"dated",1
"umane",1
"vivid",1
"macphail",1
"liberal",1
"murcia",1
"moderately",1
"mechanisms",1
"watch",1
"methodist",1
"equilibrium",1
"mary",1
"jaws",1
"preoccupation",1
"arqueologA-a",1
"ufeways",1
"northeastern",1
"weak",1
"babe",1
"reexamined",1
"frequently",1
"brandt",1
"shrinking",1
"enjoyed",1
"paleo",1
"paleonent",1
"reperto",1
"provokes",1
"levallois",1
"lorblanchet",1
"taglicozzo",1
"friesack",1
"store",1
"impla",1
"additional",1
"pollen",1
"lunedurger",1
"robbing",1
"bcnick",1
"overburdened",1
"exceed",1
"piACistoceno",1
"combine",1
"modeled",1
"emeigence",1
"stepping",1
"anvils",1
"stark",1
"putting",1
"surge",1
"fronts",1
"turvuren",1
"uldowan",1
"reconsideration",1
"answers",1
"flakes",1
"torching",1
"salerno",1
"uamble",1
"antithetical",1
"care",1
"helped",1
"corresponding",1
"bos",1
"opinion",1
"riempimento",1
"digestibility",1
"decades",1
"excnange",1
"differently",1
"dispersion",1
"balkan",1
"categorical",1
"elevage",1
"alan",1
"caivanum",1
"auu",1
"disappeared",1
"consen",1
"charcoal",1
"causation",1
"felling",1
"challenges",1
"ranges",1
"tervuren",1
"diachronic",1
"insectivory",1
"mastodonts",1
"knapping",1
"expressed",1
"result",1
"lieu",1
"kekopey",1
"cornelissen",1
"lead",1
"whom",1
"kennedy",1
"vaquero",1
"concentration",1
"arrival",1
"allow",1
"antigua",1
"route",1
"livelli",1
"digested",1
"hahoresh",1
"klasies",1
"begun",1
"erosion",1
"called",1
"color",1
"traditionally",1
"prealpi",1
"kalahari",1
"processi",1
"brd",1
"nominias",1
"indiwh",1
"neanderthaler",1
"ambiguity",1
"seven",1
"centers",1
"matiA?res",1
"issue",1
"shared",1
"iheoreticat",1
"sedentary",1
"ronen",1
"facilitate",1
"hurope",1
"herding",1
"mommy",1
"zone",1
"veneto",1
"fomaciari",1
"prima",1
"noting",1
"elaborated",1
"extinct",1
"emerge",1
"uomo",1
"mollusc",1
"territorio",1
"metti",1
"brill",1
"xxiii",1
"interpretations",1
"fragile",1
"affinities",1
"pitfalls",1
"paleontologica",1
"compromised",1
"egypt",1
"none",1
"lent",1
"scrofa",1
"piaoas",1
"nummg",1
"big",1
"acquiring",1
"symptoms",1
"genes",1
"refines",1
"wallis",1
"degrading",1
"braun",1
"pure",1
"ranking",1
"introduzione",1
"collector",1
"accessing",1
"neighboring",1
"generalists",1
"closely",1
"traits",1
"equal",1
"cosmo",1
"scavengeable",1
"let",1
"nonnern",1
"institute",1
"campagna",1
"thieves",1
"michigan",1
"reviews",1
"anthropozoologica",1
"determinants",1
"coppola",1
"siuuy",1
"mediated",1
"gisement",1
"mages",1
"setting",1
"garland",1
"skin",1
"fluvial",1
"sul",1
"persons",1
"jim",1
"lemia",1
"champ",1
"exotic",1
"biases",1
"numeri",1
"separates",1
"younger",1
"equifinality",1
"wealth",1
"elaphas",1
"seattle",1
"huntef",1
"occidentale",1
"abuse",1
"pilbeam",1
"limes",1
"syria",1
"lycaon",1
"currant",1
"overpopulation",1
"exploration",1
"predawn",1
"ippopotamo",1
"nonculinary",1
"heavily",1
"acknowledgments",1
"flaked",1
"castelletti",1
"chances",1
"oo",1
"corners",1
"condemi",1
"vegetal",1
"diez",1
"chapitre",1
"cucarzi",1
"expensive",1
"improve",1
"torn",1
"paleoecological",1
"shape",1
"reich",1
"hierarchies",1
"nazionale",1
"lecce",1
"litiche",1
"marsh",1
"relief",1
"olmo",1
"revealed",1
"minute",1
"anna",1
"tremendously",1
"vindija",1
"depiction",1
"planning",1
"fragmented",1
"sea",1
"steep",1
"archACologie",1
"pasa",1
"rhinos",1
"strict",1
"erlandson",1
"archaeometry",1
"hitman",1
"cord",1
"gilgil",1
"clean",1
"claim",1
"evaluation",1
"slightly",1
"concept",1
"urmenschenschA$del",1
"unless",1
"haua",1
"india",1
"significantly",1
"xka",1
"horse",1
"sociocultural",1
"crude",1
"appreciable",1
"diffACrentiel",1
"bois",1
"atiqot",1
"periglacial",1
"reserve",1
"clearer",1
"pitj",1
"related",1
"dimbleby",1
"indigenous",1
"travaux",1
"test",1
"wmiernaiuci",1
"penetrating",1
"routinely",1
"zilhA!o",1
"ten",1
"maillo",1
"populated",1
"port",1
"surprise",1
"intentionally",1
"hatay",1
"elephas",1
"schlepp",1
"uc",1
"q",1
"phylogenetic",1
"peasnall",1
"consistently",1
"oso",1
"davies",1
"correr",1
"kiva",1
"xu",1
"tisch",1
"adriatico",1
"toscana",1
"myriad",1
"pyramid",1
"flight",1
"reduces",1
"shading",1
"isemia",1
"locomotor",1
"actually",1
"A?emi",1
"being",1
"archaeofauna",1
"dufaure",1
"combustion",1
"dentA3n",1
"williams",1
"jahre",1
"transported",1
"documented",1
"doors",1
"parure",1
"ramonage",1
"focuses",1
"contentious",1
"away",1
"gear",1
"canberra",1
"elegant",1
"pliocene",1
"dolina",1
"compact",1
"realms",1
"nhessen",1
"quantifying",1
"statuettes",1
"feds",1
"sociopolitical",1
"recontres",1
"destruction",1
"alpina",1
"withstand",1
"own",1
"ethnicity",1
"iw",1
"mienis",1
"kelleyhouse",1
"inquadramento",1
"bhhb",1
"towards",1
"manipulation",1
"refuse",1
"jlwwl",1
"bodies",1
"numerically",1
"earth",1
"oriental",1
"bir",1
"preceded",1
"castro",1
"stressed",1
"hut",1
"yacimientos",1
"solution",1
"brush",1
"editore",1
"arise",1
"ambushing",1
"successful",1
"mammuthus",1
"hard",1
"field",1
"formalizing",1
"corresponds",1
"brevirvstris",1
"wi",1
"oxbow",1
"distribution",1
"brinkhuizen",1
"tested",1
"indicators",1
"mani",1
"sessile",1
"amphibious",1
"longman",1
"trie",1
"wandsnider",1
"grooving",1
"cabrera",1
"stimulated",1
"qedem",1
"esr",1
"fallow",1
"reaches",1
"sharp",1
"insurance",1
"pree",1
"notizie",1
"yukon",1
"party",1
"attention",1
"Acrhus",1
"geography",1
"spanish",1
"iithic",1
"recognition",1
"juruan",1
"macarthurandpianka",1
"migration",1
"broughton",1
"hafting",1
"choose",1
"colloquium",1
"lefevre",1
"undone",1
"compatibility",1
"assimilate",1
"goren",1
"cool",1
"gilbraltar",1
"acts",1
"lehringen",1
"ivaiaikui",1
"vr",1
"centrai",1
"perdrix",1
"axtracA?on",1
"distinguished",1
"suddenly",1
"usual",1
"boundaries",1
"diversified",1
"paristwowe",1
"differing",1
"tended",1
"impossible",1
"anterior",1
"tanzanian",1
"dedicated",1
"xxvii",1
"gradient",1
"ursids",1
"fats",1
"taphonomical",1
"attitude",1
"kosoutsky",1
"offspring",1
"news",1
"majority",1
"backup",1
"cattle",1
"specializations",1
"stpm",1
"hayden",1
"rodrA-guez",1
"mudi",1
"splendored",1
"dropping",1
"bushman",1
"und",1
"travaus",1
"correspondence",1
"theorem",1
"canaries",1
"urgeschichte",1
"A?oiswana",1
"har",1
"incidental",1
"feasible",1
"weigh",1
"rn",1
"grateful",1
"provided",1
"purified",1
"finds",1
"prACsence",1
"leg",1
"grasslands",1
"alpes",1
"nioradze",1
"alaska",1
"rinvenuto",1
"reducing",1
"pleistocenes",1
"harrold",1
"unfolded",1
"tai",1
"fiber",1
"fiocchi",1
"compaA?ng",1
"concomitant",1
"avoid",1
"content",1
"monocumlfwiq",1
"amounted",1
"dnestr",1
"replacing",1
"hunley",1
"blanket",1
"analytic",1
"retreated",1
"portion",1
"ergebisse",1
"uncommon",1
"happen",1
"nesbitt",1
"cramer",1
"horizons",1
"tasks",1
"lechevallier",1
"urnaments",1
"partially",1
"thickly",1
"colledge",1
"ranging",1
"investigating",1
"interpretazione",1
"lordkipanidze",1
"ramifications",1
"chains",1
"aer",1
"minor",1
"ventured",1
"onset",1
"os",1
"libya",1
"olocene",1
"salivary",1
"expanse",1
"summarize",1
"architecture",1
"publishers",1
"actualistic",1
"paleoloxodonta",1
"fortunately",1
"oikos",1
"universi",1
"polished",1
"identified",1
"action",1
"descending",1
"charnov",1
"apdca",1
"joris",1
"separation",1
"incentives",1
"lag",1
"teas",1
"dobranichevka",1
"mezhirich",1
"quatermaire",1
"clarifies",1
"mediterraneo",1
"nn",1
"gijn",1
"corporation",1
"semai",1
"subsistants",1
"machairodont",1
"lion",1
"exception",1
"prevailing",1
"pipemos",1
"object",1
"ducos",1
"paleoenvironments",1
"cuoco",1
"geoarchaeologx",1
"gnawer",1
"presently",1
"rm",1
"folded",1
"widiasmoro",1
"tarragona",1
"felegnn",1
"unprecedented",1
"uuu",1
"registered",1
"harnes",1
"baffier",1
"biologia",1
"suprijo",1
"avian",1
"formazione",1
"morsels",1
"family",1
"single",1
"resilient",1
"stirer",1
"culturali",1
"humaine",1
"molise",1
"percentage",1
"undergo",1
"scarcity",1
"plio",1
"guide",1
"primi",1
"steppes",1
"brackish",1
"contributing",1
"untended",1
"emerged",1
"scientifici",1
"fragmentary",1
"edited",1
"buckle",1
"camivory",1
"run",1
"domesticates",1
"push",1
"alla",1
"rchltoctui",1
"hofman",1
"colobus",1
"sestieri",1
"hureyra",1
"rules",1
"spurs",1
"paradox",1
"happened",1
"corroborated",1
"serve",1
"manpower",1
"discussions",1
"tarandus",1
"verniers",1
"exposure",1
"bisson",1
"ne",1
"barring",1
"longo",1
"tour",1
"loi",1
"participants",1
"fringes",1
"breakage",1
"une",1
"historia",1
"protohuman",1
"orders",1
"clothing",1
"positively",1
"dropped",1
"giacimenti",1
"cahiers",1
"subarctic",1
"allows",1
"usurpation",1
"archeology",1
"flake",1
"robust",1
"inhabitants",1
"illustrated",1
"paleoanthropologists",1
"bulgaria",1
"ji",1
"handling",1
"rob",1
"speaking",1
"innate",1
"felidae",1
"milo",1
"sealed",1
"avoided",1
"yokoyama",1
"pontentials",1
"synthesis",1
"spatially",1
"pacheco",1
"lee",1
"tall",1
"tasmanian",1
"rings",1
"rACcent",1
"nova",1
"hippos",1
"simulation",1
"molluscan",1
"mont",1
"french",1
"skill",1
"mammifA?res",1
"book",1
"technique",1
"power",1
"milano",1
"supACrieur",1
"accompanies",1
"mark",1
"pleistoceneico",1
"fin",1
"spend",1
"couches",1
"fcast",1
"thresholds",1
"varies",1
"sour",1
"morin",1
"helgren",1
"nevada",1
"gbmh",1
"villaverde",1
"rock",1
"ACtat",1
"ape",1
"siena",1
"spear",1
"missing",1
"preistorice",1
"sui",1
"piling",1
"skills",1
"communal",1
"sinai",1
"iu",1
"wydarunictwo",1
"longer",1
"lack",1
"provenienti",1
"uses",1
"limit",1
"treatment",1
"lazio",1
"assess",1
"minnesota",1
"music",1
"netherlands",1
"brains",1
"feather",1
"europeos",1
"cape",1
"unidentified",1
"agree",1
"awls",1
"oralahain",1
"taxonomy",1
"arsuaga",1
"cheaters",1
"artiodacty",1
"forces",1
"goldstein",1
"habitat",1
"bather",1
"chatelperronian",1
"pleistocA?ne",1
"gray",1
"proliferation",1
"distal",1
"paleontologico",1
"friendly",1
"substantially",1
"heels",1
"A?aie",1
"comparable",1
"arguably",1
"economiche",1
"primo",1
"feedback",1
"hiatus",1
"bouchud",1
"potapova",1
"beliefs",1
"audiences",1
"reasons",1
"surrounding",1
"etau",1
"cooperated",1
"bony",1
"belluomini",1
"owiogy",1
"aesthetic",1
"espaA?a",1
"ages",1
"conclusions",1
"antropologia",1
"steppic",1
"drinking",1
"preet",1
"herzian",1
"likelihood",1
"conserving",1
"iumuui",1
"palimpsest",1
"estudio",1
"clusters",1
"manner",1
"sanden",1
"jererdino",1
"unit",1
"ucnu",1
"acheulACen",1
"derivation",1
"turk",1
"ll",1
"developing",1
"competitors",1
"dorothy",1
"existing",1
"picareiro",1
"coarse",1
"gontsy",1
"establish",1
"centenary",1
"relevant",1
"crop",1
"qgjankv",1
"marginal",1
"shown",1
"peopling",1
"joron",1
"fumanal",1
"notch",1
"infilling",1
"containers",1
"anubis",1
"answerable",1
"obliged",1
"pinto",1
"lhomme",1
"volatile",1
"gnwl",1
"parures",1
"ethnographie",1
"chronologically",1
"pui",1
"convergence",1
"vogel",1
"iwu",1
"oxymoron",1
"A?ihA-iiiurq",1
"asiatic",1
"distance",1
"alle",1
"weakly",1
"mechanically",1
"gives",1
"paleoecologiche",1
"lurk",1
"argument",1
"compete",1
"premiA?res",1
"linked",1
"outlines",1
"lanzania",1
"amenian",1
"scant",1
"entity",1
"thousands",1
"imagine",1
"demonstrated",1
"musteriana",1
"pleniglacial",1
"oousiewicz",1
"rhei",1
"widening",1
"classes",1
"baskets",1
"subtropical",1
"microscopic",1
"ignored",1
"synchrony",1
"investment",1
"elevations",1
"discussion",1
"averaged",1
"wl",1
"backhuys",1
"reynal",1
"getty",1
"cree",1
"ACvaluation",1
"organisms",1
"gif",1
"unresilient",1
"spelaeological",1
"values",1
"nepal",1
"ecologistsie",1
"aggregated",1
"biq",1
"cambridee",1
"giles",1
"delitala",1
"enclose",1
"keating",1
"monographien",1
"reconcentrate",1
"ciasen",1
"enormous",1
"scatter",1
"aiy",1
"falguA?res",1
"simulating",1
"xc",1
"sufficiently",1
"litter",1
"jr",1
"fontugne",1
"safer",1
"antA3n",1
"habelt",1
"sulerzhitsky",1
"medium",1
"top",1
"ageand",1
"findings",1
"varying",1
"malerba",1
"empirical",1
"lake",1
"ruoncauun",1
"pendent",1
"controlling",1
"entirely",1
"huntersfirst",1
"eaten",1
"expression",1
"peglia",1
"cranial",1
"unfortunately",1
"hypotheses",1
"tvalchrelidze",1
"operated",1
"mygdonia",1
"protoaurignaziano",1
"additions",1
"renne",1
"umieje",1
"archACologique",1
"spiced",1
"overcoming",1
"bed",1
"iena",1
"net",1
"lows",1
"ethnic",1
"kuno",1
"story",1
"slowmoving",1
"ami",1
"discontinuity",1
"marmara",1
"aids",1
"natufien",1
"franklin",1
"agusti",1
"signal",1
"fruits",1
"baillargeon",1
"perception",1
"grinding",1
"atoara",1
"option",1
"morphological",1
"neotropical",1
"stayed",1
"advantages",1
"delson",1
"baryshnikov",1
"ichthyofaunal",1
"larrastrial",1
"A?uidi",1
"vidal",1
"underwent",1
"macromammiferi",1
"vii",1
"repertoires",1
"constandsewestermann",1
"macrowear",1
"territorially",1
"ungutal",1
"chronologic",1
"uccelli",1
"ano",1
"discovered",1
"subtle",1
"vertedrate",1
"provoked",1
"historic",1
"junta",1
"lacustrine",1
"applied",1
"directed",1
"hinged",1
"gorham",1
"mode",1
"manrora",1
"nut",1
"ah",1
"virtues",1
"health",1
"ibex",1
"bonn",1
"america",1
"pd",1
"uia",1
"jy",1
"attuiiuiauu",1
"mississippian",1
"crisis",1
"keep",1
"allowed",1
"characterized",1
"reviewers",1
"incompletely",1
"publications",1
"ef",1
"tough",1
"creating",1
"cache",1
"discernible",1
"indisputable",1
"distinction",1
"sands",1
"stages",1
"lessened",1
"borde",1
"arteries",1
"filled",1
"glut",1
"southcentral",1
"cappelletto",1
"naldini",1
"enriched",1
"black",1
"incur",1
"antico",1
"ignorance",1
"misuse",1
"piecing",1
"artificial",1
"xxixe",1
"fd",1
"punctuated",1
"aquatic",1
"combe",1
"chasseurs",1
"flute",1
"resti",1
"influencing",1
"maison",1
"conspicuously",1
"bartolomei",1
"outcomes",1
"cutor",1
"nonselectively",1
"elaborate",1
"proverbial",1
"jaca",1
"generic",1
"indicator",1
"metatarsal",1
"puoi",1
"craft",1
"brea",1
"narrow",1
"correlated",1
"A-",1
"inutntionai",1
"archaeozoology",1
"topics",1
"apparatuses",1
"beni",1
"charles",1
"britain",1
"dense",1
"paleontologiques",1
"megaceros",1
"excluded",1
"resettlement",1
"lang",1
"primeros",1
"capabilities",1
"preand",1
"translate",1
"begs",1
"socially",1
"warmblooded",1
"equivalent",1
"protohistoire",1
"liguria",1
"morris",1
"oscillations",1
"save",1
"hind",1
"enzymes",1
"typologie",1
"ominvorous",1
"gisements",1
"palaeobotany",1
"kebaran",1
"protoni",1
"pelegrin",1
"pachycrocuta",1
"footings",1
"verona",1
"minimally",1
"sole",1
"competed",1
"anthrodolonx",1
"dasultory",1
"raiaeontnic",1
"supplemental",1
"cereals",1
"separate",1
"xxx",1
"infants",1
"jACrusalem",1
"roasted",1
"palette",1
"domestA-cate",1
"carried",1
"kobeh",1
"coinciding",1
"tempo",1
"paleolithico",1
"asking",1
"cesnoia",1
"hippopotami",1
"extremes",1
"depressed",1
"extracted",1
"proportionally",1
"modification",1
"regardless",1
"aid",1
"surpassed",1
"bahara",1
"indiana",1
"cova",1
"payoffs",1
"publishing",1
"note",1
"fossellone",1
"tentative",1
"acheulACens",1
"edizioni",1
"arti",1
"subdivided",1
"fairly",1
"tomo",1
"george",1
"modificazioni",1
"xiiie",1
"movements",1
"bulk",1
"figure",1
"crucial",1
"vrba",1
"mmont",1
"gathartng",1
"anatomical",1
"liwtyj",1
"cremaschi",1
"investigaciA3n",1
"barle",1
"panthera",1
"siberia",1
"lowering",1
"impressive",1
"bifacially",1
"sxstematics",1
"camerota",1
"subzero",1
"perfected",1
"bound",1
"tm",1
"hernia",1
"archaeologica",1
"rough",1
"bridgland",1
"prudent",1
"ingredients",1
"begin",1
"delmas",1
"dashed",1
"faunivory",1
"randomly",1
"lines",1
"onore",1
"willermet",1
"cereal",1
"remotely",1
"frigid",1
"primorye",1
"institutions",1
"causasus",1
"iwg",1
"who",1
"rACgion",1
"morA-n",1
"nemours",1
"rethinking",1
"noncultural",1
"basso",1
"icaz",1
"bt",1
"iws",1
"contribution",1
"ianmouigu",1
"belfercohen",1
"transformation",1
"comment",1
"paraphernalia",1
"maximizing",1
"strangely",1
"hominidgenerated",1
"relieves",1
"majsuradze",1
"volumes",1
"arcnaeoiogicai",1
"displaying",1
"helpful",1
"parietale",1
"liu",1
"hams",1
"gran",1
"pulverizing",1
"mortelmans",1
"exclude",1
"proximity",1
"construction",1
"A?zbasaran",1
"fall",1
"oasaii",1
"surprising",1
"geoff",1
"nenquin",1
"lineages",1
"encephalization",1
"mother",1
"turnbull",1
"zooA rchaeology",1
"papio",1
"deconstructing",1
"get",1
"annotations",1
"itself",1
"xxix",1
"parkin",1
"worlds",1
"jutland",1
"documents",1
"concealed",1
"italiani",1
"interpretive",1
"fruit",1
"ravaging",1
"bad",1
"resemble",1
"council",1
"forest",1
"regularly",1
"considered",1
"skaya",1
"vertesszolos",1
"aivergence",1
"reference",1
"selectivity",1
"comstock",1
"addressed",1
"detail",1
"extermination",1
"nacional",1
"aeoua",1
"freshwater",1
"acquired",1
"mstiner",1
"quickmoving",1
"waterside",1
"grangard",1
"reciprocal",1
"anvil",1
"boreal",1
"monti",1
"experiment",1
"storique",1
"victoria",1
"monografA-as",1
"propinquity",1
"dendus",1
"filologA-a",1
"suite",1
"rea",1
"larsen",1
"utilizzazione",1
"acheulean",1
"narrower",1
"comes",1
"conclusion",1
"hircus",1
"foraged",1
"analogues",1
"biostratigraphic",1
"mentioned",1
"arcndeological",1
"dallas",1
"lor",1
"gibraltar",1
"venatoria",1
"subcutaneous",1
"wendorf",1
"revisiA3n",1
"predictions",1
"demonstrate",1
"metapodials",1
"punctures",1
"pares",1
"excavation",1
"partnerships",1
"continues",1
"symbolic",1
"theme",1
"tonkin",1
"spanier",1
"eskimo",1
"slope",1
"evolve",1
"objects",1
"intensify",1
"quell",1
"excel",1
"revising",1
"archeozoologico",1
"koeoroeks",1
"pagliaccetto",1
"darwin",1
"intensely",1
"approacn",1
"glimpse",1
"carmi",1
"text",1
"nuova",1
"ter",1
"kjado",1
"sustained",1
"utrecht",1
"wider",1
"zoologiques",1
"moose",1
"verify",1
"carbon",1
"ine",1
"emeryville",1
"frACquentation",1
"easy",1
"ecologic",1
"partitioning",1
"mortjybto",1
"continental",1
"lukacs",1
"highquality",1
"unpacking",1
"principle",1
"domesticazione",1
"saxon",1
"catching",1
"lizards",1
"sure",1
"classifiable",1
"readily",1
"surfaced",1
"grands",1
"hammerstones",1
"judACe",1
"kesit",1
"flint",1
"melt",1
"coquillage",1
"controversy",1
"worth",1
"lying",1
"ratio",1
"itinerant",1
"persecution",1
"soutnwestern",1
"albeit",1
"gone",1
"ft",1
"down",1
"basilicate",1
"style",1
"lessiniverona",1
"abu",1
"appendix",1
"martinezvalle",1
"klima",1
"iglesias",1
"half",1
"fteach",1
"scavengers",1
"pardo",1
"glacialinterglacial",1
"phey",1
"counting",1
"foundation",1
"alternatively",1
"mone",1
"losses",1
"amuuugc",1
"mesolitico",1
"grey",1
"reliability",1
"contradictory",1
"ethiopia",1
"conchiglie",1
"capra",1
"goods",1
"yacimiento",1
"accademia",1
"medina",1
"allocated",1
"generalized",1
"startling",1
"examining",1
"differed",1
"inquiry",1
"sistemA!tica",1
"cassoh",1
"driven",1
"liss",1
"russia",1
"iv",1
"works",1
"rendus",1
"merely",1
"catalogue",1
"qualitatively",1
"luncey",1
"pubblica",1
"fA?r",1
"polishes",1
"paleosuperficie",1
"generalization",1
"lens",1
"A!ridos",1
"yonne",1
"toro",1
"commodity",1
"defending",1
"luropa",1
"ainca",1
"pooled",1
"heads",1
"jA?",1
"insensitive",1
"giacobini",1
"circles",1
"bristol",1
"dagli",1
"volcanic",1
"ferring",1
"stability",1
"list",1
"twisted",1
"macromamA-feros",1
"montetwhite",1
"independently",1
"grow",1
"kongresi",1
"era",1
"siberian",1
"A?cagizli",1
"franA?ais",1
"rwk",1
"elaborations",1
"maintain",1
"opportunistic",1
"manuported",1
"dentitions",1
"signature",1
"lengths",1
"axis",1
"excitement",1
"liievkirillovskii",1
"ethnoarchaeologx",1
"temporally",1
"debate",1
"penetration",1
"grenal",1
"supplied",1
"liona",1
"shore",1
"getting",1
"sperimentazione",1
"periphery",1
"dissecting",1
"optimize",1
"cones",1
"presencia",1
"require",1
"kaufman",1
"lm",1
"supplACment",1
"leA3n",1
"intake",1
"precedent",1
"minimal",1
"carolinensis",1
"encampment",1
"aungnacian",1
"primatologica",1
"silts",1
"danish",1
"targets",1
"espagne",1
"boiled",1
"categories",1
"exclusively",1
"asians",1
"temps",1
"valdACs",1
"jordanian",1
"considerably",1
"frozen",1
"cecchi",1
"oA?A-ison",1
"tent",1
"mmmw",1
"ownership",1
"son",1
"beijing",1
"trivial",1
"tipologia",1
"pavlov",1
"ngorongoro",1
"pits",1
"thereby",1
"cattamo",1
"somerset",1
"osteoarchaeology",1
"extending",1
"orlando",1
"nawkowe",1
"abri",1
"joining",1
"collecting",1
"micro",1
"humanities",1
"revista",1
"simulations",1
"uninhibited",1
"exploring",1
"riera",1
"predecessors",1
"radiation",1
"controls",1
"territory",1
"acute",1
"provisioning",1
"conventional",1
"culling",1
"vast",1
"assessorato",1
"jacobsen",1
"scavo",1
"bari",1
"palynology",1
"protostorici",1
"counterintuitively",1
"speA$ahsti",1
"alternating",1
"ucko",1
"indebted",1
"metapodial",1
"osteometry",1
"ranks",1
"hayaena",1
"breakthrough",1
"prACliminaire",1
"representation",1
"cervus",1
"aspect",1
"lxiii",1
"budapest",1
"think",1
"leonard",1
"neve",1
"recovered",1
"rovira",1
"unifaces",1
"elaphus",1
"sedentization",1
"biancofiore",1
"mature",1
"leopards",1
"scrA?tti",1
"come",1
"reshaping",1
"bureau",1
"naturales",1
"inefficient",1
"beside",1
"perigordian",1
"brozA3lo",1
"devoted",1
"venete",1
"balistes",1
"ultimately",1
"wallowing",1
"curtis",1
"survival",1
"istanbul",1
"touch",1
"mariani",1
"invasion",1
"cycle",1
"reveals",1
"notes",1
"postmenopausal",1
"middleupper",1
"ledge",1
"disposal",1
"reconstruction",1
"negra",1
"arrows",1
"similarity",1
"quest",1
"web",1
"palaeogeography",1
"temperature",1
"sought",1
"craig",1
"fibers",1
"mosquera",1
"bioscience",1
"peru",1
"newsletter",1
"skhul",1
"arnold",1
"warsaw",1
"montagna",1
"houseley",1
"contributed",1
"diligence",1
"evoluciA3n",1
"bynesdranskop",1
"wadi",1
"environnement",1
"repon",1
"danin",1
"veum",1
"wy",1
"eggs",1
"ends",1
"ergaster",1
"uerpmann",1
"perigord",1
"peninsular",1
"green",1
"geochronology",1
"fwohnlofi",1
"product",1
"clearest",1
"justus",1
"depressions",1
"zolnikov",1
"arrivals",1
"proyecto",1
"domestici",1
"ukraine",1
"quirA3s",1
"goats",1
"rid",1
"defined",1
"kua",1
"enclosures",1
"tributaries",1
"palidoro",1
"nonmarket",1
"indian",1
"xxrv",1
"presenting",1
"lemurs",1
"measured",1
"barly",1
"madison",1
"marshland",1
"bayham",1
"mountain",1
"rout",1
"kolloquiums",1
"clA!sicas",1
"indices",1
"desert",1
"practiced",1
"dati",1
"summary",1
"spheroids",1
"anonymous",1
"unaio",1
"retenta",1
"rosenberg",1
"moved",1
"rook",1
"dodulation",1
"specific",1
"supported",1
"preferentially",1
"inferiore",1
"schoeninger",1
"paunovic",1
"lambnage",1
"tood",1
"assumed",1
"archaeozoologia",1
"withdrew",1
"paleontologiche",1
"drying",1
"clarify",1
"griffin",1
"plethora",1
"sudanese",1
"aggregations",1
"paleocommunity",1
"pathways",1
"karavaniAC",1
"comunitA ",1
"intercalate",1
"reconsidered",1
"netiv",1
"origini",1
"succeeded",1
"hioa",1
"innominate",1
"cuon",1
"overcame",1
"laboratorio",1
"reached",1
"geographical",1
"adheres",1
"temperatures",1
"dogged",1
"damp",1
"naturali",1
"deposition",1
"substantial",1
"vistuiian",1
"predictable",1
"monoerafias",1
"entire",1
"little",1
"hailwood",1
"hatoula",1
"abandoned",1
"hyena",1
"re",1
"eines",1
"token",1
"duration",1
"rettili",1
"redesign",1
"consideraziooni",1
"selects",1
"seek",1
"ss",1
"irurn",1
"digest",1
"apport",1
"virtue",1
"building",1
"ungulata",1
"ayuntamiento",1
"anthropozooligica",1
"doing",1
"built",1
"overharvested",1
"axial",1
"northand",1
"conard",1
"fimfy",1
"tubers",1
"costly",1
"tube",1
"deeper",1
"discontinuitA ",1
"garlatti",1
