"WORDCOUNTS","WEIGHT"
"the",453
"and",451
"of",378
"in",331
"a",153
"to",152
"basin",150
"great",147
"j",130
"d",114
"c",102
"that",95
"is",94
"no",92
"r",88
"m",85
"utah",72
"madsen",69
"papers",66
"pp",66
"archaeology",63
"s",62
"california",62
"e",57
"g",57
"from",55
"eds",53
"nevada",51
"university",50
"are",49
"l",47
"b",47
"at",46
"museum",46
"anthropology",46
"as",45
"anthropological",44
"bettinger",43
"it",42
"for",42
"on",42
"this",41
"by",40
"p",37
"journal",36
"research",36
"lake",35
"archaeological",35
"human",34
"western",33
"k",33
"variability",33
"marsh",32
"city",32
"janetski",31
"simms",31
"american",30
"prehistoric",30
"be",30
"more",29
"with",29
"early",29
"aikens",27
"thomas",27
"state",26
"occupation",26
"oregon",26
"which",26
"resources",25
"elston",25
"carson",25
"prehistory",24
"or",24
"an",24
"peoples",24
"have",24
"u",23
"wetlands",23
"numic",23
"jones",22
"cultural",22
"department",22
"adaptive",22
"valley",22
"north",22
"young",21
"resource",21
"regional",21
"use",21
"raven",21
"cultures",21
"occasional",20
"willig",20
"far",20
"wetland",20
"alpine",20
"models",20
"one",19
"america",19
"site",19
"stillwater",19
"these",19
"adaptations",19
"i",18
"brigham",18
"fagan",18
"county",18
"f",18
"patterns",18
"provo",18
"because",17
"idaho",17
"desert",17
"we",17
"behavior",16
"fowler",16
"cave",16
"sites",16
"time",16
"series",16
"groups",15
"history",15
"eastern",15
"such",15
"w",15
"not",15
"they",14
"kelly",14
"t",14
"late",14
"change",14
"return",14
"salt",14
"antiquity",14
"jennings",14
"theory",14
"doing",14
"o",13
"foraging",13
"archaeologists",13
"than",13
"recently",13
"fremont",13
"aboriginal",13
"mountains",12
"h",12
"survey",12
"investigations",12
"less",12
"archaeologist",12
"rates",12
"their",12
"most",12
"data",12
"when",12
"also",12
"been",12
"new",12
"see",12
"can",12
"wildlife",12
"grayson",12
"report",12
"has",11
"general",11
"how",11
"subsistence",11
"white",11
"n",11
"fish",11
"et",11
"settlement",11
"contingency",11
"villages",11
"preliminary",11
"two",11
"natural",11
"press",11
"ore",10
"rhode",10
"interior",10
"portland",10
"however",10
"service",10
"al",10
"but",10
"many",10
"connell",10
"model",10
"range",10
"region",10
"ethnic",10
"spread",10
"northern",10
"terms",10
"through",10
"point",9
"important",9
"optimal",9
"about",9
"culture",9
"beck",9
"archaic",9
"davis",8
"there",8
"york",8
"lithic",8
"strategy",8
"residential",8
"sutton",8
"above",8
"marshes",8
"ed",8
"social",8
"rock",8
"ecology",8
"here",8
"holocene",8
"washington",8
"much",8
"hypothesis",8
"way",7
"being",7
"simple",7
"vol",7
"cf",7
"patch",7
"momentary",7
"creek",7
"too",7
"project",7
"least",7
"presence",7
"anthropologist",7
"enough",7
"points",7
"simply",7
"geoarchaeology",7
"current",7
"what",7
"prenumic",7
"evidence",7
"between",7
"studies",6
"into",6
"said",6
"experiments",6
"other",6
"some",6
"hogup",6
"wilke",6
"relatively",6
"breadth",6
"study",6
"danger",6
"raymond",6
"systems",6
"problem",6
"diet",6
"used",6
"its",6
"plateau",6
"forager",6
"do",6
"would",6
"mountain",6
"procurement",6
"evolutionary",6
"often",6
"analysis",6
"eugene",6
"environment",6
"record",6
"colorado",6
"returns",6
"circumstances",6
"toquima",6
"recent",6
"calories",6
"difficult",5
"rate",5
"if",5
"complex",5
"excavation",5
"issue",5
"projectile",5
"west",5
"regarding",5
"central",5
"distinct",5
"baumhoff",5
"parks",5
"may",5
"environments",5
"population",5
"means",5
"wilde",5
"changes",5
"river",5
"was",5
"brooks",5
"basis",5
"part",5
"inferences",5
"ethnicity",5
"constraints",5
"make",5
"processing",5
"same",5
"ethnographic",5
"only",5
"larger",5
"pattern",5
"where",5
"strategies",5
"local",5
"made",5
"assemblages",5
"empirical",5
"heath",5
"shelter",5
"three",5
"high",5
"obtained",5
"science",5
"ecological",5
"investigators",5
"them",5
"whether",5
"greenspan",5
"argued",5
"generally",5
"art",5
"both",5
"subject",5
"our",5
"harney",5
"area",5
"metcalfe",5
"does",4
"reno",4
"conducted",4
"mobility",4
"test",4
"ii",4
"all",4
"nature",4
"thus",4
"principles",4
"hunting",4
"last",4
"those",4
"surveys",4
"context",4
"system",4
"key",4
"account",4
"basgall",4
"canyon",4
"southwestern",4
"jr",4
"kind",4
"perspective",4
"traditions",4
"rather",4
"camp",4
"mojave",4
"basic",4
"contributions",4
"intensive",4
"clearly",4
"just",4
"requires",4
"problems",4
"view",4
"result",4
"search",4
"energetic",4
"fishing",4
"windrows",4
"technical",4
"artifacts",4
"work",4
"rusco",4
"los",4
"example",4
"faunas",4
"oetting",4
"steward",4
"sense",4
"quite",4
"around",4
"appropriate",4
"fluted",4
"units",4
"short",4
"q",4
"marginal",4
"technology",4
"noted",4
"paiute",4
"areas",4
"man",4
"v",4
"skeletal",4
"food",4
"norbeck",4
"individuals",4
"were",4
"dansie",4
"held",4
"period",4
"flenniken",4
"spent",4
"especially",4
"become",4
"relative",4
"species",4
"owens",4
"zeier",4
"middens",4
"dissertation",4
"cannon",4
"must",4
"kirkman",4
"rocksheiter",4
"each",4
"different",4
"seem",4
"ph",4
"transport",4
"world",4
"course",4
"summary",4
"chicago",4
"debate",4
"given",4
"southeastern",4
"miller",3
"transportation",3
"currently",3
"done",3
"limits",3
"evans",3
"village",3
"large",3
"essays",3
"stone",3
"ways",3
"budy",3
"peaks",3
"supper",3
"something",3
"variety",3
"baker",3
"first",3
"every",3
"localities",3
"implications",3
"tradition",3
"advantage",3
"potentially",3
"argue",3
"case",3
"hall",3
"design",3
"determined",3
"warner",3
"quantity",3
"exposed",3
"moment",3
"excavations",3
"barlow",3
"plew",3
"turn",3
"cases",3
"fig",3
"response",3
"biface",3
"fort",3
"weigand",3
"remain",3
"sort",3
"hughes",3
"special",3
"limnobad",3
"understand",3
"berry",3
"harvested",3
"house",3
"had",3
"advance",3
"sedentary",3
"tools",3
"surrounding",3
"good",3
"field",3
"sharp",3
"several",3
"peak",3
"pickleweed",3
"ana",3
"second",3
"minor",3
"matter",3
"populations",3
"settings",3
"interpretation",3
"chronology",3
"choices",3
"experimental",3
"broad",3
"indian",3
"reports",3
"fact",3
"unifying",3
"coincidence",3
"murphy",3
"choice",3
"angeles",3
"suboptimal",3
"honor",3
"hand",3
"monographs",3
"present",3
"ground",3
"deep",3
"mcguire",3
"mehringer",3
"variables",3
"theoretical",3
"dominated",3
"interpret",3
"martin",3
"latter",3
"saa",3
"diamond",3
"structure",3
"hunters",3
"pottery",3
"widely",3
"dealing",3
"testing",3
"who",3
"directions",3
"seen",3
"united",3
"itself",3
"unusual",3
"variable",3
"intervals",3
"believed",3
"predictions",3
"symbolic",3
"temporal",3
"paper",3
"specialized",3
"rye",3
"particularly",3
"very",3
"climate",3
"touhy",3
"particular",3
"adaptation",3
"level",3
"behaviors",3
"role",3
"easy",3
"unrealistic",3
"lies",3
"assumptions",3
"argument",3
"ignored",3
"caloric",3
"land",3
"remains",3
"shift",3
"specific",3
"northwestern",3
"should",3
"major",3
"final",2
"entities",2
"order",2
"mostly",2
"huntley",2
"ready",2
"separated",2
"represent",2
"extreme",2
"environmental",2
"uplands",2
"craters",2
"introduction",2
"utility",2
"notably",2
"group",2
"san",2
"identify",2
"tend",2
"walker",2
"easily",2
"modern",2
"expects",2
"contexts",2
"witherspoon",2
"haynes",2
"jesse",2
"wrong",2
"lyman",2
"taken",2
"worked",2
"parties",2
"shaped",2
"archaeologically",2
"available",2
"suggesting",2
"generalize",2
"display",2
"grasshoppers",2
"follows",2
"studied",2
"fry",2
"deemed",2
"respond",2
"coordinated",2
"dd",2
"within",2
"coprolites",2
"ballena",2
"basketry",2
"behavioral",2
"jenkins",2
"king",2
"pluvial",2
"bases",2
"compelling",2
"shame",2
"crickets",2
"conceptual",2
"richerson",2
"dirty",2
"engage",2
"explanatory",2
"limnogood",2
"framework",2
"ranked",2
"phase",2
"review",2
"reservoir",2
"explained",2
"ute",2
"difficulties",2
"since",2
"objective",2
"tule",2
"regarded",2
"walter",2
"application",2
"privilege",2
"evident",2
"document",2
"butte",2
"generated",2
"scirpus",2
"marsn",2
"without",2
"expected",2
"centered",2
"developed",2
"dry",2
"district",2
"unit",2
"irwin",2
"process",2
"mile",2
"connected",2
"importance",2
"parts",2
"creger",2
"gathering",2
"old",2
"experimentally",2
"locally",2
"warren",2
"elsewhere",2
"northeastern",2
"frequently",2
"benefited",2
"additional",2
"surface",2
"beyond",2
"adaptively",2
"plenum",2
"management",2
"appear",2
"countv",2
"greater",2
"ranges",2
"raw",2
"lead",2
"whom",2
"location",2
"begun",2
"faunal",2
"livingston",2
"out",2
"tucker",2
"deal",2
"reply",2
"pass",2
"requirements",2
"manning",2
"further",2
"equally",2
"informed",2
"caves",2
"boyd",2
"katzer",2
"intensity",2
"washoe",2
"explain",2
"underlie",2
"abuse",2
"lakeside",2
"future",2
"y",2
"optimize",2
"horticulture",2
"interface",2
"coping",2
"ot",2
"patterning",2
"literature",2
"during",2
"place",2
"pyramid",2
"demonstrates",2
"partly",2
"calculating",2
"records",2
"taxa",2
"inferred",2
"documented",2
"forces",2
"reflect",2
"interpreted",2
"predictive",2
"sink",2
"approach",2
"either",2
"responses",2
"presented",2
"hard",2
"below",2
"suggest",2
"archaeofaunas",2
"small",2
"ignore",2
"few",2
"highly",2
"treeline",2
"essentially",2
"seeds",2
"annual",2
"up",2
"scott",2
"seed",2
"steppes",2
"activities",2
"avoid",2
"churchill",2
"various",2
"architecture",2
"intensively",2
"indicates",2
"comments",2
"movement",2
"selection",2
"single",2
"nev",2
"communities",2
"competition",2
"springs",2
"yet",2
"under",2
"costs",2
"odds",2
"pershing",2
"increasingly",2
"windrow",2
"heritage",2
"lanceolate",2
"challenge",2
"procured",2
"water",2
"demographic",2
"idea",2
"fundamental",2
"attempting",2
"clover",2
"really",2
"associates",2
"owyhee",2
"adjacent",2
"corps",2
"developing",2
"accepted",2
"leech",2
"napton",2
"perhaps",2
"native",2
"condie",2
"style",2
"assemblage",2
"number",2
"pleistocene",2
"elevation",2
"another",2
"imagine",2
"understanding",2
"exploring",2
"reed",2
"easier",2
"explanation",2
"including",2
"previously",2
"looking",2
"wis",2
"largely",2
"assume",2
"band",2
"processes",2
"engineers",2
"nothing",2
"full",2
"observed",2
"dating",2
"haldeman",2
"low",2
"talbot",2
"lakes",2
"individual",2
"citv",2
"characterized",2
"so",2
"function",2
"cache",2
"procuring",2
"exchange",2
"lovelock",2
"narrow",2
"effect",2
"delacorte",2
"obsidian",2
"james",2
"hunter",2
"southwest",2
"geography",2
"vertebrate",2
"uhler",2
"simpler",2
"processed",2
"perspectives",2
"sometimes",2
"suspected",2
"hill",2
"huntergatherer",2
"deteriorating",2
"fewer",2
"primarily",2
"bulletin",2
"oglesby",2
"sensitive",2
"army",2
"sobel",2
"efficiency",2
"expectations",2
"grade",2
"clovis",2
"probabilistic",2
"get",2
"musil",2
"problematic",2
"earliest",2
"acquired",2
"any",2
"mcdonald",2
"material",2
"hanging",2
"comparison",2
"complexes",2
"continues",2
"malheur",2
"bernardino",2
"berkeley",2
"over",2
"control",2
"lyneis",2
"country",2
"sheep",2
"paleoindian",2
"incorporating",2
"down",2
"facility",2
"paleontology",2
"obviously",2
"thinking",2
"distinctive",2
"type",2
"according",2
"heizer",2
"spatial",2
"reconcile",2
"form",2
"toepel",2
"plants",2
"larson",2
"contrasting",2
"produce",2
"ricks",2
"conference",2
"weide",2
"pits",2
"ancestral",2
"simplify",2
"practices",2
"measure",2
"programs",2
"obtain",2
"indians",2
"question",2
"spring",2
"hattori",2
"contract",2
"national",2
"actively",2
"although",2
"pictographs",2
"states",2
"seeks",2
"madison",2
"association",2
"semisedentary",2
"substantial",2
"thinkable",2
"develop",2
"immediately",2
"adovasio",2
"termed",2
"barter",2
"A$",1
"go",1
"allenrvlfea",1
"now",1
"smoke",1
"kaven",1
"produces",1
"blinds",1
"exhibit",1
"child",1
"drylands",1
"calibrated",1
"common",1
"implemented",1
"stuart",1
"avoiding",1
"dagger",1
"implying",1
"stylistic",1
"meaning",1
"identity",1
"faced",1
"functional",1
"truth",1
"modernize",1
"everyone",1
"extend",1
"resulted",1
"mccoy",1
"arkush",1
"ordination",1
"ubehebe",1
"measures",1
"propagation",1
"caches",1
"compensated",1
"pushed",1
"disregard",1
"cinerea",1
"alvord",1
"expect",1
"center",1
"steadfast",1
"needed",1
"xerobates",1
"rick",1
"reassessment",1
"maize",1
"yucca",1
"limnomobile",1
"steens",1
"macpherson",1
"likely",1
"oangercave",1
"transform",1
"dart",1
"habitats",1
"bifacial",1
"completely",1
"ly",1
"meighan",1
"park",1
"former",1
"decade",1
"acceptance",1
"dog",1
"explicable",1
"fixed",1
"necessarily",1
"harsh",1
"pose",1
"laid",1
"occurred",1
"amply",1
"individually",1
"eastward",1
"tells",1
"harvests",1
"exceptions",1
"finely",1
"yohe",1
"binford",1
"contact",1
"permitted",1
"stafford",1
"leads",1
"footing",1
"northward",1
"experience",1
"lower",1
"consistent",1
"anything",1
"kohl",1
"upland",1
"rost",1
"atsugewi",1
"everson",1
"cope",1
"specifically",1
"disagreement",1
"pocatello",1
"derives",1
"interested",1
"entailed",1
"attempts",1
"sampling",1
"might",1
"address",1
"pictured",1
"undocumented",1
"humans",1
"expectation",1
"rational",1
"ourselves",1
"advanced",1
"seems",1
"maintains",1
"departure",1
"aforementioned",1
"dramatically",1
"crosland",1
"reach",1
"attractive",1
"copy",1
"menlo",1
"excavating",1
"leading",1
"accompanied",1
"monitor",1
"titmus",1
"timing",1
"approximating",1
"pinto",1
"rich",1
"conservationists",1
"arises",1
"biotte",1
"able",1
"disappearance",1
"link",1
"closer",1
"providence",1
"dom",1
"commitment",1
"take",1
"jumped",1
"juniper",1
"patterned",1
"lv",1
"rudimentary",1
"consist",1
"hubbs",1
"depositionally",1
"liljeblad",1
"primitive",1
"situ",1
"robert",1
"political",1
"complicated",1
"mnropuiugitai",1
"designs",1
"depends",1
"british",1
"problematical",1
"documenting",1
"hians",1
"fossils",1
"depending",1
"advocates",1
"suspect",1
"linear",1
"toto",1
"task",1
"dune",1
"incorporate",1
"agriculture",1
"right",1
"generates",1
"jett",1
"newman",1
"nonviable",1
"replacement",1
"development",1
"A?",1
"possible",1
"implies",1
"logical",1
"activity",1
"illustrate",1
"international",1
"draper",1
"amateurs",1
"moapa",1
"bibliography",1
"move",1
"naturalist",1
"countered",1
"fine",1
"occurring",1
"combination",1
"regards",1
"boise",1
"uncertain",1
"cited",1
"shellfish",1
"redefining",1
"along",1
"constrained",1
"fragmented",1
"succession",1
"ritual",1
"warfare",1
"wallace",1
"hazard",1
"inventory",1
"altitudes",1
"pursuing",1
"controlled",1
"A?nosnom",1
"wherever",1
"usage",1
"relies",1
"maynard",1
"frequencies",1
"mistake",1
"therein",1
"throughout",1
"holmer",1
"willow",1
"affiliation",1
"relationships",1
"historically",1
"reverse",1
"nn",1
"immediate",1
"definitional",1
"attest",1
"quality",1
"pilot",1
"initial",1
"due",1
"tables",1
"assumes",1
"scarce",1
"interest",1
"dozen",1
"ability",1
"adopted",1
"ancient",1
"occurs",1
"price",1
"tucson",1
"ethnohistonc",1
"assessment",1
"pay",1
"barrier",1
"avalanche",1
"snake",1
"z",1
"forced",1
"ai",1
"occasioned",1
"thereof",1
"adam",1
"elements",1
"nor",1
"bamforth",1
"theorists",1
"ation",1
"reluctance",1
"illuminates",1
"loveland",1
"transcends",1
"nickens",1
"alkali",1
"lakebeds",1
"convincing",1
"amount",1
"back",1
"encompass",1
"highest",1
"restrict",1
"havior",1
"difficulty",1
"dates",1
"compared",1
"left",1
"lotted",1
"rafferty",1
"networks",1
"weight",1
"outset",1
"drawn",1
"even",1
"look",1
"cubist",1
"tiefort",1
"wet",1
"longterm",1
"traits",1
"conceded",1
"generation",1
"devender",1
"valleys",1
"acknowledge",1
"ethnobiological",1
"walls",1
"mentioned",1
"glen",1
"griset",1
"languages",1
"ridge",1
"failed",1
"permits",1
"steps",1
"oxford",1
"starving",1
"excavate",1
"interesting",1
"wishes",1
"whose",1
"essential",1
"rumblings",1
"predicted",1
"michigan",1
"act",1
"traverse",1
"recession",1
"growth",1
"aimed",1
"intraregional",1
"fuels",1
"square",1
"lohse",1
"levels",1
"johnston",1
"lamentable",1
"preparing",1
"momentarily",1
"dietz",1
"lasting",1
"ungulate",1
"programmed",1
"represented",1
"bankruptcy",1
"flexible",1
"thing",1
"similar",1
"certain",1
"derived",1
"direct",1
"oases",1
"stability",1
"lacking",1
"tui",1
"inn",1
"geolog",1
"productive",1
"space",1
"front",1
"extremes",1
"ames",1
"ephydra",1
"guides",1
"shell",1
"altitude",1
"reason",1
"arid",1
"facilitated",1
"possibly",1
"dichotomy",1
"sorts",1
"established",1
"discouraged",1
"familiar",1
"clovisarchaic",1
"bennyhoff",1
"articulated",1
"shore",1
"differs",1
"pullman",1
"periodically",1
"advancing",1
"umbrella",1
"four",1
"zancanella",1
"commonly",1
"operate",1
"linguistics",1
"recovered",1
"housley",1
"intermontane",1
"efficient",1
"willard",1
"cost",1
"fronts",1
"exploitation",1
"strained",1
"lu",1
"portrays",1
"flakes",1
"odd",1
"mo",1
"wyoming",1
"suggested",1
"advocated",1
"methodology",1
"drinkwater",1
"pandora",1
"osteological",1
"uv",1
"uses",1
"closely",1
"came",1
"based",1
"identifying",1
"basalt",1
"transmission",1
"lowland",1
"could",1
"appearance",1
"six",1
"determines",1
"typical",1
"treatments",1
"effort",1
"embracing",1
"seven",1
"dunes",1
"otoA?es",1
"rebuttal",1
"events",1
"zone",1
"near",1
"noting",1
"workable",1
"possibility",1
"constantly",1
"base",1
"respects",1
"acquiring",1
"academic",1
"zooarchaeological",1
"ranking",1
"ann",1
"generalists",1
"understood",1
"though",1
"lyxy",1
"mediated",1
"burial",1
"ceramics",1
"schneider",1
"produced",1
"scale",1
"otherwise",1
"placed",1
"outside",1
"ftnus",1
"pollen",1
"refuge",1
"required",1
"dwellers",1
"marchesini",1
"bow",1
"stemmed",1
"method",1
"flaked",1
"encroachment",1
"sedentism",1
"package",1
"symbolically",1
"sparse",1
"distinguishes",1
"currey",1
"watershed",1
"directly",1
"none",1
"network",1
"spheres",1
"distinguish",1
"mcconnell",1
"gatherers",1
"brine",1
"scope",1
"scatters",1
"multifamily",1
"tool",1
"reid",1
"emphasis",1
"nine",1
"optimizing",1
"concept",1
"woodrat",1
"heavily",1
"tizon",1
"clearer",1
"related",1
"projectiles",1
"drews",1
"thoughts",1
"positions",1
"geology",1
"paleoenvironments",1
"surprise",1
"hiidebrant",1
"whole",1
"tale",1
"island",1
"northwest",1
"crump",1
"easiest",1
"winnows",1
"climatic",1
"relevance",1
"actually",1
"perishable",1
"coprolues",1
"call",1
"bishop",1
"douglas",1
"gear",1
"accord",1
"employed",1
"systematic",1
"fieldwork",1
"manage",1
"wizards",1
"sociopolitical",1
"artifact",1
"anthrodoloev",1
"archeology",1
"markedly",1
"hidden",1
"regions",1
"transitions",1
"bmford",1
"viewing",1
"shoshone",1
"computer",1
"normally",1
"indicator",1
"happenings",1
"caused",1
"toolstone",1
"working",1
"staves",1
"christened",1
"reliable",1
"excuse",1
"box",1
"complicate",1
"contrast",1
"uiciionary",1
"involved",1
"long",1
"openly",1
"complexly",1
"smithsonian",1
"knives",1
"adversely",1
"ill",1
"allotted",1
"aviator",1
"industry",1
"willingham",1
"manifoldly",1
"master",1
"observe",1
"survev",1
"noncontingency",1
"mesic",1
"usual",1
"division",1
"managed",1
"dependent",1
"productivity",1
"results",1
"using",1
"correspondence",1
"dorn",1
"gould",1
"notes",1
"plausible",1
"value",1
"ureat",1
"pot",1
"deer",1
"sophistication",1
"content",1
"society",1
"periods",1
"appeal",1
"cite",1
"chronological",1
"manix",1
"will",1
"threatened",1
"critical",1
"ambler",1
"led",1
"deliverv",1
"approximate",1
"fly",1
"insects",1
"unniy",1
"foragers",1
"materials",1
"curves",1
"mesa",1
"logistical",1
"convinced",1
"action",1
"economic",1
"concede",1
"indeed",1
"cai",1
"expansion",1
"play",1
"corporation",1
"theorizing",1
"halmo",1
"posed",1
"formative",1
"newe",1
"july",1
"says",1
"orbit",1
"woods",1
"bewildering",1
"shoreline",1
"initially",1
"southern",1
"hearths",1
"ware",1
"decisions",1
"tends",1
"spectacular",1
"approaches",1
"patches",1
"lp",1
"pader",1
"vegas",1
"van",1
"lagged",1
"vs",1
"optimality",1
"represents",1
"makes",1
"read",1
"thought",1
"detectable",1
"counterparts",1
"borrowed",1
"wikiup",1
"mobile",1
"us",1
"neither",1
"owvhee",1
"salient",1
"tain",1
"folklife",1
"acting",1
"prehistorians",1
"falls",1
"orders",1
"transformations",1
"gettin",1
"shifting",1
"issues",1
"tortoise",1
"chub",1
"words",1
"already",1
"insights",1
"hearth",1
"fairly",1
"delivery",1
"enclaves",1
"sven",1
"simulation",1
"seasonally",1
"inhabitants",1
"oral",1
"name",1
"morass",1
"power",1
"toward",1
"others",1
"spend",1
"death",1
"put",1
"flat",1
"addition",1
"missing",1
"teton",1
"joints",1
"longer",1
"lack",1
"bettA-nger",1
"conduct",1
"scholars",1
"hoppers",1
"cumulative",1
"tlxpeauwn",1
"appeared",1
"documents",1
"match",1
"ethnohistoric",1
"reworks",1
"lacks",1
"nebulous",1
"prospects",1
"debates",1
"figurines",1
"contemporary",1
"inherently",1
"subscribing",1
"swiss",1
"fragments",1
"ought",1
"never",1
"conspicuously",1
"fits",1
"stoffle",1
"landscape",1
"tne",1
"sparing",1
"continuing",1
"existing",1
"bead",1
"nance",1
"discord",1
"neotoma",1
"myhrer",1
"urayson",1
"council",1
"analyses",1
"practice",1
"carnivore",1
"woman",1
"dunn",1
"oreeon",1
"bustos",1
"frequency",1
"tails",1
"controversy",1
"grasshopper",1
"shifts",1
"subregionally",1
"ducks",1
"day",1
"highreturn",1
"anticipate",1
"degree",1
"years",1
"interpreting",1
"territoriality",1
"original",1
"meetings",1
"fundamentally",1
"recognizing",1
"ine",1
"technologies",1
"reese",1
"collecting",1
"investment",1
"extended",1
"examples",1
"virgin",1
"catlow",1
"refining",1
"limnosedentary",1
"rockshetters",1
"ethnology",1
"stmnropuiugnui",1
"deserts",1
"unpredictable",1
"geib",1
"isiana",1
"expand",1
"tenets",1
"varying",1
"host",1
"expression",1
"protohistoric",1
"assumption",1
"permanent",1
"factor",1
"affects",1
"variation",1
"situationally",1
"prominently",1
"tradeoff",1
"unanimity",1
"ajumawi",1
"radiocarbon",1
"theories",1
"nuclear",1
"versions",1
"A2tillwater",1
"anasazi",1
"mack",1
"significance",1
"landscapes",1
"worry",1
"clear",1
"lacustrine",1
"emphasizing",1
"comprehensive",1
"publication",1
"language",1
"obtaining",1
"brass",1
"arthropathy",1
"counter",1
"times",1
"uesen",1
"helpful",1
"plant",1
"diversity",1
"crafted",1
"mammals",1
"achumawi",1
"allenrolfea",1
"earlier",1
"tneory",1
"abundant",1
"intrinsic",1
"A?s",1
"skull",1
"gets",1
"behind",1
"somehow",1
"disclosed",1
"satisfy",1
"trying",1
"incapable",1
"relation",1
"implementing",1
"sensible",1
"references",1
"tactics",1
"acquire",1
"mainly",1
"accordingly",1
"seattle",1
"enjoyed",1
"operationalized",1
"raised",1
"shoshoni",1
"ethnographically",1
"implication",1
"looks",1
"occupied",1
"institution",1
"stinkingwater",1
"destruction",1
"quarterly",1
"professional",1
"arbor",1
"sucker",1
"attention",1
"convincingly",1
"brown",1
"applies",1
"diseased",1
"dietary",1
"depauperate",1
"increasing",1
"ranging",1
"things",1
"asking",1
"ueid",1
"yr",1
"eburnation",1
"tests",1
"relationship",1
"imply",1
"untenable",1
"reemerges",1
"dominates",1
"today",1
"publishing",1
"matheny",1
"silvies",1
"bureau",1
"independent",1
"awanson",1
"provide",1
"movements",1
"figure",1
"tiny",1
"kiigemagi",1
"program",1
"arrow",1
"bryan",1
"resistant",1
"footgear",1
"logan",1
"predict",1
"becomes",1
"dimensions",1
"excluding",1
"forsyth",1
"detailed",1
"wickiup",1
"bears",1
"enculturation",1
"began",1
"circumstance",1
"remaining",1
"furnish",1
"plains",1
"heartbreak",1
"tearing",1
"life",1
"isatekwinappen",1
"littered",1
"respect",1
"composed",1
"supporting",1
"coordination",1
"constants",1
"hutchinson",1
"elder",1
"face",1
"canada",1
"employs",1
"evaluation",1
"door",1
"anACeles",1
"matters",1
"oaj",1
"quantitative",1
"circumvents",1
"freshwater",1
"microrefuse",1
"packrat",1
"neglected",1
"basm",1
"magnitude",1
"monument",1
"constant",1
"cromwell",1
"comes",1
"changing",1
"intensification",1
"conditions",1
"ethnoarchaeology",1
"ever",1
"scarcely",1
"hypothesized",1
"hydration",1
"tield",1
"fluctuating",1
"regime",1
"ranch",1
"disguise",1
"text",1
"sciences",1
"alternative",1
"quaternary",1
"tilomas",1
"cover",1
"know",1
"defining",1
"dimension",1
"unavailable",1
"sharpens",1
"tioors",1
"principle",1
"ignoring",1
"setting",1
"innovations",1
"believe",1
"contextual",1
"lava",1
"superabundant",1
"regard",1
"scenario",1
"inquiry",1
"foundation",1
"harvest",1
"alternatively",1
"jarbidge",1
"basket",1
"lichen",1
"denver",1
"speculation",1
"phagan",1
"infer",1
"resign",1
"generalized",1
"historical",1
"examining",1
"pit",1
"las",1
"past",1
"placing",1
"crater",1
"emerges",1
"oliver",1
"bands",1
"merely",1
"better",1
"places",1
"turned",1
"pmyon",1
"uregon",1
"game",1
"ethnically",1
"schmidtt",1
"farmdalian",1
"entomophagy",1
"carefully",1
"month",1
"furnishes",1
"olmsted",1
"ones",1
"making",1
"accounts",1
"want",1
"sociology",1
"imposed",1
"seasonal",1
"lacustrineupland",1
"temporally",1
"distribution",1
"ethnography",1
"baumhofps",1
"predate",1
"institute",1
"pursued",1
"schroedl",1
"yield",1
"zx",1
"moth",1
"knife",1
"suggests",1
"phenomena",1
"ideal",1
"betancourt",1
"travel",1
"middle",1
"popular",1
"eagles",1
"occasionally",1
"trees",1
"exploitative",1
"aspen",1
"affecting",1
"timely",1
"beach",1
"despite",1
"prevalent",1
"fortuitously",1
"giving",1
"alta",1
"transition",1
"histoiy",1
"feeds",1
"happens",1
"territory",1
"harvesting",1
"target",1
"connolly",1
"lesson",1
"families",1
"phenomenon",1
"inexplicably",1
"isolated",1
"varied",1
"expense",1
"precision",1
"proceeds",1
"larvae",1
"agassizif",1
"formation",1
"soft",1
"cds",1
"shown",1
"metal",1
"entity",1
"difference",1
"monophytia",1
"generate",1
"zones",1
"ramona",1
"ethnobotany",1
"couture",1
"finding",1
"decrease",1
"abused",1
"numerous",1
"komodo",1
"programming",1
"opens",1
"strikingly",1
"finally",1
"schroth",1
"aware",1
"mode",1
"newsletter",1
"tactical",1
"whitley",1
"applicable",1
"typically",1
"define",1
"usa",1
"socially",1
"need",1
"specialists",1
"files",1
"lowranked",1
"basketmaker",1
"regular",1
"anatomical",1
"pinyon",1
"ornament",1
"derive",1
"landforms",1
"presenting",1
"measured",1
"typology",1
"increased",1
"roughly",1
"sides",1
"flooding",1
"needs",1
"fracture",1
"elson",1
"observation",1
"supported",1
"conceptualizing",1
"contradicted",1
"items",1
"deciding",1
"assumed",1
"root",1
"recounted",1
"km",1
"themselves",1
"hotel",1
"vary",1
"corn",1
"abandoned",1
"token",1
"focus",1
"among",1
"willing",1
"pahoehoe",1
"whenever",1
"unexpectedly",1
"broader",1
"close",1
"evidently",1
"arizona",1
"costly",1
"increase",1
