"WORDCOUNTS","WEIGHT"
"the",1217
"and",1056
"of",827
"in",566
"a",451
"de",443
"to",251
"mexico",203
"oaxaca",195
"that",192
"mixteca",182
"m",168
"j",145
"e",139
"la",138
"mixtee",126
"on",126
"at",114
"as",114
"r",108
"y",103
"pp",96
"nacional",95
"with",94
"is",93
"s",88
"historia",88
"al",87
"en",87
"university",85
"alta",84
"from",84
"antropologA-a",84
"et",82
"joyce",82
"for",81
"instituto",81
"are",73
"have",73
"valley",72
"or",71
"was",70
"press",68
"del",67
"l",63
"this",63
"by",62
"el",60
"formative",60
"these",59
"early",59
"g",56
"spores",56
"postclassic",56
"c",56
"communities",55
"social",54
"archaeological",54
"urban",54
"b",53
"archaeology",53
"an",53
"were",52
"has",52
"their",51
"been",51
"d",51
"studies",49
"p",49
"eds",48
"archaeol",47
"res",47
"springer",47
"anthropology",45
"research",45
"v",44
"region",44
"los",44
"i",43
"jansen",43
"n",43
"pACrez",42
"late",42
"garcA-a",41
"coixtlahuaca",40
"kowalewski",40
"viejo",39
"k",39
"codices",39
"robles",39
"be",39
"they",38
"cerro",38
"winter",38
"urbanism",38
"period",38
"where",37
"caso",37
"not",37
"households",36
"baja",36
"van",35
"work",35
"monte",35
"las",35
"balkansky",34
"mesoamerica",34
"survey",34
"centers",34
"data",34
"researchers",34
"ancient",34
"which",34
"political",34
"american",33
"settlement",33
"san",33
"also",33
"community",32
"colonial",32
"new",32
"it",31
"its",31
"regional",31
"state",31
"evidence",31
"no",30
"rodrA-guez",30
"areas",30
"mendoza",29
"household",29
"cruz",29
"mesoamerican",28
"coast",28
"place",28
"ed",28
"gutiACrrez",28
"department",28
"settlements",27
"history",27
"prehispanic",27
"lienzo",27
"study",27
"found",27
"rA-o",27
"area",27
"A?uu",26
"verde",26
"writing",26
"estudios",25
"more",25
"rio",25
"yucundaa",25
"site",24
"cultural",24
"indigenous",24
"power",24
"doesburg",24
"mACxico",23
"central",23
"blomster",23
"informe",23
"f",23
"teposcolula",23
"city",23
"into",22
"production",22
"coastal",22
"based",22
"rivera",22
"project",22
"dissertation",22
"centro",22
"h",21
"classic",21
"guerrero",21
"patterns",21
"codex",21
"middle",21
"recent",21
"t",20
"ph",20
"excavations",20
"journal",20
"regions",20
"smith",20
"tututepec",20
"associated",20
"between",20
"lower",19
"mexicana",19
"ritual",19
"publications",19
"Ac",19
"arqueolA3gico",19
"he",19
"trade",19
"un",19
"current",19
"environmental",18
"complex",18
"some",18
"santa",18
"population",18
"flannery",18
"society",18
"identified",18
"ceramic",18
"argue",18
"them",18
"although",18
"studied",17
"there",17
"guzmA!n",17
"organization",17
"had",17
"ethnohistorical",17
"sites",17
"part",17
"jimACnez",17
"economic",17
"but",17
"two",17
"barber",17
"antiquity",17
"monumental",16
"latin",16
"arqueologA-a",16
"however",16
"nashville",16
"vanderbilt",16
"tn",16
"documents",16
"A?uiA?e",16
"use",16
"cultura",16
"different",16
"ortiz",16
"conducted",15
"origin",15
"items",15
"levine",15
"access",15
"occupation",15
"universidad",15
"surrounding",15
"projects",15
"pattern",15
"local",15
"documentos",15
"construction",15
"arqueologia",15
"proyecto",15
"through",15
"interaction",15
"investigaciones",14
"one",14
"those",14
"sociopolitical",14
"landscape",14
"cA3dices",14
"style",14
"can",14
"sobre",14
"analysis",14
"nochixtlA!n",14
"complexity",14
"terraciano",14
"report",14
"terminal",14
"minas",14
"among",14
"stone",13
"ruiz",13
"albA!n",13
"mexican",13
"ii",13
"diego",13
"other",13
"vol",13
"houses",13
"importance",13
"management",13
"erosion",13
"recently",13
"teotihuacan",13
"change",13
"around",13
"argues",13
"paddock",13
"vega",13
"identity",13
"etlatongo",13
"heredia",13
"pohl",13
"capital",13
"agricultural",13
"sosa",13
"workinger",13
"built",13
"later",12
"tayata",12
"large",12
"emerged",12
"rich",12
"yucuita",12
"terraces",12
"ngiwa",12
"rincA3n",12
"focused",12
"symbols",12
"zapotee",12
"knowledge",12
"people",12
"rodriguez",12
"still",12
"about",12
"time",12
"model",12
"see",12
"number",12
"una",12
"swanton",12
"mautner",12
"while",12
"urcid",12
"subject",12
"center",11
"marcus",11
"recorded",11
"eastern",11
"pueblo",11
"sitio",11
"most",11
"could",11
"status",11
"espinoza",11
"led",11
"communal",11
"antropologia",11
"macroregional",11
"three",11
"would",11
"exchange",11
"who",11
"changes",11
"alban",11
"cities",11
"historical",11
"what",11
"w",11
"world",11
"negro",11
"francisco",11
"done",10
"boulder",10
"highland",10
"mueller",10
"tlaxiaco",10
"phase",10
"luna",10
"york",10
"inah",10
"emergence",10
"record",10
"resource",10
"basin",10
"monaghan",10
"long",10
"finds",10
"mixtACeos",10
"materials",10
"lienzos",10
"forms",10
"huamelulpan",10
"blanton",10
"ethnohistory",10
"we",10
"johnson",10
"cA3dice",10
"colorado",10
"domestic",10
"byland",10
"both",10
"practices",10
"autA3noma",10
"feinman",10
"dzaui",10
"ca",10
"superiores",9
"currently",9
"first",9
"sources",9
"tilantongo",9
"case",9
"labor",9
"highlands",9
"developed",9
"how",9
"form",9
"result",9
"academic",9
"further",9
"bc",9
"lind",9
"heritage",9
"southern",9
"thesis",9
"nature",9
"jazmA-n",9
"structures",9
"many",9
"scholars",9
"larger",9
"perhaps",9
"tACcnico",9
"times",9
"terracing",9
"xv",9
"relationship",9
"transformation",9
"simposio",9
"suggests",9
"formation",9
"models",9
"leiden",9
"sectors",9
"martA-nez",9
"if",8
"available",8
"date",8
"within",8
"king",8
"chatino",8
"agriculture",8
"negotiation",8
"unpublished",8
"such",8
"since",8
"reyes",8
"nicayuju",8
"back",8
"terrace",8
"even",8
"costa",8
"yuhuitayu",8
"burials",8
"monuments",8
"argued",8
"followed",8
"amsterdam",8
"austin",8
"burial",8
"cambridge",8
"revealed",8
"prominent",8
"su",8
"issues",8
"stanford",8
"polity",8
"working",8
"altepetl",8
"small",8
"hermann",8
"surveyed",8
"yet",8
"only",8
"azoyu",8
"efforts",8
"zA!rate",8
"sindi",8
"years",8
"huajuapan",8
"ethnic",8
"so",8
"after",8
"broekhoven",8
"she",8
"foreign",8
"teresa",8
"environment",8
"very",8
"past",8
"places",8
"lejarazu",8
"information",8
"brockington",8
"level",8
"arqueolA3gica",8
"colleagues",8
"boletA-n",8
"tlapa",8
"now",7
"nochixtlan",7
"mapa",7
"spencer",7
"palomares",7
"secondary",7
"surveys",7
"ad",7
"system",7
"politics",7
"temporada",7
"human",7
"development",7
"rank",7
"bernal",7
"consejo",7
"stratigraphie",7
"yanhuitlA!n",7
"communication",7
"influence",7
"may",7
"neff",7
"his",7
"individuals",7
"main",7
"across",7
"para",7
"aniA?e",7
"societies",7
"luxury",7
"residential",7
"future",7
"example",7
"approach",7
"presented",7
"codice",7
"stiver",7
"villages",7
"teozacoalco",7
"populations",7
"expansion",7
"museum",7
"continuity",7
"outside",7
"investment",7
"investigated",7
"olmec",7
"own",7
"national",7
"colombino",7
"knaw",7
"obsidian",7
"continued",7
"provide",7
"often",7
"when",7
"natural",7
"anthropological",7
"kA?nig",7
"ramos",7
"texas",7
"romero",7
"economy",7
"prepared",7
"land",7
"fondo",7
"integration",7
"tepelmeme",7
"defined",7
"increased",7
"archaic",7
"exploraciones",7
"carved",6
"dA-az",6
"asentamiento",6
"miguel",6
"memoria",6
"approaches",6
"inequality",6
"territorial",6
"oaxacan",6
"licenciatura",6
"worked",6
"geurds",6
"layout",6
"suggesting",6
"vindobonensis",6
"activity",6
"far",6
"along",6
"estudio",6
"century",6
"find",6
"arriba",6
"higher",6
"acosta",6
"oxford",6
"process",6
"similar",6
"evolution",6
"river",6
"intensive",6
"perspective",6
"threat",6
"show",6
"origins",6
"escritura",6
"called",6
"configuration",6
"culture",6
"near",6
"directly",6
"lA3pez",6
"gender",6
"whole",6
"used",6
"ethnohistoric",6
"personal",6
"interpreted",6
"suggest",6
"desacatos",6
"mixtees",6
"periods",6
"south",6
"nava",6
"architecture",6
"expanded",6
"lord",6
"tequixtepec",6
"reports",6
"toward",6
"rock",6
"monumentality",6
"nuu",6
"royal",6
"material",6
"including",6
"washington",6
"netherlands",6
"like",6
"escuela",6
"topics",6
"structure",6
"transformations",6
"impressive",6
"sociedad",6
"parmenter",6
"series",6
"leA3n",6
"must",6
"known",6
"palace",6
"tamazulapan",6
"works",6
"living",6
"institute",6
"art",6
"mixteco",6
"reported",6
"definitions",6
"rulers",6
"cuadernos",6
"lands",6
"matadamas",6
"manufacture",6
"little",6
"north",6
"nicholas",5
"final",5
"names",5
"groups",5
"glascock",5
"village",5
"favor",5
"park",5
"excavation",5
"being",5
"address",5
"all",5
"puebla",5
"agrarian",5
"styles",5
"written",5
"A?",5
"croissier",5
"investigations",5
"tlapiltepec",5
"autonomous",5
"albany",5
"morales",5
"arriola",5
"marked",5
"establishment",5
"exposed",5
"thus",5
"throughout",5
"collapse",5
"finsten",5
"pablo",5
"architectural",5
"border",5
"than",5
"general",5
"arqueolA3gicas",5
"capitals",5
"support",5
"objects",5
"proposed",5
"impact",5
"document",5
"four",5
"dc",5
"greater",5
"salvage",5
"seven",5
"rooms",5
"oklahoma",5
"garcia",5
"barba",5
"appears",5
"archivo",5
"well",5
"hirth",5
"away",5
"trends",5
"field",5
"discourse",5
"emerging",5
"spanish",5
"soil",5
"bridge",5
"arquitectura",5
"rescate",5
"results",5
"activities",5
"will",5
"estado",5
"structural",5
"interpretation",5
"chronology",5
"same",5
"sector",5
"occupations",5
"chA!vez",5
"otla",5
"pennsylvania",5
"took",5
"museo",5
"ideas",5
"engaged",5
"dating",5
"dahlgren",5
"features",5
"high",5
"primer",5
"craft",5
"institution",5
"maps",5
"life",5
"troike",5
"earliest",5
"etnohistoria",5
"setting",5
"did",5
"rA?uu",5
"advances",5
"terms",5
"fernA!ndez",5
"map",5
"given",5
"sharer",5
"territory",5
"our",5
"charco",5
"integrated",5
"states",5
"ciudad",5
"deer",5
"norman",5
"focus",5
"amuzgo",4
"functional",4
"durante",4
"manuscript",4
"linguistic",4
"patio",4
"triqui",4
"residences",4
"authority",4
"comunidades",4
"modern",4
"yododea",4
"contact",4
"archaeologists",4
"fundaciA3n",4
"arqueolA3gicos",4
"interests",4
"continue",4
"together",4
"cholula",4
"commitment",4
"prior",4
"culturas",4
"international",4
"taking",4
"tecuate",4
"fragment",4
"corbett",4
"tulancingo",4
"diversity",4
"anA!lisis",4
"review",4
"language",4
"transformaciA3n",4
"sanders",4
"ha",4
"storage",4
"castro",4
"piedra",4
"function",4
"christensen",4
"xochicalco",4
"employ",4
"civilization",4
"segundo",4
"nuttall",4
"without",4
"catarina",4
"convent",4
"direct",4
"produced",4
"discoveries",4
"understand",4
"age",4
"important",4
"strategy",4
"view",4
"came",4
"location",4
"ann",4
"understood",4
"michigan",4
"ceramics",4
"cnws",4
"sacrifice",4
"boone",4
"because",4
"siqui",4
"records",4
"aztec",4
"colossal",4
"internacional",4
"excavated",4
"least",4
"exclusionary",4
"geomorphic",4
"core",4
"despite",4
"value",4
"ceremonial",4
"limited",4
"make",4
"initially",4
"depicted",4
"pacific",4
"thought",4
"preclA!sico",4
"included",4
"commoner",4
"santos",4
"contains",4
"increasingly",4
"bar",4
"fA?rst",4
"gobierno",4
"academy",4
"motifs",4
"stories",4
"multicrafting",4
"archaeopress",4
"ruler",4
"ticua",4
"michael",4
"literatures",4
"polities",4
"government",4
"exhibit",4
"tuA?A3n",4
"ember",4
"increase",4
"california",4
"azoyAo",4
"allowed",4
"lorenzo",4
"interregional",4
"especially",4
"article",4
"topic",4
"xvi",4
"arbor",4
"increasing",4
"defensible",4
"science",4
"table",4
"types",4
"school",4
"then",4
"homenaje",4
"continues",4
"symbolic",4
"sciences",4
"der",4
"each",4
"plunket",4
"cultures",4
"wall",4
"foundation",4
"patrimonio",4
"plazas",4
"rural",4
"just",4
"santiago",4
"according",4
"whether",4
"theory",4
"transition",4
"antiguo",4
"bodley",4
"instead",4
"americas",4
"cook",4
"consisted",4
"debate",4
"profiles",4
"should",4
"building",4
"primera",4
"major",4
"limits",3
"valle",3
"jaltepec",3
"meaning",3
"populous",3
"vienna",3
"created",3
"episodes",3
"determine",3
"adoption",3
"pushed",3
"becoming",3
"systematically",3
"fray",3
"ms",3
"nagoda",3
"source",3
"mesa",3
"esc",3
"gap",3
"isthmus",3
"inc",3
"modest",3
"sagrado",3
"implications",3
"vilchis",3
"advanced",3
"oaxaquenos",3
"archaeologically",3
"tradition",3
"imagery",3
"thank",3
"baranda",3
"religion",3
"mexicon",3
"context",3
"papers",3
"yanhuitldn",3
"kingdoms",3
"crystal",3
"linear",3
"east",3
"sought",3
"america",3
"discuss",3
"fl",3
"seiden",3
"drive",3
"renowned",3
"bibliography",3
"whittington",3
"o",3
"fragmented",3
"econA2mica",3
"centralized",3
"includes",3
"sacred",3
"dynamics",3
"against",3
"group",3
"interest",3
"providencia",3
"humboldt",3
"gaxiola",3
"z",3
"dates",3
"left",3
"direcciA3n",3
"inguiteria",3
"phases",3
"town",3
"dA!vila",3
"rather",3
"growth",3
"smithers",3
"debated",3
"square",3
"rojas",3
"legal",3
"unidades",3
"certain",3
"shell",3
"reinterpretation",3
"kuttruff",3
"established",3
"organized",3
"evidencia",3
"linked",3
"house",3
"upper",3
"additional",3
"follow",3
"beyond",3
"A?udzahui",3
"iconography",3
"conquest",3
"histories",3
"method",3
"objectives",3
"iconographie",3
"shared",3
"artes",3
"notas",3
"handbook",3
"informed",3
"caves",3
"mainly",3
"hinterland",3
"placed",3
"public",3
"superior",3
"spheres",3
"artifacts",3
"osorio",3
"chocho",3
"brought",3
"advancement",3
"rueda",3
"symbolism",3
"A?udACe",3
"palaces",3
"editorial",3
"rituals",3
"documented",3
"orozco",3
"rulership",3
"artifact",3
"horizon",3
"alliance",3
"ethnicity",3
"memoirs",3
"relaciones",3
"pluckhahn",3
"published",3
"regardless",3
"revolution",3
"tested",3
"involved",3
"erected",3
"presence",3
"fully",3
"annual",3
"virgen",3
"und",3
"incision",3
"moved",3
"perspectivas",3
"nicholson",3
"matter",3
"action",3
"frizzi",3
"female",3
"death",3
"gift",3
"domination",3
"single",3
"calendario",3
"guide",3
"mexicanos",3
"meanwhile",3
"coverage",3
"labrada",3
"under",3
"us",3
"demographic",3
"belmar",3
"indian",3
"functioned",3
"volume",3
"name",3
"museums",3
"subregions",3
"barabas",3
"econA3mica",3
"provincia",3
"caciques",3
"agree",3
"abstract",3
"siglo",3
"angeles",3
"diverse",3
"antonio",3
"nucleated",3
"memorias",3
"feasting",3
"interpretaciA3n",3
"discussed",3
"do",3
"present",3
"clusters",3
"unit",3
"gonzA!lez",3
"unclear",3
"sitios",3
"genealogies",3
"governance",3
"day",3
"original",3
"understanding",3
"examples",3
"assemblages",3
"chatinos",3
"ruling",3
"A?",3
"asian",3
"operated",3
"alternative",3
"paradores",3
"previous",3
"negotiating",3
"congreso",3
"interpret",3
"goman",3
"panels",3
"proximity",3
"libro",3
"graphic",3
"cano",3
"alvarado",3
"expand",3
"spain",3
"pottery",3
"pingarrA3n",3
"educaciA3n",3
"separate",3
"bartolomAC",3
"pictorial",3
"negotiations",3
"layouts",3
"me",3
"today",3
"redonda",3
"sometimes",3
"reconocimiento",3
"primarily",3
"seen",3
"transformed",3
"yucu",3
"fall",3
"inaa",3
"tenorio",3
"alone",3
"duncan",3
"contained",3
"constant",3
"ayala",3
"following",3
"comes",3
"pictogrA!ficos",3
"here",3
"colecciA3n",3
"kirkby",3
"over",3
"pioneering",3
"naciA3n",3
"colonization",3
"paper",3
"nobility",3
"prominence",3
"goods",3
"sierra",3
"better",3
"proceedings",3
"investigation",3
"making",3
"involvement",3
"nearby",3
"urbanismo",3
"always",3
"cloth",3
"hamann",3
"size",3
"gerhard",3
"initial",3
"emergent",3
"role",3
"redondo",3
"ecology",3
"cacicazgo",3
"contribute",3
"obtain",3
"indians",3
"oaxaqueA?os",3
"named",3
"yucuA?udahui",3
"locations",3
"differentiation",3
"entity",3
"notes",3
"oaxaqueA?a",3
"notioax",3
"paintings",3
"pictographs",3
"need",3
"heartland",3
"pAoblica",3
"remains",3
"paleoindian",3
"actions",3
"elites",3
"pedro",3
"dzaa",3
"much",3
"savi",3
"apoala",3
"broader",3
"seier",3
"meeting",3
"termed",3
"parcial",2
"entities",2
"does",2
"moreno",2
"archives",2
"burgoa",2
"edge",2
"way",2
"stylistic",2
"altamira",2
"corporate",2
"integrating",2
"acervos",2
"innerhalb",2
"trans",2
"red",2
"mountains",2
"introduction",2
"berlin",2
"colegio",2
"malbrA!n",2
"achievements",2
"myth",2
"ma",2
"true",2
"federal",2
"di",2
"universiteit",2
"duke",2
"grove",2
"kerry",2
"flores",2
"western",2
"organic",2
"presents",2
"occurred",2
"tecnolA3gica",2
"excavaciones",2
"xatachA-o",2
"oaks",2
"descriptions",2
"test",2
"experience",2
"pictographic",2
"consistent",2
"attribute",2
"walnut",2
"tribute",2
"zona",2
"questions",2
"mateo",2
"interested",2
"military",2
"concentrated",2
"conflict",2
"mcintosh",2
"historiography",2
"words",2
"dramatically",2
"ixcateco",2
"conceptualized",2
"differences",2
"farmers",2
"link",2
"characterizing",2
"take",2
"subsequent",2
"feature",2
"integrate",2
"last",2
"nm",2
"parador",2
"lenguaje",2
"alluviation",2
"behind",2
"synoikism",2
"fossils",2
"dissemination",2
"existence",2
"philological",2
"cuquila",2
"gaps",2
"householders",2
"pictoral",2
"u",2
"out",2
"intriguing",2
"design",2
"account",2
"buren",2
"determined",2
"cooperation",2
"characterize",2
"epigraphy",2
"solely",2
"october",2
"mastodon",2
"zacatepec",2
"x",2
"resources",2
"dynamic",2
"promises",2
"diuxi",2
"engage",2
"warfare",2
"conclusively",2
"exist",2
"million",2
"toponA-micos",2
"ruta",2
"search",2
"ronald",2
"differential",2
"affiliation",2
"cemeteries",2
"relationships",2
"keber",2
"caja",2
"quality",2
"placing",2
"due",2
"medina",2
"sediment",2
"hierarchy",2
"thompson",2
"americanistici",2
"nativitas",2
"turn",2
"cases",2
"drainage",2
"ct",2
"antropolA3gicas",2
"domesticas",2
"amount",2
"smallholders",2
"campesino",2
"wares",2
"agents",2
"compared",2
"preurban",2
"pasado",2
"netting",2
"cobean",2
"traits",2
"handful",2
"master",2
"neill",2
"walls",2
"toltec",2
"acropolis",2
"interesting",2
"library",2
"sample",2
"municipio",2
"identification",2
"patron",2
"performance",2
"bypassing",2
"mammoth",2
"possession",2
"preparing",2
"cremation",2
"commentary",2
"sherman",2
"cult",2
"pictography",2
"vicente",2
"pACtrographie",2
"supplement",2
"achiutla",2
"porto",2
"creek",2
"tecpan",2
"publicaciones",2
"cueva",2
"lipo",2
"ballcourt",2
"saldaA?a",2
"dominican",2
"descripciA3n",2
"traven",2
"civilizations",2
"consider",2
"film",2
"tumba",2
"technology",2
"elsewhere",2
"ritura",2
"mary",2
"clash",2
"experienced",2
"powerful",2
"egerton",2
"readings",2
"cotton",2
"viru",2
"mesoamericanas",2
"permanent",2
"shifted",2
"calgary",2
"preference",2
"decades",2
"dynastic",2
"methodology",2
"identifying",2
"allow",2
"declined",2
"xacaA?i",2
"acevedo",2
"ambitions",2
"effort",2
"resembles",2
"ruA-",2
"baracs",2
"yagA?e",2
"chamblee",2
"commoners",2
"constantly",2
"interpretations",2
"markets",2
"term",2
"secretarA-a",2
"equally",2
"florida",2
"durham",2
"galeana",2
"peA?oles",2
"documental",2
"cannot",2
"billman",2
"promise",2
"dices",2
"applied",2
"explain",2
"networks",2
"dumbarton",2
"negotiated",2
"atv",2
"governing",2
"shape",2
"nichols",2
"products",2
"none",2
"participation",2
"itundujia",2
"expansionary",2
"basis",2
"don",2
"perez",2
"line",2
"schreiber",2
"decipherment",2
"blancas",2
"organize",2
"stellung",2
"heart",2
"nc",2
"lengua",2
"london",2
"indigenista",2
"actors",2
"ediciA3n",2
"gully",2
"classicperiod",2
"realm",2
"discussions",2
"during",2
"reynolds",2
"geografica",2
"beginnings",2
"actually",2
"pachuca",2
"reoccupied",2
"higuera",2
"jaguar",2
"reinos",2
"bishop",2
"systematic",2
"venado",2
"couple",2
"my",2
"camarena",2
"attributed",2
"topiltepec",2
"earth",2
"chalcatongo",2
"hereon",2
"successful",2
"caused",2
"andes",2
"buildings",2
"labyrinthos",2
"consolidation",2
"concordant",2
"culturales",2
"encompasses",2
"several",2
"cowgill",2
"estilo",2
"smithsonian",2
"components",2
"stones",2
"paisaje",2
"alluvial",2
"cortACs",2
"boundaries",2
"differing",2
"impossible",2
"widely",2
"ndaxagua",2
"alfredo",2
"oudijk",2
"using",2
"literacies",2
"provenance",2
"disks",2
"provided",2
"alavez",2
"casa",2
"alicante",2
"mastache",2
"span",2
"anders",2
"units",2
"arrangement",2
"bautista",2
"various",2
"european",2
"short",2
"wrote",2
"service",2
"cloud",2
"culver",2
"tropical",2
"converted",2
"surviving",2
"interactions",2
"wind",2
"amerindian",2
"religious",2
"innovation",2
"direction",2
"americanos",2
"fideicomiso",2
"incursion",2
"cA2dice",2
"makes",2
"natividad",2
"evolved",2
"paleontological",2
"boundary",2
"antigua",2
"patrA3n",2
"indice",2
"perspectives",2
"rectangular",2
"ihuitlan",2
"ethnographic",2
"wright",2
"regiones",2
"nuyoo",2
"visitors",2
"noted",2
"studi",2
"rosario",2
"praxis",2
"cerA!mica",2
"sistema",2
"picture",2
"fill",2
"hilltop",2
"mound",2
"members",2
"ramA-rez",2
"houston",2
"business",2
"orA-genes",2
"others",2
"yuku",2
"borah",2
"chachoapan",2
"reino",2
"towns",2
"addition",2
"water",2
"longer",2
"convents",2
"chica",2
"reputed",2
"match",2
"harp",2
"gA3mez",2
"john",2
"figurines",2
"presente",2
"variation",2
"man",2
"simple",2
"anthropologist",2
"genealogy",2
"ground",2
"toponyms",2
"existing",2
"A?u",2
"focusing",2
"native",2
"belief",2
"equidistant",2
"peregrine",2
"redmond",2
"avances",2
"shifts",2
"imperio",2
"northwestern",2
"remained",2
"another",2
"temporadas",2
"possehl",2
"discussion",2
"becker",2
"made",2
"farming",2
"aA?os",2
"fomento",2
"samples",2
"complexities",2
"top",2
"beds",2
"significant",2
"juan",2
"zborover",2
"numerous",2
"maria",2
"collaborative",2
"tehuantepec",2
"literatura",2
"ethnically",2
"explorations",2
"landscapes",2
"postcortesiano",2
"clear",2
"grew",2
"segunda",2
"histA3rica",2
"seA?orA-os",2
"co",2
"gateway",2
"collaboration",2
"tradiciA3n",2
"fiesta",2
"vida",2
"escamilla",2
"am",2
"documentation",2
"administrative",2
"configurations",2
"provides",2
"municipal",2
"internal",2
"systems",2
"improving",2
"geogrA!ficas",2
"editors",2
"become",2
"sequence",2
"displayed",2
"enjoyed",2
"estatal",2
"analyze",2
"northern",2
"helAo",2
"geography",2
"versus",2
"decicco",2
"reverso",2
"sur",2
"pastor",2
"von",2
"bells",2
"mexicanus",2
"fifty",2
"yucunama",2
"ecological",2
"georgia",2
"vision",2
"ideology",2
"testing",2
"hill",2
"asociaciA3n",2
"widespread",2
"male",2
"institutions",2
"independence",2
"means",2
"dimensions",2
"lugar",2
"team",2
"began",2
"clA!sico",2
"relevant",2
"lapidary",2
"roldA!n",2
"class",2
"quiA?ones",2
"fe",2
"genealA3gico",2
"medrano",2
"inferior",2
"subdivided",2
"fields",2
"centuries",2
"face",2
"ihuitlA!n",2
"suprahousehold",2
"investigate",2
"considered",2
"seine",2
"blackman",2
"negotiators",2
"niA?o",2
"mentioned",2
"peoples",2
"founded",2
"complexes",2
"asentamientos",2
"athens",2
"extensive",2
"chazumba",2
"A!rea",2
"indicate",2
"thousand",2
"xatachio",2
"putla",2
"moser",2
"glimpse",2
"temple",2
"text",2
"set",2
"know",2
"berkeley",2
"paisajes",2
"regiA3n",2
"correspond",2
"antropolA3gicos",2
"expanding",2
"microevolution",2
"amACricas",2
"glifos",2
"toponomia",2
"terraced",2
"iii",2
"itinerarios",2
"hispanic",2
"privileged",2
"visits",2
"banamex",2
"warinner",2
"tercer",2
"growing",2
"beginning",2
"poder",2
"indios",2
"notable",2
"unique",2
"spatial",2
"stability",2
"list",2
"bricker",2
"degradation",2
"orleans",2
"particular",2
"barrios",2
"maintain",2
"covers",2
"oax",2
"manuscripts",2
"leaving",2
"extent",2
"inscriptions",2
"jason",2
"tespocolula",2
"explored",2
"imperial",2
"orizaba",2
"revista",2
"socioeconomic",2
"nj",2
"epiclassic",2
"espacio",2
"antiguos",2
"multiple",2
"glosses",2
"carvings",2
"african",2
"plans",2
"administration",2
"step",2
"carballo",2
"extended",2
"copper",2
"peA?asco",2
"mateos",2
"coe",2
"coming",2
"come",2
"ulises",2
"palmar",2
"until",2
"spring",2
"rabin",2
"generate",2
"jerA3nimo",2
"functions",2
"conditions",2
"configured",2
"iconografA-a",2
"mignolo",2
"tulane",2
"preceramic",2
"grown",2
"define",2
"unified",2
"formativeand",2
"yucudaa",2
"association",2
"chacahua",2
"mexicano",2
"offered",2
"territories",2
"montaA?o",2
"diehl",2
"scholarship",2
"languages",2
"hills",2
"explicativo",2
"amigos",2
"gainesville",2
"divergent",2
"abandoned",2
"gulf",2
"conventions",2
"histA3rico",2
"showed",2
"urns",2
"close",2
"perception",2
"continuously",2
"hispAcnicas",1
"emulate",1
"difficult",1
"intricate",1
"valiosa",1
"lopez",1
"availability",1
"explosion",1
"surround",1
"struggle",1
"zonas",1
"isotopie",1
"humans",1
"dias",1
"chiliztlahuaca",1
"transiciA3n",1
"noguera",1
"common",1
"void",1
"rutgers",1
"decreasing",1
"rev",1
"reporte",1
"italy",1
"hieroglyphic",1
"meixueiro",1
"centering",1
"scholar",1
"vA?lkerkunde",1
"morphology",1
"mixtepec",1
"interviews",1
"epidemics",1
"market",1
"identidad",1
"reconsidered",1
"resulted",1
"college",1
"tierra",1
"revolutionary",1
"cut",1
"methodologies",1
"mana",1
"sola",1
"intersect",1
"succession",1
"estructuras",1
"zapotecos",1
"systemic",1
"priorato",1
"start",1
"museos",1
"needed",1
"nomina",1
"determinant",1
"agency",1
"alliances",1
"ocotlah",1
"tacAo",1
"identify",1
"paludan",1
"toponymie",1
"neighborhoods",1
"europeos",1
"economia",1
"tierras",1
"centenario",1
"dualtlatoque",1
"subregional",1
"tense",1
"additionally",1
"analyse",1
"largely",1
"tlapan",1
"predating",1
"recursos",1
"realities",1
"cerA!mico",1
"commercializing",1
"tlacolula",1
"comentarios",1
"position",1
"prentice",1
"cycles",1
"unlike",1
"chalcaztingo",1
"laid",1
"mercedes",1
"total",1
"A?udzavui",1
"terrazas",1
"tiltepec",1
"accentuated",1
"before",1
"fragile",1
"valencia",1
"pots",1
"portal",1
"azabache",1
"nineteenth",1
"lowlands",1
"induced",1
"edu",1
"reformas",1
"bienal",1
"nuevas",1
"contest",1
"aportaciones",1
"corresponding",1
"annals",1
"agencia",1
"properties",1
"contexts",1
"nubes",1
"turning",1
"themes",1
"carreA3n",1
"circumpacifica",1
"inhaltliche",1
"crear",1
"voices",1
"octagenario",1
"liobaa",1
"textual",1
"ethnologist",1
"reconstructions",1
"schinsing",1
"whom",1
"baesslerarchiv",1
"priestesses",1
"creation",1
"circolo",1
"cacicazgos",1
"originally",1
"give",1
"attempts",1
"taken",1
"tumbas",1
"abound",1
"vols",1
"realizing",1
"rapid",1
"uriarte",1
"generated",1
"script",1
"miscelA!nea",1
"beautiful",1
"tourist",1
"extrapolating",1
"prestigious",1
"seems",1
"sustainable",1
"geografia",1
"definition",1
"heated",1
"containing",1
"stolen",1
"zaachila",1
"figurine",1
"reach",1
"principles",1
"interred",1
"chochon",1
"resumen",1
"leading",1
"explores",1
"assess",1
"advantage",1
"jornadas",1
"tours",1
"seller",1
"nudo",1
"nuevo",1
"typological",1
"formativo",1
"predated",1
"baessler",1
"quinto",1
"santoyo",1
"grounding",1
"fase",1
"producing",1
"stepick",1
"colonialismo",1
"estACticas",1
"follows",1
"chroniclers",1
"inherent",1
"able",1
"xiii",1
"xoo",1
"farther",1
"composition",1
"palatial",1
"uncovered",1
"taube",1
"taix",1
"thA?le",1
"presentanciA3n",1
"manejo",1
"mizundo",1
"mandate",1
"help",1
"reinterpret",1
"chipped",1
"achieved",1
"nisa",1
"panamericano",1
"friezes",1
"cronolA3gica",1
"crA-ticas",1
"skull",1
"caliente",1
"yatiyuta",1
"emphasized",1
"cyphers",1
"marine",1
"patrol",1
"principal",1
"platforms",1
"adventures",1
"coordinated",1
"cistern",1
"temprano",1
"discrete",1
"signs",1
"pictogrA!fica",1
"transnacionales",1
"contacto",1
"tell",1
"worldwide",1
"designs",1
"contents",1
"quaternary",1
"conflicts",1
"llamados",1
"yugA-ie",1
"issue",1
"side",1
"acknowledged",1
"empty",1
"theorizing",1
"occasional",1
"depending",1
"corresponded",1
"sophisticated",1
"correlated",1
"assumed",1
"lado",1
"campesinos",1
"plain",1
"key",1
"pulled",1
"verenice",1
"anuario",1
"westernmost",1
"tx",1
"notoriety",1
"mine",1
"transmisiA3n",1
"saying",1
"pequeA?os",1
"draw",1
"great",1
"durrenberger",1
"representations",1
"dinastA-a",1
"custom",1
"struggling",1
"copenhagen",1
"low",1
"opened",1
"fitting",1
"understated",1
"sixteenth",1
"tracing",1
"actualidades",1
"gratifying",1
"adopting",1
"foreigners",1
"reaction",1
"consciousness",1
"olvidada",1
"suchixtlan",1
"agrA-colas",1
"move",1
"mixtecas",1
"activism",1
"vital",1
"ovens",1
"sA!nchez",1
"fine",1
"internet",1
"clasificaciA3n",1
"suny",1
"prehispahica",1
"stratigraphy",1
"apart",1
"interdisciplinary",1
"point",1
"surrounded",1
"except",1
"extends",1
"reflecting",1
"panicacolonial",1
"recorrido",1
"grandiose",1
"A?ui",1
"reconstruction",1
"undoubtedly",1
"correlation",1
"huesos",1
"acercamiento",1
"awaits",1
"texmelincan",1
"mat",1
"accessed",1
"economies",1
"marginalized",1
"seA?orA-o",1
"identifies",1
"olmecas",1
"alfaro",1
"americanistas",1
"fellow",1
"internationally",1
"says",1
"zapotees",1
"sign",1
"ocampo",1
"agricultura",1
"behavior",1
"sanchez",1
"higherstatus",1
"surplus",1
"hudson",1
"framework",1
"canyon",1
"espiridiA3n",1
"neutron",1
"preceramico",1
"amer",1
"crA!neo",1
"halperin",1
"congregaciones",1
"ridderprint",1
"dzini",1
"yucuhuiti",1
"southwestern",1
"montreal",1
"madrid",1
"civicceremonial",1
"doctor",1
"eventual",1
"spectrum",1
"facts",1
"immediate",1
"pockets",1
"counterpoint",1
"contemporaneous",1
"longevity",1
"visited",1
"municipios",1
"backdrop",1
"beliaey",1
"integral",1
"author",1
"ridderkerk",1
"relatively",1
"ability",1
"moment",1
"num",1
"relations",1
"rains",1
"prehistoria",1
"studie",1
"price",1
"tucson",1
"exploraciA3n",1
"expansionistic",1
"encyclopedia",1
"recuperaciA3n",1
"burton",1
"epidemias",1
"actas",1
"type",1
"employing",1
"media",1
"supremacy",1
"barrier",1
"expected",1
"comprised",1
"spans",1
"rosquillas",1
"migrate",1
"nagengast",1
"congregated",1
"elders",1
"down",1
"humanos",1
"ethnohistorically",1
"distinct",1
"old",1
"templo",1
"urbanization",1
"aquellos",1
"etnologia",1
"chata",1
"evident",1
"displays",1
"resultados",1
"excavaciA3n",1
"anthropogenically",1
"refer",1
"ediciones",1
"ceramica",1
"interchangeable",1
"fig",1
"body",1
"related",1
"served",1
"marA-a",1
"lineage",1
"untrusting",1
"chicahuaxtla",1
"third",1
"vancouver",1
"tenaciously",1
"yata",1
"compare",1
"nnayiu",1
"colombinobecker",1
"oaxaqueA?o",1
"mirrored",1
"drawn",1
"geographically",1
"corpus",1
"covenants",1
"preserving",1
"populares",1
"dear",1
"marital",1
"details",1
"petate",1
"comunitario",1
"traditions",1
"conducting",1
"ndaa",1
"adult",1
"gmelch",1
"crawford",1
"commanding",1
"though",1
"letra",1
"exploitive",1
"antropologicos",1
"gomez",1
"cites",1
"ment",1
"poorly",1
"multinucleated",1
"manuel",1
"incentive",1
"chronicle",1
"crossroads",1
"familia",1
"alfonso",1
"mechanisms",1
"offices",1
"dd",1
"profited",1
"dinA!micas",1
"online",1
"barriga",1
"philadelphia",1
"eurospan",1
"hamburg",1
"interbreeding",1
"played",1
"prehispA!nico",1
"hopes",1
"heroes",1
"birthplaces",1
"edited",1
"underway",1
"reimer",1
"statements",1
"bring",1
"drainages",1
"traffic",1
"cleaned",1
"centered",1
"dominica",1
"ehi",1
"vocabulario",1
"buenavista",1
"ra",1
"camacho",1
"basic",1
"posits",1
"savvy",1
"acadACmico",1
"levels",1
"centralization",1
"presentation",1
"porfirio",1
"comparable",1
"players",1
"environments",1
"archiv",1
"tools",1
"frankfurt",1
"glifo",1
"risk",1
"anyone",1
"heard",1
"saints",1
"aplicaciA3n",1
"earlier",1
"eight",1
"loma",1
"millions",1
"variant",1
"koontz",1
"generating",1
"references",1
"special",1
"revelation",1
"cave",1
"lacking",1
"ensures",1
"scales",1
"selected",1
"black",1
"echoed",1
"zamora",1
"yucundaapueblo",1
"subjugated",1
"relacions",1
"importancia",1
"scattered",1
"space",1
"zahualtipan",1
"outreach",1
"ixcatlan",1
"psychological",1
"reason",1
"modified",1
"accounts",1
"arid",1
"empires",1
"brunswick",1
"subareas",1
"javier",1
"maintaining",1
"entierros",1
"inauguration",1
"parts",1
"taller",1
"ensure",1
"concepciA3n",1
"tensions",1
"females",1
"locally",1
"maiden",1
"possibly",1
"jorrA-n",1
"consumed",1
"reinforcement",1
"guA-a",1
"physically",1
"retained",1
"image",1
"descent",1
"cacahuatepec",1
"mira",1
"sociocultural",1
"linaje",1
"consolidate",1
"smuggled",1
"intrinsically",1
"liberal",1
"producers",1
"transformaciones",1
"thirty",1
"imitation",1
"gradually",1
"articulated",1
"contemporaries",1
"constructivos",1
"periodo",1
"calendar",1
"iberoamericana",1
"nascent",1
"benefited",1
"collegially",1
"diaz",1
"operate",1
"horizontally",1
"filed",1
"recovered",1
"hilltowns",1
"protection",1
"deraga",1
"lA!pida",1
"comparisons",1
"etnogrA!fico",1
"grau",1
"stark",1
"putting",1
"hutson",1
"vieja",1
"baths",1
"painted",1
"differentiate",1
"brito",1
"archeological",1
"restriction",1
"stoltman",1
"palaeoclimatology",1
"founding",1
"helped",1
"metal",1
"antecedents",1
"export",1
"inhabitation",1
"providing",1
"drawing",1
"definiciA3n",1
"appear",1
"seibert",1
"constructive",1
"gutierrez",1
"irrigation",1
"espaA?ola",1
"coleccion",1
"seler",1
"problemA!tica",1
"outlasted",1
"herencia",1
"moving",1
"standards",1
"exacerbate",1
"advance",1
"reconstrucciA3n",1
"http",1
"introduce",1
"lowland",1
"restauraciA3n",1
"home",1
"six",1
"begun",1
"hands",1
"color",1
"porrAoa",1
"mapping",1
"combinations",1
"nueve",1
"contrastaciA3n",1
"lived",1
"contextualize",1
"changed",1
"claw",1
"outcrops",1
"scenes",1
"her",1
"uncut",1
"symbolically",1
"opt",1
"latinoamericanistas",1
"italiana",1
"territorio",1
"captured",1
"huerta",1
"prehispA!nica",1
"comunitarios",1
"thames",1
"yuta",1
"big",1
"sacrificios",1
"centrum",1
"aerial",1
"density",1
"pasos",1
"reasons",1
"neighboring",1
"traced",1
"impluvium",1
"equal",1
"elemental",1
"nobles",1
"ucA!reo",1
"spread",1
"war",1
"siria",1
"explicaciA3n",1
"auxiliares",1
"hall",1
"keywords",1
"posters",1
"dynasty",1
"boasts",1
"domestication",1
"devoid",1
"reinforce",1
"sig",1
"meet",1
"truly",1
"serie",1
"arquitectA3nico",1
"scale",1
"otherwise",1
"rie",1
"xvii",1
"municipality",1
"noroeste",1
"talleres",1
"tension",1
"spur",1
"spiritual",1
"poststructural",1
"narrate",1
"proyectos",1
"instrumental",1
"required",1
"conferences",1
"postconquest",1
"postclA!sico",1
"calderon",1
"ayuntamiento",1
"memory",1
"technical",1
"aspects",1
"improve",1
"chiapas",1
"yagiie",1
"hierarchies",1
"gained",1
"ilia",1
"sphere",1
"concordantly",1
"network",1
"digital",1
"relatives",1
"degrees",1
"paleoenvironmental",1
"seminal",1
"primeros",1
"makers",1
"urbano",1
"simone",1
"planning",1
"appreciate",1
"ndazagua",1
"bounded",1
"pr",1
"received",1
"complejo",1
"imports",1
"signo",1
"intends",1
"lineas",1
"peche",1
"catalogo",1
"prompted",1
"combating",1
"poststructuralist",1
"drew",1
"contracts",1
"denigrated",1
"sharon",1
"thomson",1
"dover",1
"largas",1
"tombs",1
"dios",1
"polychrome",1
"lush",1
"tacubaya",1
"bibliotecas",1
"parameters",1
"linajes",1
"sodalities",1
"egalitarian",1
"misinterpreted",1
"heights",1
"continuation",1
"tale",1
"describe",1
"database",1
"refined",1
"castillo",1
"muralla",1
"broad",1
"constitute",1
"destination",1
"densely",1
"perugia",1
"cluster",1
"participated",1
"route",1
"belmont",1
"maderismo",1
"popular",1
"tlapaazoyAo",1
"focuses",1
"desvanecidas",1
"etla",1
"floors",1
"haven",1
"employed",1
"shelter",1
"il",1
"nor",1
"grupo",1
"president",1
"archeology",1
"grassroots",1
"conceptualizes",1
"redistribution",1
"sampled",1
"rivet",1
"oftulane",1
"errors",1
"pollution",1
"thread",1
"foci",1
"agriculturally",1
"screenfolds",1
"nivel",1
"nicholls",1
"aztatla",1
"causal",1
"good",1
"evaluated",1
"creating",1
"statigraphic",1
"mixtecay",1
"apparatus",1
"brush",1
"ratios",1
"sense",1
"correct",1
"yutaA?uusavi",1
"undermine",1
"ago",1
"below",1
"riA3",1
"constituent",1
"bottomlands",1
"yakua",1
"shaping",1
"involve",1
"tejupan",1
"coupled",1
"josAC",1
"next",1
"investigaciA3n",1
"descripition",1
"travACs",1
"iconogrA!fica",1
"poster",1
"bryce",1
"yucudzaa",1
"progreso",1
"wrestling",1
"formatting",1
"nochixtlah",1
"diagnostic",1
"lords",1
"teams",1
"revisti",1
"xxviii",1
"stemmed",1
"few",1
"purdue",1
"grow",1
"oral",1
"executed",1
"cool",1
"ixtlan",1
"dramatic",1
"recipients",1
"shadows",1
"choosing",1
"vacuum",1
"zeitlin",1
"attached",1
"portions",1
"usual",1
"amerindiano",1
"waveland",1
"geometria",1
"dedicated",1
"xxvii",1
"tamazulpan",1
"vein",1
"managed",1
"ngiw",1
"generally",1
"up",1
"seed",1
"coyuche",1
"cosmology",1
"clothing",1
"recientes",1
"oaxaquetA?os",1
"productivity",1
"tributary",1
"motif",1
"politicas",1
"paid",1
"correspondence",1
"factionalism",1
"environmentally",1
"kulturbesitz",1
"beauty",1
"stiftung",1
"etnohistA3ricos",1
"patrones",1
"newly",1
"grateful",1
"preliminary",1
"displaced",1
"archaeogenetic",1
"teotongo",1
"inform",1
"law",1
"rest",1
"iglesia",1
"rocha",1
"massive",1
"geographical",1
"promising",1
"tiempo",1
"invest",1
"calls",1
"latijns",1
"cite",1
"costen",1
"chronological",1
"activation",1
"portion",1
"grolier",1
"llc",1
"ahuitzotl",1
"entregA3",1
"stucco",1
"noteworthy",1
"second",1
"investigating",1
"rey",1
"minor",1
"learning",1
"variety",1
"absence",1
"spelled",1
"functioning",1
"noble",1
"rampant",1
"letters",1
"impacts",1
"decentralizing",1
"installed",1
"indicative",1
"calendric",1
"materiales",1
"orr",1
"gradual",1
"synthesis",1
"overall",1
"krA?efges",1
"comparative",1
"minizundo",1
"consists",1
"play",1
"chivata",1
"tiyoo",1
"fence",1
"apoyos",1
"nearly",1
"vperezrodriguez",1
"ignacio",1
"pruebas",1
"miniyua",1
"fixture",1
"housework",1
"aniversario",1
"verA3nica",1
"above",1
"emulated",1
"tutepetongo",1
"amerika",1
"craftwork",1
"intervention",1
"vico",1
"highstatus",1
"comments",1
"cognitivo",1
"ecomuseos",1
"standing",1
"movement",1
"collapsed",1
"modes",1
"settings",1
"hold",1
"crA3nica",1
"authoritarian",1
"anduaga",1
"bodleian",1
"percentage",1
"tercera",1
"contributing",1
"esparza",1
"tempranos",1
"indus",1
"julio",1
"zaragoza",1
"elaboration",1
"violence",1
"examined",1
"opportunities",1
"interrelationship",1
"yutzatoto",1
"paradox",1
"renaming",1
"alongside",1
"acknowledgments",1
"serve",1
"papel",1
"counterparts",1
"array",1
"historiadores",1
"miahuatlan",1
"pre",1
"restricted",1
"cliff",1
"selective",1
"favorable",1
"temperate",1
"compiled",1
"participants",1
"tributaria",1
"sociales",1
"pesos",1
"informal",1
"mapas",1
"xenophobic",1
"complete",1
"collectively",1
"rain",1
"shifting",1
"washes",1
"xochitepec",1
"accelerated",1
"families",1
"largest",1
"academia",1
"climatic",1
"unusually",1
"reliance",1
"begins",1
"dinastia",1
"cauadzidziqui",1
"interdisciplinaria",1
"arranging",1
"alienate",1
"sketch",1
"spatially",1
"lack",1
"huajuapA!n",1
"routes",1
"fragmento",1
"inhabitants",1
"starting",1
"kings",1
"funerary",1
"paul",1
"book",1
"complejas",1
"chicahuaxtlas",1
"lluvia",1
"protecciA3n",1
"challenge",1
"metaphysical",1
"figure",1
"again",1
"crm",1
"pointed",1
"hernA!ndez",1
"chance",1
"hearths",1
"flat",1
"added",1
"piling",1
"fact",1
"voluta",1
"bonfil",1
"tepozcolula",1
"valeriano",1
"olmeca",1
"paramount",1
"hollow",1
"treatment",1
"fundamental",1
"abilities",1
"blocks",1
"temples",1
"amenities",1
"geraldina",1
"interprativo",1
"nA!huatl",1
"plan",1
"gueesa",1
"mountainous",1
"frost",1
"lacks",1
"glosas",1
"layer",1
"documentatie",1
"governed",1
"mind",1
"murphy",1
"richer",1
"caballero",1
"A?udee",1
"surfaces",1
"gray",1
"fallen",1
"end",1
"remain",1
"contemporary",1
"celebrations",1
"resolved",1
"appropriately",1
"ritu",1
"program",1
"functionally",1
"tocuij",1
"noticias",1
"penates",1
"serious",1
"sebastian",1
"honor",1
"depopulation",1
"sociality",1
"espaA?a",1
"never",1
"surroundings",1
"mestizo",1
"sweat",1
"monographs",1
"electricity",1
"tijaltepec",1
"noveno",1
"domACsticas",1
"signifying",1
"cerecedo",1
"yale",1
"ur",1
"manner",1
"road",1
"untapped",1
"yuchi",1
"continuing",1
"purposes",1
"superimposed",1
"danbury",1
"empire",1
"establish",1
"xviii",1
"juxtlahuaca",1
"indiana",1
"lapham",1
"renovations",1
"yatachio",1
"eulalia",1
"coloquio",1
"council",1
"interacciA3n",1
"exotic",1
"acatlA!n",1
"mundo",1
"incursions",1
"especial",1
"fieldwork",1
"flown",1
"nueva",1
"filologo",1
"aimed",1
"threats",1
"gives",1
"zenner",1
"hansen",1
"explicitly",1
"xindeku",1
"valleys",1
"elevation",1
"cien",1
"degree",1
"rA-os",1
"fight",1
"interpreting",1
"creencias",1
"discourses",1
"week",1
"recognizing",1
"analyzed",1
"private",1
"technologies",1
"programa",1
"exploring",1
"spending",1
"vast",1
"lauck",1
"coquera",1
"mounded",1
"churches",1
"producciA3n",1
"survive",1
"modelo",1
"tunnel",1
"semana",1
"thanks",1
"completed",1
"preferential",1
"sagrados",1
"luchador",1
"eighteenth",1
"chronologies",1
"incidents",1
"wads",1
"helps",1
"active",1
"realizado",1
"biologica",1
"discrimination",1
"formal",1
"deposits",1
"wileyblackwell",1
"tank",1
"demografA-a",1
"mesoamericana",1
"mortuary",1
"iconografia",1
"ramo",1
"tlapanecs",1
"recover",1
"elite",1
"epigraphic",1
"medium",1
"concern",1
"anual",1
"varying",1
"fargher",1
"traded",1
"cranial",1
"reusing",1
"linking",1
"discursos",1
"looting",1
"west",1
"lamabordo",1
"prehispA!nicos",1
"intermittent",1
"emphasize",1
"exciting",1
"arizona",1
"engaging",1
"marti",1
"procurement",1
"prominently",1
"harvard",1
"willey",1
"distanced",1
"quinta",1
"processes",1
"trend",1
"rare",1
"recovery",1
"kingdom",1
"archivos",1
"services",1
"methodological",1
"radiocarbon",1
"sees",1
"edgerton",1
"kearney",1
"weaving",1
"specimen",1
"platform",1
"charge",1
"ties",1
"juxtapositions",1
"open",1
"significance",1
"tributos",1
"meanings",1
"upcoming",1
"philology",1
"xru",1
"leads",1
"histA3ricos",1
"mangas",1
"consentida",1
"iv",1
"monkey",1
"express",1
"recognize",1
"proofreading",1
"estructura",1
"agreement",1
"points",1
"damage",1
"sustain",1
"refinements",1
"lady",1
"logic",1
"huis",1
"quiles",1
"august",1
"radar",1
"eve",1
"individual",1
"historias",1
"pride",1
"defensive",1
"reviewers",1
"ny",1
"oland",1
"tARuu",1
"summer",1
"plant",1
"mask",1
"gamio",1
"traveled",1
"obtained",1
"tlapanec",1
"marriage",1
"shift",1
"steere",1
"martin",1
"tlachinollan",1
"exporter",1
"courtyard",1
"imagination",1
"spent",1
"why",1
"intercommunity",1
"calzada",1
"favored",1
"codical",1
"uA?A-",1
"krA?fges",1
"somehow",1
"elaborate",1
"temprana",1
"evolutionary",1
"sA-mbolos",1
"chapel",1
"cerlagsanstalt",1
"relation",1
"narrow",1
"tiers",1
"stand",1
"danibaan",1
"depictions",1
"anderson",1
"nationally",1
"lists",1
"castellanos",1
"monica",1
"learn",1
"civera",1
"priests",1
"sexta",1
"dictata",1
"probably",1
"capitalism",1
"inside",1
"dominance",1
"ocotepec",1
"decoupled",1
"southwest",1
"looked",1
"minuya",1
"linderos",1
"wells",1
"occupied",1
"aproximaciA3n",1
"engagement",1
"governor",1
"professional",1
"huaxtec",1
"espaA?oles",1
"merino",1
"propose",1
"akademishe",1
"opposite",1
"sole",1
"increases",1
"corridor",1
"coor",1
"druckund",1
"harnessing",1
"concerted",1
"emily",1
"decreased",1
"tardA-o",1
"faust",1
"freire",1
"farm",1
"tolteca",1
"tempo",1
"reading",1
"asking",1
"preconquest",1
"tests",1
"modification",1
"aid",1
"stems",1
"highand",1
"yaeger",1
"independent",1
"stream",1
"elam",1
"moyle",1
"five",1
"antes",1
"outsiders",1
"naturally",1
"foster",1
"williams",1
"pe",1
"conch",1
"contraction",1
"emic",1
"disenfranchised",1
"playing",1
"recognizes",1
"inference",1
"referred",1
"success",1
"intersection",1
"directions",1
"valores",1
"detailed",1
"posselt",1
"execute",1
"ideologia",1
"visual",1
"villagA3mez",1
"markers",1
"geopolA-tica",1
"sequences",1
"linea",1
"inadequate",1
"graphicacy",1
"ceremonialism",1
"guadalupe",1
"dietrich",1
"compiling",1
"contexto",1
"giguet",1
"strive",1
"inspired",1
"batalla",1
"americanistica",1
"pristine",1
"hierarchical",1
"norton",1
"caste",1
"identificaciA3n",1
"lineages",1
"stratified",1
"composed",1
"education",1
"mother",1
"comentario",1
"semblanza",1
"opinions",1
"vitas",1
"get",1
"kroefges",1
"meissner",1
"gathered",1
"calendrics",1
"ravaging",1
"fought",1
"octagon",1
"seat",1
"immensely",1
"photographs",1
"stable",1
"biology",1
"door",1
"borejsza",1
"addressed",1
"stephen",1
"goldberg",1
"multidisciplinary",1
"niger",1
"undertook",1
"proof",1
"backcountry",1
"baseline",1
"reciprocal",1
"ignited",1
"abandonment",1
"curious",1
"arte",1
"shadow",1
"heavy",1
"monument",1
"any",1
"thinking",1
"blocked",1
"tlazultepec",1
"garra",1
"practice",1
"harness",1
"yugiie",1
"anales",1
"urbanizaciA3n",1
"conclusion",1
"exemplified",1
"latinoamericana",1
"intensification",1
"calendrical",1
"rivaled",1
"barrio",1
"finest",1
"patios",1
"reflexiones",1
"ethnoarchaeology",1
"needs",1
"tuA?on",1
"simply",1
"baby",1
"rosetta",1
"ever",1
"indA-genas",1
"conceptualize",1
"rigidly",1
"extension",1
"posclA!sico",1
"reciprocity",1
"frieze",1
"favors",1
"A?uyoo",1
"constructed",1
"jazmin",1
"trenches",1
"mixes",1
"reconnaissance",1
"doi",1
"sky",1
"lajous",1
"escrituraria",1
"duha",1
"verlag",1
"signos",1
"turA-sticos",1
"highly",1
"tesoros",1
"ACpoca",1
"distinctive",1
"intellectual",1
"ave",1
"reemerged",1
"control",1
"grana",1
"ardren",1
"specialization",1
"finance",1
"caracol",1
"tani",1
"specialized",1
"worth",1
"suggestions",1
"novel",1
"prolific",1
"jorge",1
"sizes",1
"atrium",1
"como",1
"seem",1
"floodplain",1
"gone",1
"polychromes",1
"best",1
"unknown",1
"herrera",1
"appropriate",1
"administer",1
"matsubara",1
"comfort",1
"appel",1
"participatory",1
"cochinilla",1
"domestica",1
"cliggett",1
"scenario",1
"allied",1
"primeras",1
"siglos",1
"er",1
"clearly",1
"countering",1
"calle",1
"xxii",1
"gas",1
"fills",1
"benefit",1
"tlapatlachinollan",1
"secciA3n",1
"hilltops",1
"pit",1
"differed",1
"ethnohistorians",1
"tlalocan",1
"quetzalcoatl",1
"smokescreens",1
"ethos",1
"assessment",1
"diquiyAo",1
"paradoxically",1
"bean",1
"estampillas",1
"preussischer",1
"charged",1
"ballgame",1
"fA?r",1
"alfarera",1
"noise",1
"defend",1
"sureste",1
"didn",1
"scholarly",1
"correlate",1
"rosado",1
"unlikely",1
"bajo",1
"dispersed",1
"literature",1
"maya",1
"pedernales",1
"shelters",1
"combined",1
"implicit",1
"commemorating",1
"offering",1
"namely",1
"individualistic",1
"met",1
"dA-as",1
"codorniz",1
"budgets",1
"males",1
"nombres",1
"nati",1
"attitudes",1
"colonia",1
"procedencia",1
"distribution",1
"incidental",1
"consisting",1
"transaction",1
"xxxii",1
"predate",1
"saddle",1
"foundations",1
"lafayette",1
"vehicle",1
"guia",1
"pursued",1
"require",1
"danish",1
"yield",1
"balance",1
"treatises",1
"episode",1
"phenomena",1
"quaderni",1
"emphasis",1
"prevent",1
"contain",1
"categories",1
"translated",1
"spaces",1
"considerably",1
"multifocal",1
"llamado",1
"transplanted",1
"careful",1
"severely",1
"apuestas",1
"ruled",1
"pits",1
"disparate",1
"origen",1
"slopes",1
"amte",1
"altogether",1
"cientA-fica",1
"content",1
"prevalent",1
"courses",1
"undertaken",1
"oriente",1
"ecotourism",1
"modelos",1
"giving",1
"commonly",1
"traditional",1
"undermining",1
"rigid",1
"went",1
"happens",1
"com",1
"conaculta",1
"palaciego",1
"bustamante",1
"programs",1
"resistance",1
"reconstruct",1
"complementarity",1
"linguistics",1
"divided",1
"pa",1
"zender",1
"phenomenon",1
"challenges",1
"culebra",1
"deities",1
"isolated",1
"sabloff",1
"behaved",1
"childhood",1
"servicio",1
"internalized",1
"chila",1
"impresiA3n",1
"contrasts",1
"publicados",1
"minima",1
"prehispA!nicas",1
"technological",1
"recuperado",1
"robertson",1
"question",1
"algunos",1
"enthusiasm",1
"understandings",1
"A?uundaa",1
"civilizaciA3n",1
"recording",1
"sistemas",1
"overview",1
"habitantes",1
"unable",1
"ubicadas",1
"editor",1
"difference",1
"realizadas",1
"pitao",1
"gran",1
"zones",1
"finding",1
"ixcatlA!n",1
"decrease",1
"twentieth",1
"americana",1
"paradigm",1
"genealogA-as",1
"palaeogeography",1
"studying",1
"stratification",1
"finally",1
"accept",1
"doble",1
"aware",1
"mode",1
"motives",1
"lugares",1
"publicized",1
"geoarchaeological",1
"wish",1
"actividades",1
"sociedades",1
"register",1
"ended",1
"actively",1
"approximately",1
"curing",1
"include",1
"geofA-sico",1
"consolidated",1
"dense",1
"usa",1
"palaeoecology",1
"otumba",1
"green",1
"physical",1
"willing",1
"smaller",1
"secretaria",1
"attributes",1
"already",1
"earthen",1
"prospect",1
"martinez",1
"off",1
"magdalena",1
"plentiful",1
"peperstraete",1
"blood",1
"promptly",1
"criA-ico",1
"mack",1
"impacted",1
"speak",1
"multilingualism",1
"ranged",1
"indices",1
"biolA3gica",1
"comparison",1
"davenport",1
"respective",1
"supported",1
"trajectory",1
"endeavors",1
"rice",1
"potential",1
"hamburgischen",1
"aztecs",1
"reconsidering",1
"culturally",1
"montaA?a",1
"kuia",1
"pathways",1
"quintana",1
"straw",1
"say",1
"negotiate",1
"stemming",1
"sits",1
"sharing",1
"pool",1
"create",1
"grabada",1
"deposition",1
"petlalcingo",1
"abroad",1
"ownership",1
"entire",1
"documentary",1
"erroneously",1
"aportaciA3n",1
"images",1
"artisanal",1
"seek",1
"primordial",1
"sedimentary",1
"resist",1
"ballcourts",1
"yuu",1
"infancy",1
"nahuatl",1
"conversations",1
"relocated",1
"representational",1
"groundbreaking",1
"fortuitous",1
"reemerge",1
"cited",1
"xxv",1
"ruppe",1
"bundles",1
"hypothesis",1
