"WORDCOUNTS","WEIGHT"
"the",1436
"and",1124
"of",819
"in",684
"to",331
"a",313
"maya",258
"colonial",198
"indigenous",183
"p",173
"spanish",173
"archaeology",157
"at",154
"pp",143
"period",140
"j",136
"historic",136
"from",136
"on",131
"were",113
"mexico",113
"with",112
"de",110
"for",99
"historical",99
"as",96
"that",91
"culture",91
"postclassic",91
"d",78
"m",72
"university",72
"site",71
"or",71
"eds",71
"is",68
"conquest",67
"sites",67
"this",67
"pottery",67
"c",67
"s",66
"archaeological",64
"new",62
"was",61
"by",61
"their",60
"artifacts",59
"press",59
"have",58
"church",57
"mesoamerica",57
"large",55
"guatemala",55
"e",53
"al",53
"archaeologists",52
"et",52
"native",52
"material",51
"archaeol",50
"res",50
"springer",50
"early",50
"l",49
"r",49
"change",49
"settlements",48
"late",48
"economic",48
"they",47
"an",47
"which",47
"not",47
"settlement",46
"research",46
"central",45
"world",45
"such",44
"also",44
"including",43
"t",42
"el",42
"but",40
"are",40
"stone",39
"h",39
"ceramics",38
"lacandon",38
"found",38
"social",38
"people",37
"rural",37
"may",36
"ceramic",36
"belize",36
"g",35
"gaseo",35
"contact",34
"excavations",33
"continued",33
"interaction",33
"population",32
"these",32
"local",32
"american",31
"century",31
"metal",31
"into",31
"tools",31
"small",31
"political",31
"city",31
"one",30
"y",30
"during",30
"time",30
"en",30
"region",30
"european",30
"indicate",30
"some",29
"mesoamerican",29
"yucatA!n",29
"chiapas",29
"near",29
"populations",29
"more",29
"areas",29
"investigators",29
"types",29
"be",29
"san",28
"times",28
"palka",28
"rice",27
"important",27
"fournier",27
"has",27
"alexander",27
"area",27
"america",26
"latin",26
"societies",26
"peten",26
"other",26
"salvador",26
"been",26
"include",26
"town",25
"changes",25
"los",25
"inhabitants",25
"trade",25
"anthropology",25
"goods",25
"remains",25
"valley",25
"w",24
"surface",24
"documents",24
"la",24
"economy",24
"it",23
"residences",23
"organization",23
"recovered",23
"fig",23
"cultural",23
"buildings",23
"charlton",23
"pendergast",23
"there",22
"had",22
"structures",22
"no",22
"located",22
"over",22
"than",21
"b",21
"project",21
"ancient",21
"regional",21
"study",21
"kepecs",20
"i",20
"information",20
"towns",20
"made",20
"lake",20
"oland",20
"garcia",20
"contained",20
"history",19
"household",19
"hacienda",19
"k",19
"house",19
"however",19
"well",19
"several",19
"ed",19
"many",19
"fragments",19
"glass",19
"production",18
"houses",18
"beads",18
"around",18
"architecture",18
"obsidian",18
"structure",18
"nacional",18
"funari",18
"land",18
"deposits",18
"garcA-a",17
"colonization",17
"quantities",17
"incense",17
"wares",17
"burials",17
"majolica",17
"its",17
"few",17
"about",17
"department",17
"addition",17
"patterns",17
"number",17
"after",17
"tipu",17
"different",17
"did",17
"agricultural",17
"additionally",16
"studies",16
"investigations",16
"since",16
"colonialism",16
"meyers",16
"burial",16
"weeks",16
"examined",16
"ph",16
"dissertation",16
"associated",16
"domestic",16
"through",16
"increased",16
"old",15
"del",15
"institute",15
"fowler",15
"lamanai",15
"presence",15
"f",15
"york",15
"probably",15
"foreign",15
"masonry",15
"past",15
"animal",15
"protohistoric",15
"effects",15
"lowlands",14
"due",14
"jones",14
"hanson",14
"white",14
"basin",14
"zeitlin",14
"lifeways",14
"artifact",14
"excavated",14
"yucatan",14
"historia",14
"perspectives",14
"lee",14
"encountered",14
"use",14
"can",14
"transformations",14
"particularly",14
"transition",14
"elites",14
"mexican",13
"village",13
"labor",13
"human",13
"santa",13
"walls",13
"possibly",13
"objects",13
"placed",13
"pedro",13
"used",13
"olive",13
"resistance",13
"society",13
"periods",13
"identified",13
"stones",13
"instituto",13
"dating",13
"salt",13
"control",13
"copper",13
"evidence",13
"painted",13
"introduction",12
"center",12
"approaches",12
"graham",12
"unconquered",12
"items",12
"jars",12
"albuquerque",12
"furthermore",12
"war",12
"because",12
"cacao",12
"southern",12
"less",12
"A?",12
"findings",12
"cultura",12
"low",12
"antiquity",12
"thomas",12
"chert",12
"often",12
"caste",12
"surveys",12
"ciudad",12
"investigaciones",11
"western",11
"long",11
"date",11
"A?",11
"oaxaca",11
"iron",11
"main",11
"vieja",11
"honduras",11
"rule",11
"erosion",11
"diet",11
"residential",11
"fish",11
"aztec",11
"practices",11
"religious",11
"only",11
"where",11
"remained",11
"disease",11
"significant",11
"california",11
"state",11
"occupied",11
"who",11
"extensive",11
"cemetery",11
"cultures",11
"status",11
"abandoned",11
"progresso",10
"modern",10
"occurred",10
"platforms",10
"possible",10
"blades",10
"architectural",10
"journal",10
"influence",10
"arqueolA3gicas",10
"plaza",10
"antropologA-a",10
"residents",10
"island",10
"smith",10
"south",10
"impacts",10
"chronology",10
"yaxcabA!",10
"water",10
"demographic",10
"forms",10
"tabi",10
"transformed",10
"discovered",10
"points",10
"high",10
"seen",10
"frontier",10
"lagoon",10
"simposio",10
"type",10
"socioeconomic",10
"became",10
"otumba",10
"consisted",10
"recent",10
"laporte",9
"ritual",9
"ocelocalco",9
"phase",9
"great",9
"system",9
"itzaj",9
"eastern",9
"earlier",9
"patzcuaro",9
"marked",9
"west",9
"along",9
"perspective",9
"precontact",9
"them",9
"importance",9
"n",9
"access",9
"pugh",9
"part",9
"reflect",9
"following",9
"regions",9
"consumption",9
"up",9
"deportes",9
"classic",9
"mixtee",9
"rock",9
"projects",9
"angeles",9
"v",9
"lenca",9
"present",9
"remote",9
"ethnic",9
"soconusco",9
"similar",9
"workers",9
"features",9
"adaptations",9
"yucatec",9
"ministerio",9
"provide",9
"jar",9
"construction",9
"when",9
"jacobi",9
"sherds",9
"constructions",9
"vessels",9
"between",9
"north",9
"built",9
"common",8
"epidemics",8
"monograph",8
"first",8
"within",8
"designs",8
"occasional",8
"demography",8
"fine",8
"economies",8
"bottles",8
"rather",8
"spores",8
"shell",8
"lives",8
"river",8
"record",8
"occupation",8
"recently",8
"orser",8
"data",8
"records",8
"sampeck",8
"indicates",8
"communities",8
"orange",8
"insights",8
"arqueologia",8
"investigated",8
"churches",8
"elite",8
"kowoj",8
"like",8
"life",8
"analysis",8
"mounds",8
"growing",8
"capital",8
"porcelain",8
"las",8
"making",8
"nearby",8
"robles",8
"arqueologA-a",8
"burners",8
"art",8
"preserved",8
"results",8
"materials",8
"although",8
"later",7
"groups",7
"imported",7
"resided",7
"haciendas",7
"arrowheads",7
"worked",7
"highland",7
"torres",7
"glazed",7
"last",7
"written",7
"responses",7
"occupations",7
"throughout",7
"bone",7
"dates",7
"compared",7
"conquerors",7
"floor",7
"emery",7
"parts",7
"elsewhere",7
"numbers",7
"masson",7
"shore",7
"most",7
"tikal",7
"based",7
"focused",7
"related",7
"floors",7
"visible",7
"cattle",7
"moved",7
"activities",7
"power",7
"christian",7
"largest",7
"reports",7
"scholars",7
"years",7
"chronologies",7
"lowe",7
"robinson",7
"three",7
"health",7
"histA3rica",7
"obtained",7
"stages",7
"exchange",7
"patterson",7
"ethnohistory",7
"nails",7
"northern",7
"sugar",7
"species",7
"conquered",7
"fewer",7
"importantly",7
"british",7
"dispersed",7
"fernA!ndez",7
"peoples",7
"constructed",7
"global",7
"wall",7
"teposcolula",7
"ruins",7
"earthenware",7
"theory",7
"instance",7
"little",7
"building",7
"difficult",6
"environmental",6
"red",6
"group",6
"ethnogenesis",6
"tencoa",6
"before",6
"pots",6
"contexts",6
"sources",6
"hence",6
"creation",6
"all",6
"individuals",6
"differences",6
"mexicana",6
"survey",6
"bones",6
"hall",6
"bowls",6
"zone",6
"tribute",6
"natives",6
"visited",6
"ware",6
"pollard",6
"comales",6
"identification",6
"dA!vila",6
"growth",6
"how",6
"escobedo",6
"cave",6
"animals",6
"scattered",6
"space",6
"balam",6
"cecil",6
"plaster",6
"four",6
"view",6
"dc",6
"prehistoric",6
"location",6
"histories",6
"lived",6
"out",6
"initial",6
"cohen",6
"chinese",6
"fisher",6
"publications",6
"mapped",6
"work",6
"gA3mez",6
"field",6
"core",6
"ek",6
"florida",6
"led",6
"community",6
"included",6
"two",6
"figurines",6
"contemporary",6
"pattern",6
"adjacent",6
"ground",6
"perhaps",6
"streets",6
"another",6
"identity",6
"food",6
"numerous",6
"chontal",6
"processes",6
"black",6
"carlson",6
"article",6
"we",6
"institution",6
"deagan",6
"clusters",6
"yaeger",6
"hill",6
"un",6
"acquired",6
"economically",6
"serafA-n",6
"rivero",6
"smithsonian",6
"foundation",6
"while",6
"bryant",6
"both",6
"antigua",6
"illinois",6
"washington",6
"specific",6
"resources",6
"informants",6
"documentary",6
"whiting",5
"excavation",5
"burner",5
"real",5
"nm",5
"discipline",5
"papers",5
"mACxico",5
"projectile",5
"changed",5
"vol",5
"point",5
"spain",5
"behavior",5
"conflict",5
"development",5
"interior",5
"elements",5
"young",5
"thin",5
"heads",5
"across",5
"coastal",5
"process",5
"excavators",5
"consequences",5
"category",5
"dominican",5
"machetes",5
"decades",5
"called",5
"wealth",5
"outside",5
"method",5
"london",5
"apparent",5
"rubble",5
"actually",5
"perishable",5
"viejo",5
"ethnicity",5
"diagnostic",5
"autonomy",5
"soil",5
"conquistadors",5
"majority",5
"morehart",5
"rancho",5
"asomoza",5
"survived",5
"likely",5
"schmidt",5
"surprisingly",5
"albany",5
"estado",5
"residence",5
"under",5
"same",5
"indian",5
"hearth",5
"noted",5
"lack",5
"adobe",5
"foods",5
"saa",5
"larger",5
"mestizo",5
"cruz",5
"axes",5
"understanding",5
"pipil",5
"increase",5
"continue",5
"accessed",5
"peripheral",5
"arroyo",5
"mensabak",5
"households",5
"especially",5
"systems",5
"capitalism",5
"oxford",5
"politis",5
"yucundaa",5
"inside",5
"independence",5
"grinding",5
"examine",5
"fe",5
"fields",5
"habitation",5
"known",5
"carbondale",5
"knives",5
"alvarez",5
"dornan",5
"utilized",5
"destroyed",5
"according",5
"cooking",5
"utilitarian",5
"faunal",5
"urban",5
"paintings",5
"org",5
"ownership",5
"clothing",5
"maintained",5
"wild",5
"until",5
"peripheries",5
"chavez",5
"gainesville",5
"traditional",5
"indicating",5
"created",4
"shrines",4
"resulted",4
"offerings",4
"formed",4
"memoria",4
"boulder",4
"flores",4
"test",4
"being",4
"www",4
"romA!n",4
"implications",4
"layout",4
"leading",4
"studied",4
"uncovered",4
"consist",4
"influences",4
"sociopolitical",4
"preconquest",4
"subjugation",4
"fruit",4
"agriculture",4
"politics",4
"prehispanic",4
"congreso",4
"reflecting",4
"relocated",4
"exposed",4
"implements",4
"regarding",4
"frequencies",4
"decorated",4
"sample",4
"ferguson",4
"concentrations",4
"evident",4
"medicine",4
"ha",4
"serving",4
"whorls",4
"even",4
"paste",4
"plant",4
"hamlet",4
"acculturation",4
"housed",4
"december",4
"landscape",4
"ch",4
"signaled",4
"slipped",4
"landscapes",4
"congregaciA3n",4
"contributions",4
"primer",4
"moreover",4
"salaried",4
"lister",4
"dated",4
"beristA!in",4
"frequently",4
"cotton",4
"problems",4
"Ac",4
"permanent",4
"helped",4
"calgary",4
"mayas",4
"greater",4
"economics",4
"estudios",4
"foundations",4
"buried",4
"mainly",4
"province",4
"produced",4
"coapa",4
"networks",4
"silver",4
"brought",4
"example",4
"issues",4
"contains",4
"documented",4
"surrounding",4
"stanford",4
"refuse",4
"interregional",4
"survivalisms",4
"miramar",4
"began",4
"convento",4
"governments",4
"villages",4
"brown",4
"generally",4
"provided",4
"caluco",4
"republican",4
"bravo",4
"still",4
"inhabited",4
"metates",4
"ulua",4
"yet",4
"violence",4
"mission",4
"industrial",4
"published",4
"skeletons",4
"visita",4
"our",4
"cimientos",4
"roof",4
"spindle",4
"coarse",4
"see",4
"strategies",4
"routledge",4
"acquire",4
"chanlacan",4
"largely",4
"tehuantepec",4
"continuities",4
"platform",4
"andrews",4
"publication",4
"interacted",4
"abundant",4
"xvi",4
"shallow",4
"priests",4
"widely",4
"separate",4
"sometimes",4
"pieces",4
"chikinchel",4
"camino",4
"axe",4
"transformation",4
"volumes",4
"established",4
"colorado",4
"coxoh",4
"readily",4
"spaniards",4
"siglo",4
"greenstone",4
"believed",4
"investigation",4
"monastery",4
"periphery",4
"annual",4
"pits",4
"campeche",4
"territory",4
"mention",4
"survival",4
"contributed",4
"instead",4
"france",4
"deer",4
"substantial",4
"focus",4
"much",4
"among",4
"laborers",4
"columbian",3
"o",3
"brumfiel",3
"detectors",3
"edge",3
"way",3
"valle",3
"zoque",3
"fled",3
"represent",3
"evans",3
"trash",3
"complex",3
"replaced",3
"conflicts",3
"agency",3
"identify",3
"prime",3
"ceremonial",3
"inequality",3
"turtle",3
"arms",3
"cutting",3
"sequence",3
"reptiles",3
"diseases",3
"kakchiquel",3
"comparatively",3
"displacement",3
"capitalist",3
"could",3
"daub",3
"subsequent",3
"expansion",3
"evangelization",3
"fresh",3
"marine",3
"those",3
"gobierno",3
"decreased",3
"signs",3
"colonies",3
"sheet",3
"case",3
"side",3
"thatch",3
"autonomous",3
"east",3
"northeast",3
"x",3
"fragment",3
"controlled",3
"interestingly",3
"thus",3
"verhagen",3
"merchants",3
"historically",3
"attest",3
"accommodation",3
"encyclopedia",3
"pig",3
"better",3
"immigrants",3
"burgeoning",3
"crosses",3
"peccary",3
"back",3
"cardinal",3
"find",3
"pueblo",3
"communication",3
"tarascan",3
"guard",3
"rosary",3
"mezquital",3
"poorly",3
"cobbles",3
"higher",3
"lesser",3
"grid",3
"remain",3
"bifaces",3
"connected",3
"certain",3
"plots",3
"aquatic",3
"form",3
"support",3
"tooth",3
"acquisition",3
"marks",3
"locally",3
"organized",3
"differs",3
"upper",3
"age",3
"show",3
"additional",3
"connecting",3
"laguna",3
"peninsula",3
"modeled",3
"plates",3
"utah",3
"plenum",3
"friars",3
"lA3pez",3
"commoner",3
"centers",3
"base",3
"acquiring",3
"arqueolA3gico",3
"tile",3
"cambridge",3
"gained",3
"pompa",3
"dog",3
"blue",3
"teotihuacan",3
"estevan",3
"loss",3
"whole",3
"continuation",3
"place",3
"rituals",3
"personal",3
"missions",3
"polity",3
"yglesias",3
"successful",3
"working",3
"shaping",3
"indicators",3
"yielded",3
"guns",3
"finds",3
"will",3
"otis",3
"exterior",3
"nonetheless",3
"bells",3
"comparative",3
"resisted",3
"tabasco",3
"renewed",3
"international",3
"jewelry",3
"make",3
"domination",3
"continuity",3
"cliff",3
"lowland",3
"ethnographic",3
"medallions",3
"functioned",3
"rings",3
"mound",3
"challenge",3
"death",3
"locating",3
"available",3
"lime",3
"fleeing",3
"compound",3
"children",3
"gray",3
"end",3
"took",3
"antropologia",3
"everyday",3
"manos",3
"accepted",3
"creole",3
"royal",3
"decorations",3
"shifts",3
"outlines",3
"multidisciplinary",3
"biological",3
"palm",3
"reused",3
"previously",3
"manufactured",3
"clustered",3
"birds",3
"cranial",3
"lhe",3
"michoacan",3
"zacpetACn",3
"theoretical",3
"ties",3
"grew",3
"lakes",3
"maintenance",3
"amounts",3
"divisions",3
"general",3
"function",3
"figurine",3
"practiced",3
"preservation",3
"skull",3
"mining",3
"amber",3
"horse",3
"jute",3
"gallardo",3
"versus",3
"examines",3
"borderlands",3
"parish",3
"increasing",3
"rA-o",3
"program",3
"male",3
"dimensions",3
"collections",3
"relevant",3
"rapidly",3
"shells",3
"polychrome",3
"centuries",3
"turkeys",3
"instances",3
"silliman",3
"middens",3
"burned",3
"school",3
"anthropological",3
"series",3
"changing",3
"continues",3
"sacred",3
"temple",3
"alternative",3
"know",3
"cm",3
"paper",3
"sizes",3
"shrine",3
"current",3
"legacy",3
"sierra",3
"texas",3
"loche",3
"proceedings",3
"unique",3
"reactions",3
"adults",3
"thesaaarchrec",3
"covers",3
"cusick",3
"jalapa",3
"suggests",3
"hundreds",3
"size",3
"researchers",3
"trees",3
"analyzed",3
"introduced",3
"lacandones",3
"techniques",3
"mercedarian",3
"manufacturing",3
"neglect",3
"terminal",3
"pine",3
"refugees",3
"models",3
"locations",3
"zones",3
"approximately",3
"typically",3
"socially",3
"need",3
"smaller",3
"colleagues",3
"association",3
"impacted",3
"petACn",3
"vessel",3
"pasiA3n",3
"era",3
"ca",3
"tiesler",3
"arizona",3
"continuously",3
"precipitously",2
"carved",2
"razed",2
"does",2
"now",2
"enlace",2
"isotopie",2
"if",2
"jet",2
"market",2
"postclA!sicos",2
"college",2
"alone",2
"durante",2
"eliminated",2
"flexed",2
"ranches",2
"sitios",2
"he",2
"mobility",2
"maize",2
"ma",2
"rogers",2
"protection",2
"xi",2
"station",2
"missionaries",2
"laid",2
"holding",2
"indA-gena",2
"plantations",2
"lightfoot",2
"edu",2
"contested",2
"zapotee",2
"diversity",2
"experience",2
"piles",2
"isthmus",2
"griddles",2
"preceding",2
"fortified",2
"pulque",2
"originally",2
"ii",2
"season",2
"beaudry",2
"pastrana",2
"puebla",2
"ranching",2
"containing",2
"delineation",2
"archaeologically",2
"textiles",2
"suggesting",2
"daily",2
"simple",2
"exotic",2
"producing",2
"earliest",2
"hunting",2
"religion",2
"help",2
"chipped",2
"xx",2
"blackwell",2
"principal",2
"context",2
"brigham",2
"kingdoms",2
"effigy",2
"con",2
"globe",2
"gaps",2
"bases",2
"iv",2
"plantation",2
"clearly",2
"tendencias",2
"felt",2
"chest",2
"activity",2
"ball",2
"paucity",2
"burning",2
"cetelac",2
"slight",2
"explorers",2
"functions",2
"bibliography",2
"arenas",2
"whittington",2
"combination",2
"desired",2
"variations",2
"surrounded",2
"establishment",2
"recorrido",2
"quantity",2
"overlooking",2
"resembling",2
"explorer",2
"eroded",2
"exist",2
"review",2
"arte",2
"relocation",2
"immediate",2
"drastic",2
"reino",2
"simmons",2
"terraces",2
"intact",2
"interest",2
"ethnohistorical",2
"ut",2
"relatively",2
"gun",2
"relations",2
"rites",2
"maintaining",2
"tucson",2
"roads",2
"declined",2
"forced",2
"congregated",2
"santo",2
"cases",2
"fishhook",2
"consejo",2
"homes",2
"columbia",2
"allowing",2
"ideal",2
"villanueva",2
"tablA3n",2
"apparently",2
"understood",2
"rates",2
"industries",2
"using",2
"phases",2
"tierras",2
"recognized",2
"absent",2
"developed",2
"scrapers",2
"postcontact",2
"remnants",2
"resident",2
"itzA!",2
"altar",2
"knew",2
"represented",2
"burgos",2
"latches",2
"anA!lisis",2
"wellpreserved",2
"scraper",2
"easily",2
"parroquia",2
"symbols",2
"tree",2
"lots",2
"stanchly",2
"means",2
"lambert",2
"tenochtitlan",2
"supports",2
"prehistory",2
"females",2
"maiden",2
"occupational",2
"eventually",2
"retained",2
"intensive",2
"acculturated",2
"just",2
"benavides",2
"fagan",2
"stresses",2
"wattle",2
"flakes",2
"oklahoma",2
"appear",2
"highest",2
"yard",2
"charcoal",2
"tn",2
"diachronic",2
"arrived",2
"closely",2
"distribution",2
"lead",2
"traditionally",2
"midden",2
"mapping",2
"pitchers",2
"seven",2
"ornaments",2
"deeb",2
"commoners",2
"unpainted",2
"shoes",2
"correlates",2
"academic",2
"ceramica",2
"further",2
"viewed",2
"dispersal",2
"metals",2
"rainforest",2
"refuge",2
"wide",2
"postconquest",2
"hicks",2
"kitchen",2
"eurocentrism",2
"xix",2
"nichols",2
"participation",2
"future",2
"received",2
"sculpture",2
"limestone",2
"belmopan",2
"tool",2
"emphasis",2
"nine",2
"invisible",2
"significantly",2
"juveniles",2
"knowledge",2
"reduction",2
"revealed",2
"gender",2
"armadillo",2
"literature",2
"millet",2
"refined",2
"policies",2
"demonstrates",2
"wells",2
"pachuca",2
"middle",2
"proliferation",2
"danforth",2
"il",2
"tecoh",2
"unslipped",2
"lithics",2
"approach",2
"thread",2
"good",2
"least",2
"transculturation",2
"stick",2
"hard",2
"negligible",2
"distances",2
"revolution",2
"suggest",2
"politically",2
"stiver",2
"chacmool",2
"izalco",2
"nashville",2
"republics",2
"decline",2
"boundaries",2
"ramada",2
"always",2
"managed",2
"paid",2
"digging",2
"subsequently",2
"snails",2
"therefore",2
"pertaining",2
"processual",2
"statuses",2
"partially",2
"absence",2
"vanderbilt",2
"various",2
"chase",2
"mayor",2
"short",2
"overall",2
"interiors",2
"revolt",2
"edges",2
"islands",2
"domingo",2
"restall",2
"paint",2
"settings",2
"templo",2
"structural",2
"hearthstones",2
"southeast",2
"single",2
"vicinity",2
"edited",2
"relied",2
"museum",2
"wake",2
"interment",2
"zabala",2
"england",2
"technology",2
"degradation",2
"alberti",2
"processing",2
"light",2
"rectangular",2
"wright",2
"gutiACrrez",2
"bar",2
"cerA!mica",2
"awe",2
"faA?ade",2
"seated",2
"volume",2
"tlaxcalan",2
"walled",2
"participated",2
"olivares",2
"others",2
"similarly",2
"hearths",2
"decorative",2
"motifs",2
"experienced",2
"arqueologA-as",2
"consumo",2
"treatment",2
"villa",2
"plan",2
"appeared",2
"archaeopress",2
"grave",2
"aparicio",2
"farming",2
"belizean",2
"considerable",2
"discussed",2
"mesoamenca",2
"sweat",2
"do",2
"road",2
"obscures",2
"developing",2
"purposes",2
"homenaje",2
"norms",2
"teeth",2
"wood",2
"mill",2
"ecology",2
"forest",2
"subsistence",2
"crown",2
"private",2
"collecting",2
"situated",2
"examples",2
"turkey",2
"tulane",2
"locate",2
"navajas",2
"europeans",2
"lemus",2
"facades",2
"traded",2
"mortar",2
"prevailed",2
"excavaciones",2
"causes",2
"tips",2
"exhibited",2
"rare",2
"styles",2
"radiocarbon",2
"previous",2
"literate",2
"hinges",2
"tiles",2
"wilson",2
"yamala",2
"histA3ricos",2
"essay",2
"faces",2
"straps",2
"symposium",2
"defensive",2
"caribbean",2
"would",2
"enclosures",2
"collected",2
"provides",2
"men",2
"izalcos",2
"migrants",2
"graves",2
"facing",2
"mathews",2
"toledo",2
"chapel",2
"constructing",2
"feet",2
"become",2
"topics",2
"alvarado",2
"otomi",2
"learn",2
"morris",2
"conquista",2
"modifications",2
"attention",2
"cA!mara",2
"dietary",2
"paredes",2
"carried",2
"wage",2
"para",2
"leveled",2
"disruption",2
"belonged",2
"tuxtla",2
"peonage",2
"science",2
"movements",2
"yaxha",2
"ecological",2
"usually",2
"outsiders",2
"maps",2
"chicken",2
"arrow",2
"conch",2
"noh",2
"lines",2
"deaths",2
"widespread",2
"empire",2
"success",2
"deposit",2
"vargas",2
"returned",2
"effectively",2
"canada",2
"achieve",2
"dead",2
"resemble",2
"guatemalan",2
"addressed",2
"anthropomorphic",2
"environment",2
"abandonment",2
"practice",2
"milner",2
"mentioned",2
"incorporated",2
"ethnoarchaeology",2
"provo",2
"machete",2
"ranch",2
"reconnaissance",2
"set",2
"quickly",2
"natural",2
"logging",2
"rainfall",2
"each",2
"neglected",2
"expanding",2
"slowly",2
"half",2
"regard",2
"visiting",2
"post",2
"then",2
"very",2
"cultivation",2
"sought",2
"cities",2
"examining",2
"differed",2
"distinctive",2
"hamlets",2
"miranda",2
"places",2
"beginning",2
"franciscan",2
"romero",2
"what",2
"indios",2
"combined",2
"plants",2
"orleans",2
"ich",2
"imposed",2
"males",2
"despite",2
"potonchan",2
"earners",2
"problem",2
"ethnography",2
"wiewall",2
"consisting",2
"densities",2
"studying",2
"secure",2
"migrations",2
"explored",2
"chihuitan",2
"almost",2
"u",2
"minimal",2
"bey",2
"morales",2
"contain",2
"conference",2
"tiquibalA3n",2
"mejA-a",2
"larsen",2
"potters",2
"protected",2
"exhibit",2
"diachronie",2
"easy",2
"variability",2
"african",2
"plans",2
"returning",2
"terrace",2
"extended",2
"programs",2
"families",2
"coins",2
"isolated",2
"hilltop",2
"harrison",2
"osumacinta",2
"contrasts",2
"frontiers",2
"finding",2
"conditions",2
"national",2
"trauma",2
"public",2
"actively",2
"americas",2
"dense",2
"states",2
"avila",2
"piece",2
"defined",2
"attempted",2
"supported",2
"territories",2
"km",2
"bell",2
"chicago",2
"create",2
"norman",2
"views",2
"maximum",2
"resist",2
"dos",2
"urns",2
"customs",2
"cordova",1
"paleoethnobotany",1
"exhibiting",1
"contacts",1
"hinders",1
"mimic",1
"puche",1
"barbara",1
"shovel",1
"transportation",1
"hardware",1
"mostly",1
"lesick",1
"brambila",1
"opaque",1
"oriented",1
"residing",1
"morbidity",1
"indicated",1
"stylistic",1
"meaning",1
"armadillos",1
"altamira",1
"corporate",1
"santley",1
"A2elf",1
"integrating",1
"faced",1
"differentials",1
"morphology",1
"pacaco",1
"everyone",1
"deserve",1
"affected",1
"tuscaloosa",1
"lartigue",1
"importaciA3n",1
"intriguing",1
"resisting",1
"methodologies",1
"tracked",1
"measures",1
"mendoza",1
"miguel",1
"adoption",1
"jungle",1
"considerably",1
"enclosing",1
"utility",1
"string",1
"pushed",1
"distributed",1
"crossing",1
"debris",1
"entirely",1
"conversion",1
"coals",1
"stripped",1
"needed",1
"lesions",1
"burton",1
"miners",1
"missionization",1
"christianize",1
"tributary",1
"ana",1
"kinds",1
"rethink",1
"tend",1
"designed",1
"extant",1
"mapa",1
"map",1
"handles",1
"direct",1
"tzeltal",1
"english",1
"postdate",1
"continent",1
"ways",1
"shoe",1
"chichen",1
"soap",1
"nixtun",1
"rear",1
"intermittent",1
"saltwater",1
"socioACtnicas",1
"inference",1
"monolithic",1
"ramifications",1
"duke",1
"conclusive",1
"ideals",1
"acceptance",1
"iamsi",1
"backs",1
"policy",1
"undertaken",1
"geometric",1
"fixed",1
"siglos",1
"lakeshores",1
"necessarily",1
"sheltered",1
"mainland",1
"pose",1
"cited",1
"total",1
"houck",1
"uncut",1
"ae",1
"onset",1
"impermanent",1
"habib",1
"moving",1
"buffer",1
"revision",1
"tripod",1
"macanche",1
"vegetation",1
"encomienda",1
"pilas",1
"efficacy",1
"fires",1
"highlight",1
"factional",1
"rorida",1
"horizontal",1
"mangroves",1
"cast",1
"frente",1
"upland",1
"complements",1
"transitions",1
"perusal",1
"exacting",1
"marco",1
"stoneware",1
"every",1
"walnut",1
"defects",1
"management",1
"net",1
"supposedly",1
"corrals",1
"universitv",1
"palisade",1
"orchards",1
"baptismal",1
"famsi",1
"targa",1
"mastache",1
"conflicted",1
"convert",1
"wane",1
"colors",1
"taken",1
"rested",1
"military",1
"meters",1
"entangled",1
"concentrated",1
"vols",1
"opted",1
"terrain",1
"initially",1
"holdovers",1
"font",1
"advanced",1
"nature",1
"definition",1
"cuscatlan",1
"sculpted",1
"kerosene",1
"doman",1
"shaped",1
"oval",1
"oat",1
"hispanoamericanos",1
"cenote",1
"rrjasonry",1
"flowers",1
"tradition",1
"wooden",1
"refugee",1
"agrarian",1
"advantage",1
"uneasy",1
"accompanied",1
"enduring",1
"prismatic",1
"geopolitics",1
"maguey",1
"compounds",1
"quinto",1
"bead",1
"maiolica",1
"rich",1
"oyster",1
"follows",1
"monzA3n",1
"ephemeral",1
"disappearance",1
"xxi",1
"A?e",1
"reed",1
"hundred",1
"entered",1
"court",1
"room",1
"quincentenary",1
"debt",1
"ttencoa",1
"dominico",1
"feature",1
"patterned",1
"friezes",1
"separated",1
"newell",1
"precisely",1
"chiefdoms",1
"gifts",1
"physical",1
"heating",1
"poniente",1
"china",1
"ruined",1
"pertains",1
"declines",1
"behind",1
"guards",1
"anemiainduced",1
"visibility",1
"cholula",1
"politico",1
"posts",1
"springei",1
"slip",1
"terraced",1
"cathedrals",1
"episodes",1
"depending",1
"dearth",1
"heaped",1
"bbmf",1
"plain",1
"crocodile",1
"recorded",1
"huejotzingo",1
"albeit",1
"restauraciA3n",1
"bird",1
"anuario",1
"patronato",1
"abrams",1
"celts",1
"slips",1
"draw",1
"rests",1
"victims",1
"apple",1
"design",1
"jack",1
"ornamentation",1
"intentionality",1
"celilac",1
"determined",1
"outlying",1
"machinery",1
"sixteenth",1
"securely",1
"tracing",1
"exhibits",1
"soils",1
"mamey",1
"establishing",1
"foreigners",1
"feinman",1
"lodging",1
"agrA-colas",1
"consumers",1
"occupy",1
"crossed",1
"ovens",1
"sA!nchez",1
"cornfields",1
"apart",1
"reassessing",1
"except",1
"mum",1
"far",1
"owners",1
"genetic",1
"redefining",1
"ziiz",1
"facto",1
"nd",1
"inexpensive",1
"chronic",1
"taA?acurv",1
"warfare",1
"deserted",1
"kim",1
"sand",1
"arnauld",1
"collection",1
"government",1
"doershuck",1
"inventory",1
"attract",1
"localized",1
"colonized",1
"bot",1
"repeatedly",1
"arqueolA3gica",1
"interments",1
"earden",1
"balderas",1
"icons",1
"squash",1
"chapters",1
"includes",1
"accessible",1
"domesticated",1
"comprehending",1
"collapse",1
"halted",1
"differential",1
"carasco",1
"habitants",1
"southwestern",1
"influx",1
"lacandA3n",1
"nn",1
"modify",1
"severe",1
"difficulties",1
"dynamics",1
"suarez",1
"accounted",1
"pursue",1
"poblaciA3n",1
"eating",1
"consumed",1
"alternately",1
"illustrates",1
"attesting",1
"sediment",1
"integral",1
"invaders",1
"scarce",1
"neighbors",1
"subdue",1
"ear",1
"mixed",1
"raises",1
"naj",1
"heterogeneity",1
"leaf",1
"tied",1
"materially",1
"realization",1
"cadiz",1
"militarily",1
"media",1
"nobleza",1
"utilizes",1
"colanders",1
"extensively",1
"mass",1
"narratives",1
"arena",1
"z",1
"slabs",1
"estimates",1
"aligned",1
"rank",1
"pelvis",1
"sanders",1
"clay",1
"developments",1
"foumier",1
"overseers",1
"lacamtun",1
"hispanic",1
"amount",1
"subjects",1
"differently",1
"modernity",1
"generated",1
"comparativo",1
"served",1
"itza",1
"left",1
"unchanged",1
"effective",1
"antronoioeA-a",1
"witnessed",1
"misleading",1
"chilo",1
"cacalchcn",1
"salto",1
"profit",1
"died",1
"undertaking",1
"barracks",1
"storage",1
"identifications",1
"ruerno",1
"chichACn",1
"kaolin",1
"walkways",1
"dry",1
"borg",1
"ecosystems",1
"details",1
"hasty",1
"sun",1
"traditions",1
"william",1
"document",1
"pointing",1
"edifices",1
"adult",1
"nuanced",1
"hallazgos",1
"azteca",1
"inundations",1
"dust",1
"interntional",1
"babies",1
"neutral",1
"menda",1
"newer",1
"alabama",1
"toltec",1
"book",1
"oj",1
"failed",1
"mechanisms",1
"assessed",1
"poor",1
"online",1
"pacA-ficos",1
"fort",1
"escaped",1
"philadelphia",1
"adequate",1
"pendant",1
"explorations",1
"essential",1
"neff",1
"plotted",1
"espacio",1
"without",1
"assessment",1
"expected",1
"skowronek",1
"card",1
"erwin",1
"elaborate",1
"links",1
"purely",1
"remedios",1
"hallow",1
"destroy",1
"centroamericanos",1
"centered",1
"highlands",1
"stuccoed",1
"convent",1
"pit",1
"sort",1
"disjunction",1
"organizing",1
"kulle",1
"square",1
"serra",1
"vida",1
"censer",1
"biggest",1
"radius",1
"jailhouse",1
"responded",1
"alec",1
"pinpoint",1
"una",1
"ce",1
"opportunity",1
"emal",1
"granted",1
"salpetACn",1
"supplement",1
"completing",1
"ex",1
"tical",1
"A ",1
"matures",1
"entre",1
"adjustments",1
"derived",1
"migrated",1
"reconstructions",1
"kilns",1
"ix",1
"witness",1
"nos",1
"creek",1
"stein",1
"floodplain",1
"obsidiana",1
"margaritas",1
"productive",1
"subjugated",1
"divided",1
"gathering",1
"webster",1
"wash",1
"reason",1
"modified",1
"towers",1
"worlds",1
"discernible",1
"nor",1
"finer",1
"sevilla",1
"temprano",1
"monumental",1
"facilitated",1
"soon",1
"clearings",1
"want",1
"stand",1
"hematite",1
"praise",1
"consider",1
"underdeveloped",1
"posclA!sico",1
"continuidad",1
"mean",1
"itinerant",1
"clergy",1
"emergence",1
"watchtowers",1
"handled",1
"iguana",1
"section",1
"informe",1
"lighting",1
"congregate",1
"elevated",1
"mayapan",1
"impact",1
"reexamination",1
"lances",1
"restricted",1
"truncation",1
"benefited",1
"orientation",1
"fashioned",1
"underwater",1
"delta",1
"exploited",1
"lithic",1
"oi",1
"follow",1
"cemented",1
"conquistador",1
"shed",1
"isolation",1
"followed",1
"position",1
"comprising",1
"jutes",1
"stark",1
"surge",1
"baths",1
"mortis",1
"reconsideration",1
"mix",1
"ming",1
"altos",1
"muerte",1
"perA-odos",1
"dominant",1
"care",1
"xaltocan",1
"antecedents",1
"dug",1
"coincide",1
"preference",1
"suggested",1
"print",1
"drawing",1
"cut",1
"advocated",1
"artistic",1
"desarollo",1
"espaA?ola",1
"luckily",1
"result",1
"nicely",1
"mangos",1
"bl",1
"came",1
"rivals",1
"ocelocalcao",1
"chunks",1
"underrepresented",1
"concentration",1
"abandoning",1
"allow",1
"plum",1
"shupan",1
"uncovering",1
"franciscans",1
"reexamined",1
"portable",1
"appearance",1
"six",1
"interconnectedness",1
"difficulty",1
"hands",1
"search",1
"secuencia",1
"frye",1
"oil",1
"kinkead",1
"attack",1
"nistory",1
"speaker",1
"resembles",1
"conspicuous",1
"outcrops",1
"camneche",1
"demands",1
"tinajas",1
"fishing",1
"altas",1
"infrequent",1
"austin",1
"koman",1
"mistakenly",1
"ncf",1
"carolina",1
"chisels",1
"arched",1
"tunich",1
"kettles",1
"survivors",1
"str",1
"illuminated",1
"medicines",1
"dyes",1
"pavements",1
"mined",1
"perception",1
"term",1
"malnutrition",1
"companion",1
"zborover",1
"reptile",1
"neighboring",1
"traced",1
"traits",1
"durham",1
"subsisted",1
"choices",1
"cuts",1
"circular",1
"tariacuri",1
"keywords",1
"appears",1
"pitting",1
"final",1
"boyd",1
"persons",1
"venue",1
"meet",1
"applied",1
"scale",1
"intertwined",1
"grounds",1
"grosjean",1
"iicamaya",1
"xvii",1
"pitted",1
"siris",1
"perform",1
"stews",1
"compare",1
"lakam",1
"bow",1
"source",1
"heavily",1
"drain",1
"freidel",1
"gallaga",1
"briefly",1
"warriors",1
"aspects",1
"pigs",1
"taxes",1
"serpent",1
"christianity",1
"hierarchies",1
"products",1
"hog",1
"bajas",1
"unequal",1
"designation",1
"spheres",1
"lope",1
"interface",1
"charred",1
"line",1
"elisa",1
"alcohol",1
"borejsza",1
"introducciA3n",1
"zoomorphic",1
"douglas",1
"scatters",1
"ditches",1
"dzibchen",1
"preferred",1
"framed",1
"protein",1
"zapote",1
"yacimiento",1
"nc",1
"differ",1
"attacked",1
"occupants",1
"sweitz",1
"drew",1
"purpose",1
"discusses",1
"rigor",1
"evidencia",1
"kirn",1
"shallower",1
"aged",1
"recientes",1
"tip",1
"bowl",1
"preserving",1
"caching",1
"campechana",1
"precipitated",1
"categories",1
"buckets",1
"northwest",1
"obscured",1
"jaen",1
"rojas",1
"relevance",1
"inclusions",1
"zacpeten",1
"propatrimonio",1
"call",1
"ethnohistoric",1
"schwartz",1
"subdivide",1
"rise",1
"employed",1
"gonzA!lez",1
"realms",1
"ake",1
"fieldwork",1
"anthrodoloev",1
"interpreted",1
"aA?il",1
"horizon",1
"enhances",1
"aproximaciA3n",1
"wheat",1
"clearance",1
"eccentric",1
"bodies",1
"massacre",1
"foci",1
"violent",1
"earth",1
"asymmetries",1
"bibliographies",1
"olson",1
"reoccupy",1
"concentrates",1
"exemplary",1
"sparsely",1
"reclaims",1
"officials",1
"optimal",1
"habitations",1
"harper",1
"drums",1
"commerce",1
"stela",1
"caused",1
"pens",1
"below",1
"useful",1
"huexotla",1
"mopila",1
"pearsall",1
"collins",1
"oftikal",1
"hiding",1
"involve",1
"tempe",1
"holes",1
"josAC",1
"trading",1
"box",1
"catholic",1
"le",1
"http",1
"chiclero",1
"melted",1
"fuentes",1
"conquistadores",1
"night",1
"family",1
"encompasses",1
"teams",1
"cists",1
"quechula",1
"retaluleu",1
"migration",1
"concerns",1
"mepda",1
"bottle",1
"bridge",1
"assimilate",1
"arquitectura",1
"transfer",1
"industry",1
"feraza",1
"milagro",1
"suasnA!var",1
"peace",1
"dramatic",1
"reside",1
"ancestors",1
"alluvial",1
"portions",1
"guatemaltecos",1
"differing",1
"mixing",1
"ewen",1
"methodological",1
"gridded",1
"strontium",1
"barely",1
"indigena",1
"scott",1
"seed",1
"evanston",1
"progress",1
"hix",1
"filling",1
"estates",1
"multicolored",1
"rodseth",1
"joel",1
"bananas",1
"value",1
"newly",1
"bloque",1
"preliminary",1
"structuring",1
"pot",1
"pomacea",1
"reducing",1
"dictated",1
"unidentifiable",1
"uaxaca",1
"avoid",1
"contacted",1
"smashed",1
"nations",1
"replacing",1
"chronological",1
"portion",1
"llc",1
"delve",1
"mopilA!",1
"kitchens",1
"highlights",1
"panoramic",1
"noteworthy",1
"role",1
"evidencias",1
"arrangement",1
"teozacoalco",1
"chains",1
"reduced",1
"stronger",1
"trabajo",1
"unshaped",1
"authorities",1
"noble",1
"bringing",1
"boards",1
"polished",1
"rope",1
"gather",1
"separation",1
"materiales",1
"incentives",1
"hide",1
"synthesis",1
"subject",1
"horses",1
"limited",1
"representaciones",1
"flowery",1
"nearly",1
"locking",1
"intensively",1
"formative",1
"dwellings",1
"expanded",1
"bond",1
"interactions",1
"railway",1
"drilled",1
"targeted",1
"parque",1
"movement",1
"rebellions",1
"agouti",1
"avian",1
"parker",1
"needles",1
"mammal",1
"relationship",1
"label",1
"percentage",1
"pantanos",1
"guide",1
"mexicanos",1
"once",1
"contributing",1
"layouts",1
"competition",1
"modification",1
"incursion",1
"laminai",1
"jpalka",1
"flake",1
"fascinating",1
"hollingshead",1
"cambio",1
"tremendous",1
"suited",1
"represents",1
"natividad",1
"accident",1
"counterparts",1
"sex",1
"ring",1
"sociocultural",1
"god",1
"us",1
"termination",1
"nahuas",1
"favorable",1
"tortilla",1
"oven",1
"index",1
"specimens",1
"coeval",1
"imitate",1
"turtles",1
"assimilation",1
"fringes",1
"home",1
"enigmatic",1
"indebted",1
"papaloapan",1
"complete",1
"pasado",1
"saw",1
"refine",1
"rabbit",1
"glazing",1
"outlined",1
"nonindigenous",1
"html",1
"accelerated",1
"flight",1
"wisconsin",1
"demarest",1
"confirmed",1
"plastered",1
"garland",1
"reliance",1
"truncated",1
"operations",1
"salinas",1
"ringle",1
"sacked",1
"declining",1
"airstrip",1
"street",1
"members",1
"oral",1
"fire",1
"gain",1
"shark",1
"ladinoization",1
"peccaries",1
"houston",1
"buttons",1
"business",1
"bat",1
"childhood",1
"figure",1
"height",1
"toward",1
"academy",1
"drink",1
"procured",1
"safety",1
"flat",1
"spear",1
"yucatecos",1
"ban",1
"dissertations",1
"usefulness",1
"husbandry",1
"cultivated",1
"communal",1
"anthrodoloeist",1
"fact",1
"locational",1
"shows",1
"outskirts",1
"glazes",1
"preserve",1
"toll",1
"temples",1
"xii",1
"blocks",1
"overhead",1
"copied",1
"beliefs",1
"wine",1
"abstract",1
"coneta",1
"distance",1
"doors",1
"choice",1
"scar",1
"rebuilding",1
"contradict",1
"governed",1
"scallop",1
"diverse",1
"nucleated",1
"forging",1
"grows",1
"olimpo",1
"feasting",1
"variation",1
"pennsylvania",1
"fashion",1
"flotation",1
"suasnavar",1
"snail",1
"markets",1
"removal",1
"depict",1
"honor",1
"depopulation",1
"ruler",1
"anthropologist",1
"never",1
"reproductive",1
"calabash",1
"faucets",1
"reconstructing",1
"santiago",1
"covered",1
"threads",1
"model",1
"desde",1
"keys",1
"tortillas",1
"archaeobotanical",1
"torches",1
"cobalt",1
"yaxcaba",1
"timing",1
"income",1
"hinterlands",1
"flares",1
"nance",1
"surveillance",1
"confrontation",1
"hides",1
"containers",1
"nx",1
"por",1
"poles",1
"plugs",1
"nueva",1
"preparation",1
"books",1
"conquer",1
"tun",1
"cogently",1
"threats",1
"perros",1
"glassware",1
"railways",1
"entrepreneurial",1
"website",1
"candleholder",1
"tlaxcala",1
"helmke",1
"chickens",1
"vitrified",1
"interpreting",1
"porfirian",1
"molding",1
"mats",1
"sight",1
"aggregation",1
"crystals",1
"technologies",1
"greatest",1
"xiii",1
"encounter",1
"explotaciA3n",1
"discussion",1
"heralded",1
"invested",1
"crudely",1
"decimation",1
"hnA hnudel",1
"comprise",1
"assemblages",1
"discovery",1
"completed",1
"tipo",1
"virgin",1
"despues",1
"catholicism",1
"communidades",1
"diferencias",1
"killing",1
"depended",1
"allison",1
"stables",1
"collided",1
"profesor",1
"ruling",1
"cenizas",1
"sap",1
"samples",1
"asentamiento",1
"skeletal",1
"top",1
"singlefamily",1
"lately",1
"columnar",1
"combining",1
"pedestals",1
"redistribution",1
"pari",1
"dye",1
"rivers",1
"emphasize",1
"maria",1
"infusing",1
"ideas",1
"origin",1
"submitted",1
"catalyst",1
"hillslopes",1
"karst",1
"variables",1
"arboriculture",1
"examination",1
"untaming",1
"legal",1
"congregation",1
"eight",1
"observed",1
"marroquin",1
"chancel",1
"shelter",1
"described",1
"jornaleros",1
"lado",1
"charge",1
"negotiating",1
"breton",1
"meanings",1
"clear",1
"A2aa",1
"estuarine",1
"adding",1
"welcomed",1
"spot",1
"language",1
"arqueA3logos",1
"entrances",1
"spearheads",1
"chocolate",1
"revolve",1
"zotz",1
"superstructure",1
"macal",1
"held",1
"defense",1
"citv",1
"tubes",1
"allowed",1
"wellconstructed",1
"characterized",1
"fiesta",1
"prehispA!nicos",1
"huts",1
"skulls",1
"reconstructed",1
"cache",1
"filled",1
"mammals",1
"probable",1
"gillot",1
"running",1
"leventhal",1
"dell",1
"standard",1
"zamora",1
"copanaguastla",1
"excavating",1
"rails",1
"cambios",1
"quick",1
"artificial",1
"proclaim",1
"domed",1
"intercommunity",1
"mejia",1
"roofs",1
"carelessly",1
"escuela",1
"parallel",1
"evolutionary",1
"ole",1
"coral",1
"viewpoint",1
"craft",1
"relation",1
"exported",1
"narrow",1
"combatants",1
"roo",1
"correlated",1
"greatly",1
"overcropping",1
"agave",1
"scissors",1
"ib",1
"plate",1
"availability",1
"resettlement",1
"cluney",1
"artillerA-a",1
"scarborough",1
"wanted",1
"southwest",1
"pipe",1
"purACpecha",1
"geography",1
"carapace",1
"foro",1
"destruction",1
"postholes",1
"anchored",1
"responsibility",1
"caches",1
"basically",1
"quarter",1
"espaA?oles",1
"peterson",1
"musket",1
"hope",1
"footings",1
"pyburn",1
"division",1
"arcnaeoiogy",1
"reluctant",1
"tardA-o",1
"infants",1
"mestizos",1
"contributes",1
"indentured",1
"dealing",1
"factors",1
"route",1
"accepting",1
"twelve",1
"tests",1
"escaping",1
"izamal",1
"assigned",1
"routledee",1
"tecomates",1
"lip",1
"copal",1
"abundance",1
"characteristics",1
"behaviors",1
"flower",1
"today",1
"note",1
"decomposed",1
"cow",1
"succinctly",1
"independiente",1
"bake",1
"independent",1
"five",1
"predio",1
"vision",1
"rebelling",1
"practical",1
"creA3les",1
"ojeda",1
"begin",1
"select",1
"falk",1
"vertical",1
"surveying",1
"whistles",1
"primarily",1
"zaleos",1
"topoxte",1
"army",1
"chinautla",1
"directions",1
"rethinking",1
"force",1
"clA!sico",1
"parsons",1
"addicted",1
"requests",1
"diaspora",1
"cementerio",1
"mava",1
"bermuda",1
"consolidation",1
"privileges",1
"traveled",1
"pye",1
"settled",1
"ad",1
"literacy",1
"hendrickson",1
"quite",1
"existed",1
"philosophies",1
"united",1
"litica",1
"enamel",1
"disk",1
"expansionism",1
"supporting",1
"ceramico",1
"rim",1
"face",1
"gonzalez",1
"articles",1
"shift",1
"investigate",1
"sociedad",1
"seat",1
"thick",1
"quilombo",1
"rises",1
"considered",1
"chests",1
"anACeles",1
"durability",1
"detail",1
"hearts",1
"undertook",1
"shaw",1
"alrededores",1
"crisp",1
"deposited",1
"nikincnei",1
"heavy",1
"caobal",1
"lakeshore",1
"tello",1
"indeterminate",1
"mccafferty",1
"ornate",1
"civilizations",1
"conclusion",1
"paz",1
"porcelains",1
"brass",1
"complexity",1
"colonists",1
"interacciA3n",1
"leA3n",1
"pueblos",1
"surround",1
"patios",1
"must",1
"founded",1
"complexes",1
"asentamientos",1
"demonstrate",1
"wear",1
"utilitaria",1
"painting",1
"reinforced",1
"htm",1
"extension",1
"municipality",1
"bush",1
"parroauia",1
"jA?o",1
"slope",1
"fluctuating",1
"bronze",1
"industria",1
"temporal",1
"palace",1
"trenches",1
"huasteca",1
"intensely",1
"doi",1
"acquisitions",1
"sciences",1
"here",1
"appreciation",1
"satellite",1
"refinery",1
"cover",1
"downfall",1
"estate",1
"hardwood",1
"berkeley",1
"sloan",1
"enters",1
"strainers",1
"apsidal",1
"intellectual",1
"stem",1
"regiA3n",1
"frequency",1
"flint",1
"lamp",1
"jorge",1
"maritime",1
"pionero",1
"variable",1
"believe",1
"illnesses",1
"banerjee",1
"unknown",1
"accommodate",1
"alfarerA-a",1
"websites",1
"coring",1
"brick",1
"argue",1
"hammer",1
"intrusion",1
"abdomen",1
"report",1
"iii",1
"tojolabal",1
"gareth",1
"alternatively",1
"markman",1
"blasA-",1
"linked",1
"relocate",1
"bellicose",1
"pebbles",1
"plazas",1
"edible",1
"benefit",1
"separating",1
"aztecs",1
"build",1
"identities",1
"lacandona",1
"stamped",1
"expel",1
"bedrock",1
"necessitating",1
"living",1
"turned",1
"facultv",1
"conacultainstituto",1
"ditch",1
"researching",1
"camps",1
"whereabouts",1
"tensun",1
"altars",1
"diversified",1
"surpluses",1
"killed",1
"fuller",1
"casting",1
"iximche",1
"lands",1
"seals",1
"spatial",1
"coffee",1
"volcanic",1
"terms",1
"doorways",1
"stability",1
"offering",1
"references",1
"rebellion",1
"coast",1
"together",1
"cause",1
"particular",1
"relocations",1
"barrios",1
"bivalves",1
"nascent",1
"sus",1
"artifactual",1
"inputs",1
"ethnological",1
"shortages",1
"adaptation",1
"chau",1
"medrano",1
"coyote",1
"weights",1
"incised",1
"prestige",1
"extract",1
"thousands",1
"account",1
"tarascans",1
"olti",1
"imperial",1
"property",1
"influenced",1
"encounters",1
"andres",1
"telltale",1
"scenarios",1
"nuances",1
"threat",1
"adorned",1
"port",1
"mcneil",1
"garbage",1
"cluster",1
"foreword",1
"latino",1
"unbaptized",1
"souls",1
"varieties",1
"friary",1
"level",1
"owner",1
"bath",1
"entrance",1
"recognition",1
"multiple",1
"ine",1
"reported",1
"garraty",1
"sharer",1
"uncolonized",1
"quartzite",1
"prevalent",1
"africans",1
"centro",1
"republic",1
"november",1
"dental",1
"uic",1
"xliv",1
"predecessors",1
"administration",1
"clancy",1
"hayden",1
"navarrete",1
"commodities",1
"possessions",1
"pitcher",1
"obtain",1
"reconstruct",1
"comitan",1
"rotting",1
"palms",1
"wilderness",1
"writing",1
"goals",1
"fortresses",1
"postcolonial",1
"aguada",1
"varied",1
"relates",1
"crosscultural",1
"come",1
"shores",1
"shards",1
"cuadernos",1
"formation",1
"layers",1
"ultimately",1
"underworld",1
"sistemas",1
"differentiation",1
"fisica",1
"argues",1
"austerity",1
"ignored",1
"electronic",1
"decimated",1
"trusted",1
"jerA3nimo",1
"glascock",1
"kingdom",1
"decrease",1
"paradigm",1
"fcelilac",1
"expressions",1
"beyond",1
"continuance",1
"aware",1
"juli",1
"piracy",1
"origines",1
"armstrong",1
"course",1
"joined",1
"fauna",1
"ACtnico",1
"usa",1
"peninsular",1
"sigio",1
"green",1
"regime",1
"manufacture",1
"product",1
"bear",1
"voorhies",1
"involving",1
"attributes",1
"earthen",1
"wedges",1
"morelos",1
"off",1
"inequalities",1
"philosophy",1
"organ",1
"tributaries",1
"madison",1
"roughly",1
"reorganized",1
"resolve",1
"enclosed",1
"nonhistorical",1
"flooding",1
"needs",1
"treats",1
"besides",1
"sinkholes",1
"cached",1
"assumed",1
"drying",1
"iglesia",1
"price",1
"interdisciplinary",1
"handmaiden",1
"quintana",1
"marxist",1
"mansilla",1
"cacalchACn",1
"reached",1
"geographical",1
"debate",1
"yaxcabd",1
"methodology",1
"texts",1
"exclusively",1
"import",1
"northwestern",1
"corn",1
"auxiliaries",1
"impress",1
"images",1
"immediately",1
"technological",1
"cross",1
"assists",1
"profiles",1
"histA3rico",1
"connor",1
"southeastern",1
"doing",1
"devastated",1
"mistaken",1
"close",1
"utz",1
"bury",1
"major",1
"occur",1
"gourd",1
"elucidation",1
"willis",1
"mimics",1
"gold",1
"exercise",1
"ollas",1
"histA3ricaarqueolA3gica",1
