"WORDCOUNTS","WEIGHT"
"of",613
"and",578
"the",487
"in",366
"a",232
"to",231
"ceramic",167
"that",115
"pottery",114
"is",110
"on",108
"for",100
"analysis",96
"p",95
"are",94
"or",79
"as",79
"m",78
"be",71
"g",69
"j",67
"pp",63
"style",62
"by",61
"from",60
"this",59
"e",56
"s",56
"have",56
"archaeology",54
"with",51
"c",51
"b",50
"these",50
"use",50
"it",49
"archaeological",48
"function",47
"i",46
"an",44
"w",43
"ceramics",42
"press",42
"american",41
"r",39
"been",39
"studies",38
"eds",37
"not",37
"university",35
"materials",34
"which",34
"d",33
"ed",32
"vessel",32
"pots",31
"research",31
"has",31
"et",29
"see",29
"can",29
"one",28
"approaches",28
"production",28
"society",28
"skibo",28
"cooking",28
"schiffer",28
"recent",28
"was",27
"origins",27
"surface",27
"new",27
"styles",27
"vessels",27
"analyses",26
"were",26
"may",26
"al",26
"but",26
"more",26
"also",26
"other",26
"stylistic",25
"study",25
"rice",25
"residues",24
"at",23
"review",23
"such",22
"their",22
"technology",22
"different",22
"among",22
"archaeologists",21
"l",21
"they",20
"most",20
"prehistoric",20
"example",20
"about",20
"antiquity",20
"vol",19
"thermal",19
"into",18
"there",18
"some",18
"pot",18
"we",18
"current",18
"all",17
"than",17
"general",17
"change",17
"two",17
"only",17
"cambridge",17
"ethnoarchaeology",16
"those",16
"journal",16
"exterior",16
"issues",16
"contents",15
"rather",15
"ancient",15
"uses",15
"experimental",15
"questions",15
"so",15
"science",15
"what",15
"theory",15
"early",15
"if",14
"kolb",14
"properties",14
"heron",14
"oxford",14
"potters",14
"because",14
"evershed",14
"functional",13
"vandiver",13
"design",13
"no",13
"k",13
"literature",13
"several",13
"many",13
"discussion",13
"o",12
"bronitsky",12
"interior",12
"field",12
"techniques",12
"water",12
"surfaces",12
"longacre",12
"why",12
"series",12
"classification",12
"heating",11
"within",11
"context",11
"papers",11
"my",11
"perspectives",11
"fact",11
"present",11
"ecology",11
"another",11
"effectiveness",11
"attention",11
"methods",11
"proceedings",11
"between",11
"arizona",11
"organic",10
"first",10
"interest",10
"earlier",10
"perspective",10
"deal",10
"however",10
"f",10
"decorative",10
"do",10
"acids",10
"findings",10
"food",10
"anthropology",10
"resistance",10
"evidence",10
"roles",10
"way",9
"lipid",9
"treatments",9
"neitzel",9
"had",9
"well",9
"part",9
"its",9
"deboer",9
"second",9
"etc",9
"edited",9
"treatment",9
"residue",9
"potter",9
"art",9
"researchers",9
"subject",9
"specific",9
"much",9
"technological",9
"ethnoarchaeological",8
"case",8
"conkey",8
"behavior",8
"chapters",8
"application",8
"tucson",8
"freestone",8
"york",8
"how",8
"mcgovern",8
"view",8
"found",8
"international",8
"cultural",8
"data",8
"approach",8
"order",8
"concerns",8
"kingery",8
"including",8
"laboratory",8
"three",8
"symposium",8
"articles",8
"any",8
"perhaps",8
"texturing",8
"temper",8
"particularly",8
"investigation",8
"terms",8
"distribution",8
"while",8
"world",8
"chemical",8
"although",8
"orton",7
"pittsburgh",7
"introduction",7
"h",7
"might",7
"book",7
"british",7
"even",7
"critique",7
"mrs",7
"observations",7
"important",7
"suggested",7
"method",7
"oh",7
"technical",7
"reid",7
"london",7
"t",7
"social",7
"components",7
"methodological",7
"activities",7
"toward",7
"read",7
"increasingly",7
"bar",7
"analytical",7
"patterns",7
"v",7
"material",7
"maya",7
"ideas",7
"directed",7
"often",7
"charters",7
"united",7
"anthropological",7
"very",7
"liquid",7
"both",7
"through",7
"question",7
"years",7
"conditions",7
"n",7
"fankhauser",7
"major",7
"problem",6
"given",6
"does",6
"now",6
"kinds",6
"true",6
"contexts",6
"revisited",6
"survey",6
"last",6
"functions",6
"druzik",6
"since",6
"storage",6
"biers",6
"performance",6
"traces",6
"commonly",6
"plenum",6
"dc",6
"greater",6
"out",6
"braun",6
"tools",6
"whole",6
"during",6
"characteristics",6
"various",6
"chap",6
"hegmon",6
"museum",6
"shock",6
"ethnographic",6
"decoration",6
"addition",6
"smith",6
"time",6
"analyzed",6
"variables",6
"plant",6
"amino",6
"especially",6
"westerville",6
"archaeometry",6
"topics",6
"who",6
"hastorf",6
"wheeler",6
"then",6
"must",6
"cooling",6
"multiple",6
"washington",6
"include",6
"need",6
"states",6
"carr",6
"north",6
"arnold",6
"should",6
"difficult",5
"over",5
"complex",5
"largely",5
"boulder",5
"history",5
"women",5
"themes",5
"specifically",5
"taken",5
"analogies",5
"experiments",5
"tradition",5
"usually",5
"chromatography",5
"household",5
"abrasion",5
"relationships",5
"development",5
"old",5
"concerning",5
"back",5
"response",5
"mechanical",5
"archaeologist",5
"sassaman",5
"civilization",5
"philadelphia",5
"neff",5
"identification",5
"his",5
"absorbed",5
"consequence",5
"societies",5
"culture",5
"procedures",5
"used",5
"overview",5
"employed",5
"trends",5
"quantification",5
"smithsonian",5
"generally",5
"using",5
"rA?ttlander",5
"will",5
"woods",5
"yet",5
"interpretation",5
"fatty",5
"kalinga",5
"under",5
"processing",5
"choices",5
"experiment",5
"engineering",5
"hoopes",5
"debates",5
"goad",5
"hand",5
"sinopoli",5
"containers",5
"lackey",5
"understanding",5
"investigated",5
"region",5
"processes",5
"meanings",5
"publication",5
"co",5
"institution",5
"widely",5
"kaplan",5
"applications",5
"africa",5
"potteiy",5
"primarily",5
"americanist",5
"sampson",5
"changing",5
"known",5
"physical",5
"organization",5
"books",5
"seem",5
"historical",5
"past",5
"places",5
"particular",5
"property",5
"information",5
"emphasis",5
"transport",5
"variability",5
"devoted",5
"until",5
"models",5
"little",5
"southeastern",5
"affected",4
"likely",4
"ways",4
"mexican",4
"being",4
"ii",4
"implications",4
"seems",4
"reasons",4
"state",4
"westview",4
"resources",4
"initial",4
"century",4
"clay",4
"elements",4
"pores",4
"drawn",4
"paste",4
"informative",4
"media",4
"without",4
"ill",4
"chromatographie",4
"process",4
"wobst",4
"hamer",4
"contributions",4
"plog",4
"firing",4
"developments",4
"prehistory",4
"lister",4
"jars",4
"additional",4
"sterner",4
"shepard",4
"standards",4
"based",4
"could",4
"attrition",4
"recently",4
"produced",4
"near",4
"aspects",4
"anna",4
"artifacts",4
"broad",4
"long",4
"folk",4
"results",4
"he",4
"nonetheless",4
"scientific",4
"limited",4
"interiors",4
"nearly",4
"make",4
"southern",4
"reference",4
"chronology",4
"index",4
"volume",4
"fire",4
"henrickson",4
"ask",4
"consideration",4
"areas",4
"variation",4
"discussed",4
"monographs",4
"where",4
"compositional",4
"deep",4
"assemblage",4
"made",4
"deposits",4
"herbich",4
"refers",4
"trend",4
"dating",4
"authors",4
"points",4
"times",4
"would",4
"period",4
"bollong",4
"provides",4
"exchange",4
"interpretations",4
"southwest",4
"manufacture",4
"brown",4
"today",4
"publishing",4
"types",4
"itself",4
"earliest",4
"addressed",4
"ethnological",4
"complexity",4
"comparison",4
"simply",4
"carbondale",4
"sherds",4
"sciences",4
"natural",4
"each",4
"paper",4
"expanding",4
"interested",4
"person",4
"beginning",4
"making",4
"plants",4
"when",4
"luo",4
"role",4
"our",4
"illinois",4
"carbon",4
"chicago",4
"interaction",4
"focus",4
"symmetry",3
"created",3
"utility",3
"group",3
"identify",3
"stone",3
"constitutes",3
"modern",3
"comparisons",3
"emphasize",3
"before",3
"something",3
"contact",3
"hardin",3
"hally",3
"available",3
"studied",3
"real",3
"concepts",3
"investigations",3
"gibson",3
"evaluation",3
"ethnoarchaeologists",3
"occasional",3
"forthcoming",3
"east",3
"hall",3
"chapter",3
"move",3
"community",3
"waxes",3
"diversity",3
"thus",3
"mine",3
"barnett",3
"cf",3
"jr",3
"expected",3
"learning",3
"pollard",3
"feathers",3
"hold",3
"nor",3
"innovation",3
"david",3
"young",3
"single",3
"consequently",3
"look",3
"bennett",3
"messages",3
"van",3
"via",3
"interesting",3
"levels",3
"eight",3
"direct",3
"coverage",3
"special",3
"animals",3
"factors",3
"means",3
"objects",3
"argued",3
"phosphorus",3
"four",3
"stark",3
"textured",3
"kenya",3
"sherriff",3
"inappropriate",3
"effort",3
"focused",3
"reviews",3
"indirect",3
"appears",3
"hodge",3
"shape",3
"basis",3
"degrees",3
"work",3
"inferred",3
"communication",3
"related",3
"realm",3
"place",3
"inferences",3
"dietler",3
"aztec",3
"midwestern",3
"call",3
"bishop",3
"lange",3
"own",3
"below",3
"useful",3
"indicators",3
"contrast",3
"mediterranean",3
"few",3
"cacao",3
"boundaries",3
"fats",3
"valuable",3
"identified",3
"zubrow",3
"classic",3
"still",3
"southeast",3
"mobile",3
"us",3
"unwin",3
"included",3
"middleton",3
"same",3
"silk",3
"reports",3
"shipibo",3
"published",3
"alteration",3
"actually",3
"bushman",3
"renewed",3
"appeared",3
"considerable",3
"simple",3
"anthropologist",3
"evaporative",3
"manuals",3
"number",3
"interpreting",3
"meetings",3
"technologies",3
"examples",3
"assemblages",3
"formal",3
"medium",3
"concern",3
"causes",3
"actual",3
"continue",3
"decorated",3
"like",3
"article",3
"systems",3
"evolutionary",3
"craft",3
"confidently",3
"relations",3
"ago",3
"hunt",3
"increasing",3
"european",3
"carried",3
"relationship",3
"me",3
"note",3
"domains",3
"hill",3
"began",3
"clays",3
"try",3
"lipids",3
"volumes",3
"life",3
"masca",3
"chachi",3
"permeability",3
"interpretive",3
"contained",3
"elected",3
"comes",3
"conclusion",3
"meat",3
"here",3
"set",3
"control",3
"best",3
"domestic",3
"corrugated",3
"iii",3
"gas",3
"works",3
"better",3
"hyman",3
"spatial",3
"whether",3
"form",3
"references",3
"covers",3
"oils",3
"explored",3
"bey",3
"boiled",3
"affecting",3
"content",3
"oil",3
"denham",3
"analysts",3
"formation",3
"temperature",3
"morphological",3
"mode",3
"course",3
"instead",3
"integrated",3
"effects",3
"spectrometry",3
"contamination",3
"area",3
"needs",3
"text",3
"pool",3
"entire",3
"broader",3
"ca",3
"thorough",3
"ACd",2
"rate",2
"isotopie",2
"metal",2
"south",2
"meaning",2
"groups",2
"integrating",2
"determine",2
"foraging",2
"magnetic",2
"considerably",2
"large",2
"mesoamerica",2
"tend",2
"entries",2
"library",2
"asserted",2
"units",2
"summaries",2
"inference",2
"considerations",2
"collection",2
"western",2
"necessarily",2
"variants",2
"guise",2
"variety",2
"porous",2
"test",2
"band",2
"lower",2
"attribute",2
"either",2
"titles",2
"reentsbudet",2
"give",2
"substances",2
"dunnell",2
"humans",2
"nature",2
"asia",2
"words",2
"handling",2
"principles",2
"crops",2
"daily",2
"conceptualized",2
"soffer",2
"reveal",2
"procedure",2
"marken",2
"analyst",2
"subsequent",2
"somewhat",2
"inferring",2
"intuitive",2
"respond",2
"principal",2
"maniatis",2
"acknowledged",2
"depending",2
"plain",2
"eastern",2
"albeit",2
"primary",2
"mass",2
"america",2
"draw",2
"anasazi",2
"mesa",2
"possible",2
"determined",2
"marked",2
"bibliography",2
"fine",2
"west",2
"taking",2
"variations",2
"point",2
"treating",2
"along",2
"ritual",2
"horticulturalists",2
"brew",2
"stirring",2
"labor",2
"goal",2
"includes",2
"throughout",2
"differential",2
"southwestern",2
"against",2
"de",2
"center",2
"adopted",2
"gendered",2
"assessment",2
"forced",2
"kind",2
"nelson",2
"displays",2
"extraordinary",2
"site",2
"third",2
"publications",2
"compare",2
"pueblo",2
"hodder",2
"spalling",2
"influence",2
"walls",2
"linton",2
"surprisingly",2
"vegetable",2
"whose",2
"acid",2
"across",2
"influential",2
"subsistence",2
"phosphate",2
"proportion",2
"turn",2
"similar",2
"importance",2
"certain",2
"manson",2
"compromises",2
"danger",2
"black",2
"evolution",2
"overlooked",2
"category",2
"experimentally",2
"entry",2
"fast",2
"statistical",2
"india",2
"emergence",2
"latin",2
"section",2
"just",2
"numbers",2
"exteriors",2
"aly",2
"decade",2
"leicester",2
"vestoniA?e",2
"recovered",2
"position",2
"neither",2
"exploitation",2
"calgary",2
"decades",2
"reflections",2
"result",2
"whom",2
"identifying",2
"wares",2
"called",2
"access",2
"relating",2
"behavioral",2
"demands",2
"events",2
"relate",2
"fie",2
"socioeconomics",2
"academic",2
"czechoslovakia",2
"treat",2
"archaeologia",2
"applied",2
"pork",2
"find",2
"wright",2
"directly",2
"having",2
"charred",2
"los",2
"nonspecific",2
"claim",2
"concept",2
"characterization",2
"apparent",2
"decorate",2
"comment",2
"gender",2
"intentionally",2
"loss",2
"older",2
"focuses",2
"anything",2
"signalling",2
"burden",2
"ucla",2
"lithics",2
"chemistry",2
"good",2
"legacy",2
"deniro",2
"stage",2
"tested",2
"coupled",2
"ethnicity",2
"byrne",2
"around",2
"small",2
"mineral",2
"highly",2
"rye",2
"always",2
"up",2
"citations",2
"peculiar",2
"notes",2
"pervasive",2
"inform",2
"am",2
"geographical",2
"fiber",2
"critical",2
"highlights",2
"san",2
"matter",2
"african",2
"economic",2
"imagery",2
"synthesis",2
"service",2
"expansion",2
"barley",2
"harris",2
"millennia",2
"goodyear",2
"petrology",2
"standardization",2
"prove",2
"allen",2
"comments",2
"blinkhorn",2
"seemingly",2
"direction",2
"biological",2
"potsherds",2
"aronson",2
"abundance",2
"serve",2
"soon",2
"continuity",2
"antiauitv",2
"matson",2
"light",2
"hillman",2
"topical",2
"blakely",2
"noted",2
"cerA!mica",2
"critiques",2
"provenience",2
"others",2
"similarly",2
"motifs",2
"experienced",2
"efforts",2
"longer",2
"foodstuffs",2
"occurrence",2
"foods",2
"sayre",2
"inevitably",2
"niwot",2
"farming",2
"end",2
"nuclear",2
"forms",2
"men",2
"conclusions",2
"lull",2
"continuing",2
"less",2
"dolni",2
"council",2
"fewer",2
"frequency",2
"free",2
"impact",2
"degree",2
"local",2
"mills",2
"polona",2
"greatest",2
"range",2
"maritime",2
"limitations",2
"samples",2
"looking",2
"identity",2
"varying",2
"empirical",2
"significant",2
"numerous",2
"prominently",2
"satisfactorily",2
"rands",2
"theoretical",2
"described",2
"canouts",2
"cultura",2
"wobstian",2
"clear",2
"ceasing",2
"held",2
"mexico",2
"serves",2
"after",2
"preservation",2
"repeated",2
"artificial",2
"oxbow",2
"problems",2
"stahl",2
"internal",2
"date",2
"viewpoint",2
"structure",2
"james",2
"differ",2
"spain",2
"versus",2
"relative",2
"corrugation",2
"notis",2
"separate",2
"tests",2
"fairly",2
"provide",2
"sometimes",2
"five",2
"ridings",2
"claimed",2
"begin",2
"andean",2
"directions",2
"seen",2
"collections",2
"rapidly",2
"encrustations",2
"construction",2
"fields",2
"angeles",2
"sections",2
"environment",2
"peoples",2
"soil",2
"scrutiny",2
"der",2
"colorado",2
"resonance",2
"principle",2
"country",2
"specialized",2
"worth",2
"assumed",2
"sampling",2
"appendix",2
"wall",2
"obviously",2
"distinctive",2
"u",2
"type",2
"advances",2
"merely",2
"respect",2
"according",2
"scholarly",2
"alabama",2
"answered",2
"combined",2
"sociology",2
"hoped",2
"artifactual",2
"interval",2
"utilitarian",2
"correlates",2
"extract",2
"institute",2
"too",2
"universe",2
"size",2
"popular",2
"hurst",2
"conference",2
"presented",2
"preserved",2
"extracts",2
"beck",2
"surveys",2
"conclude",2
"despite",2
"intercompared",2
"intended",2
"transition",2
"lies",2
"arguments",2
"manufacturing",2
"varied",2
"contrasts",2
"ignored",2
"finding",2
"authored",2
"finally",2
"jernigan",2
"amphoras",2
"tarka",2
"increased",2
"spalls",2
"archaic",2
"potential",2
"klima",2
"temple",2
"vary",2
"temperatures",2
"substantial",2
"nonhierarchical",2
"valley",2
"traditional",2
"peabody",2
"spectroscopy",2
"comparable",2
"philippines",2
"virtue",2
"cited",2
"tisdale",1
"nicholas",1
"final",1
"infrared",1
"currently",1
"done",1
"page",1
"accomplish",1
"extractable",1
"implemented",1
"succulent",1
"stuart",1
"later",1
"indicated",1
"commentary",1
"imported",1
"isotopes",1
"outcome",1
"unpleasant",1
"dithering",1
"degraded",1
"judging",1
"career",1
"market",1
"tuscaloosa",1
"environmental",1
"venuses",1
"resulted",1
"arrive",1
"intriguing",1
"vogue",1
"propagation",1
"eclipsed",1
"adoption",1
"nilotic",1
"cholesterol",1
"barbour",1
"dispersion",1
"evans",1
"necessitates",1
"systemic",1
"germany",1
"comparability",1
"clogged",1
"sympathetic",1
"likewise",1
"reflection",1
"registering",1
"needed",1
"engendering",1
"madison",1
"rephrasing",1
"confidence",1
"judicious",1
"essays",1
"word",1
"linkages",1
"remind",1
"slant",1
"specialist",1
"english",1
"Act",1
"investigating",1
"ethnocentric",1
"conjectures",1
"easily",1
"sunflower",1
"satisfied",1
"notwithstanding",1
"interpretationsare",1
"belatedly",1
"devices",1
"partitive",1
"raw",1
"potentials",1
"royal",1
"glossaiy",1
"tA?bingen",1
"distillation",1
"exciting",1
"occurred",1
"chapman",1
"reliably",1
"total",1
"postprocessualism",1
"expressed",1
"accomplishments",1
"viewpoints",1
"skewed",1
"lowlands",1
"sumptuously",1
"source",1
"interface",1
"sequential",1
"societal",1
"dose",1
"sketched",1
"turning",1
"ossenkop",1
"intentions",1
"negative",1
"experience",1
"morphotechnological",1
"horizontal",1
"accumulation",1
"said",1
"consistent",1
"fabric",1
"else",1
"complements",1
"morton",1
"humble",1
"sources",1
"hence",1
"every",1
"certainly",1
"container",1
"preceding",1
"universitv",1
"creation",1
"posed",1
"fifteenth",1
"cany",1
"interests",1
"voiced",1
"expressive",1
"setting",1
"innovations",1
"concentrated",1
"address",1
"massaging",1
"attempt",1
"gourds",1
"rare",1
"shipwrecks",1
"tourist",1
"active",1
"puebla",1
"definition",1
"confirmed",1
"dramatically",1
"coating",1
"moundville",1
"possibilities",1
"explosivelyexpanding",1
"textiles",1
"broken",1
"azul",1
"assertion",1
"suggesting",1
"correspondingly",1
"accompanied",1
"generalize",1
"highland",1
"great",1
"differences",1
"ucayali",1
"operationalize",1
"pinto",1
"rich",1
"pretense",1
"senses",1
"follows",1
"dataseis",1
"theoiy",1
"inherent",1
"able",1
"bartalotta",1
"venus",1
"quintessential",1
"closer",1
"molecular",1
"onto",1
"concludes",1
"composition",1
"radiography",1
"monograph",1
"take",1
"debt",1
"deemed",1
"help",1
"basal",1
"melding",1
"introduces",1
"pauketat",1
"fresh",1
"roasting",1
"devised",1
"loose",1
"mind",1
"improving",1
"replicated",1
"predictionswith",1
"precisely",1
"marine",1
"wet",1
"contrasting",1
"political",1
"advantages",1
"reading",1
"ambiguous",1
"soot",1
"additives",1
"pathbreaker",1
"dd",1
"worldwide",1
"ad",1
"system",1
"scratches",1
"bouong",1
"caffeine",1
"reconstruction",1
"headlong",1
"projectile",1
"nonsoot",1
"bodies",1
"calabashes",1
"replay",1
"anthropologists",1
"blackman",1
"key",1
"component",1
"task",1
"ruminants",1
"draws",1
"continuum",1
"guidelines",1
"propensity",1
"trans",1
"bases",1
"iv",1
"invention",1
"firm",1
"sexual",1
"microscopy",1
"lends",1
"intentionality",1
"felt",1
"miniature",1
"methodologies",1
"fl",1
"activity",1
"open",1
"hexter",1
"nonspecifically",1
"illustrate",1
"prehispanic",1
"zuni",1
"cap",1
"relational",1
"soils",1
"archaeobotany",1
"contradictory",1
"cookpot",1
"strains",1
"readjustments",1
"deformation",1
"pronouncements",1
"consumers",1
"investigator",1
"flourishes",1
"replaying",1
"mushrooming",1
"ethnoarchaeolosv",1
"premature",1
"mastery",1
"apart",1
"desired",1
"conceptual",1
"reflecting",1
"decoding",1
"paving",1
"establishment",1
"goods",1
"selecting",1
"realistic",1
"digested",1
"bowls",1
"establishes",1
"objective",1
"partitioned",1
"correlation",1
"sullivan",1
"unhappy",1
"identifies",1
"tate",1
"undergone",1
"sterols",1
"sand",1
"tied",1
"cursory",1
"pursuing",1
"terpenes",1
"consult",1
"exposed",1
"exist",1
"segregation",1
"human",1
"regarding",1
"frequencies",1
"preoccupied",1
"transformations",1
"oaxaca",1
"adaptationist",1
"accessible",1
"purview",1
"ice",1
"electron",1
"surely",1
"beating",1
"historically",1
"delimit",1
"modify",1
"augments",1
"difficulties",1
"resins",1
"quality",1
"mm",1
"diets",1
"realized",1
"author",1
"intact",1
"bridging",1
"relatively",1
"regarded",1
"ability",1
"vesselsspecifically",1
"contributors",1
"accidentally",1
"raises",1
"espousing",1
"enjoying",1
"heightened",1
"conducted",1
"acomplished",1
"theoretic",1
"convention",1
"basedexplicitly",1
"employing",1
"pay",1
"topic",1
"overly",1
"accelerating",1
"hather",1
"plasma",1
"midcontinental",1
"guided",1
"cases",1
"olwig",1
"volumesfar",1
"distinct",1
"blame",1
"truism",1
"utensils",1
"reluctance",1
"underlying",1
"rejecting",1
"transcends",1
"burgeoning",1
"isomorphism",1
"alkali",1
"body",1
"serving",1
"six",1
"suitable",1
"dates",1
"neupert",1
"theoryare",1
"patteras",1
"theobromine",1
"networks",1
"helpful",1
"functionis",1
"y",1
"student",1
"densification",1
"spite",1
"rehash",1
"crack",1
"ideaswhich",1
"hardly",1
"generation",1
"appraise",1
"acknowledge",1
"rates",1
"interassemblage",1
"fulford",1
"poorly",1
"trom",1
"grasp",1
"higher",1
"divergence",1
"ers",1
"opposed",1
"siteor",1
"westhuizen",1
"sample",1
"manipulated",1
"mailcode",1
"town",1
"nairobi",1
"wandibba",1
"wolverines",1
"leaping",1
"boelke",1
"basil",1
"asiatic",1
"exact",1
"programmatic",1
"statements",1
"bring",1
"taxonomy",1
"dry",1
"gavua",1
"remain",1
"mammoth",1
"ingenuousness",1
"disjunction",1
"vegetables",1
"basic",1
"square",1
"junction",1
"idioms",1
"fascinating",1
"preparing",1
"ai",1
"coastal",1
"presentation",1
"notion",1
"completely",1
"represented",1
"environments",1
"elsevier",1
"mechanics",1
"suffer",1
"reworked",1
"rescue",1
"weighting",1
"leave",1
"variant",1
"parts",1
"fat",1
"sociologists",1
"selected",1
"oversimplified",1
"appropriateness",1
"summarized",1
"arbor",1
"dACstructuration",1
"moreover",1
"headbands",1
"paddling",1
"support",1
"reason",1
"understand",1
"brunswick",1
"susceptibility",1
"changes",1
"provinces",1
"discernible",1
"cookpots",1
"microscope",1
"plus",1
"locally",1
"cryptically",1
"familiar",1
"image",1
"specialization",1
"douglass",1
"apceramic",1
"conservative",1
"dated",1
"duke",1
"abuses",1
"presumably",1
"linked",1
"benco",1
"specify",1
"elsewhere",1
"director",1
"threatening",1
"americanists",1
"elevated",1
"air",1
"receiving",1
"record",1
"articulated",1
"desirability",1
"preoccupation",1
"recycling",1
"exploratory",1
"weak",1
"frequently",1
"reviewed",1
"profile",1
"deja",1
"nascent",1
"solid",1
"benefited",1
"orientation",1
"gero",1
"heading",1
"resource",1
"shorter",1
"voluminous",1
"follow",1
"readings",1
"beyond",1
"peru",1
"defeat",1
"isolation",1
"depart",1
"notions",1
"merited",1
"patterning",1
"painted",1
"mix",1
"willing",1
"answers",1
"committee",1
"grease",1
"hit",1
"care",1
"tas",1
"provisional",1
"chorier",1
"attritiondefined",1
"appear",1
"myths",1
"methodology",1
"experimentation",1
"nb",1
"talking",1
"pose",1
"yielding",1
"attritional",1
"paddle",1
"formidable",1
"remembered",1
"explode",1
"lead",1
"path",1
"behestto",1
"brennan",1
"escalation",1
"juncture",1
"public",1
"bulahav",1
"herethat",1
"kenyan",1
"hands",1
"bricks",1
"strength",1
"kalahari",1
"item",1
"attack",1
"preoccupy",1
"painstaking",1
"seven",1
"centers",1
"patrick",1
"objectives",1
"changed",1
"issue",1
"rudolf",1
"criticisms",1
"primacy",1
"maybe",1
"symbolically",1
"spotty",1
"diet",1
"keramikforschung",1
"percentages",1
"flying",1
"fuel",1
"arable",1
"markets",1
"term",1
"late",1
"historicity",1
"guatemala",1
"schwarcz",1
"further",1
"ann",1
"sociopolitically",1
"neolithic",1
"heartening",1
"prompt",1
"furthermore",1
"standardized",1
"understood",1
"briefly",1
"polishing",1
"durham",1
"elemental",1
"underreported",1
"coped",1
"murk",1
"embellished",1
"viewed",1
"absorption",1
"subarctic",1
"moore",1
"walde",1
"cannot",1
"priorities",1
"meet",1
"hammers",1
"biases",1
"excellent",1
"scale",1
"thin",1
"appearing",1
"energy",1
"placed",1
"smashing",1
"ford",1
"framework",1
"expedient",1
"your",1
"guarantee",1
"flowerpot",1
"conferences",1
"comprehension",1
"wide",1
"cognition",1
"possibility",1
"expressions",1
"epiphenomenal",1
"europeanist",1
"sites",1
"underlie",1
"products",1
"none",1
"participation",1
"followed",1
"distinguish",1
"future",1
"seminal",1
"revealed",1
"makers",1
"decipherment",1
"abroad",1
"overviews",1
"flattened",1
"glossary",1
"received",1
"industrial",1
"teotihuacan",1
"contextualized",1
"disputed",1
"preferred",1
"nine",1
"dissatisfaction",1
"protein",1
"cord",1
"reader",1
"alcohols",1
"fired",1
"brought",1
"crude",1
"purpose",1
"discusses",1
"explains",1
"competing",1
"knowledge",1
"superficiality",1
"henderson",1
"svoboda",1
"criticized",1
"woodland",1
"texture",1
"fredericton",1
"shocking",1
"fail",1
"accretion",1
"northwest",1
"meeks",1
"subarea",1
"beginnings",1
"people",1
"relevance",1
"kneejerk",1
"butter",1
"underscored",1
"oceania",1
"lingering",1
"rative",1
"forces",1
"personal",1
"contentious",1
"away",1
"mayorama",1
"scope",1
"corollary",1
"il",1
"realms",1
"subfield",1
"preparation",1
"meanwe",1
"interpreted",1
"olive",1
"withstand",1
"currents",1
"kennedy",1
"nmr",1
"following",1
"graduate",1
"gap",1
"heuristic",1
"sourcebook",1
"washing",1
"distinctions",1
"depositional",1
"oudemans",1
"concentrates",1
"multiplicity",1
"creating",1
"running",1
"heady",1
"bandwagons",1
"closing",1
"esteem",1
"ratios",1
"painting",1
"sense",1
"indicator",1
"correct",1
"describing",1
"level",1
"formalizing",1
"wi",1
"intersite",1
"differentperhaps",1
"suggest",1
"propounding",1
"peruvian",1
"stimulated",1
"phrase",1
"emerging",1
"orient",1
"hemisphere",1
"dwell",1
"calling",1
"encompassing",1
"spanish",1
"leaves",1
"vince",1
"inescapable",1
"altered",1
"tattooed",1
"routine",1
"hopwood",1
"presence",1
"observe",1
"potterywhich",1
"choosing",1
"startling",1
"earliersome",1
"essentially",1
"torrent",1
"suddenly",1
"portions",1
"latest",1
"differing",1
"mixing",1
"tended",1
"division",1
"hindrance",1
"tempering",1
"symposia",1
"professceramic",1
"stratigraphy",1
"annual",1
"visible",1
"bulletin",1
"kongo",1
"progress",1
"practice",1
"education",1
"user",1
"filling",1
"areathe",1
"ottaway",1
"florida",1
"appropriate",1
"lore",1
"velocity",1
"intransigent",1
"newly",1
"provided",1
"preliminary",1
"perils",1
"massive",1
"mechanism",1
"wax",1
"infrequency",1
"guises",1
"calls",1
"periods",1
"wesrview",1
"cleland",1
"replacing",1
"phrased",1
"debunk",1
"voi",1
"uncommon",1
"hosts",1
"evaporation",1
"tich",1
"makinga",1
"processual",1
"led",1
"kono",1
"eclectic",1
"irrespective",1
"lindauer",1
"moreheed",1
"demand",1
"reduced",1
"hegemony",1
"basarwa",1
"andalusian",1
"ridge",1
"entitled",1
"succumbing",1
"fortunately",1
"strictures",1
"action",1
"retrodicting",1
"giving",1
"separation",1
"mcgovera",1
"upottery",1
"cruciferous",1
"huddleston",1
"inferential",1
"play",1
"corporation",1
"return",1
"appreciate",1
"brief",1
"blakeley",1
"aches",1
"prevailing",1
"tropical",1
"whatever",1
"above",1
"decoded",1
"judgment",1
"mainstream",1
"surviving",1
"indicates",1
"interactions",1
"wind",1
"longitudinal",1
"movement",1
"registered",1
"modes",1
"surveyed",1
"ware",1
"decisions",1
"lard",1
"archaeoloev",1
"selection",1
"structural",1
"improper",1
"pervades",1
"vie",1
"percentage",1
"confronting",1
"guide",1
"ubiquity",1
"gmbh",1
"declamatory",1
"competition",1
"vs",1
"suited",1
"viewpointorientation",1
"builds",1
"desuetude",1
"array",1
"columbus",1
"inspiration",1
"german",1
"salient",1
"home",1
"stripe",1
"breakage",1
"release",1
"enunciated",1
"continents",1
"sectors",1
"amazon",1
"keeping",1
"performed",1
"skin",1
"illnois",1
"outlined",1
"sayer",1
"hilgeman",1
"robust",1
"costs",1
"already",1
"insights",1
"adsorbed",1
"provocative",1
"illustrated",1
"boiling",1
"department",1
"unusually",1
"implicitlyon",1
"georgia",1
"processed",1
"frameworks",1
"decomposition",1
"ambiguities",1
"hallmark",1
"regardless",1
"fill",1
"chose",1
"angel",1
"lysine",1
"organizations",1
"evaluating",1
"technologyhas",1
"equivalentperhaps",1
"discussions",1
"french",1
"chromatograph",1
"heritage",1
"attacks",1
"power",1
"frederick",1
"scan",1
"popularity",1
"incautious",1
"assuredly",1
"compaction",1
"paraphrasing",1
"again",1
"pastes",1
"sedentarization",1
"approaching",1
"europe",1
"reporting",1
"jackson",1
"flat",1
"smudging",1
"dissertations",1
"incorporates",1
"valid",1
"hinting",1
"preserve",1
"fundamental",1
"scholars",1
"carbonized",1
"cape",1
"smart",1
"wine",1
"extended",1
"attempting",1
"disturbed",1
"choice",1
"archaeomatenals",1
"layer",1
"reasoning",1
"really",1
"abouf",1
"larger",1
"pacific",1
"estrangement",1
"incorporation",1
"plagued",1
"gray",1
"styleswhat",1
"toasted",1
"omitted",1
"janaway",1
"figurines",1
"everything",1
"entrapment",1
"doubt",1
"resolved",1
"distributions",1
"succeeding",1
"advocacy",1
"conferred",1
"removal",1
"fragments",1
"honor",1
"took",1
"stuff",1
"tales",1
"optimistic",1
"intervene",1
"possibilist",1
"increases",1
"linings",1
"model",1
"taphonomy",1
"float",1
"purposes",1
"validity",1
"knyf",1
"existing",1
"empire",1
"establish",1
"epicuticular",1
"unclear",1
"jobs",1
"michael",1
"potentially",1
"tell",1
"strategies",1
"fibre",1
"forth",1
"necessary",1
"preempt",1
"boon",1
"focusing",1
"diy",1
"decorations",1
"fingersmoothing",1
"vogel",1
"stylistically",1
"routledge",1
"glyphs",1
"mercy",1
"styleonce",1
"grasshopper",1
"conceivably",1
"going",1
"unvoicedassumption",1
"day",1
"convenient",1
"dragged",1
"simon",1
"matrix",1
"status",1
"nauseum",1
"private",1
"behaviors",1
"meaningful",1
"investment",1
"divided",1
"supplies",1
"leeuw",1
"explanation",1
"chiefly",1
"organisms",1
"upon",1
"implicated",1
"values",1
"refining",1
"bedeviled",1
"systematics",1
"thickness",1
"nonabrasive",1
"detailed",1
"recover",1
"complexities",1
"omit",1
"soapstone",1
"entirely",1
"asian",1
"twentieth",1
"unfortunately",1
"hypotheses",1
"seriation",1
"virtually",1
"tenacious",1
"aesthetics",1
"affects",1
"revelations",1
"net",1
"roman",1
"recovery",1
"arginine",1
"typesis",1
"aesthetic",1
"chosen",1
"full",1
"deployed",1
"propositions",1
"peoplewhether",1
"relegated",1
"complicated",1
"theories",1
"vu",1
"synthetic",1
"students",1
"netherlands",1
"vii",1
"pattern",1
"mellars",1
"theses",1
"ties",1
"trade",1
"healthyand",1
"wheel",1
"xv",1
"significance",1
"tiles",1
"compositions",1
"worry",1
"appraisal",1
"discovered",1
"mayan",1
"sherd",1
"sedentaiy",1
"directlythough",1
"sensitivity",1
"language",1
"differentand",1
"scrapings",1
"fountain",1
"bonn",1
"serious",1
"estimates",1
"mississippian",1
"individual",1
"plaintive",1
"tribal",1
"high",1
"register",1
"distinction",1
"static",1
"stresses",1
"stages",1
"volublewas",1
"filled",1
"keene",1
"authentication",1
"hierarchical",1
"leafy",1
"abundant",1
"segment",1
"adequately",1
"pyrolysis",1
"latter",1
"short",1
"comparing",1
"inf",1
"parallel",1
"industrially",1
"editors",1
"relation",1
"ideofunction",1
"narrow",1
"pyrohsis",1
"blackwell",1
"shallow",1
"adams",1
"britain",1
"effect",1
"excluded",1
"cluttering",1
"hi",1
"enjoyed",1
"confusing",1
"operationalized",1
"percent",1
"capabilities",1
"probably",1
"capitalism",1
"analyze",1
"white",1
"prompted",1
"northern",1
"slipping",1
"authorship",1
"forefront",1
"erentially",1
"slab",1
"premiers",1
"tA?pfereiund",1
"stick",1
"euphemistically",1
"sociopolitical",1
"hope",1
"opposite",1
"expectable",1
"decay",1
"concluded",1
"opaquely",1
"decision",1
"dietary",1
"limiting",1
"compendium",1
"genesis",1
"dealing",1
"things",1
"consists",1
"asking",1
"indication",1
"devote",1
"carla",1
"circle",1
"kowalski",1
"iroquois",1
"issuescompositional",1
"dissected",1
"ing",1
"wisdom",1
"lot",1
"secular",1
"bars",1
"rA-o",1
"mixture",1
"segments",1
"ecological",1
"bushmen",1
"ideology",1
"testing",1
"sealants",1
"foster",1
"fully",1
"hunterforagers",1
"select",1
"visibility",1
"vertical",1
"lines",1
"class",1
"male",1
"naively",1
"becomes",1
"strongly",1
"rim",1
"effectively",1
"jar",1
"determination",1
"subheading",1
"contribution",1
"recognize",1
"indicate",1
"spacetime",1
"introductory",1
"arts",1
"expectations",1
"ukic",1
"existed",1
"fall",1
"spotlight",1
"achieve",1
"polychrome",1
"table",1
"exists",1
"liquefied",1
"themesi",1
"get",1
"examine",1
"canada",1
"erupts",1
"unusual",1
"association",1
"matek",1
"investigate",1
"beans",1
"stable",1
"considered",1
"spectroscopic",1
"affect",1
"matters",1
"durability",1
"jacobi",1
"claims",1
"foreigners",1
"circumstancea",1
"variable",1
"demise",1
"resonates",1
"palACorient",1
"heavy",1
"rarely",1
"thinking",1
"associated",1
"striations",1
"inductively",1
"growing",1
"suite",1
"reviewing",1
"sirak",1
"preface",1
"soak",1
"hypocoherence",1
"intensification",1
"someday",1
"torrence",1
"ve",1
"researchfunctional",1
"complexes",1
"manual",1
"predictions",1
"demonstrate",1
"wear",1
"continues",1
"bush",1
"expressionwithin",1
"coolingalso",1
"dr",1
"studyceramic",1
"itemize",1
"functionoptimizing",1
"sooting",1
"tenor",1
"griffin",1
"colleagues",1
"endeavors",1
"mobilised",1
"willows",1
"basketry",1
"encoded",1
"nitrogen",1
"alternative",1
"positivismthat",1
"budd",1
"koning",1
"disregarded",1
"cover",1
"amphorae",1
"methodologically",1
"measuredwhether",1
"know",1
"yesteryear",1
"foulkes",1
"agolinton",1
"vaz",1
"intellectual",1
"readily",1
"tomb",1
"descriptions",1
"substitute",1
"sizes",1
"slater",1
"distance",1
"coiling",1
"did",1
"okay",1
"equivocal",1
"mento",1
"bit",1
"half",1
"report",1
"allied",1
"inquiry",1
"counting",1
"exhibits",1
"journals",1
"selectionist",1
"infer",1
"cautious",1
"expressing",1
"masks",1
"constant",1
"encouraging",1
"generalized",1
"associations",1
"examining",1
"styled",1
"ftir",1
"turned",1
"days",1
"believed",1
"animal",1
"unnecessarily",1
"weapons",1
"suffering",1
"complications",1
"unlikely",1
"explanations",1
"imitation",1
"catastrophic",1
"heads",1
"economy",1
"hydrolysis",1
"thoroughly",1
"carefully",1
"transmitted",1
"concedes",1
"them",1
"ones",1
"languishing",1
"practitioners",1
"cause",1
"imposed",1
"boast",1
"add",1
"maintain",1
"pains",1
"manuscripts",1
"doffs",1
"earthenware",1
"temporally",1
"penetration",1
"ethnography",1
"surveying",1
"understandably",1
"scrupulous",1
"her",1
"prudence",1
"studying",1
"divide",1
"seep",1
"orientations",1
"proposing",1
"whichor",1
"erikson",1
"agreed",1
"incorporated",1
"queries",1
"categories",1
"middle",1
"leyden",1
"prior",1
"socioeconomic",1
"buren",1
"neck",1
"latteruse",1
"boldly",1
"alterations",1
"occasionally",1
"circumstances",1
"careful",1
"far",1
"thereby",1
"orlando",1
"practices",1
"alternatives",1
"confirm",1
"improves",1
"easy",1
"unleash",1
"steamed",1
"controls",1
"untidy",1
"jacobson",1
"territory",1
"measure",1
"contribute",1
"crudware",1
"methodsdevoting",1
"freer",1
"habelt",1
"automatic",1
"isolated",1
"definitions",1
"goals",1
"skipping",1
"accorded",1
"think",1
"ecuador",1
"clav",1
"comprehended",1
"come",1
"proceeds",1
"susceptible",1
"enthusiasm",1
"undecorated",1
"cycling",1
"survival",1
"recording",1
"archaeologyglasgow",1
"appendices",1
"generate",1
"referenced",1
"advent",1
"bout",1
"linseed",1
"axes",1
"national",1
"imperative",1
"doomed",1
"wish",1
"profiles",1
"warsaw",1
"parallels",1
"depressing",1
"documentation",1
"revolves",1
"offer",1
"applicable",1
"grown",1
"land",1
"overdueperspective",1
"scraping",1
"surreal",1
"canadian",1
"discolorations",1
"specialists",1
"cavalierly",1
"cautionary",1
"smaller",1
"heartland",1
"dogma",1
"thoughtful",1
"involving",1
"volley",1
"resinous",1
"prospect",1
"plainware",1
"off",1
"trumpeting",1
"philosophy",1
"grapple",1
"highercompared",1
"permeable",1
"typology",1
"remains",1
"histidine",1
"passive",1
"critiqued",1
"showed",1
"observation",1
"contradicted",1
"reconsidering",1
"pertain",1
"removing",1
"reductionism",1
"drying",1
"ng",1
"themselves",1
"proaches",1
"supply",1
"escalating",1
"skeptically",1
"michigan",1
"debate",1
"create",1
"texts",1
"gainesville",1
"views",1
"deposition",1
"predictable",1
"element",1
"utah",1
"develop",1
"corn",1
"neiman",1
"strong",1
"seek",1
"desiderata",1
"building",1
"meeting",1
"doing",1
"jealous",1
"close",1
"occur",1
"martin",1
"eagerly",1
"possibilism",1
"retrospect",1
"increase",1
"continuously",1
