"WORDCOUNTS","WEIGHT"
"of",1194
"the",1097
"and",862
"in",487
"a",347
"to",239
"for",219
"stone",208
"s",189
"are",169
"tools",158
"lithic",151
"with",151
"is",150
"that",141
"j",138
"archaeological",133
"as",127
"from",120
"N?",119
"i",116
"tool",114
"on",109
"use",106
"raw",96
"this",95
"D?",93
"technological",88
"g",86
"m",81
"technology",81
"material",80
"these",78
"an",74
"l",73
"manufacture",73
"e",72
"ethnoarchaeological",72
"by",71
"binford",69
"at",68
"cases",67
"r",67
"it",65
"o",64
"their",62
"journal",61
"reduction",61
"or",61
"have",61
"studies",59
"knapping",59
"also",58
"which",58
"ethnoarchaeology",57
"p",56
"organizational",56
"american",53
"approach",52
"research",52
"d",52
"they",51
"other",51
"D,",50
"et",50
"press",50
"new",50
"such",49
"springer",49
"were",47
"res",47
"archaeol",46
"archaeology",46
"characteristics",46
"al",45
"activities",44
"pp",44
"not",43
"antiquity",43
"curation",42
"scrapers",41
"flakes",41
"strategies",41
"handaxes",40
"has",40
"university",39
"expedient",39
"h",37
"there",37
"used",37
"be",37
"modern",35
"N?",35
"gould",35
"may",34
"was",34
"w",33
"economic",33
"flake",33
"analytical",33
"analysis",33
"design",32
"gamo",31
"organization",31
"record",31
"mobility",30
"case",30
"shott",30
"technical",30
"more",30
"science",30
"terms",30
"weedman",30
"between",30
"contexts",29
"production",29
"study",29
"hayden",29
"residential",28
"f",28
"connell",28
"assemblages",28
"scraper",28
"been",28
"c",28
"n",27
"tasks",27
"patterns",27
"theory",27
"properties",26
"u",26
"some",26
"b",26
"core",26
"comparative",26
"formal",26
"specific",26
"materials",25
"whittaker",25
"ed",25
"eds",25
"guinea",25
"among",25
"important",24
"D1",24
"D2",24
"D>",24
"systems",24
"one",23
"its",23
"beyries",23
"various",23
"functional",22
"de",22
"kelly",22
"most",22
"aspects",22
"sites",22
"small",22
"konso",22
"different",22
"point",22
"into",21
"approaches",21
"certain",21
"deal",21
"cores",21
"chukchi",21
"points",21
"large",20
"great",20
"pc",20
"time",20
"perspectives",20
"anthropological",20
"early",20
"both",20
"within",19
"dynamics",19
"hide",19
"about",19
"but",19
"two",19
"do",19
"variation",19
"them",19
"retouch",19
"york",18
"white",18
"transport",18
"anthropology",18
"economy",18
"making",18
"information",18
"cambridge",18
"D3",18
"debitage",17
"site",17
"example",17
"all",17
"same",17
"experimental",17
"forms",17
"can",17
"paleolithic",17
"opACratoire",17
"while",17
"cautionary",17
"australia",16
"conditions",16
"hunting",16
"behavior",16
"framework",16
"thus",16
"blades",16
"even",16
"location",16
"cultural",16
"however",16
"during",16
"components",16
"australian",16
"methodological",16
"mccall",16
"handaxe",16
"assemblage",16
"number",16
"maya",16
"problems",16
"offers",16
"chaARne",16
"differences",15
"resulting",15
"context",15
"projectile",15
"relatively",15
"than",15
"frequently",15
"method",15
"t",15
"social",15
"ethnographic",15
"addition",15
"see",15
"necessary",15
"perhaps",15
"style",15
"bleed",15
"africa",15
"types",15
"scraping",15
"form",15
"using",15
"implications",14
"N?D>",14
"no",14
"how",14
"seilet",14
"cd",14
"basis",14
"data",14
"A?",14
"contrast",14
"understanding",14
"characterized",14
"function",14
"la",14
"sequences",14
"past",14
"referential",14
"learning",13
"bamforth",13
"items",13
"strategy",13
"based",13
"andrefsky",13
"retouched",13
"yet",13
"many",13
"mobile",13
"only",13
"range",13
"theoretical",13
"skibo",13
"often",13
"dibble",13
"broader",13
"knappers",12
"archaeologists",12
"wooden",12
"review",12
"x",12
"perspective",12
"concerning",12
"pattern",12
"sillitoe",12
"prehistoric",12
"produced",12
"issues",12
"presence",12
"D?",12
"units",12
"forager",12
"tales",12
"process",12
"including",12
"sequence",12
"would",12
"acheulean",12
"argue",12
"what",12
"through",12
"indices",12
"kuhn",12
"common",11
"greaves",11
"ways",11
"western",11
"sources",11
"central",11
"curated",11
"similar",11
"age",11
"Ac",11
"view",11
"out",11
"demands",11
"though",11
"concept",11
"concerns",11
"knives",11
"q",11
"represents",11
"made",11
"discard",11
"circumstances",11
"agricultural",11
"role",11
"formation",11
"offer",11
"although",11
"if",10
"hiscock",10
"seems",10
"highland",10
"very",10
"human",10
"immediate",10
"high",10
"landscape",10
"stout",10
"direct",10
"prehistory",10
"beyond",10
"parry",10
"artifacts",10
"field",10
"D.",10
"petrequin",10
"arthur",10
"where",10
"ethiopia",10
"variables",10
"clear",10
"especially",10
"adzes",10
"spatial",10
"rots",10
"phenomenon",10
"needs",10
"operational",10
"groups",9
"represent",9
"kinds",9
"substantive",9
"help",9
"A?",9
"principal",9
"current",9
"system",9
"activity",9
"reindeer",9
"N^",9
"relationships",9
"component",9
"occurs",9
"rather",9
"derived",9
"acquisition",9
"k",9
"explain",9
"clarkson",9
"blade",9
"lithics",9
"refitting",9
"sense",9
"leather",9
"generally",9
"reduced",9
"foragers",9
"make",9
"culture",9
"frameworks",9
"fact",9
"men",9
"present",9
"purposes",9
"hides",9
"odell",9
"A?",9
"largely",9
"individuals",9
"structure",9
"quite",9
"handles",9
"isaac",9
"series",9
"type",9
"middle",9
"redundant",9
"variability",9
"locations",9
"glass",9
"recent",9
"observed",9
"metal",8
"later",8
"cutting",8
"either",8
"explaining",8
"address",8
"pincevent",8
"verberie",8
"nelson",8
"clark",8
"biface",8
"his",8
"subsistence",8
"wobst",8
"stark",8
"experimentation",8
"A>",8
"wide",8
"future",8
"work",8
"south",8
"quarry",8
"limited",8
"constraints",8
"once",8
"reasoning",8
"degree",8
"explanation",8
"trimmed",8
"processes",8
"thomas",8
"discarded",8
"transported",8
"set",8
"over",8
"seem",8
"accounts",8
"when",8
"phenomena",8
"much",8
"analogy",8
"D?",8
"views",8
"plenum",8
"difficult",7
"hideworking",7
"market",7
"debris",7
"bifacial",7
"collection",7
"occurred",7
"variety",7
"toth",7
"specifically",7
"handle",7
"might",7
"broken",7
"found",7
"Do",7
"papers",7
"task",7
"since",7
"general",7
"influence",7
"van",7
"recognized",7
"bifaces",7
"distant",7
"bordes",7
"result",7
"behavioral",7
"centers",7
"further",7
"part",7
"knowledge",7
"keeley",7
"people",7
"actually",7
"personal",7
"situational",7
"le",7
"highly",7
"subject",7
"ceramic",7
"southern",7
"requiring",7
"under",7
"us",7
"insights",7
"typological",7
"hand",7
"discussion",7
"significant",7
"causes",7
"xeta",7
"stages",7
"methods",7
"constructing",7
"availability",7
"northern",7
"sometimes",7
"eren",7
"hampton",7
"clearly",7
"benefit",7
"categories",7
"size",7
"little",7
"our",7
"comparison",7
"archeological",7
"major",7
"done",6
"resulted",6
"gallagher",6
"true",6
"unmodified",6
"v",6
"paper",6
"being",6
"frequencies",6
"broadly",6
"concepts",6
"those",6
"issue",6
"eastern",6
"primary",6
"resources",6
"development",6
"barton",6
"against",6
"tucson",6
"fig",6
"weapons",6
"oxford",6
"interesting",6
"sets",6
"knapper",6
"highlands",6
"A-",6
"redundancy",6
"objects",6
"situations",6
"dc",6
"international",6
"relate",6
"olorgesailie",6
"initial",6
"academic",6
"furthermore",6
"near",6
"because",6
"well",6
"planning",6
"predictability",6
"broad",6
"we",6
"systematic",6
"long",6
"workshops",6
"few",6
"value",6
"therefore",6
"situation",6
"selection",6
"single",6
"oldowan",6
"processing",6
"skill",6
"again",6
"archaeopress",6
"paris",6
"local",6
"technologies",6
"examples",6
"region",6
"concern",6
"mousterian",6
"products",6
"peer",6
"exchange",6
"levallois",6
"D?D?",6
"linking",6
"life",6
"construction",6
"then",6
"associated",6
"torrence",6
"known",6
"paleoindian",6
"specialized",6
"ft",6
"historical",6
"scheduling",6
"produce",6
"goals",6
"turkish",6
"yu",6
"instead",6
"include",6
"land",6
"evidence",6
"schiffer",6
"stemming",6
"gainesville",6
"north",6
"arizona",6
"final",5
"A$",5
"go",5
"does",5
"edge",5
"concerned",5
"foraging",5
"considerations",5
"history",5
"source",5
"sequential",5
"du",5
"analogies",5
"principles",5
"tindale",5
"analyses",5
"exotic",5
"producing",5
"link",5
"ashton",5
"analogical",5
"enloe",5
"uniformities",5
"designs",5
"similarities",5
"td",5
"agriculture",5
"anticipation",5
"washington",5
"supply",5
"cited",5
"along",5
"segregation",5
"difficulties",5
"kind",5
"braun",5
"without",5
"reviews",5
"basic",5
"uniformitarianism",5
"factors",5
"unifacial",5
"addressing",5
"impact",5
"tjimba",5
"whereas",5
"hafted",5
"my",5
"extent",5
"could",5
"effort",5
"focused",5
"intensity",5
"N?D?",5
"required",5
"shape",5
"directly",5
"related",5
"description",5
"structures",5
"artifact",5
"good",5
"hafting",5
"villages",5
"florida",5
"siberian",5
"practices",5
"D?",5
"reference",5
"index",5
"expediency",5
"bar",5
"resolution",5
"missing",5
"contemporary",5
"anthropologist",5
"axes",5
"less",5
"models",5
"aesthetics",5
"flaking",5
"maintenance",5
"david",5
"change",5
"procurement",5
"qualities",5
"evolutionary",5
"hardy",5
"chert",5
"carried",5
"lines",5
"primarily",5
"table",5
"aboriginal",5
"acquired",5
"share",5
"variable",5
"thinking",5
"roux",5
"simply",5
"temporal",5
"sampson",5
"down",5
"living",5
"problem",5
"require",5
"recognition",5
"N,D.",5
"wiessner",5
"france",5
"alyawara",5
"extremely",5
"association",5
"debate",5
"building",5
"miller",4
"way",4
"les",4
"morphology",4
"environmental",4
"episodes",4
"A?",4
"likewise",4
"designed",4
"geometric",4
"fj",4
"lower",4
"first",4
"implements",4
"grobelaar",4
"experiments",4
"editions",4
"definition",4
"hitchcock",4
"available",4
"political",4
"east",4
"america",4
"hall",4
"A?",4
"possible",4
"illustrate",4
"torre",4
"europe",4
"uses",4
"anticipated",4
"economies",4
"todd",4
"includes",4
"illustrates",4
"uniformity",4
"application",4
"elements",4
"places",4
"excavations",4
"like",4
"phases",4
"horowitz",4
"maccalman",4
"aimed",4
"main",4
"across",4
"opportunity",4
"after",4
"ongoing",4
"attached",4
"raymond",4
"understand",4
"category",4
"mora",4
"locally",4
"organized",4
"observations",4
"show",4
"crabtree",4
"isolation",4
"patterning",4
"requires",4
"tu",4
"bordaz",4
"chipped",4
"access",4
"term",4
"mcpherron",4
"flaked",4
"line",4
"brantingham",4
"london",4
"apparent",4
"whole",4
"gear",4
"employed",4
"construct",4
"working",4
"suggest",4
"settlement",4
"involved",4
"around",4
"several",4
"tixier",4
"staged",4
"cl",4
"always",4
"results",4
"world",4
"appropriate",4
"provided",4
"multifunctional",4
"periods",4
"san",4
"actualistic",4
"synthesis",4
"classic",4
"museum",4
"mainstream",4
"adze",4
"sledges",4
"relationship",4
"toolkits",4
"thought",4
"den",4
"repair",4
"ci",4
"hay",4
"si",4
"knapped",4
"prehistoire",4
"D?",4
"useful",4
"boxgrove",4
"lack",4
"discussed",4
"consideration",4
"areas",4
"demonstrating",4
"end",4
"dull",4
"fragments",4
"learn",4
"everyday",4
"cnrs",4
"relevant",4
"schick",4
"frequency",4
"another",4
"original",4
"exploring",4
"ce",4
"assumption",4
"magdalenian",4
"questions",4
"rare",4
"attenbrow",4
"regions",4
"three",4
"oswalt",4
"flenniken",4
"features",4
"structuring",4
"woodworking",4
"ideational",4
"craft",4
"N?",4
"pelegrin",4
"attention",4
"fairly",4
"regular",4
"support",4
"who",4
"un",4
"recognize",4
"stockpiling",4
"mcnabb",4
"any",4
"changing",4
"extensive",4
"symbolic",4
"butchery",4
"alternative",4
"ff",4
"far",4
"animal",4
"according",4
"chicago",4
"grosman",4
"city",4
"african",4
"clothing",4
"aspect",4
"analysts",4
"argues",4
"finally",4
"staging",4
"documentation",4
"applicable",4
"parfitt",4
"remains",4
"potential",4
"themselves",4
"lake",4
"focus",4
"now",3
"mostly",3
"oriented",3
"nonlithic",3
"introduction",3
"complex",3
"systematically",3
"identify",3
"likely",3
"specialist",3
"rt",3
"N?D.",3
"descriptions",3
"diversity",3
"audouze",3
"women",3
"consistent",3
"piles",3
"majority",3
"archer",3
"nature",3
"akerman",3
"A?",3
"timing",3
"cannot",3
"aesthetic",3
"composition",3
"monograph",3
"bettinger",3
"last",3
"somewhat",3
"ethnoarchaeologists",3
"plains",3
"sought",3
"rests",3
"account",3
"vol",3
"holocene",3
"prior",3
"sedentary",3
"N.",3
"technologically",3
"phase",3
"retouching",3
"nowell",3
"inizian",3
"bone",3
"A!",3
"palaeolithic",3
"old",3
"preliminary",3
"times",3
"cuir",3
"six",3
"knecht",3
"served",3
"geological",3
"look",3
"hegmon",3
"spite",3
"advantages",3
"flintknappers",3
"industries",3
"weapon",3
"philadelphia",3
"A!",3
"sockets",3
"bring",3
"developed",3
"interpretation",3
"abundance",3
"en",3
"exhausted",3
"js",3
"contributions",3
"makes",3
"dichotomy",3
"key",3
"statistical",3
"intensive",3
"restricted",3
"exploitation",3
"utah",3
"pierre",3
"kenya",3
"greater",3
"hours",3
"had",3
"carving",3
"allow",3
"societies",3
"folsom",3
"typical",3
"kalahari",3
"relating",3
"primacy",3
"pastoralist",3
"late",3
"outil",3
"D?N?",3
"simple",3
"inserts",3
"ceramics",3
"D.N?",3
"y",3
"rocks",3
"chang",3
"brought",3
"characterization",3
"gender",3
"tale",3
"fit",3
"canberra",3
"symens",3
"status",3
"own",3
"D?N?",3
"pleistocene",3
"mediterranean",3
"quantification",3
"specificity",3
"industry",3
"stones",3
"differing",3
"necessity",3
"describes",3
"macdonald",3
"aggregate",3
"valuable",3
"bartram",3
"second",3
"logistical",3
"play",3
"cash",3
"threshing",3
"healan",3
"movement",3
"settings",3
"strategic",3
"hominids",3
"cheap",3
"relied",3
"continuity",3
"planned",3
"watson",3
"teaching",3
"inferences",3
"department",3
"regional",3
"california",3
"technique",3
"N?",3
"toward",3
"approaching",3
"pointed",3
"skills",3
"trips",3
"cowhides",3
"warning",3
"becker",3
"doubt",3
"pennsylvania",3
"man",3
"outside",3
"model",3
"collard",3
"strathern",3
"reconstructing",3
"jelinek",3
"linked",3
"demonstrated",3
"vast",3
"turkey",3
"deposits",3
"manufactured",3
"identification",3
"entirely",3
"sold",3
"vocabulary",3
"complicated",3
"described",3
"roberts",3
"reality",3
"so",3
"kramer",3
"abundant",3
"provides",3
"least",3
"influencing",3
"salt",3
"become",3
"mainly",3
"obsidian",3
"ethnographically",3
"workshop",3
"kimberley",3
"relative",3
"basically",3
"european",3
"reliable",3
"leakey",3
"cr",3
"today",3
"composed",3
"continued",3
"provide",3
"usually",3
"arrow",3
"seen",3
"strongly",3
"effectively",3
"frames",3
"why",3
"responsible",3
"kurashina",3
"caste",3
"holmes",3
"fields",3
"populate",3
"detail",3
"practice",3
"conclusion",3
"tA-",3
"demonstrate",3
"steel",3
"here",3
"natural",3
"each",3
"interested",3
"contextual",3
"report",3
"obviously",3
"sorted",3
"texas",3
"beginning",3
"combined",3
"particular",3
"N?",3
"tightly",3
"correlates",3
"argued",3
"prestige",3
"institute",3
"AT",3
"bey",3
"urban",3
"ses",3
"trees",3
"beck",3
"alternatives",3
"techniques",3
"intended",3
"casual",3
"sheets",3
"isolated",3
"bodu",3
"morphological",3
"arnold",3
"course",3
"need",3
"product",3
"states",3
"involving",3
"effects",3
"measuring",3
"classification",3
"arctic",3
"observation",3
"wola",3
"substantial",3
"predictable",3
"element",3
"given",3
"strong",3
"bedding",3
"tf",3
"virtue",3
"close",3
"occur",3
"retention",3
"desirable",2
"toolkit",2
"lis",2
"antler",2
"rate",2
"limits",2
"ethiopian",2
"sandgathe",2
"stylistic",2
"meaning",2
"pca",2
"separated",2
"determine",2
"D?",2
"measures",2
"village",2
"measurement",2
"spears",2
"english",2
"inference",2
"D?D?D?",2
"ti",2
"brandt",2
"position",2
"excavation",2
"necessarily",2
"presents",2
"rf",2
"mesolithic",2
"something",2
"princeton",2
"strikes",2
"oceania",2
"aside",2
"else",2
"labor",2
"certainly",2
"rinehart",2
"ii",2
"attempts",2
"taken",2
"spencer",2
"brien",2
"dunnell",2
"actual",2
"words",2
"tradition",2
"economizing",2
"contingencies",2
"reasons",2
"ballenger",2
"closer",2
"karlin",2
"Nf",2
"persistence",2
"mind",2
"bate",2
"opposite",2
"scrape",2
"pertains",2
"namibia",2
"ad",2
"nunamiut",2
"sophisticated",2
"rotation",2
"mithen",2
"boA<da",2
"retain",2
"figs",2
"namibian",2
"reply",2
"object",2
"drive",2
"picks",2
"move",2
"austin",2
"west",2
"combination",2
"desired",2
"choppers",2
"reconstruction",2
"constrained",2
"perthes",2
"controlled",2
"exist",2
"relies",2
"N?D.",2
"throughout",2
"chatters",2
"stow",2
"retooling",2
"nash",2
"technologie",2
"explained",2
"quality",2
"contemporaneous",2
"analyzing",2
"characteristic",2
"mixed",2
"salisbury",2
"elston",2
"jr",2
"century",2
"roche",2
"turn",2
"concentrations",2
"underlying",2
"depend",2
"profound",2
"back",2
"compared",2
"assertive",2
"kinship",2
"knap",2
"ny",2
"traditions",2
"messages",2
"recur",2
"lastly",2
"typified",2
"distribution",2
"cameron",2
"aborigines",2
"act",2
"camp",2
"links",2
"peyrony",2
"predictably",2
"adds",2
"levels",2
"unique",2
"represented",2
"environments",2
"flexible",2
"amazonian",2
"se",2
"lacking",2
"evolution",2
"roth",2
"moves",2
"characterizes",2
"nonfunctional",2
"day",2
"muto",2
"gardening",2
"larson",2
"clactonian",2
"specialization",2
"numbers",2
"placed",2
"reviewed",2
"presumed",2
"four",2
"commonly",2
"resource",2
"surface",2
"comparisons",2
"cost",2
"terminology",2
"permanent",2
"decades",2
"thinness",2
"talking",2
"fitted",2
"transmission",2
"inherent",2
"rediscovering",2
"craftspeople",2
"handheld",2
"dani",2
"almost",2
"interpretations",2
"mined",2
"embedded",2
"guatemala",2
"pickup",2
"equally",2
"understood",2
"recently",2
"garrod",2
"otherwise",2
"energy",2
"wealth",2
"bow",2
"photo",2
"james",2
"sedentism",2
"possibility",2
"influenced",2
"hunters",2
"expensive",2
"highlanders",2
"underlie",2
"lost",2
"keeping",2
"having",2
"literature",2
"anecdotes",2
"inferred",2
"scope",2
"start",2
"claim",2
"dulled",2
"purpose",2
"ot",2
"calls",2
"hodder",2
"test",2
"older",2
"place",2
"jo",2
"documented",2
"operations",2
"expediently",2
"implement",2
"participate",2
"project",2
"doubtful",2
"premiers",2
"amazonia",2
"manifestation",2
"optimal",2
"strict",2
"composite",2
"distances",2
"stage",2
"bourke",2
"involve",2
"hideworkers",2
"jeske",2
"kalinga",2
"wider",2
"pits",2
"essentially",2
"usual",2
"annual",2
"irian",2
"plausible",2
"structured",2
"grateful",2
"sfi",2
"N?D?",2
"triangular",2
"sophistication",2
"geographical",2
"society",2
"chronological",2
"will",2
"soaking",2
"he",2
"N?",2
"verification",2
"onset",2
"matter",2
"absence",2
"contingent",2
"short",2
"indeed",2
"inferential",2
"limitless",2
"reduce",2
"intensively",2
"still",2
"leftover",2
"inception",2
"formally",2
"signaling",2
"mauldin",2
"acting",2
"informal",2
"sacket",2
"tebiwa",2
"complete",2
"newcomer",2
"performed",2
"nw",2
"demonstrates",2
"costs",2
"industrial",2
"nonclothing",2
"investigating",2
"boucher",2
"lewis",2
"french",2
"heritage",2
"valid",2
"others",2
"ecological",2
"similarly",2
"backed",2
"spear",2
"efforts",2
"kohn",2
"rolland",2
"recurrent",2
"materialist",2
"pastoralism",2
"sullivan",2
"documents",2
"outes",2
"gusinde",2
"everything",2
"substantially",2
"inherently",2
"fashion",2
"travail",2
"uaARA?i",2
"fits",2
"shc",2
"heart",2
"clusters",2
"influential",2
"unit",2
"ugan",2
"real",2
"pick",2
"huntergatherer",2
"deep",2
"above",2
"flint",2
"winterhaider",2
"explicitly",2
"argument",2
"remained",2
"years",2
"interpreting",2
"fundamentally",2
"bottle",2
"recognizing",2
"ignored",2
"diverse",2
"investment",2
"background",2
"tulane",2
"N?D2",2
"sides",2
"clustered",2
"food",2
"jaya",2
"factor",2
"satisfactorily",2
"hoc",2
"previous",2
"tacon",2
"eight",2
"considerable",2
"dating",2
"low",2
"horsfall",2
"discovered",2
"directed",2
"wylie",2
"peter",2
"amounts",2
"worn",2
"workers",2
"soressi",2
"held",2
"summer",2
"mexico",2
"distinction",2
"earlier",2
"graves",2
"chasseurs",2
"elaborate",2
"thacker",2
"narrow",2
"assessing",2
"stand",2
"acquire",2
"probably",2
"italy",2
"adaptations",2
"cape",2
"grain",2
"herding",2
"tendency",2
"caches",2
"ago",2
"productive",2
"division",2
"hunt",2
"separate",2
"jA!",2
"tula",2
"hindered",2
"irregular",2
"she",2
"cA?o",2
"bulk",2
"crucial",2
"practical",2
"begin",2
"emic",2
"fewer",2
"mankind",2
"becomes",2
"exceptional",2
"dimensions",2
"D?D>",2
"transformed",2
"send",2
"grinding",2
"lightning",2
"cognitive",2
"bows",2
"es",2
"efficiency",2
"instances",2
"ancient",2
"prAChistoriques",2
"conservation",2
"considered",2
"churchill",2
"quantitative",2
"environment",2
"rarely",2
"takes",2
"N'",2
"relates",2
"following",2
"jq",2
"peoples",2
"wear",2
"invoked",2
"theme",2
"gillen",2
"discrete",2
"costin",2
"narrowly",2
"darwin",2
"sherds",2
"symbol",2
"dissertation",2
"defining",2
"berkeley",2
"principle",2
"country",2
"clacton",2
"worth",2
"global",2
"specially",2
"ph",2
"clan",2
"lemonnier",2
"reminiscent",2
"regard",2
"domestic",2
"reliability",2
"speculation",2
"goods",2
"giur",2
"build",2
"examining",2
"pour",2
"tutuma",2
"advances",2
"respect",2
"evident",2
"id",2
"sexual",2
"discuss",2
"cleavers",2
"heizer",2
"selected",2
"covers",2
"college",2
"ceased",2
"her",2
"frison",2
"prendergast",2
"studying",2
"divide",2
"sfeAR",2
"embeddedness",2
"apparently",2
"incorporated",2
"tent",2
"outline",2
"presented",2
"must",2
"multiple",2
"callahan",2
"despite",2
"elucidate",2
"became",2
"yellen",2
"durable",2
"amick",2
"assumptions",2
"territory",2
"measure",2
"target",2
"manufacturing",2
"bradley",2
"indians",2
"allows",2
"saggers",2
"AY",2
"remarks",2
"lamb",2
"fi",2
"brACzillon",2
"determinates",2
"arrows",2
"similarity",2
"camps",2
"chaARnes",2
"numerous",2
"kleindienst",2
"A?l",2
"typically",2
"define",2
"smaller",2
"defined",2
"buchanan",2
"area",2
"typology",2
"shift",2
"increased",2
"desert",2
"spheroids",2
"am",2
"ries",2
"supported",2
"intentional",2
"actions",2
"clarify",2
"chisel",2
"vary",2
"sledge",2
"interaction",2
"trigger",2
"versatility",2
"ss",2
"southeastern",2
"signals",2
"unpredictable",1
"resolve",1
"frequent",1
"ngadadjara",1
"modelling",1
"smoke",1
"reconstructive",1
"complaint",1
"duckworth",1
"currently",1
"cahen",1
"provisioning",1
"longacre",1
"deny",1
"accomplish",1
"sussex",1
"humankind",1
"scraped",1
"glascock",1
"revue",1
"tyranny",1
"magdalACnien",1
"landuse",1
"righteous",1
"dangers",1
"fouilles",1
"reconsidered",1
"lilii",1
"rtj",1
"tierra",1
"avoid",1
"combine",1
"ultimate",1
"originating",1
"fragmented",1
"butchered",1
"distributed",1
"berlin",1
"necessitates",1
"per",1
"contextspecific",1
"elaborately",1
"arnhem",1
"group",1
"becoming",1
"center",1
"needed",1
"cqon",1
"integrity",1
"verbene",1
"agency",1
"putative",1
"stem",1
"prime",1
"maize",1
"reflections",1
"ma",1
"referring",1
"linkages",1
"formed",1
"rogers",1
"live",1
"D?",1
"currency",1
"hazelwood",1
"contextualization",1
"item",1
"roughing",1
"completely",1
"devalue",1
"inconsistent",1
"jonathan",1
"preform",1
"fly",1
"sontz",1
"boulder",1
"station",1
"former",1
"decade",1
"hair",1
"vitally",1
"patagonia",1
"harsh",1
"inequality",1
"hominid",1
"reliably",1
"variants",1
"individually",1
"total",1
"botswana",1
"oxen",1
"before",1
"lit",1
"exceptions",1
"A?akmak",1
"edu",1
"po",1
"fireland",1
"glossary",1
"leads",1
"ethnographies",1
"experience",1
"congress",1
"rorida",1
"accumulation",1
"nA-",1
"mediterannees",1
"gn",1
"bloodletting",1
"lil",1
"repeatedly",1
"lyman",1
"localities",1
"voices",1
"pervasive",1
"oxj",1
"austral",1
"setting",1
"scarring",1
"wady",1
"give",1
"hurling",1
"asia",1
"planting",1
"season",1
"attempt",1
"informationtransmission",1
"worked",1
"outlining",1
"anu",1
"negates",1
"transformational",1
"gary",1
"dramatically",1
"latent",1
"comparatively",1
"killed",1
"shaped",1
"gorge",1
"archaeologically",1
"route",1
"automobile",1
"professions",1
"spoons",1
"daily",1
"terra",1
"desire",1
"toil",1
"farmers",1
"peopling",1
"base",1
"senses",1
"admittedly",1
"studied",1
"government",1
"moudre",1
"onto",1
"retoucn",1
"corbiac",1
"renfrew",1
"expense",1
"greatly",1
"take",1
"ia",1
"packages",1
"farmer",1
"subsequent",1
"efficiently",1
"coalescence",1
"search",1
"feature",1
"ancestry",1
"reinvented",1
"traditionally",1
"replaceable",1
"date",1
"underside",1
"replicated",1
"trouble",1
"blackwell",1
"microlithic",1
"holman",1
"unwanted",1
"discipline",1
"ambiguous",1
"peterkin",1
"elucidating",1
"binfords",1
"power",1
"el",1
"predesigned",1
"iA<l",1
"hic",1
"british",1
"akin",1
"erosional",1
"gACologiques",1
"strictly",1
"selk",1
"ascribed",1
"advocates",1
"iD,",1
"westview",1
"verlag",1
"linear",1
"markers",1
"Aa",1
"recorded",1
"owing",1
"foundational",1
"historians",1
"struggled",1
"indispensible",1
"continuum",1
"piler",1
"shafts",1
"conditioned",1
"eurasia",1
"westcentral",1
"celtiques",1
"solving",1
"outlined",1
"ova",1
"reminder",1
"mistakes",1
"mastics",1
"knife",1
"D2D?Do",1
"capable",1
"recommended",1
"implies",1
"lifetime",1
"integrating",1
"characterize",1
"whittling",1
"varimax",1
"etc",1
"feinman",1
"functions",1
"positioned",1
"yilugwa",1
"bibliography",1
"consumers",1
"ethnographique",1
"obvious",1
"alone",1
"tanzania",1
"mental",1
"adoption",1
"eliminating",1
"classifications",1
"laws",1
"diagnose",1
"dynamic",1
"apply",1
"apdca",1
"representing",1
"zimbabwe",1
"dyl",1
"ritual",1
"engage",1
"sweet",1
"Acge",1
"analyse",1
"tied",1
"garden",1
"dalton",1
"uthic",1
"li",1
"learned",1
"prerequisite",1
"goal",1
"prey",1
"eerkens",1
"willow",1
"implicating",1
"differential",1
"mouth",1
"angles",1
"southwestern",1
"historically",1
"famously",1
"collectable",1
"mine",1
"facts",1
"thinner",1
"run",1
"due",1
"converged",1
"predetermined",1
"nam",1
"pursuit",1
"hierarchy",1
"holdaway",1
"silent",1
"scarce",1
"millennium",1
"kemery",1
"equivalents",1
"interest",1
"A>o",1
"pitfalls",1
"schurmans",1
"ability",1
"moment",1
"overcoming",1
"smilansky",1
"te",1
"shaft",1
"participating",1
"conducted",1
"cf",1
"co",1
"mastic",1
"cognition",1
"adequatequality",1
"media",1
"ooupcA?",1
"overly",1
"expected",1
"soff",1
"ferguson",1
"wunan",1
"ai",1
"wiley",1
"bands",1
"chez",1
"esa",1
"maintaining",1
"ct",1
"pushing",1
"D?D?",1
"frustrating",1
"blank",1
"amount",1
"subjects",1
"marriage",1
"body",1
"editing",1
"recherches",1
"response",1
"serving",1
"dimensional",1
"difficulty",1
"inclusion",1
"races",1
"moving",1
"suitable",1
"tucano",1
"analogs",1
"continuous",1
"third",1
"witnessed",1
"publications",1
"find",1
"warned",1
"curate",1
"overarching",1
"artefact",1
"drawn",1
"suitability",1
"archaeologist",1
"essays",1
"hoes",1
"island",1
"pitjandjara",1
"overproduced",1
"communication",1
"bottles",1
"details",1
"demonstration",1
"wet",1
"flintknapping",1
"deeply",1
"A<",1
"truck",1
"piedra",1
"adult",1
"jones",1
"glassworking",1
"rates",1
"interassemblage",1
"react",1
"poverty",1
"purchasing",1
"perforate",1
"morphometric",1
"oj",1
"employ",1
"failed",1
"assuring",1
"steps",1
"operation",1
"mount",1
"online",1
"via",1
"adequate",1
"whose",1
"reflects",1
"russian",1
"extensively",1
"stockpiled",1
"exact",1
"etudes",1
"leiliras",1
"performance",1
"unwilling",1
"superficial",1
"innovated",1
"spatially",1
"district",1
"remain",1
"heels",1
"smoking",1
"iterations",1
"arnow",1
"breadth",1
"organizing",1
"movers",1
"junction",1
"explicit",1
"calculation",1
"mean",1
"aesthetically",1
"una",1
"reaction",1
"requisite",1
"hidescrapers",1
"order",1
"determining",1
"risk",1
"pressure",1
"buenos",1
"connected",1
"ex",1
"sarah",1
"importance",1
"brand",1
"N,N?",1
"parts",1
"fat",1
"implicates",1
"population",1
"hache",1
"dialogue",1
"nos",1
"arbor",1
"eigenvalues",1
"govern",1
"origins",1
"augmented",1
"clarification",1
"consequences",1
"paradox",1
"invasiveness",1
"multivariate",1
"comment",1
"means",1
"reason",1
"modified",1
"references",1
"tissue",1
"arid",1
"unpredictability",1
"finer",1
"affect",1
"D?D?",1
"consider",1
"maiden",1
"budgeting",1
"tanning",1
"river",1
"benefits",1
"stored",1
"nonscraping",1
"slippery",1
"section",1
"elsewhere",1
"director",1
"proposed",1
"weather",1
"artie",1
"constrain",1
"traces",1
"fairness",1
"elandsfontein",1
"recycling",1
"kimberly",1
"characterizations",1
"document",1
"differs",1
"surgery",1
"underexplored",1
"upper",1
"benefited",1
"orientation",1
"misconceptions",1
"operate",1
"binforA?s",1
"recovered",1
"elephants",1
"powerful",1
"smudge",1
"passed",1
"polar",1
"efficient",1
"followed",1
"universidad",1
"peninsula",1
"surge",1
"manufactures",1
"puts",1
"mix",1
"schooling",1
"restriction",1
"maison",1
"consistencies",1
"hardware",1
"corresponding",1
"nova",1
"uA-A!A-d",1
"mon",1
"jjtg",1
"salient",1
"loading",1
"fibrous",1
"myths",1
"trajectories",1
"plausibly",1
"cA?ij",1
"causation",1
"ei",1
"olduvai",1
"unlike",1
"continuums",1
"identifying",1
"priori",1
"histories",1
"acknowledgments",1
"ethnoarcheologiques",1
"comportements",1
"derivatives",1
"faunal",1
"strength",1
"peddling",1
"midden",1
"AR",1
"facilitate",1
"cimbebasia",1
"chaff",1
"requirements",1
"mesoamerican",1
"N?N?",1
"shield",1
"attaining",1
"ethnohistorical",1
"respects",1
"markets",1
"harare",1
"accurately",1
"armatures",1
"standardized",1
"aux",1
"informed",1
"polishing",1
"receive",1
"michigan",1
"fli",1
"skilled",1
"prismatic",1
"ferraro",1
"keywords",1
"viewed",1
"sticks",1
"wardaman",1
"analogous",1
"applied",1
"purchased",1
"equifinality",1
"scale",1
"stalks",1
"abrasive",1
"hidalgo",1
"guidance",1
"levant",1
"stonework",1
"wright",1
"stratigraphie",1
"creates",1
"nosed",1
"cA$",1
"coin",1
"experiment",1
"chiapas",1
"feminine",1
"pigs",1
"gained",1
"artefacts",1
"egalitarian",1
"minute",1
"capabilities",1
"clarke",1
"tr",1
"horticulture",1
"strengths",1
"steep",1
"already",1
"banks",1
"schuster",1
"contextualized",1
"carry",1
"del",1
"framed",1
"prominent",1
"significantly",1
"modular",1
"story",1
"lindenmeier",1
"su",1
"hereditary",1
"edad",1
"competing",1
"training",1
"seminal",1
"confirms",1
"looking",1
"precondition",1
"normalization",1
"routinely",1
"muethen",1
"rm",1
"emblemic",1
"intentionally",1
"fadem",1
"describe",1
"consistently",1
"couched",1
"fail",1
"horn",1
"editorial",1
"reynolds",1
"constitute",1
"gunflint",1
"binyon",1
"records",1
"keep",1
"figures",1
"bamham",1
"survey",1
"perishable",1
"winter",1
"hovers",1
"irving",1
"N?NZ",1
"proliferation",1
"versatile",1
"away",1
"frederic",1
"anything",1
"craftsmen",1
"il",1
"putatively",1
"achieving",1
"une",1
"enhances",1
"universally",1
"assembly",1
"leurs",1
"connections",1
"nj",1
"trends",1
"A rchaeol",1
"minds",1
"heuristic",1
"refuse",1
"galla",1
"foci",1
"subtle",1
"causal",1
"varieties",1
"solution",1
"legacy",1
"correct",1
"level",1
"pottery",1
"dan",1
"sas",1
"wi",1
"laborious",1
"shaping",1
"theoretically",1
"soper",1
"tested",1
"resolving",1
"congruent",1
"warrant",1
"maximize",1
"cladistics",1
"endogamy",1
"owned",1
"sharp",1
"diagnostic",1
"arbitrary",1
"orient",1
"sole",1
"waechter",1
"revisited",1
"eco",1
"proximate",1
"cypress",1
"ignore",1
"migration",1
"smithsonian",1
"breaking",1
"earlham",1
"reported",1
"blunt",1
"ancestors",1
"alluvial",1
"gmccall",1
"mixing",1
"seeds",1
"altogether",1
"cladistic",1
"athapaskans",1
"arlington",1
"pleasing",1
"up",1
"inability",1
"finishing",1
"cattle",1
"goat",1
"carmel",1
"intent",1
"envelope",1
"roots",1
"downtime",1
"beauty",1
"taillee",1
"finds",1
"fluted",1
"pot",1
"deer",1
"invest",1
"objected",1
"facies",1
"kaokoveld",1
"subsequently",1
"cleland",1
"llc",1
"critical",1
"converge",1
"happen",1
"microwear",1
"led",1
"decoration",1
"lyon",1
"noteworthy",1
"business",1
"hafts",1
"chains",1
"demand",1
"groundstone",1
"bie",1
"dealing",1
"siberie",1
"architecture",1
"publishers",1
"iA!e",1
"N?D?",1
"impacts",1
"action",1
"separation",1
"melbourne",1
"liofili",1
"surprisingly",1
"koster",1
"buisson",1
"transition",1
"forward",1
"harris",1
"islands",1
"nearly",1
"dawn",1
"assure",1
"cerisa",1
"pile",1
"fossil",1
"emically",1
"symmetry",1
"allometry",1
"ijsfe",1
"comments",1
"manifest",1
"sending",1
"turks",1
"antibes",1
"unfamiliar",1
"bailey",1
"postmarital",1
"emmanchements",1
"va",1
"religious",1
"tends",1
"direction",1
"gallia",1
"vicinity",1
"label",1
"qq",1
"scarcity",1
"curat",1
"collect",1
"pacific",1
"criticism",1
"incipient",1
"citation",1
"examined",1
"vesper",1
"hadza",1
"N?D?",1
"logistically",1
"mondes",1
"counterparts",1
"array",1
"quantify",1
"hauppage",1
"geste",1
"puntatjarpa",1
"populated",1
"specifics",1
"longo",1
"anthropologique",1
"oise",1
"management",1
"intending",1
"profane",1
"included",1
"generalized",1
"raise",1
"softening",1
"blanks",1
"resharpening",1
"indian",1
"robust",1
"skakun",1
"tanner",1
"illustrated",1
"horticultural",1
"N?Nf",1
"ji",1
"noted",1
"speaking",1
"morphometries",1
"magdaleniens",1
"prAChistorique",1
"relevance",1
"independent",1
"published",1
"considers",1
"saves",1
"synthesizing",1
"disappearing",1
"optimize",1
"evaluating",1
"gain",1
"interests",1
"precocious",1
"grinnell",1
"moustier",1
"untrue",1
"observers",1
"astutely",1
"fragmentation",1
"spend",1
"paleoarchaic",1
"semicircular",1
"knowing",1
"printing",1
"cercle",1
"rock",1
"linkshaft",1
"residence",1
"misguided",1
"smith",1
"anecdotal",1
"arguing",1
"fora",1
"shows",1
"admit",1
"idea",1
"stories",1
"praeger",1
"fundamental",1
"blur",1
"ecologie",1
"blocks",1
"clarendon",1
"striking",1
"cumulative",1
"yilmaz",1
"travaux",1
"aires",1
"jours",1
"predominant",1
"compound",1
"ifrtp",1
"abstract",1
"rotated",1
"lacks",1
"inevitably",1
"manifested",1
"kerley",1
"habitat",1
"valbonne",1
"indonesie",1
"surfaces",1
"farming",1
"quelques",1
"focuses",1
"clumped",1
"distributions",1
"underpin",1
"unsurprisingly",1
"clearing",1
"automobiles",1
"oc",1
"serious",1
"removal",1
"chiefdom",1
"honor",1
"klasies",1
"drove",1
"ground",1
"usewear",1
"beaune",1
"innovative",1
"pume",1
"developing",1
"tundra",1
"sister",1
"existing",1
"accepted",1
"shown",1
"venezuela",1
"kaiser",1
"phylogenies",1
"ahead",1
"anthropologie",1
"aurignacian",1
"focusing",1
"recognizes",1
"children",1
"essai",1
"counterpart",1
"discoid",1
"remarkably",1
"regionally",1
"outlines",1
"ecology",1
"anticipate",1
"simon",1
"nonetheless",1
"remote",1
"classes",1
"microscopic",1
"exhibit",1
"meaningful",1
"extended",1
"mcelreath",1
"dissimilar",1
"A?is",1
"invested",1
"observable",1
"terminologie",1
"disagree",1
"native",1
"values",1
"patrilocal",1
"helps",1
"generalizations",1
"systematics",1
"jA<",1
"campsite",1
"increase",1
"load",1
"recover",1
"macroblades",1
"N,",1
"identity",1
"tenets",1
"findings",1
"magdalenien",1
"denies",1
"waste",1
"traded",1
"combining",1
"angle",1
"unfortunately",1
"hypotheses",1
"olA-",1
"residues",1
"N?N?",1
"griffitts",1
"renne",1
"assume",1
"millward",1
"ideas",1
"bed",1
"net",1
"ethnic",1
"expenmental",1
"fbslc",1
"scheduled",1
"nothing",1
"examination",1
"full",1
"sees",1
"office",1
"macroand",1
"constancy",1
"lilley",1
"shelter",1
"involves",1
"underwent",1
"arguably",1
"mellars",1
"trade",1
"scanning",1
"sherd",1
"historic",1
"reward",1
"frustrated",1
"idiosyncratic",1
"express",1
"taylorperry",1
"revolve",1
"rebecca",1
"interpret",1
"individual",1
"objets",1
"indicate",1
"reviewers",1
"gurage",1
"reassessed",1
"geographically",1
"kamchatka",1
"nonutilitarian",1
"stipulate",1
"mouton",1
"reconstructed",1
"register",1
"collected",1
"D?D.",1
"disclaimer",1
"anyone",1
"prAChistorien",1
"adequately",1
"latter",1
"neutral",1
"spent",1
"lA ",1
"comparing",1
"realist",1
"enlightenment",1
"intend",1
"internal",1
"ratios",1
"reconciles",1
"arise",1
"industrially",1
"viewpoint",1
"relation",1
"correlated",1
"contact",1
"ann",1
"effect",1
"sacred",1
"ib",1
"evaluations",1
"january",1
"N'D1D.",1
"darwent",1
"differ",1
"southwest",1
"urt",1
"nonhandaxe",1
"macmillan",1
"staff",1
"versus",1
"ARARjiA?",1
"nanea",1
"empiricist",1
"institution",1
"traditionnel",1
"insignificant",1
"gisements",1
"adaptive",1
"NfD.",1
"propose",1
"mortality",1
"investigations",1
"flukes",1
"hague",1
"tjimari",1
"paleoanthropology",1
"pleas",1
"decision",1
"rarity",1
"increasing",1
"suspects",1
"dogs",1
"farm",1
"space",1
"rachel",1
"things",1
"consists",1
"antACdiluviennes",1
"success",1
"artisanat",1
"vaughn",1
"A3A-",1
"inizan",1
"microlithization",1
"applications",1
"modification",1
"me",1
"stems",1
"peers",1
"neanderthal",1
"koryak",1
"shea",1
"pans",1
"lot",1
"george",1
"chance",1
"continue",1
"curiosities",1
"bowen",1
"vision",1
"couches",1
"testing",1
"americanist",1
"program",1
"pieces",1
"afterthoughts",1
"validity",1
"dragged",1
"zucano",1
"scls",1
"directions",1
"percussion",1
"replicating",1
"rethinking",1
"ordering",1
"began",1
"determination",1
"softer",1
"importantly",1
"contribution",1
"tA?",1
"remaining",1
"jt",1
"rapidly",1
"fullagar",1
"campm",1
"try",1
"dinwiddie",1
"excluding",1
"tearing",1
"A-s",1
"archeologie",1
"D?D?",1
"helpful",1
"variably",1
"dans",1
"kill",1
"paternal",1
"fe",1
"united",1
"inferior",1
"lineages",1
"clovis",1
"supporting",1
"coordination",1
"muted",1
"centuries",1
"unhafted",1
"tapping",1
"insight",1
"arts",1
"interpretive",1
"takase",1
"morrow",1
"grounded",1
"resemble",1
"grasping",1
"thick",1
"forest",1
"regularly",1
"sA-",1
"durability",1
"kamp",1
"thomsen",1
"spectrum",1
"border",1
"contained",1
"deposited",1
"heavy",1
"stordeur",1
"benefitted",1
"smikt",1
"reviewing",1
"dordrecht",1
"tchouktches",1
"bricker",1
"intensification",1
"manual",1
"contradiction",1
"geographic",1
"lise",1
"determinants",1
"continues",1
"eskimo",1
"recognizable",1
"kemp",1
"grazing",1
"entry",1
"membership",1
"griffin",1
"augmenting",1
"contains",1
"doi",1
"encoded",1
"geoarchaeology",1
"vlt",1
"equation",1
"swan",1
"cover",1
"purpunpa",1
"methodologically",1
"weaponry",1
"replace",1
"billy",1
"dispel",1
"dimension",1
"flessi",1
"mafaed",1
"colonization",1
"unpacking",1
"control",1
"commonplace",1
"tails",1
"ffl",1
"shares",1
"cultures",1
"isjAag",1
"laughlin",1
"capability",1
"assumed",1
"extraction",1
"sizes",1
"branches",1
"exploration",1
"skinner",1
"elves",1
"allied",1
"eventually",1
"foundation",1
"particularly",1
"er",1
"brothers",1
"presumably",1
"sc",1
"collins",1
"contradictory",1
"brazil",1
"baryosef",1
"rely",1
"duna",1
"constant",1
"bones",1
"wood",1
"adler",1
"atlatl",1
"replication",1
"mass",1
"just",1
"scores",1
"proxies",1
"subterranean",1
"believed",1
"clarity",1
"helping",1
"webs",1
"interobserver",1
"johnson",1
"unlikely",1
"explanations",1
"basics",1
"fuller",1
"ralinga",1
"proceedings",1
"investigation",1
"refit",1
"fuego",1
"ion",1
"list",1
"cheaper",1
"orleans",1
"cause",1
"jsm",1
"imposed",1
"excursions",1
"noticeable",1
"feb",1
"maintain",1
"A?AY",1
"remoteness",1
"statement",1
"lengths",1
"gijn",1
"unnecessary",1
"leaving",1
"ethnography",1
"tending",1
"sonnenschein",1
"repetitive",1
"utilitarian",1
"pwiti",1
"periphery",1
"create",1
"murkier",1
"video",1
"smoothing",1
"suffolk",1
"proposing",1
"baringo",1
"too",1
"don",1
"meudon",1
"peau",1
"suggests",1
"ideal",1
"herd",1
"koobi",1
"contain",1
"revista",1
"des",1
"garbage",1
"popular",1
"vessels",1
"exegesis",1
"swanson",1
"stern",1
"marking",1
"researchers",1
"volumetrie",1
"intention",1
"fitting",1
"john",1
"occasionally",1
"careful",1
"furniture",1
"ill",1
"disparate",1
"conclude",1
"develop",1
"intents",1
"buy",1
"N,N?",1
"impose",1
"step",1
"explication",1
"agents",1
"rigid",1
"adapted",1
"bright",1
"harvesting",1
"necessitate",1
"reconstruct",1
"refitted",1
"arguments",1
"D?D1",1
"exploit",1
"definitions",1
"writing",1
"coming",1
"A?",1
"think",1
"varied",1
"unifaces",1
"subsumed",1
"huntergatherers",1
"antique",1
"come",1
"seek",1
"false",1
"seddon",1
"question",1
"determinism",1
"antiquite",1
"basin",1
"moderate",1
"adopting",1
"ultimately",1
"until",1
"ethnoarcheologie",1
"spring",1
"score",1
"lists",1
"reveals",1
"agriculteurs",1
"zones",1
"tchesnokov",1
"hollenback",1
"herds",1
"national",1
"opACratoires",1
"grant",1
"mode",1
"brisbane",1
"contributed",1
"A""",1
"spur",1
"richard",1
"americas",1
"integrated",1
"upon",1
"dense",1
"usa",1
"hunter",1
"canadian",1
"specialists",1
"facilitates",1
"opinions",1
"ll",1
"obscurity",1
"A?",1
"amazon",1
"peresani",1
"derive",1
"kua",1
"attempted",1
"trucks",1
"manches",1
"presenting",1
"oldest",1
"madison",1
"speak",1
"summary",1
"anonymous",1
"offered",1
"territories",1
"contextually",1
"searching",1
"modeling",1
"removed",1
"distinctions",1
"root",1
"rusty",1
"regularity",1
"tactikos",1
"tribes",1
"interdisciplinary",1
"pathways",1
"russia",1
"methodologies",1
"scholarship",1
"stoneworker",1
"opaque",1
"reducing",1
"cook",1
"conceptual",1
"broyer",1
"potatoes",1
"gestures",1
"schnnder",1
"exclusively",1
"digging",1
"vagaries",1
"divergent",1
"survivants",1
"geochemical",1
"nakako",1
"duration",1
"manifests",1
"ends",1
"taylor",1
"philippines",1
"livestock",1
"famous",1
"A?a",1
"indicating",1
"roles",1
"quantity",1
"ror",1
