"WORDCOUNTS","WEIGHT"
"and",873
"of",785
"the",750
"in",456
"shell",407
"a",216
"pp",179
"production",178
"to",176
"from",142
"for",137
"exchange",127
"as",116
"marine",113
"or",111
"j",98
"ornaments",97
"is",97
"at",91
"prestige",90
"goods",89
"with",86
"p",83
"e",81
"on",81
"c",81
"university",79
"m",76
"archaeology",66
"d",66
"archaeological",65
"that",64
"r",62
"s",61
"are",60
"g",55
"eds",55
"by",54
"social",54
"press",53
"shells",53
"their",51
"american",50
"l",49
"be",48
"beads",47
"research",45
"new",43
"between",43
"used",42
"have",42
"ornament",41
"ed",38
"bead",37
"were",37
"an",37
"been",37
"use",36
"sites",35
"i",34
"has",34
"this",34
"craft",34
"societies",33
"reese",33
"may",32
"no",32
"b",32
"systems",32
"artifacts",30
"status",30
"but",30
"objects",29
"more",29
"mississippian",28
"w",28
"materials",28
"museum",28
"cambridge",28
"specialization",27
"often",27
"can",27
"center",26
"analysis",26
"some",25
"t",25
"material",25
"k",25
"north",25
"distribution",24
"tools",24
"anthropology",24
"other",23
"society",23
"f",23
"trade",23
"rochester",23
"papers",22
"household",22
"raw",22
"these",22
"both",22
"h",21
"et",21
"archaeologists",20
"organization",20
"was",20
"islands",20
"arnold",20
"political",19
"york",19
"also",19
"control",19
"cahokia",19
"through",19
"ceci",19
"trubitt",19
"kenoyer",18
"feinman",18
"wealth",18
"ancient",18
"power",18
"southwest",18
"america",18
"found",17
"circulation",17
"ethnographic",17
"distributions",17
"see",17
"mexico",17
"department",17
"brown",17
"economy",17
"proceedings",17
"finished",17
"southeastern",17
"studies",16
"into",16
"kula",16
"consumers",16
"debris",16
"site",16
"journal",16
"prehistoric",16
"working",16
"areas",16
"antiquity",16
"ann",16
"arbor",16
"spatial",16
"world",16
"evidence",16
"early",16
"they",15
"complex",15
"one",15
"sources",15
"exchanges",15
"late",15
"time",15
"consumption",15
"paper",15
"conference",15
"elites",15
"source",14
"different",14
"within",14
"economies",14
"relationships",14
"such",14
"mechanisms",14
"example",14
"symbolism",14
"literature",14
"people",14
"culture",14
"mcguire",14
"made",14
"rowlands",14
"identity",14
"california",14
"spondylus",14
"science",14
"hohokam",14
"manufacture",14
"nicholas",13
"it",13
"contexts",13
"money",13
"central",13
"engraved",13
"because",13
"several",13
"southern",13
"men",13
"period",13
"species",13
"not",13
"manufacturing",13
"bradley",13
"groups",12
"there",12
"eastern",12
"howard",12
"labor",12
"mesoamerica",12
"umi",12
"age",12
"data",12
"records",12
"yerkes",12
"economic",12
"wampum",12
"evolution",12
"plains",12
"valued",12
"pieces",12
"associated",12
"costin",12
"illinois",12
"deposition",12
"valley",12
"western",11
"hayes",11
"gorgets",11
"how",11
"coastal",11
"symbols",11
"burials",11
"prehistory",11
"producers",11
"plenum",11
"uses",11
"leach",11
"bodner",11
"part",11
"annual",11
"value",11
"regional",11
"channel",11
"v",11
"where",11
"technologies",11
"regions",11
"meanings",11
"ny",11
"who",11
"selected",11
"role",11
"techniques",11
"interaction",11
"history",10
"neolithic",10
"system",10
"valuables",10
"bayman",10
"even",10
"identification",10
"claassen",10
"gender",10
"ethnohistoric",10
"coast",10
"maya",10
"understanding",10
"individuals",10
"earle",10
"them",10
"potential",10
"arizona",10
"differences",9
"renfrew",9
"context",9
"friedman",9
"rank",9
"perspective",9
"stone",9
"oxford",9
"acquisition",9
"circulated",9
"important",9
"based",9
"cultural",9
"interpreted",9
"mediterranean",9
"florida",9
"south",9
"al",9
"smith",9
"monographs",9
"elite",9
"like",9
"exchanged",9
"dissertation",9
"associations",9
"past",9
"phd",9
"locations",9
"although",9
"morse",9
"miller",8
"descriptions",8
"long",8
"display",8
"state",8
"key",8
"community",8
"ritual",8
"needed",8
"excavations",8
"than",8
"study",8
"changes",8
"river",8
"most",8
"identifying",8
"basin",8
"access",8
"massim",8
"centers",8
"academic",8
"archeology",8
"arkansas",8
"hayden",8
"identified",8
"technology",8
"perspectives",8
"mound",8
"discussion",8
"region",8
"households",8
"artisans",8
"attention",8
"area",8
"over",8
"specialized",8
"when",8
"ecuador",8
"models",8
"specialists",8
"association",8
"specific",8
"meeting",8
"final",7
"village",7
"before",7
"mississippi",7
"inland",7
"king",7
"far",7
"relations",7
"jr",7
"casas",7
"oklahoma",7
"similar",7
"winters",7
"had",7
"near",7
"networks",7
"work",7
"spiro",7
"london",7
"island",7
"presented",7
"components",7
"chicago",7
"using",7
"activities",7
"interactions",7
"movement",7
"communities",7
"peregrine",7
"many",7
"native",7
"local",7
"manne",7
"ceremonial",7
"pauketat",7
"would",7
"interpretations",7
"we",7
"grandes",7
"seen",7
"british",7
"deposited",7
"form",7
"phillips",7
"chumash",7
"theory",7
"utilitarian",7
"gulf",7
"microdrills",7
"recent",7
"laporte",6
"large",6
"sheffield",6
"ma",6
"di",6
"women",6
"cutting",6
"ii",6
"europe",6
"broken",6
"atlantic",6
"survey",6
"investigations",6
"includes",6
"de",6
"clark",6
"kelly",6
"rather",6
"across",6
"hughes",6
"scales",6
"white",6
"linked",6
"n",6
"upper",6
"iconography",6
"ranges",6
"tikal",6
"its",6
"small",6
"texas",6
"dreiss",6
"moved",6
"he",6
"second",6
"units",6
"make",6
"southeast",6
"about",6
"later",6
"seymour",6
"addition",6
"turner",6
"pacific",6
"worn",6
"pietak",6
"ethnology",6
"residues",6
"grinding",6
"clear",6
"stages",6
"salt",6
"chert",6
"success",6
"sequences",6
"life",6
"anthropological",6
"series",6
"symbolic",6
"here",6
"cultures",6
"replication",6
"information",6
"sea",6
"ejutla",6
"focus",6
"among",6
"difficult",5
"brumfiel",5
"if",5
"expedition",5
"introduction",5
"cyprus",5
"identify",5
"ways",5
"worked",5
"archaeologically",5
"analyses",5
"peso",5
"case",5
"vol",5
"functions",5
"oaxaca",5
"development",5
"storage",5
"archaeologist",5
"perforating",5
"intensity",5
"locally",5
"exotics",5
"peru",5
"problems",5
"archeological",5
"busycon",5
"fig",5
"dc",5
"my",5
"method",5
"international",5
"further",5
"institute",5
"scale",5
"flannery",5
"tool",5
"place",5
"shackleton",5
"muller",5
"field",5
"distances",5
"workshops",5
"multiple",5
"highly",5
"ericson",5
"pearson",5
"dalton",5
"rey",5
"thesis",5
"phoenix",5
"masucci",5
"model",5
"dales",5
"minneapolis",5
"distance",5
"drills",5
"mortuary",5
"products",5
"three",5
"symposium",5
"high",5
"thomas",5
"patterns",5
"become",5
"frankenstein",5
"do",5
"probably",5
"northern",5
"institution",5
"european",5
"iroquois",5
"methods",5
"holmes",5
"types",5
"graesch",5
"bronze",5
"natural",5
"duprAC",5
"report",5
"whether",5
"terms",5
"making",5
"problem",5
"while",5
"researchers",5
"pakistan",5
"washington",5
"need",5
"states",5
"symbol",5
"necklaces",5
"o",4
"imported",4
"red",4
"durante",4
"pendants",4
"kinds",4
"weiner",4
"prentice",4
"contact",4
"oceania",4
"davis",4
"avenues",4
"meaning",4
"invertebrates",4
"rich",4
"purple",4
"tosi",4
"displayed",4
"gifts",4
"issue",4
"occasional",4
"northeast",4
"activity",4
"olivella",4
"resources",4
"along",4
"guinea",4
"component",4
"analyzing",4
"malinowski",4
"tucson",4
"century",4
"ai",4
"items",4
"marriage",4
"mates",4
"look",4
"americans",4
"blanks",4
"certain",4
"helms",4
"distant",4
"baugh",4
"intensive",4
"northeastern",4
"carolina",4
"recovered",4
"levant",4
"gregory",4
"location",4
"ocean",4
"mesoamerican",4
"unworked",4
"isotope",4
"aspects",4
"well",4
"network",4
"teotihuacan",4
"unfinished",4
"hirth",4
"during",4
"northwest",4
"mn",4
"middle",4
"artifact",4
"mester",4
"good",4
"change",4
"interregional",4
"shaping",4
"smithsonian",4
"jerusalem",4
"up",4
"jordan",4
"preliminary",4
"mA?ller",4
"curves",4
"various",4
"papua",4
"classic",4
"allen",4
"ekholm",4
"guatemala",4
"same",4
"bangles",4
"experimental",4
"wright",4
"indian",4
"insights",4
"two",4
"patterning",4
"haselgrove",4
"lewis",4
"academy",4
"grave",4
"larger",4
"connell",4
"chiefdom",4
"demarrais",4
"moche",4
"strategies",4
"exotic",4
"perhaps",4
"style",4
"another",4
"examples",4
"range",4
"europeans",4
"waste",4
"francis",4
"sequence",4
"styles",4
"dating",4
"involves",4
"andrews",4
"health",4
"lapidary",4
"interpret",4
"so",4
"crafted",4
"after",4
"structure",4
"greece",4
"locales",4
"la",4
"sometimes",4
"practical",4
"detailed",4
"understand",4
"why",4
"sandstone",4
"meillassoux",4
"pearls",4
"investigate",4
"middens",4
"addressed",4
"school",4
"hamell",4
"complexity",4
"comparative",4
"east",4
"interested",4
"what",4
"investigation",4
"maintain",4
"art",4
"size",4
"city",4
"come",4
"origins",4
"plaque",4
"brain",4
"include",4
"glass",4
"schiffer",4
"themselves",4
"lake",4
"little",4
"should",4
"lewenstein",4
"roles",4
"does",3
"now",3
"common",3
"way",3
"munsee",3
"sizemore",3
"crafting",3
"approaches",3
"inequality",3
"accumulation",3
"being",3
"first",3
"creation",3
"welch",3
"implications",3
"give",3
"address",3
"craftworkers",3
"hammett",3
"origin",3
"oyster",3
"mills",3
"balakot",3
"emphasized",3
"nicosia",3
"task",3
"circulate",3
"iv",3
"great",3
"outlying",3
"sixteenth",3
"austin",3
"point",3
"quantity",3
"shellfish",3
"ranked",3
"centralized",3
"review",3
"fayetteville",3
"quality",3
"paulsen",3
"assessment",3
"old",3
"body",3
"third",3
"publications",3
"fowler",3
"find",3
"coasts",3
"alabama",3
"shininess",3
"orientale",3
"without",3
"growth",3
"interpretation",3
"basic",3
"eastman",3
"munns",3
"assuming",3
"paleolithic",3
"space",3
"ames",3
"organized",3
"beyond",3
"requires",3
"metal",3
"caches",3
"nebraska",3
"concentration",3
"could",3
"out",3
"fiedel",3
"halstead",3
"schnell",3
"residential",3
"recently",3
"produced",3
"smoothing",3
"silver",3
"schambach",3
"ethnohistory",3
"luer",3
"describe",3
"issues",3
"dakota",3
"ethnicity",3
"depositional",3
"sense",3
"hard",3
"things",3
"involved",3
"around",3
"mitchell",3
"characteristics",3
"few",3
"county",3
"presence",3
"attached",3
"fully",3
"describes",3
"notes",3
"provided",3
"valuable",3
"tennessee",3
"knowledge",3
"pope",3
"periods",3
"kyushu",3
"microwear",3
"variety",3
"plateau",3
"publishers",3
"imagery",3
"service",3
"limited",3
"female",3
"fossil",3
"crafters",3
"whelk",3
"competition",3
"nonlocal",3
"kluwer",3
"differentiate",3
"ideology",3
"broad",3
"delaware",3
"reports",3
"only",3
"payments",3
"lack",3
"french",3
"armshells",3
"technique",3
"santa",3
"water",3
"bracelets",3
"shows",3
"ekhoim",3
"children",3
"los",3
"honor",3
"took",3
"establish",3
"necessary",3
"strathern",3
"assemblages",3
"maritime",3
"including",3
"manufactured",3
"asian",3
"significant",3
"traded",3
"combining",3
"food",3
"harvard",3
"rare",3
"which",3
"natufian",3
"royalty",3
"function",3
"drilling",3
"loeb",3
"provides",3
"graves",3
"especially",3
"internal",3
"blanton",3
"kneberg",3
"workshop",3
"destruction",3
"unpublished",3
"tridacna",3
"tula",3
"relationship",3
"africa",3
"independent",3
"provide",3
"ziderman",3
"andean",3
"male",3
"primarily",3
"becomes",3
"seventeenth",3
"united",3
"centuries",3
"fertility",3
"acquired",3
"environment",3
"peoples",3
"temporal",3
"biscione",3
"record",3
"palka",3
"sourcing",3
"hill",3
"finance",3
"hale",3
"appendix",3
"erickson",3
"current",3
"domestic",3
"ottesen",3
"argonauts",3
"bennyhoff",3
"iron",3
"distinctive",3
"sempowski",3
"type",3
"saunders",3
"her",3
"periphery",3
"suggests",3
"given",3
"kin",3
"variability",3
"step",3
"indians",3
"differentiation",3
"instead",3
"americas",3
"typically",3
"mcvicker",3
"broader",3
"increased",3
"johnson",3
"holley",3
"gainesville",3
"sandweiss",3
"northwestern",3
"utah",3
"much",3
"peabody",3
"slotkin",3
"building",3
"schmitt",3
"adulthood",2
"carved",2
"inka",2
"duckworth",2
"done",2
"polish",2
"mussel",2
"suggested",2
"sciama",2
"separated",2
"represent",2
"tuscaloosa",2
"ultimate",2
"differentiating",2
"string",2
"distributed",2
"belts",2
"residences",2
"saws",2
"essays",2
"prime",2
"likely",2
"authority",2
"mandu",2
"mathieu",2
"microliths",2
"boulder",2
"hair",2
"allies",2
"refers",2
"interpersonal",2
"ethnoarchaeological",2
"exceptions",2
"lowlands",2
"bahn",2
"midwest",2
"restoration",2
"concentrated",2
"might",2
"dixon",2
"cobb",2
"all",2
"dove",2
"interred",2
"acquirer",2
"explores",2
"suggesting",2
"accumulated",2
"hoards",2
"supernatural",2
"reveal",2
"tx",2
"take",2
"nm",2
"concepts",2
"primitive",2
"dd",2
"el",2
"trumpets",2
"documenting",2
"milner",2
"persian",2
"primary",2
"bones",2
"discuss",2
"zebree",2
"malaita",2
"intermediaries",2
"chapter",2
"indirectly",2
"ornamentation",2
"quantities",2
"possible",2
"west",2
"urbana",2
"bottom",2
"identifies",2
"zohar",2
"ross",2
"collection",2
"september",2
"human",2
"piedmont",2
"thus",2
"phase",2
"comments",2
"campbell",2
"dynamics",2
"consumed",2
"interior",2
"against",2
"hierarchy",2
"adornment",2
"bone",2
"kunnemann",2
"media",2
"topic",2
"expected",2
"slabs",2
"attracting",2
"estimates",2
"distinct",2
"ct",2
"gorget",2
"embedded",2
"robb",2
"amount",2
"slave",2
"six",2
"served",2
"brace",2
"compared",2
"left",2
"price",2
"explore",2
"details",2
"recherches",2
"rates",2
"focused",2
"ridge",2
"civilization",2
"opposed",2
"via",2
"interesting",2
"sierzchula",2
"fort",2
"philadelphia",2
"mytilus",2
"pearce",2
"etudes",2
"his",2
"main",2
"developed",2
"unit",2
"universitario",2
"levels",2
"process",2
"represented",2
"ahler",2
"direct",2
"parts",2
"valla",2
"cowries",2
"dittert",2
"displays",2
"house",2
"frequently",2
"show",2
"additional",2
"lithic",2
"peninsula",2
"exploitation",2
"stoltman",2
"cut",2
"sigmann",2
"mainland",2
"whom",2
"faunal",2
"chipped",2
"traditionally",2
"parry",2
"conspicuous",2
"users",2
"centrally",2
"commoners",2
"though",2
"mainly",2
"michigan",2
"altroy",2
"burial",2
"hammers",2
"monograph",2
"azAocar",2
"metals",2
"required",2
"blake",2
"symbolically",2
"hierarchies",2
"porno",2
"unequal",2
"distinguish",2
"future",2
"residents",2
"received",2
"rawa",2
"purpose",2
"materialize",2
"edn",2
"trobrianders",2
"henderson",2
"revealed",2
"childe",2
"whole",2
"discussions",2
"trumpet",2
"fruitful",2
"freshwater",2
"winter",2
"midwestern",2
"personal",2
"reflect",2
"oceans",2
"floors",2
"employed",2
"compact",2
"memoirs",2
"connections",2
"towards",2
"approach",2
"either",2
"traders",2
"indicator",2
"andes",2
"peterson",2
"stage",2
"involve",2
"holes",2
"nonresidential",2
"indicators",2
"saitta",2
"emerging",2
"specifically",2
"industry",2
"breaking",2
"mi",2
"boundaries",2
"core",2
"paul",2
"lincoln",2
"inform",2
"gordon",2
"nations",2
"will",2
"critical",2
"investigating",2
"comment",2
"chase",2
"kition",2
"return",2
"tropical",2
"object",2
"standardization",2
"still",2
"indicates",2
"grooved",2
"sease",2
"direction",2
"knoxville",2
"haliotis",2
"decorative",2
"moholynagy",2
"karageorghis",2
"ethnographers",2
"examined",2
"makes",2
"detectable",2
"restricted",2
"strontium",2
"recruited",2
"included",2
"lowland",2
"cowrie",2
"conversely",2
"jai",2
"trobriand",2
"conchiglie",2
"thorny",2
"russian",2
"functioned",2
"stones",2
"engravings",2
"useful",2
"rings",2
"routes",2
"members",2
"solomon",2
"others",2
"liege",2
"death",2
"pinctada",2
"varies",2
"mnemonic",2
"motifs",2
"comparison",2
"longer",2
"ceramic",2
"head",2
"abilities",2
"materialization",2
"trips",2
"variation",2
"pennsylvania",2
"pattern",2
"man",2
"discussed",2
"external",2
"anthropologist",2
"forms",2
"conclusions",2
"outside",2
"kit",2
"decorating",2
"present",2
"topping",2
"centre",2
"increases",2
"less",2
"japan",2
"paperback",2
"flint",2
"knoll",2
"identifiable",2
"investigated",2
"craig",2
"chiefly",2
"upon",2
"eighteenth",2
"formal",2
"gifford",2
"intrasite",2
"dye",2
"assume",2
"questions",2
"examination",2
"full",2
"office",2
"described",2
"platform",2
"biblical",2
"decorated",2
"divisions",2
"fragments",2
"chipping",2
"midcontinental",2
"mask",2
"distinction",2
"obtained",2
"carlson",2
"discarded",2
"pearl",2
"evolutionary",2
"acquire",2
"saw",2
"restorative",2
"springfield",2
"widely",2
"gifted",2
"increasing",2
"pans",2
"foreign",2
"conus",2
"begin",2
"lines",2
"order",2
"bulletin",2
"markers",2
"taddei",2
"blitz",2
"indicate",2
"efficiency",2
"examine",2
"expectations",2
"hierarchical",2
"stiner",2
"settlement",2
"aboriginal",2
"kozuch",2
"reciprocal",2
"microdebitage",2
"any",2
"gallay",2
"naples",2
"changing",2
"must",2
"extensive",2
"conceptualize",2
"known",2
"carbondale",2
"elderfield",2
"snaketown",2
"shellworking",2
"set",2
"share",2
"best",2
"leaders",2
"emergence",2
"tunica",2
"michaelides",2
"picks",2
"very",2
"plaques",2
"marxist",2
"recarved",2
"animal",2
"beginning",2
"tyrian",2
"explanations",2
"passed",2
"ethnography",2
"densities",2
"foundations",2
"produce",2
"oxygen",2
"ideal",2
"recognition",2
"peace",2
"okinawa",2
"marquardt",2
"african",2
"extended",2
"reconstruct",2
"archACologiques",2
"clothing",2
"inlay",2
"webb",2
"perino",2
"usewear",2
"soft",2
"shown",2
"murex",2
"argues",2
"disposal",2
"protohistoric",2
"numerous",2
"eicher",2
"tnibitt",2
"finally",2
"integration",2
"engraving",2
"classification",2
"archaic",2
"galloway",2
"needs",2
"km",2
"mason",2
"greenwich",2
"norman",2
"texts",2
"duration",2
"belize",2
"scoring",1
"stateless",1
"canoe",1
"tradere",1
"spiroan",1
"go",1
"archives",1
"antiquites",1
"bangle",1
"validation",1
"ulithi",1
"accomplish",1
"microblades",1
"liminal",1
"jewels",1
"objectification",1
"fertile",1
"adopt",1
"stylistic",1
"bonding",1
"names",1
"italy",1
"integrating",1
"created",1
"emerson",1
"hatfield",1
"friable",1
"locale",1
"peaceful",1
"defining",1
"market",1
"affected",1
"resulted",1
"presses",1
"cerros",1
"sewn",1
"combine",1
"view",1
"mountains",1
"agricultural",1
"utility",1
"sphere",1
"timbers",1
"leest",1
"disc",1
"per",1
"germany",1
"passing",1
"trash",1
"speakers",1
"group",1
"settlements",1
"picard",1
"interrelationships",1
"replaced",1
"approved",1
"ana",1
"offerings",1
"agency",1
"tend",1
"symbolize",1
"etching",1
"formed",1
"services",1
"currency",1
"le",1
"summaries",1
"mexican",1
"dump",1
"sublime",1
"modern",1
"considerations",1
"masks",1
"balzi",1
"trace",1
"protection",1
"devices",1
"cycles",1
"excavation",1
"hisma",1
"unlike",1
"salado",1
"freeman",1
"archaeologicaliy",1
"cornell",1
"hasanlu",1
"motupore",1
"viewpoints",1
"nineteenth",1
"edu",1
"attractiveness",1
"controlled",1
"societal",1
"cottage",1
"du",1
"signal",1
"clair",1
"ethnographies",1
"highlight",1
"cabin",1
"molluscs",1
"consistent",1
"highlighted",1
"koeppe",1
"else",1
"decidedly",1
"explaining",1
"siouan",1
"dyeing",1
"lightly",1
"ethnologist",1
"reconstructions",1
"li",1
"caroline",1
"certainly",1
"jackson",1
"calusa",1
"connection",1
"distinguishing",1
"fifteenth",1
"consuming",1
"caddoan",1
"fosha",1
"hood",1
"xdc",1
"originally",1
"colors",1
"taken",1
"abound",1
"possesses",1
"hagen",1
"season",1
"utilization",1
"expectation",1
"actual",1
"permanently",1
"analogies",1
"england",1
"seems",1
"nature",1
"experiments",1
"asia",1
"roomblocks",1
"words",1
"detritus",1
"heirlooms",1
"georgia",1
"incorporating",1
"moundville",1
"shaped",1
"seneca",1
"jaynes",1
"skills",1
"leading",1
"carter",1
"assess",1
"belong",1
"advantage",1
"eggshell",1
"warm",1
"together",1
"desire",1
"highland",1
"undertake",1
"microlith",1
"flotation",1
"prestigegoods",1
"reasons",1
"swenson",1
"thank",1
"knight",1
"producing",1
"arises",1
"aesthetic",1
"hohmann",1
"government",1
"transferred",1
"transforms",1
"scheme",1
"loud",1
"composition",1
"religion",1
"scheduled",1
"subsequent",1
"hands",1
"feature",1
"fresh",1
"shennan",1
"strength",1
"tangible",1
"fishhooks",1
"mystical",1
"replicated",1
"greatly",1
"respond",1
"sacred",1
"chiefdoms",1
"situ",1
"robert",1
"contrasting",1
"harcourt",1
"signs",1
"ricklis",1
"surveys",1
"deteriorated",1
"worldwide",1
"designs",1
"similarities",1
"debitage",1
"growing",1
"margaritifera",1
"partners",1
"tnimtt",1
"globe",1
"proceed",1
"generosity",1
"governmental",1
"ascribed",1
"forthcoming",1
"gaming",1
"dr",1
"harris",1
"shaken",1
"missouri",1
"symbolizing",1
"recorded",1
"geochemical",1
"ravenna",1
"dACp",1
"eaa",1
"blackburn",1
"arabian",1
"mass",1
"schotsman",1
"beth",1
"incorporate",1
"plantation",1
"addresses",1
"representations",1
"pisa",1
"retain",1
"skriv",1
"descantes",1
"fullagar",1
"placement",1
"replacement",1
"prior",1
"politics",1
"machinery",1
"tracing",1
"prehispanic",1
"sabloff",1
"kerber",1
"gift",1
"studi",1
"mm",1
"foreigners",1
"bibliography",1
"strombus",1
"move",1
"substitutes",1
"arenas",1
"fine",1
"apart",1
"owners",1
"fur",1
"dynamic",1
"reconstruction",1
"negotiation",1
"ghors",1
"rodning",1
"decreasing",1
"juvenile",1
"sourceable",1
"engage",1
"warfare",1
"preziosi",1
"behavior",1
"diversity",1
"interestingly",1
"hudson",1
"factional",1
"framework",1
"bnimfiel",1
"optimism",1
"pithouse",1
"tribute",1
"build",1
"frequencies",1
"natives",1
"million",1
"seniority",1
"wyckoff",1
"throughout",1
"kingshighway",1
"royal",1
"xxiii",1
"identities",1
"chiefs",1
"differential",1
"affiliation",1
"southwestern",1
"historically",1
"craftswomen",1
"allerton",1
"curated",1
"estimating",1
"difficulties",1
"blast",1
"pursue",1
"thinner",1
"since",1
"sample",1
"illustrates",1
"inflation",1
"targeted",1
"dongen",1
"holdaway",1
"jade",1
"medio",1
"millennium",1
"interest",1
"pitfalls",1
"reflection",1
"relatively",1
"trench",1
"sp",1
"domain",1
"viewing",1
"gendered",1
"ostrich",1
"raises",1
"quantifying",1
"millennio",1
"hazeltine",1
"participating",1
"algaze",1
"realization",1
"barlow",1
"tivela",1
"treasure",1
"montana",1
"comprised",1
"yap",1
"z",1
"abrading",1
"kind",1
"californians",1
"moorehead",1
"moundvillage",1
"clay",1
"lowstatus",1
"maintaining",1
"destroyed",1
"finsten",1
"stored",1
"universitAC",1
"permitted",1
"transcends",1
"fees",1
"differently",1
"highest",1
"consumer",1
"determination",1
"difficulty",1
"young",1
"riparo",1
"mussels",1
"folkways",1
"alliances",1
"compare",1
"whorls",1
"stratigraphie",1
"arabah",1
"drawn",1
"sassaman",1
"communication",1
"hegmon",1
"bennett",1
"tentatively",1
"libyan",1
"badges",1
"disruptions",1
"hornos",1
"hogendom",1
"kentucky",1
"gest",1
"metamorphosis",1
"jones",1
"ok",1
"utensil",1
"competitive",1
"conceptually",1
"kenyon",1
"mechanism",1
"cockle",1
"mogelonsky",1
"industries",1
"smoothed",1
"higher",1
"hellenistic",1
"oj",1
"lesser",1
"mount",1
"carver",1
"usda",1
"hofman",1
"town",1
"pochteca",1
"essential",1
"reflects",1
"milliken",1
"retrouve",1
"transformations",1
"microlithic",1
"viiia",1
"rchaeology",1
"highlands",1
"generations",1
"nacreous",1
"stop",1
"debated",1
"spans",1
"housing",1
"secrets",1
"eshel",1
"centralization",1
"presentation",1
"notion",1
"subsistence",1
"mean",1
"hitting",1
"heizer",1
"dimmi",1
"environments",1
"galm",1
"adopted",1
"signaled",1
"moka",1
"proportion",1
"columella",1
"earlier",1
"malacological",1
"binfora",1
"tombes",1
"sanctuary",1
"creek",1
"cave",1
"lacking",1
"jm",1
"mobilize",1
"concha",1
"productive",1
"perilously",1
"front",1
"moves",1
"canokia",1
"addressing",1
"mcgovern",1
"means",1
"mosaic",1
"lives",1
"solutions",1
"category",1
"developments",1
"nonstratified",1
"belgium",1
"drill",1
"marks",1
"seas",1
"bit",1
"aura",1
"hotly",1
"exciting",1
"latin",1
"photographs",1
"section",1
"elsewhere",1
"just",1
"moderately",1
"aperlae",1
"attain",1
"amathonte",1
"traces",1
"mary",1
"arqueologA-a",1
"epipaleolithic",1
"quantify",1
"differs",1
"amman",1
"situations",1
"four",1
"valuations",1
"fiom",1
"delta",1
"paraphernalia",1
"resource",1
"follow",1
"A2trombus",1
"lavorazione",1
"linkage",1
"achokma",1
"rossi",1
"always",1
"solve",1
"instantaneously",1
"wyoming",1
"symbolized",1
"opinion",1
"faced",1
"providing",1
"appliances",1
"binford",1
"constitution",1
"encircling",1
"constructive",1
"caddo",1
"reflections",1
"conquest",1
"thinks",1
"whereas",1
"greater",1
"trubitm",1
"result",1
"closely",1
"carving",1
"came",1
"dumps",1
"columbia",1
"malacologists",1
"allow",1
"uncovering",1
"kegan",1
"appearance",1
"africans",1
"histories",1
"inherent",1
"turbinella",1
"germick",1
"color",1
"typical",1
"midden",1
"treatments",1
"effort",1
"sawing",1
"economics",1
"deal",1
"arcnaeoiogicai",1
"sedentary",1
"intergrades",1
"rebirth",1
"facilitate",1
"pass",1
"nonreciprocal",1
"commercio",1
"requirements",1
"chisels",1
"yayoi",1
"attaining",1
"ethnohistorical",1
"kurban",1
"big",1
"discs",1
"meter",1
"handbook",1
"kinship",1
"ranking",1
"preston",1
"honoring",1
"archeologica",1
"occupation",1
"furthermore",1
"standardized",1
"traced",1
"chinese",1
"library",1
"let",1
"buried",1
"vellanoweth",1
"nel",1
"berlo",1
"postulates",1
"viewed",1
"kowalewski",1
"franA?aise",1
"reinforce",1
"pins",1
"priorities",1
"binghamton",1
"socorro",1
"placed",1
"however",1
"franchthi",1
"hypothetical",1
"abrasive",1
"explored",1
"hidalgo",1
"pleistocene",1
"ivb",1
"facilities",1
"fox",1
"dumbarton",1
"wide",1
"acknowledgments",1
"flaked",1
"gods",1
"james",1
"inbeyries",1
"vidale",1
"hunters",1
"memory",1
"biographies",1
"outstanding",1
"shape",1
"gained",1
"directly",1
"provincial",1
"participation",1
"basis",1
"paleoenvironmental",1
"makers",1
"guangala",1
"khrebish",1
"formerly",1
"goldsmithing",1
"properties",1
"nicosie",1
"mayer",1
"estados",1
"industrial",1
"caloosahatchee",1
"start",1
"clean",1
"lords",1
"prized",1
"arkadelphia",1
"prominent",1
"brought",1
"discusses",1
"civilisation",1
"proportions",1
"apparent",1
"sidi",1
"original",1
"related",1
"test",1
"pasts",1
"excessive",1
"mapped",1
"athA?nes",1
"fluctuations",1
"woodland",1
"gassA3n",1
"parameters",1
"overview",1
"realm",1
"older",1
"cass",1
"postulated",1
"cane",1
"demonstrates",1
"mollusc",1
"alambra",1
"grain",1
"historic",1
"oaks",1
"centred",1
"bits",1
"williams",1
"bar",1
"rituals",1
"documented",1
"verre",1
"revisited",1
"cubic",1
"appreciated",1
"il",1
"calchaqui",1
"hamad",1
"showing",1
"project",1
"lange",1
"alliance",1
"esarey",1
"wormy",1
"smoother",1
"healing",1
"sourcebook",1
"messages",1
"bodies",1
"boston",1
"citing",1
"nacogdoches",1
"staple",1
"published",1
"overlap",1
"excavated",1
"construct",1
"ratios",1
"exchanging",1
"wilkie",1
"wi",1
"yahya",1
"box",1
"peruvian",1
"complicate",1
"contrast",1
"coquillages",1
"emphasizes",1
"quite",1
"disk",1
"gulec",1
"quantification",1
"floodplain",1
"berg",1
"chichimeca",1
"xxviii",1
"shapes",1
"purdue",1
"concerns",1
"membrane",1
"fonction",1
"transfer",1
"mesoame",1
"australian",1
"germania",1
"cylinders",1
"squelettes",1
"differing",1
"credible",1
"arcnaeoiogy",1
"coloration",1
"visible",1
"tip",1
"tracks",1
"progress",1
"st",1
"majority",1
"antiauity",1
"ot",1
"paid",1
"finds",1
"kongo",1
"mainfort",1
"benghazi",1
"tombigbee",1
"kingly",1
"promising",1
"champion",1
"nichoria",1
"input",1
"cite",1
"nassaney",1
"spirituality",1
"therefore",1
"subalternate",1
"retrospective",1
"oriente",1
"tasks",1
"led",1
"san",1
"reduced",1
"talihata",1
"minor",1
"matter",1
"attempts",1
"galveston",1
"scientific",1
"cosmological",1
"populations",1
"action",1
"sokhta",1
"separation",1
"indeed",1
"quantified",1
"pieria",1
"surprisingly",1
"bridewealth",1
"corporation",1
"edges",1
"coleman",1
"nearly",1
"brings",1
"pictured",1
"betts",1
"lytgat",1
"microdrill",1
"formative",1
"craftwork",1
"expanded",1
"calculated",1
"highstatus",1
"holders",1
"humans",1
"lb",1
"aldine",1
"shipped",1
"strategic",1
"va",1
"tends",1
"selection",1
"promoting",1
"biological",1
"americanos",1
"peten",1
"valves",1
"flux",1
"archaeometric",1
"uppsala",1
"simultaneous",1
"kent",1
"indus",1
"yet",1
"elaboration",1
"read",1
"thames",1
"requiring",1
"serve",1
"trent",1
"wearing",1
"lycia",1
"organizaciA3n",1
"mollusco",1
"us",1
"manzanilla",1
"marred",1
"castillo",1
"compiled",1
"unwin",1
"tn",1
"chypre",1
"epigravettian",1
"ams",1
"extinction",1
"light",1
"intersects",1
"complete",1
"sourced",1
"middleton",1
"shifting",1
"purity",1
"inferences",1
"dan",1
"specialisation",1
"robust",1
"organize",1
"gary",1
"visitors",1
"figurai",1
"she",1
"rome",1
"nACcropole",1
"picha",1
"phyllis",1
"picture",1
"considers",1
"harper",1
"fill",1
"volume",1
"representation",1
"street",1
"organizations",1
"critiques",1
"nazionale",1
"skill",1
"houston",1
"heritage",1
"structures",1
"chama",1
"stronger",1
"dal",1
"mentions",1
"molina",1
"mark",1
"again",1
"amerind",1
"solomons",1
"approaching",1
"pointed",1
"printing",1
"added",1
"lime",1
"analytical",1
"efforts",1
"fact",1
"arlington",1
"asiatici",1
"consideration",1
"treatment",1
"preserve",1
"deterioration",1
"occurrence",1
"blocks",1
"trobriands",1
"temples",1
"minnesota",1
"instituto",1
"depict",1
"match",1
"exclusion",1
"attempting",1
"archaeopress",1
"teeth",1
"oneself",1
"break",1
"diverse",1
"fallen",1
"end",1
"rica",1
"debates",1
"lambergkarlovsky",1
"figurines",1
"feasting",1
"contemporary",1
"edwardsville",1
"fashion",1
"workman",1
"feedback",1
"snyder",1
"surrounding",1
"berenice",1
"confederacy",1
"procurement",1
"ages",1
"ripley",1
"intervillage",1
"plate",1
"epigenetic",1
"ground",1
"manner",1
"metaphors",1
"landscape",1
"intersite",1
"oregon",1
"empire",1
"vander",1
"hinterlands",1
"underscores",1
"answer",1
"notch",1
"unanticipated",1
"pygmy",1
"containers",1
"dimini",1
"laden",1
"hippopotamus",1
"metropolitan",1
"stylistically",1
"routledge",1
"jj",1
"assemblage",1
"reamer",1
"astragales",1
"number",1
"lauded",1
"compete",1
"microtools",1
"regionally",1
"day",1
"ecology",1
"chypriotes",1
"polities",1
"thais",1
"arte",1
"albuaueraue",1
"years",1
"interpreting",1
"strings",1
"cann",1
"kansas",1
"crown",1
"analyzed",1
"interrelated",1
"ine",1
"collecting",1
"africanamerican",1
"disease",1
"link",1
"intent",1
"effectiveness",1
"background",1
"tepe",1
"bandkeramik",1
"wailes",1
"schaafsma",1
"cult",1
"istituto",1
"sides",1
"onto",1
"trajectory",1
"exceptionality",1
"postclassic",1
"deposits",1
"collections",1
"melanesian",1
"previously",1
"increase",1
"trends",1
"clustered",1
"samples",1
"warrior",1
"A?",1
"complexities",1
"medium",1
"contract",1
"dipartimento",1
"imbued",1
"empirical",1
"spriggs",1
"hohlfelder",1
"hypotheses",1
"macroregional",1
"aesthetics",1
"exoticness",1
"roman",1
"nothing",1
"stay",1
"pulleyi",1
"radiocarbon",1
"lightness",1
"prints",1
"smalland",1
"theories",1
"microblade",1
"theoretical",1
"specimen",1
"armes",1
"jeter",1
"beuningen",1
"seashells",1
"mstoncai",1
"significance",1
"groove",1
"intergrade",1
"dragoon",1
"oriental",1
"reality",1
"originated",1
"stress",1
"leventA?s",1
"ah",1
"maintenance",1
"faces",1
"co",1
"failures",1
"held",1
"farmstead",1
"individual",1
"gateway",1
"david",1
"asocial",1
"tnibttt",1
"costings",1
"aurignacian",1
"schaar",1
"mochi",1
"robusticity",1
"features",1
"documentation",1
"traveled",1
"sinistrum",1
"licks",1
"probable",1
"conversation",1
"last",1
"black",1
"mourning",1
"segment",1
"least",1
"reuse",1
"spent",1
"bienkowski",1
"promotion",1
"cxviii",1
"glycymeris",1
"stephen",1
"promote",1
"qualities",1
"toledo",1
"shattuck",1
"aegean",1
"xiv",1
"compute",1
"quinpas",1
"depictions",1
"abounds",1
"obsidian",1
"construction",1
"materialized",1
"elsaAY",1
"micronesia",1
"looks",1
"travelers",1
"blakeslee",1
"cape",1
"figures",1
"versus",1
"heirloomed",1
"contribuciones",1
"relative",1
"pottery",1
"anatolia",1
"cruz",1
"gleaned",1
"von",1
"examines",1
"anatomy",1
"separate",1
"overlapping",1
"rope",1
"suggest",1
"indication",1
"jonsered",1
"discussing",1
"dead",1
"aid",1
"me",1
"disruption",1
"mitigate",1
"wellbeing",1
"coupled",1
"publishing",1
"note",1
"particular",1
"az",1
"reviewer",1
"bureau",1
"processed",1
"movements",1
"maraA?a",1
"ecole",1
"usually",1
"tertia",1
"cnrs",1
"randomly",1
"discard",1
"ordinary",1
"bags",1
"hsu",1
"kress",1
"slow",1
"bivalve",1
"dimensions",1
"kish",1
"trading",1
"transformed",1
"replicating",1
"vargas",1
"lippincott",1
"transjordan",1
"renown",1
"bijoux",1
"contribution",1
"interplay",1
"transformation",1
"nonmound",1
"baq",1
"linking",1
"pertinence",1
"minoan",1
"fe",1
"tapped",1
"fall",1
"hope",1
"antiquities",1
"lineages",1
"table",1
"lip",1
"brazoria",1
"prag",1
"coordination",1
"get",1
"canada",1
"mirror",1
"unusual",1
"mounds",1
"problematic",1
"morrow",1
"conservation",1
"ofmelvin",1
"chattahoochee",1
"woodlands",1
"forest",1
"earliest",1
"considered",1
"distributional",1
"tooker",1
"detail",1
"isaac",1
"rite",1
"rise",1
"sweden",1
"ofthat",1
"riley",1
"trubACtt",1
"contained",1
"variable",1
"curious",1
"rarely",1
"then",1
"mcdonald",1
"bean",1
"following",1
"melanesia",1
"van",1
"comes",1
"exemplified",1
"artifices",1
"version",1
"conjunction",1
"incorporated",1
"australia",1
"athens",1
"simply",1
"stieglitz",1
"geographic",1
"hypothesized",1
"continues",1
"extension",1
"theme",1
"precise",1
"offered",1
"ballena",1
"physical",1
"palace",1
"perforated",1
"output",1
"rotterdam",1
"eleven",1
"bullen",1
"westview",1
"durations",1
"spinier",1
"organizational",1
"offers",1
"ofv",1
"alternative",1
"pinpointing",1
"gran",1
"der",1
"colorado",1
"payne",1
"bright",1
"blower",1
"berkeley",1
"favorably",1
"each",1
"commonplace",1
"country",1
"parental",1
"henry",1
"dzibilchaltun",1
"worth",1
"moneta",1
"sizes",1
"tinmtt",1
"forlag",1
"jeanne",1
"down",1
"etal",1
"argue",1
"dated",1
"universal",1
"preclassic",1
"foundation",1
"manuals",1
"fossils",1
"astroms",1
"alternatively",1
"treasures",1
"reliability",1
"clearly",1
"countering",1
"brilliance",1
"generalized",1
"examining",1
"ethnohistorians",1
"byzantine",1
"placing",1
"burying",1
"proposed",1
"passage",1
"elders",1
"ideally",1
"better",1
"evident",1
"qualitatively",1
"elena",1
"ditch",1
"hyman",1
"commodity",1
"sinai",1
"fuller",1
"genera",1
"unique",1
"rose",1
"offering",1
"mostacillas",1
"references",1
"orleans",1
"varying",1
"add",1
"converting",1
"seasonal",1
"centralisation",1
"dedicated",1
"turanian",1
"iwmtt",1
"fabricating",1
"tvubA?tt",1
"jovanovich",1
"waters",1
"correlates",1
"argued",1
"wider",1
"expositions",1
"thousands",1
"geometric",1
"cloth",1
"yield",1
"awarded",1
"delle",1
"patience",1
"apartment",1
"minimal",1
"virginia",1
"museo",1
"holocene",1
"amass",1
"urban",1
"contain",1
"infant",1
"categories",1
"practice",1
"grand",1
"des",1
"cluster",1
"socioeconomic",1
"marking",1
"navigate",1
"neck",1
"level",1
"circumstances",1
"preserved",1
"thekiva",1
"voice",1
"altered",1
"thereby",1
"conclude",1
"modoc",1
"practices",1
"courses",1
"became",1
"convinced",1
"palaikastro",1
"cash",1
"harvested",1
"bougainville",1
"territory",1
"exceeded",1
"deviate",1
"tnmtt",1
"commodities",1
"contribute",1
"nashville",1
"summarizes",1
"allows",1
"evidenced",1
"definitions",1
"hogendorn",1
"palestina",1
"accorded",1
"think",1
"craA?",1
"fondation",1
"sanctified",1
"seddon",1
"question",1
"multiscalar",1
"ensisheim",1
"corpis",1
"underworld",1
"survival",1
"commercial",1
"lists",1
"generate",1
"vann",1
"average",1
"inprocess",1
"finding",1
"quest",1
"kingdom",1
"decrease",1
"argentina",1
"twentieth",1
"web",1
"national",1
"chemical",1
"explanation",1
"harm",1
"tulane",1
"tawilan",1
"algonquians",1
"offer",1
"actively",1
"wadi",1
"materializes",1
"dense",1
"cypraea",1
"socially",1
"hA?yA?k",1
"revisionist",1
"lohmann",1
"montcourt",1
"artefacts",1
"chronologies",1
"frank",1
"involving",1
"france",1
"effects",1
"copies",1
"colleagues",1
"crafty",1
"defined",1
"derive",1
"off",1
"levi",1
"mullu",1
"madison",1
"grabbeigaben",1
"remains",1
"francisco",1
"shift",1
"macdonald",1
"christi",1
"anonymous",1
"harappa",1
"vi",1
"thousand",1
"midcontinent",1
"drift",1
"charlotte",1
"cached",1
"oiaaeiei",1
"compounded",1
"nassarius",1
"oversimplification",1
"bell",1
"vary",1
"reached",1
"era",1
"create",1
"views",1
"cemochechobee",1
"snuffboxes",1
"element",1
"sciences",1
"yoyoi",1
"pontheziA?res",1
"simmons",1
"compensation",1
"kuhn",1
"ab",1
"beings",1
"cross",1
"abraders",1
"loyalties",1
"tract",1
"oA-",1
"indicating",1
"termed",1
"delayed",1
"close",1
"cited",1
"traceologie",1
"tube",1
"looking",1
"gold",1
"god",1
