"WORDCOUNTS","WEIGHT"
"the",770
"and",658
"of",594
"in",484
"a",280
"to",216
"d",137
"for",130
"that",128
"s",118
"j",116
"archaeological",115
"dating",112
"from",97
"m",80
"r",79
"dean",76
"dendrochronology",74
"are",71
"e",68
"as",68
"on",68
"is",67
"c",67
"tucson",66
"pp",62
"university",60
"research",60
"dates",58
"be",57
"have",55
"data",51
"or",51
"g",49
"w",49
"by",48
"new",48
"not",46
"at",45
"t",44
"an",44
"nash",42
"tree",42
"eds",42
"international",40
"et",40
"analysis",40
"date",39
"h",38
"with",38
"american",37
"was",36
"ring",36
"other",35
"i",35
"chronologies",35
"radiocarbon",35
"swetnam",34
"rings",33
"been",33
"it",32
"l",32
"see",32
"p",31
"because",31
"baillie",31
"chronology",31
"north",31
"has",30
"prehistoric",30
"environment",30
"years",30
"arizona",30
"environmental",29
"they",29
"press",29
"america",29
"b",29
"ed",28
"oak",28
"meko",28
"studies",27
"stahle",27
"proceedings",27
"conference",27
"trees",27
"humanity",26
"sites",26
"used",26
"k",26
"southwest",26
"archaeology",26
"dendrochronological",25
"az",25
"which",25
"archaeologists",24
"laboratory",24
"history",22
"record",22
"specimens",22
"europe",22
"time",22
"all",21
"crossdating",21
"may",21
"this",21
"historic",21
"species",21
"pine",21
"between",21
"than",20
"climate",20
"these",20
"ahlstrom",20
"were",20
"such",19
"ai",19
"al",19
"but",19
"can",19
"applications",19
"historical",19
"world",19
"one",18
"journal",18
"growth",18
"their",18
"when",18
"site",18
"use",18
"kuniholm",17
"drought",17
"also",17
"period",17
"series",17
"towner",16
"dated",16
"further",16
"well",16
"climatic",16
"reconstruction",16
"more",16
"mexico",16
"over",16
"wood",16
"nature",15
"crossdated",15
"change",15
"about",15
"v",15
"science",15
"if",14
"douglass",14
"old",14
"n",14
"most",14
"had",14
"recently",14
"its",14
"using",14
"will",14
"dendrochronologists",14
"do",14
"northern",14
"behavior",13
"last",13
"human",13
"schweingruber",13
"contributions",13
"long",13
"f",13
"southern",13
"oxford",13
"york",13
"region",13
"report",13
"early",13
"jacoby",13
"temperature",13
"recent",13
"cutting",12
"those",12
"development",12
"no",12
"found",12
"during",12
"mesa",12
"same",12
"specimen",12
"noncutting",12
"cleaveland",12
"variability",12
"although",12
"evidence",12
"pinus",11
"great",11
"british",11
"some",11
"possible",11
"developed",11
"aspects",11
"dendroclimatology",11
"precipitation",11
"therefore",11
"many",11
"number",11
"lake",11
"significant",11
"trade",11
"anderson",11
"indicate",11
"antiquity",11
"construction",11
"growing",11
"utah",11
"into",10
"there",10
"resources",10
"southwestern",10
"fig",10
"hillam",10
"events",10
"though",10
"south",10
"interpretation",10
"two",10
"timbers",10
"only",10
"including",10
"colorado",10
"conditions",10
"created",9
"either",9
"reconstructions",9
"england",9
"u",9
"back",9
"study",9
"monuments",9
"decades",9
"late",9
"academic",9
"records",9
"regions",9
"related",9
"published",9
"bulletin",9
"biological",9
"beams",9
"reports",9
"bar",9
"areas",9
"made",9
"fritts",9
"robinson",9
"anasazi",9
"navajo",9
"stress",9
"salt",9
"independent",9
"methods",9
"centuries",9
"given",9
"techniques",9
"include",9
"cook",9
"now",8
"o",8
"dendroclimatic",8
"occurred",8
"sources",8
"archaeologically",8
"dd",8
"west",8
"pueblo",8
"alaska",8
"resource",8
"chronometrie",8
"however",8
"paleoenvironmental",8
"led",8
"he",8
"examined",8
"efforts",8
"present",8
"smiley",8
"processes",8
"three",8
"ireland",8
"aegean",8
"united",8
"interested",8
"did",8
"volcanic",8
"city",8
"states",8
"medieval",7
"large",7
"modern",7
"first",7
"season",7
"papers",7
"eastern",7
"variations",7
"timber",7
"application",7
"century",7
"perspective",7
"general",7
"van",7
"across",7
"after",7
"similar",7
"changes",7
"additional",7
"ancient",7
"basin",7
"behavioral",7
"panel",7
"event",7
"briffa",7
"wimmer",7
"chronological",7
"chronometry",7
"year",7
"kluwer",7
"samples",7
"questions",7
"so",7
"summer",7
"beam",7
"european",7
"dissertation",7
"associated",7
"simply",7
"known",7
"paper",7
"abandonment",7
"current",7
"particularly",7
"through",7
"among",7
"major",7
"germany",6
"center",6
"implications",6
"eruption",6
"able",6
"recorded",6
"advances",6
"architectural",6
"response",6
"english",6
"levels",6
"hughes",6
"parts",6
"crossdate",6
"impact",6
"age",6
"charcoal",6
"plateau",6
"could",6
"occupation",6
"population",6
"produced",6
"method",6
"kiva",6
"paintings",6
"field",6
"bridge",6
"annual",6
"production",6
"provided",6
"valuable",6
"san",6
"indicates",6
"ice",6
"ponderosa",6
"sapwood",6
"department",6
"regional",6
"double",6
"useful",6
"fire",6
"technique",6
"others",6
"analytical",6
"fact",6
"end",6
"where",6
"less",6
"would",6
"black",6
"often",6
"pilcher",6
"gunn",6
"factors",6
"who",6
"forest",6
"dordrecht",6
"must",6
"different",6
"east",6
"past",6
"treering",6
"agricultural",6
"produce",6
"art",6
"northwestern",6
"national",6
"area",6
"vetter",6
"difficult",5
"arctic",5
"western",5
"kairiukstis",5
"source",5
"asia",5
"principles",5
"warm",5
"analyses",5
"worldwide",5
"arrigo",5
"courtesy",5
"canyon",5
"exist",5
"severe",5
"jr",5
"subjects",5
"compared",5
"archaeologist",5
"jones",5
"reconstructed",5
"environments",5
"prehistory",5
"skeleton",5
"panels",5
"result",5
"carolina",5
"cores",5
"cultural",5
"focused",5
"tools",5
"absolute",5
"near",5
"basis",5
"inferences",5
"own",5
"buildings",5
"mediterranean",5
"settlement",5
"highly",5
"results",5
"periods",5
"portion",5
"various",5
"populations",5
"economic",5
"nearly",5
"dwellings",5
"make",5
"verde",5
"culture",5
"eruptions",5
"variation",5
"patterns",5
"relevant",5
"holocene",5
"netherlands",5
"methodological",5
"high",5
"preservation",5
"adaptive",5
"france",5
"sequences",5
"ward",5
"geographic",5
"gumerman",5
"sciences",5
"each",5
"anthropology",5
"lamarche",5
"phd",5
"what",5
"list",5
"larson",5
"theory",5
"cabi",5
"both",5
"reconstruct",5
"false",5
"washington",5
"effects",5
"potential",5
"chicago",5
"should",5
"building",5
"final",4
"common",4
"estimated",4
"cells",4
"earlywood",4
"mountains",4
"identify",4
"stone",4
"sets",4
"being",4
"sequoia",4
"metal",4
"switzerland",4
"state",4
"key",4
"chaco",4
"quality",4
"interest",4
"occurs",4
"elements",4
"henri",4
"rather",4
"denmark",4
"subsistence",4
"certain",4
"possibly",4
"river",4
"statistical",4
"severity",4
"clearly",4
"too",4
"four",4
"commonly",4
"albuquerque",4
"important",4
"plot",4
"seven",4
"out",4
"economics",4
"ann",4
"wide",4
"failure",4
"literature",4
"example",4
"northwest",4
"oaks",4
"structures",4
"successful",4
"working",4
"below",4
"cold",4
"salzer",4
"microfilms",4
"characteristics",4
"quaternary",4
"investigations",4
"master",4
"progress",4
"variety",4
"identified",4
"death",4
"still",4
"latewood",4
"southeast",4
"noted",4
"missing",4
"lighter",4
"occupations",4
"frost",4
"pattern",4
"model",4
"purposes",4
"eckstein",4
"multidisciplinary",4
"interpreting",4
"local",4
"giddings",4
"walpi",4
"jamestown",4
"clear",4
"individual",4
"problems",4
"heartwood",4
"arbor",4
"grandes",4
"note",4
"continued",4
"provide",4
"usually",4
"norton",4
"striker",4
"precise",4
"control",4
"beginning",4
"references",4
"forestry",4
"ravesloot",4
"distribution",4
"yield",4
"hundreds",4
"transition",4
"much",4
"aspect",4
"cambridge",4
"typically",4
"oldest",4
"modeling",4
"schiffer",4
"bristlecone",4
"little",4
"taylor",4
"fir",3
"concerned",3
"insect",3
"pueblito",3
"multilingual",3
"apache",3
"introduction",3
"tend",3
"fletcher",3
"wazny",3
"before",3
"experience",3
"glossary",3
"neolithic",3
"attempt",3
"georgia",3
"suggesting",3
"indeed",3
"billamboz",3
"deemed",3
"deforestation",3
"juniper",3
"within",3
"case",3
"occasional",3
"sophisticated",3
"laxton",3
"vol",3
"determined",3
"activity",3
"tracing",3
"cited",3
"lambert",3
"signal",3
"exposed",3
"regarding",3
"central",3
"lara",3
"andrew",3
"review",3
"relationships",3
"veracity",3
"against",3
"millennium",3
"savannah",3
"cases",3
"body",3
"publications",3
"find",3
"swiss",3
"orcel",3
"higher",3
"interesting",3
"database",3
"german",3
"without",3
"identification",3
"krapiec",3
"absent",3
"stressful",3
"how",3
"infestation",3
"basic",3
"longest",3
"climatology",3
"estimates",3
"dipeso",3
"reason",3
"arid",3
"developments",3
"locally",3
"section",3
"elsewhere",3
"geophysical",3
"undated",3
"shorter",3
"surface",3
"bartholin",3
"cut",3
"dc",3
"based",3
"lead",3
"aftermath",3
"allow",3
"societies",3
"deal",3
"narrow",3
"ellicott",3
"density",3
"reviews",3
"earthquake",3
"cannot",3
"applied",3
"harvested",3
"required",3
"haury",3
"work",3
"updated",3
"reader",3
"london",3
"irish",3
"barn",3
"dozens",3
"older",3
"refined",3
"myriad",3
"people",3
"actually",3
"middle",3
"approach",3
"heritage",3
"arkansas",3
"painting",3
"giant",3
"level",3
"order",3
"pedigree",3
"around",3
"hemisphere",3
"castle",3
"spanish",3
"transport",3
"june",3
"ship",3
"industry",3
"churches",3
"productivity",3
"schematic",3
"society",3
"belgium",3
"poland",3
"situation",3
"impacts",3
"schmidt",3
"short",3
"outer",3
"once",3
"kent",3
"yet",3
"museum",3
"programs",3
"repair",3
"technology",3
"under",3
"light",3
"performed",3
"natural",3
"virgin",3
"social",3
"evaluating",3
"french",3
"jeffrey",3
"loader",3
"deserves",3
"water",3
"comparison",3
"lund",3
"documents",3
"becker",3
"available",3
"slovenia",3
"material",3
"colony",3
"native",3
"kaennel",3
"going",3
"degree",3
"analyzed",3
"desert",3
"lavier",3
"exciting",3
"variables",3
"continue",3
"rejected",3
"discovered",3
"laboratories",3
"ottoman",3
"alerce",3
"david",3
"like",3
"accurate",3
"provides",3
"kaye",3
"blanton",3
"examine",3
"effect",3
"corners",3
"we",3
"ago",3
"darker",3
"brown",3
"shiyatov",3
"relationship",3
"africa",3
"stream",3
"ecological",3
"cedar",3
"groves",3
"began",3
"effectively",3
"exists",3
"worlds",3
"interpretive",3
"stable",3
"quantitative",3
"anthropological",3
"practice",3
"colonists",3
"intensification",3
"concordance",3
"stem",3
"volcanology",3
"argue",3
"euler",3
"inquiry",3
"far",3
"replication",3
"living",3
"february",3
"terms",3
"making",3
"information",3
"tasmania",3
"size",3
"researchers",3
"howard",3
"presented",3
"beck",3
"come",3
"formation",3
"litton",3
"wolfman",3
"illinois",3
"larch",3
"documentation",3
"contributed",3
"grown",3
"constructed",3
"attempted",3
"ca",3
"mcgraw",3
"temperatures",3
"substantial",3
"southeastern",3
"malcolm",3
"gran",3
"hypothesis",3
"problem",2
"gis",2
"does",2
"paleoenvironment",2
"explosion",2
"hirschboeck",2
"currently",2
"done",2
"isotopie",2
"flow",2
"way",2
"vienna",2
"mescalero",2
"norway",2
"affected",2
"determine",2
"extends",2
"utility",2
"per",2
"passing",2
"group",2
"needed",2
"complex",2
"informative",2
"likely",2
"alive",2
"prince",2
"seriation",2
"park",2
"decade",2
"cycles",2
"title",2
"cornell",2
"santorini",2
"calibration",2
"bark",2
"contexts",2
"lower",2
"hopi",2
"stressed",2
"www",2
"familiarity",2
"roman",2
"fifteenth",2
"originally",2
"attempts",2
"taken",2
"concentrated",2
"musical",2
"humans",2
"words",2
"worthington",2
"scientists",2
"advantage",2
"estimation",2
"therein",2
"procedure",2
"feature",2
"miles",2
"concepts",2
"dincauze",2
"access",2
"political",2
"complicated",2
"china",2
"aylesford",2
"context",2
"datable",2
"cathedrals",2
"luminescence",2
"iv",2
"demography",2
"right",2
"weston",2
"italian",2
"prior",2
"sixteenth",2
"zuni",2
"dutch",2
"bell",2
"twelfth",2
"recalcitrant",2
"anomalous",2
"interior",2
"dendroecology",2
"ringwidth",2
"phase",2
"examining",2
"historically",2
"difficulties",2
"dynamics",2
"inner",2
"nepal",2
"due",2
"september",2
"sp",2
"santa",2
"media",2
"schulman",2
"sample",2
"hevly",2
"chihuahua",2
"feathers",2
"thereof",2
"clustering",2
"casas",2
"stokes",2
"star",2
"columbia",2
"third",2
"died",2
"even",2
"instruments",2
"dry",2
"pronounced",2
"fennoscandia",2
"cufar",2
"equal",2
"hehr",2
"surprisingly",2
"cameron",2
"via",2
"stockpiled",2
"his",2
"housing",2
"junction",2
"process",2
"karlstrom",2
"munro",2
"warship",2
"branch",2
"stein",2
"white",2
"productive",2
"comment",2
"modified",2
"directory",2
"understand",2
"discernible",2
"dendroehronological",2
"objects",2
"organization",2
"established",2
"intensive",2
"morgan",2
"warren",2
"mary",2
"argued",2
"calendar",2
"pullman",2
"beyond",2
"tercier",2
"favorable",2
"exploitation",2
"plenum",2
"somehow",2
"bruno",2
"archaeomagnetic",2
"faced",2
"hoffsummer",2
"view",2
"union",2
"palmer",2
"my",2
"http",2
"bearing",2
"analog",2
"moon",2
"erosion",2
"scotland",2
"viking",2
"quercus",2
"vaganov",2
"downloadable",2
"neighboring",2
"biases",2
"excellent",2
"scale",2
"silver",2
"none",2
"inferred",2
"overviews",2
"received",2
"tool",2
"sowers",2
"lundqua",2
"concept",2
"part",2
"training",2
"revealed",2
"stores",2
"scars",2
"geology",2
"overview",2
"realm",2
"describe",2
"harlan",2
"increasingly",2
"winter",2
"bannister",2
"reconstructing",2
"famine",2
"trends",2
"kincaid",2
"bonde",2
"earth",2
"dark",2
"computer",2
"least",2
"thirteenth",2
"contrast",2
"involved",2
"submit",2
"dobbs",2
"few",2
"resolution",2
"disaster",2
"presence",2
"alluvial",2
"core",2
"vein",2
"dependent",2
"diminished",2
"preliminary",2
"marsadolov",2
"huber",2
"moved",2
"aggregate",2
"pinyon",2
"critical",2
"matter",2
"absence",2
"groundstone",2
"service",2
"comparative",2
"limited",2
"return",2
"classic",2
"etc",2
"stratigraphy",2
"pile",2
"interactions",2
"selection",2
"structural",2
"guide",2
"pacific",2
"land",2
"makes",2
"thought",2
"serve",2
"cliff",2
"temperate",2
"index",2
"included",2
"levanic",2
"naval",2
"recycled",2
"walled",2
"baldcypress",2
"again",2
"pointed",2
"blinman",2
"mobley",2
"nevada",2
"addition",2
"added",2
"lack",2
"fundamental",2
"scholars",2
"crop",2
"rebuilding",2
"diverse",2
"surfaces",2
"gray",2
"resolved",2
"discussed",2
"roof",2
"zealand",2
"mountainous",2
"took",2
"adjacent",2
"remarkable",2
"clusters",2
"continuing",2
"seventeenth",2
"axes",2
"michael",2
"dendrochronologist",2
"necessary",2
"graumlich",2
"perhaps",2
"project",2
"frequency",2
"website",2
"ecology",2
"another",2
"status",2
"aggregation",2
"understanding",2
"extended",2
"turkey",2
"width",2
"eighteenth",2
"host",2
"empirical",2
"food",2
"numerous",2
"band",2
"submitted",2
"actual",2
"maintains",2
"california",2
"nevertheless",2
"exceedingly",2
"importance",2
"points",2
"peter",2
"amounts",2
"mississippian",2
"symposium",2
"collaboration",2
"dendrochronologia",2
"features",2
"curve",2
"lipe",2
"rembrandt",2
"graphic",2
"graves",2
"especially",2
"relation",2
"contact",2
"hydrologie",2
"obsidian",2
"analyze",2
"differ",2
"bonito",2
"professional",2
"develop",2
"andreas",2
"attention",2
"ababneh",2
"palluche",2
"larix",2
"enough",2
"assigned",2
"beech",2
"she",2
"abies",2
"program",2
"becomes",2
"lost",2
"luckman",2
"contribution",2
"expert",2
"dead",2
"holmes",2
"siberia",2
"fields",2
"instances",2
"biology",2
"considered",2
"increased",2
"austria",2
"detail",2
"burned",2
"hardwood",2
"suggestions",2
"then",2
"any",2
"suite",2
"habitation",2
"measurements",2
"extending",2
"chichimeca",2
"hydration",2
"extension",2
"sweden",2
"here",2
"coincides",2
"trunk",2
"principle",2
"historians",2
"calibrate",2
"harvest",2
"windsor",2
"lettis",2
"purview",2
"noller",2
"sierra",2
"works",2
"hydrology",2
"cupressoides",2
"spatial",2
"them",2
"rose",2
"reconcile",2
"cause",2
"particular",2
"independently",2
"thirty",2
"climatological",2
"seasonal",2
"ruin",2
"baltic",2
"springer",2
"suggests",2
"eighmy",2
"ideal",2
"betancourt",2
"grand",2
"cluster",2
"belfast",2
"occasionally",2
"circumstances",2
"multiple",2
"conclude",2
"deadwood",2
"despite",2
"atmospheric",2
"verified",2
"role",2
"gdansk",2
"disciplines",2
"lies",2
"cambium",2
"scarcely",2
"maintained",2
"representation",2
"precision",2
"chile",2
"roig",2
"difference",2
"decrease",2
"protohistoric",2
"fourteenth",2
"laki",2
"crossdatable",2
"finally",2
"applicable",2
"need",2
"specialists",2
"geochronology",2
"smaller",2
"attributes",2
"colleagues",2
"defined",2
"reach",2
"eldridge",2
"remains",2
"francisco",2
"impacted",2
"summary",2
"offered",2
"specific",2
"juniperus",2
"assumed",2
"russia",2
"uncertainty",2
"valley",2
"entire",2
"vagaries",2
"focus",2
"strong",2
"arnold",2
"doing",2
"close",2
"villalba",2
"courts",1
"juan",1
"miller",1
"grA$fin",1
"entities",1
"wwft",1
"portuguese",1
"westbury",1
"produces",1
"rate",1
"struggle",1
"accidents",1
"queenston",1
"limits",1
"polish",1
"versa",1
"anatolian",1
"arkeometri",1
"later",1
"indicated",1
"effected",1
"tropics",1
"imported",1
"slaughter",1
"densitometric",1
"taft",1
"extreme",1
"tuscaloosa",1
"extend",1
"milson",1
"episodes",1
"archaeolottica",1
"arrive",1
"perrault",1
"ninteenth",1
"manuscript",1
"berlin",1
"obtains",1
"church",1
"enlightening",1
"conducted",1
"discover",1
"partially",1
"cyprus",1
"archaeodendrochronological",1
"kinds",1
"myth",1
"enhance",1
"unstated",1
"leeacv",1
"sheffield",1
"forgeries",1
"formed",1
"live",1
"constitutes",1
"federal",1
"peaks",1
"approaches",1
"bias",1
"easily",1
"latini",1
"fault",1
"collection",1
"acceptance",1
"enjoys",1
"salinger",1
"explanatory",1
"necessarily",1
"proven",1
"salado",1
"eastward",1
"equations",1
"scientist",1
"noah",1
"ussr",1
"induced",1
"edu",1
"migration",1
"territorial",1
"helm",1
"practices",1
"mote",1
"leads",1
"efficacy",1
"negative",1
"test",1
"fluctuations",1
"diffusion",1
"summarize",1
"came",1
"fraction",1
"gap",1
"australia",1
"expertise",1
"specifically",1
"revisited",1
"conundrums",1
"universitv",1
"distinguishing",1
"flavor",1
"interests",1
"exclusive",1
"severely",1
"restoration",1
"culturally",1
"contrasted",1
"diego",1
"might",1
"astronomical",1
"assist",1
"undocumented",1
"lumber",1
"incomplete",1
"emerged",1
"shipwrecks",1
"definition",1
"bites",1
"gary",1
"comparatively",1
"knowing",1
"laundry",1
"carter",1
"borders",1
"chapts",1
"simple",1
"thank",1
"limber",1
"mazepa",1
"potentially",1
"funkhouser",1
"meteorological",1
"hofs",1
"inherent",1
"disappearance",1
"sometime",1
"thanks",1
"dinetah",1
"footsteps",1
"croom",1
"court",1
"room",1
"take",1
"styles",1
"subsequent",1
"faunal",1
"achieved",1
"underutilized",1
"patterned",1
"devised",1
"rudimentary",1
"mind",1
"emphasized",1
"greatly",1
"precisely",1
"chiefdoms",1
"keith",1
"regression",1
"corroborate",1
"normal",1
"physical",1
"alike",1
"somewhat",1
"typhoid",1
"sonuA?lari",1
"revise",1
"mills",1
"cooling",1
"stopped",1
"coniferous",1
"sq",1
"producing",1
"departures",1
"evaluation",1
"globe",1
"forum",1
"depending",1
"existence",1
"epstein",1
"ark",1
"moisture",1
"iii",1
"swalands",1
"isobars",1
"capacity",1
"adopts",1
"causation",1
"guidelines",1
"primary",1
"sought",1
"eurasia",1
"agriculture",1
"ngdc",1
"dweller",1
"intriguing",1
"reincarnation",1
"porter",1
"quantities",1
"discrepancies",1
"felt",1
"capable",1
"huon",1
"compelling",1
"fl",1
"mongolia",1
"facilitating",1
"soils",1
"disentangle",1
"fritz",1
"pursue",1
"appendices",1
"feinman",1
"veils",1
"bibliography",1
"pederson",1
"move",1
"consumers",1
"fogs",1
"arenas",1
"measuring",1
"community",1
"occurring",1
"interdisciplinary",1
"since",1
"x",1
"establishment",1
"uncertain",1
"cole",1
"geomorphological",1
"apply",1
"above",1
"constrained",1
"correlation",1
"renewable",1
"macedonia",1
"measurement",1
"tied",1
"reliably",1
"diversity",1
"labor",1
"avenues",1
"repeatedly",1
"conflict",1
"thus",1
"iron",1
"accessible",1
"throughout",1
"petraea",1
"monkey",1
"comments",1
"rimbers",1
"accuracy",1
"explained",1
"estimating",1
"eurodendro",1
"mm",1
"diurnal",1
"illustrates",1
"objective",1
"regimens",1
"gokstad",1
"tables",1
"curse",1
"sacramento",1
"software",1
"author",1
"dendrotypology",1
"entrenchment",1
"characteristic",1
"anthropologically",1
"relatively",1
"forgotten",1
"ability",1
"speculative",1
"relations",1
"acta",1
"raises",1
"scotch",1
"mccord",1
"uniformity",1
"eurasian",1
"treeing",1
"utilizes",1
"nechako",1
"extensively",1
"haupt",1
"publishes",1
"drainage",1
"nor",1
"tends",1
"paleoclimatology",1
"document",1
"burgeoning",1
"amount",1
"encompass",1
"speed",1
"hopefully",1
"determination",1
"difficulty",1
"generated",1
"imath",1
"allowing",1
"applying",1
"left",1
"witnessed",1
"zetterberg",1
"estimate",1
"khalessi",1
"novice",1
"geological",1
"percentage",1
"lequesne",1
"look",1
"preserving",1
"vice",1
"apparently",1
"wet",1
"doelle",1
"observatory",1
"cosmic",1
"leadership",1
"isabel",1
"occasion",1
"generation",1
"acknowledge",1
"dust",1
"giganteum",1
"timberline",1
"error",1
"christensen",1
"scholarly",1
"poorly",1
"blessing",1
"heikkinen",1
"alabama",1
"phases",1
"maintenance",1
"lesser",1
"seventh",1
"operation",1
"soil",1
"poor",1
"mesolithic",1
"ruins",1
"competition",1
"cembro",1
"iti",1
"shipping",1
"fleet",1
"neff",1
"played",1
"hopes",1
"acid",1
"exact",1
"act",1
"links",1
"continent",1
"ofchetro",1
"highlands",1
"generations",1
"remain",1
"edward",1
"unit",1
"synonyms",1
"radius",1
"elliottii",1
"coastal",1
"midwest",1
"responded",1
"mean",1
"broaden",1
"pinpoint",1
"northland",1
"megadrought",1
"determining",1
"edwin",1
"risk",1
"anthmnoloex",1
"mile",1
"appears",1
"se",1
"derived",1
"direct",1
"batsford",1
"plots",1
"ceramics",1
"signatures",1
"special",1
"develope",1
"possess",1
"fluvial",1
"jm",1
"burials",1
"paleoclimate",1
"space",1
"plog",1
"extremes",1
"basketmakers",1
"supposed",1
"compilation",1
"picea",1
"milled",1
"soon",1
"affect",1
"ensure",1
"twlhb",1
"biased",1
"alaskan",1
"reuse",1
"fagan",1
"cathedral",1
"timepiece",1
"climatologie",1
"repeated",1
"hydroclimatic",1
"emission",1
"bit",1
"seeing",1
"days",1
"bay",1
"bruce",1
"house",1
"sheer",1
"northeastern",1
"frequently",1
"chilean",1
"upper",1
"benefited",1
"prolonged",1
"austrian",1
"underwater",1
"zimmerman",1
"griggs",1
"groundwater",1
"polar",1
"indications",1
"followed",1
"eclipses",1
"preferably",1
"archeological",1
"solve",1
"friars",1
"explain",1
"marriage",1
"warmer",1
"strategy",1
"providing",1
"appear",1
"postdated",1
"artistic",1
"friends",1
"matching",1
"greater",1
"arrived",1
"skewed",1
"lieu",1
"anthropogenic",1
"priori",1
"arrival",1
"blamed",1
"hull",1
"histories",1
"detrimental",1
"consisting",1
"houses",1
"fitroy",1
"virginiana",1
"cell",1
"puebloan",1
"conspicuous",1
"cleanly",1
"monitoring",1
"eos",1
"vigorous",1
"hybridize",1
"fuel",1
"manning",1
"flexilis",1
"evaluate",1
"extracting",1
"peeled",1
"circulation",1
"sequoiadendron",1
"companion",1
"graybill",1
"deficits",1
"latter",1
"berglund",1
"dendrogeomorphology",1
"war",1
"gov",1
"intensity",1
"priorities",1
"promise",1
"analogous",1
"younger",1
"thin",1
"iceland",1
"otherwise",1
"energy",1
"guidance",1
"multidisciplinar",1
"rectilinear",1
"simulations",1
"james",1
"isotope",1
"criteria",1
"technical",1
"shape",1
"undatable",1
"thera",1
"almost",1
"directly",1
"boot",1
"gibbon",1
"designation",1
"lebanon",1
"supplanted",1
"future",1
"line",1
"kelly",1
"correctly",1
"network",1
"lithuania",1
"afte",1
"planning",1
"bounded",1
"retables",1
"mayer",1
"sculpture",1
"circumstantial",1
"karlen",1
"preferred",1
"nine",1
"heart",1
"palynologie",1
"brought",1
"story",1
"ot",1
"falzone",1
"communication",1
"overlay",1
"mertensiana",1
"polychrome",1
"enter",1
"anew",1
"patterning",1
"homeland",1
"contain",1
"criticized",1
"unusually",1
"woodland",1
"anatomical",1
"parameters",1
"intentionally",1
"loss",1
"beetle",1
"misinterpreted",1
"island",1
"fail",1
"intermediate",1
"guibai",1
"literally",1
"contains",1
"dendrochronolgy",1
"kA?hler",1
"treeringsociety",1
"sylvatica",1
"documented",1
"whiptail",1
"focuses",1
"douglas",1
"away",1
"corollary",1
"penshurst",1
"il",1
"anglia",1
"showing",1
"connections",1
"telescopes",1
"dustveil",1
"sampled",1
"manipulation",1
"norfolk",1
"pollution",1
"A2",1
"bibliographies",1
"stockholm",1
"good",1
"statistically",1
"estonia",1
"tudor",1
"thune",1
"caused",1
"responsibility",1
"snags",1
"multiyear",1
"suggest",1
"straight",1
"canopis",1
"volume",1
"tested",1
"comet",1
"trading",1
"next",1
"sessile",1
"swedlund",1
"complicate",1
"psaltis",1
"emphasizes",1
"phrase",1
"quite",1
"regimes",1
"slash",1
"sake",1
"quantification",1
"every",1
"several",1
"clanwilliam",1
"cypress",1
"accomplished",1
"wider",1
"alleviate",1
"grow",1
"breaking",1
"peak",1
"krakatoa",1
"refinement",1
"roofing",1
"priory",1
"toplantisi",1
"portions",1
"tended",1
"impossible",1
"coast",1
"up",1
"st",1
"universities",1
"extracted",1
"raised",1
"carrol",1
"examines",1
"describes",1
"agression",1
"notes",1
"pedunculate",1
"cedarbergensis",1
"curates",1
"inform",1
"massive",1
"avoid",1
"araucana",1
"dendroarchaeological",1
"settlers",1
"span",1
"analytic",1
"secret",1
"voi",1
"uncommon",1
"eischeid",1
"second",1
"sovereign",1
"proxy",1
"oldlist",1
"exeter",1
"onset",1
"saw",1
"cottage",1
"curves",1
"architecture",1
"summertime",1
"visually",1
"african",1
"scientific",1
"dendrochronologically",1
"gather",1
"cessation",1
"britain",1
"guibal",1
"flagstaff",1
"gradual",1
"rights",1
"toward",1
"essex",1
"chapt",1
"april",1
"subject",1
"birmensdorf",1
"corporation",1
"gunton",1
"skuldelev",1
"appreciate",1
"forward",1
"ofdinACtah",1
"yugoslavia",1
"portland",1
"alba",1
"archaeoloex",1
"grande",1
"reserves",1
"testable",1
"bald",1
"biAY",1
"earthquakes",1
"initially",1
"newton",1
"artist",1
"stripes",1
"abrupt",1
"inhabited",1
"phasing",1
"ozark",1
"consulted",1
"corpus",1
"scarcity",1
"frank",1
"calculate",1
"springs",1
"workman",1
"bles",1
"opportunities",1
"lloyd",1
"berne",1
"happened",1
"acknowledgments",1
"mission",1
"sociocultural",1
"restricted",1
"ne",1
"differentiate",1
"perceived",1
"management",1
"puzzle",1
"processing",1
"mellen",1
"sociological",1
"home",1
"falls",1
"railroad",1
"assistance",1
"watson",1
"stratigraphie",1
"patinated",1
"broad",1
"accelerated",1
"noaa",1
"intense",1
"insights",1
"pseudotsuga",1
"warranted",1
"allows",1
"operations",1
"underway",1
"subjective",1
"angel",1
"ceramic",1
"simulation",1
"inhabitants",1
"biondi",1
"oral",1
"successfully",1
"lagged",1
"westward",1
"paul",1
"subregions",1
"carolyn",1
"power",1
"franklinii",1
"ketl",1
"provenience",1
"ontario",1
"renewed",1
"amerind",1
"kauri",1
"aristata",1
"ask",1
"hydrological",1
"projects",1
"timescale",1
"subfossil",1
"communal",1
"shows",1
"georgian",1
"faster",1
"ACtal",1
"unparalleled",1
"treatment",1
"hart",1
"head",1
"occurrence",1
"tumultuous",1
"epidemiology",1
"axtell",1
"environs",1
"pulp",1
"meuse",1
"sulfuric",1
"abstract",1
"instep",1
"bowden",1
"menziesii",1
"reasoning",1
"suppressed",1
"epilogue",1
"larger",1
"habitat",1
"reacted",1
"toa",1
"fallen",1
"grows",1
"loop",1
"prospects",1
"agathis",1
"book",1
"venture",1
"distributions",1
"communicates",1
"feedback",1
"removal",1
"starvation",1
"depopulation",1
"covers",1
"anthropologist",1
"bladcypress",1
"ages",1
"readers",1
"outside",1
"arrow",1
"forgery",1
"ivy",1
"geography",1
"shipwreck",1
"grudd",1
"pandemics",1
"landscape",1
"derivation",1
"blount",1
"compartmentalize",1
"empire",1
"lehthan",1
"answer",1
"strategies",1
"coincident",1
"slice",1
"waugh",1
"disparity",1
"histogram",1
"tails",1
"paleoclimatic",1
"reconciled",1
"grasshopper",1
"shifts",1
"villagran",1
"day",1
"identifiable",1
"remove",1
"original",1
"riparian",1
"demonstrated",1
"kunikolm",1
"empirically",1
"thhmb",1
"technologies",1
"exhibit",1
"synchrony",1
"investment",1
"supplies",1
"rio",1
"success",1
"gordon",1
"widdringtonia",1
"discovery",1
"completed",1
"decidua",1
"upon",1
"range",1
"pueblitos",1
"michaelson",1
"helps",1
"limitations",1
"refining",1
"logs",1
"rediscovery",1
"previously",1
"sap",1
"complexities",1
"louis",1
"computers",1
"oscillation",1
"ambos",1
"entirely",1
"turbulent",1
"hypotheses",1
"intermittent",1
"web",1
"factor",1
"affects",1
"chichester",1
"sequence",1
"yorkshire",1
"exhibited",1
"tsuga",1
"engaged",1
"therreil",1
"examination",1
"tambora",1
"previous",1
"traders",1
"office",1
"relegated",1
"eleventh",1
"dendroenvironmental",1
"mccarroll",1
"vii",1
"eggertsson",1
"deriving",1
"ties",1
"low",1
"tenthand",1
"baptist",1
"authors",1
"robur",1
"comprehensive",1
"idiosyncratic",1
"fallacy",1
"publication",1
"hampered",1
"faces",1
"co",1
"held",1
"citv",1
"defensive",1
"allowed",1
"characterized",1
"revised",1
"flood",1
"him",1
"mount",1
"orcutt",1
"collected",1
"linking",1
"obtained",1
"stages",1
"mountain",1
"boninsegna",1
"devise",1
"probable",1
"earlier",1
"southcentral",1
"thomas",1
"boxed",1
"neutral",1
"scandinavia",1
"inuit",1
"procurement",1
"paleo",1
"roofs",1
"queen",1
"maxim",1
"utk",1
"barrow",1
"systems",1
"floral",1
"evolutionary",1
"castleton",1
"mesas",1
"differently",1
"become",1
"specialize",1
"carr",1
"interpretations",1
"A-",1
"stand",1
"respectively",1
"topics",1
"exactly",1
"categorize",1
"enjoyed",1
"structure",1
"henry",1
"ethnohistory",1
"slightly",1
"greece",1
"astonishing",1
"galleries",1
"ground",1
"occupied",1
"institution",1
"relative",1
"propose",1
"opposite",1
"decay",1
"bibliographic",1
"concluded",1
"justice",1
"araucaria",1
"anatomy",1
"deterministically",1
"uncritical",1
"tennessee",1
"turpentine",1
"dysentery",1
"ranging",1
"things",1
"primate",1
"withstood",1
"reliable",1
"depressed",1
"topography",1
"postulate",1
"imply",1
"abundance",1
"stems",1
"today",1
"aitken",1
"publishing",1
"longleaf",1
"interdependent",1
"reviewer",1
"shortest",1
"movements",1
"broadened",1
"elam",1
"foreign",1
"scratched",1
"chronologic",1
"begin",1
"vertical",1
"lines",1
"wiener",1
"fewer",1
"insufficient",1
"remotely",1
"widespread",1
"primarily",1
"navajos",1
"institutions",1
"predict",1
"slow",1
"referred",1
"abnormal",1
"seen",1
"detailed",1
"el",1
"establish",1
"norwich",1
"visual",1
"taxodium",1
"lives",1
"jt",1
"recognize",1
"rapidly",1
"ceremonialism",1
"try",1
"la",1
"covering",1
"length",1
"frames",1
"html",1
"spanning",1
"life",1
"why",1
"hurni",1
"shed",1
"fe",1
"existed",1
"surprising",1
"framhouse",1
"measured",1
"get",1
"stockpiling",1
"earliest",1
"matters",1
"kromer",1
"stephen",1
"enigma",1
"rabaul",1
"differentiated",1
"ofthat",1
"border",1
"cover",1
"dorset",1
"variable",1
"magnitude",1
"heavy",1
"rarely",1
"metropolis",1
"reviewing",1
"niA?o",1
"conclusion",1
"accordance",1
"heeded",1
"conjunction",1
"incorporated",1
"monasteries",1
"semiarid",1
"australis",1
"legge",1
"woosley",1
"detect",1
"pace",1
"thousand",1
"lagarostrobus",1
"bronze",1
"regime",1
"carbondale",1
"classically",1
"rocky",1
"offers",1
"alternative",1
"strothers",1
"set",1
"know",1
"lekson",1
"hemlock",1
"bulgaria",1
"continental",1
"distichum",1
"rainfall",1
"ronmental",1
"kauwerak",1
"readily",1
"chacoan",1
"herefordshire",1
"cultures",1
"clacton",1
"specialized",1
"december",1
"global",1
"sampling",1
"believe",1
"sm",1
"talkative",1
"best",1
"ph",1
"half",1
"regard",1
"domestic",1
"returns",1
"foundation",1
"solved",1
"plateaus",1
"expresses",1
"plague",1
"obviously",1
"school",1
"conflating",1
"themes",1
"rely",1
"infer",1
"edible",1
"prasciunas",1
"build",1
"spruce",1
"pit",1
"distinctive",1
"essentially",1
"fitroya",1
"assessment",1
"pehuen",1
"bands",1
"better",1
"evident",1
"analytically",1
"treerim",1
"elena",1
"following",1
"integrates",1
"lens",1
"searchable",1
"outlines",1
"explanations",1
"basics",1
"catastrophic",1
"kainukstis",1
"preexisting",1
"communicate",1
"reign",1
"combined",1
"physiology",1
"form",1
"degradation",1
"sociology",1
"nearby",1
"add",1
"hoped",1
"mere",1
"malla",1
"unnecessary",1
"leaving",1
"hantman",1
"succumb",1
"sylvestris",1
"her",1
"foundations",1
"unfavorable",1
"antiquitx",1
"institute",1
"pursued",1
"improvements",1
"grissino",1
"chaotic",1
"minimal",1
"episode",1
"virginia",1
"lawrence",1
"circuit",1
"danish",1
"archaeometry",1
"kansas",1
"radically",1
"irtjubfthbbb",1
"john",1
"org",1
"awkwardly",1
"recognition",1
"furniture",1
"disparate",1
"uniform",1
"elucidate",1
"oseberc",1
"content",1
"confirm",1
"easy",1
"fortuitously",1
"predecessors",1
"turns",1
"redwood",1
"administration",1
"step",1
"assumptions",1
"situated",1
"happens",1
"rationale",1
"struck",1
"measure",1
"investigated",1
"tyers",1
"lesson",1
"underestimate",1
"caskets",1
"ehrenstein",1
"phenomenon",1
"disrupted",1
"snow",1
"oceanic",1
"computerization",1
"palustris",1
"turkish",1
"remarks",1
"our",1
"webb",1
"dendroarchaeology",1
"question",1
"determinism",1
"roanoke",1
"understandings",1
"ultimately",1
"models",1
"nayling",1
"spring",1
"survival",1
"latvian",1
"electronic",1
"color",1
"composed",1
"advent",1
"paleoenvi",1
"materials",1
"slope",1
"morphological",1
"catch",1
"vernacular",1
"trauma",1
"newsletter",1
"lodgepole",1
"public",1
"acidity",1
"extensive",1
"paleotemperature",1
"approximately",1
"instead",1
"ravesloof",1
"afflictions",1
"correlated",1
"ahlstorm",1
"consumption",1
"files",1
"chichichimeca",1
"basketmaker",1
"niels",1
"variously",1
"derive",1
"seeks",1
"off",1
"association",1
"internet",1
"definitive",1
"ships",1
"indices",1
"anonymous",1
"needs",1
"am",1
"switsur",1
"charles",1
"rupert",1
"pioneering",1
"ninth",1
"pending",1
"greenwich",1
"succeeded",1
"vary",1
"inventories",1
"geographical",1
"thicker",1
"routinely",1
"nigra",1
"deposition",1
"maximum",1
"exclusively",1
"shropshire",1
"ownership",1
"documentary",1
"interaction",1
"abandoned",1
"traditional",1
"baram",1
"duration",1
"longaeva",1
"turbulence",1
"sempervirens",1
"garvestone",1
"comparable",1
"parker",1
"fourteenthand",1
"meeting",1
"indicating",1
"built",1
"household",1
"contorta",1
