WORDCOUNTS,WEIGHT
and,1452
the,1448
of,1252
in,1126
a,568
j,330
to,324
archaeology,286
settlement,284
m,258
regional,209
r,204
s,198
for,193
pp,192
university,184
on,172
e,171
archaeological,164
is,155
are,151
survey,150
l,146
that,143
eds,141
press,140
from,139
d,139
g,138
p,136
c,133
studies,131
or,126
research,112
ed,110
et,106
b,101
al,99
american,97
t,97
have,95
landscape,94
new,89
not,87
k,83
as,83
with,82
sites,80
patterns,79
h,78
data,77
by,75
an,74
de,73
i,72
social,71
but,71
w,69
age,69
early,69
journal,67
n,67
project,65
pattern,65
springer,65
be,64
it,61
archaeol,61
systems,61
res,61
state,60
arizona,60
at,59
f,59
field,59
valley,59
history,58
antiquity,58
has,57
study,57
middle,56
more,55
region,54
mexico,53
prehistoric,52
surveys,51
oxford,51
analysis,51
landscapes,50
mediterranean,50
area,50
one,49
change,49
period,48
world,48
these,47
other,46
this,46
ancient,45
series,45
late,44
population,44
use,43
were,42
land,42
there,41
paleolithic,41
its,41
bronze,41
international,40
papers,40
different,40
communities,39
bar,39
many,39
cultural,38
southern,38
central,37
been,37
anthropology,37
archaeopress,36
states,35
southeastern,35
between,35
california,34
anthropological,34
site,33
was,33
northern,33
los,33
neolithic,32
time,32
southwest,32
historical,32
settlements,31
organization,31
societies,31
scale,31
society,31
variation,31
theory,31
they,30
tucson,30
basin,30
london,30
coverage,30
areas,30
institute,30
can,30
all,29
dynamics,29
no,29
their,29
prehistory,29
kowalewski,29
vol,28
projects,28
which,28
we,28
what,28
political,27
smith,27
lake,27
la,27
complexity,27
cotsen,27
city,27
angeles,26
regions,26
v,26
local,26
over,26
essays,25
stone,25
sheffield,25
roman,25
production,25
u,25
some,25
surface,25
future,25
approach,25
economic,25
also,25
perspectives,25
places,25
models,25
mesoamerica,24
cyprus,24
rural,24
than,24
utah,24
out,24
cambridge,24
place,24
systematic,24
small,24
maya,24
o,23
complex,23
europe,23
british,23
such,23
river,23
beyond,23
do,23
strategies,23
salt,23
recent,23
academic,22
southwestern,22
rice,22
about,22
blanton,22
wilkinson,22
archaeologists,21
great,21
warfare,21
during,21
urbanism,21
parsons,21
germany,20
system,20
case,20
prehispanic,20
oaxaca,20
pueblo,20
work,20
latin,20
south,20
museum,20
spatial,20
chiefdoms,19
york,19
good,19
mesopotamia,19
culture,19
theoretical,19
methods,19
y,19
athens,19
school,19
past,19
economy,19
ô,18
eastern,18
bintliff,18
resource,18
because,18
periods,18
department,18
see,18
practice,18
years,18
macroregional,18
would,18
exchange,18
agricultural,18
through,18
formation,18
national,18
north,18
china,17
classic,17
verlag,17
community,17
most,17
based,17
well,17
urban,17
comparative,17
multiple,17
conard,16
groups,16
attema,16
hohokam,16
australia,16
review,16
feinman,16
human,16
william,16
had,16
found,16
record,16
describe,16
results,16
will,16
ana,16
only,16
report,16
antropología,16
evidence,16
much,16
georgia,15
those,15
italian,15
van,15
how,15
subsistence,15
scales,15
view,15
people,15
jordan,15
ecology,15
demographic,15
including,15
ö,15
greece,15
uk,15
should,15
environmental,14
large,14
approaches,14
western,14
design,14
iron,14
development,14
old,14
upper,14
example,14
tempe,14
several,14
migration,14
southeast,14
management,14
two,14
made,14
processes,14
mississippian,14
aegean,14
united,14
emergence,14
into,13
first,13
stanish,13
méxico,13
since,13
peru,13
important,13
objectives,13
pottery,13
make,13
issues,13
useful,13
where,13
en,13
polities,13
bulletin,13
understanding,13
colorado,13
east,13
did,13
very,13
less,13
medieval,13
among,13
if,12
foraging,12
significant,12
ma,12
di,12
context,12
leblanc,12
stark,12
â,12
tübingen,12
tiwanaku,12
used,12
part,12
köhler,12
kerns,12
villages,12
using,12
historia,12
volume,12
heritage,12
model,12
africa,12
chen,12
distribution,12
size,12
little,12
integration,12
now,11
market,11
mobility,11
potentials,11
mesolithic,11
kuna,11
plain,11
me,11
agriculture,11
resources,11
gila,11
hierarchy,11
excavations,11
adams,11
perspective,11
may,11
environments,11
artefact,11
problems,11
hinterland,11
michigan,11
fish,11
method,11
overview,11
records,11
boundaries,11
coast,11
always,11
liu,11
activities,11
instituto,11
larger,11
books,11
balkansky,11
carried,11
often,11
fields,11
nacional,11
environment,11
venclová,11
df,11
wadi,11
need,11
archaic,11
comparison,11
west,11
territories,11
does,10
junker,10
schools,10
lowlands,10
du,10
being,10
last,10
el,10
sanders,10
traditions,10
alabama,10
coinman,10
changes,10
show,10
archeological,10
behavioral,10
island,10
del,10
pluckhahn,10
he,10
mesa,10
architecture,10
surveyed,10
yet,10
varíen,10
ceramic,10
bauer,10
desert,10
three,10
times,10
oxbow,10
then,10
here,10
current,10
imperial,10
holocene,10
ohio,10
variability,10
washington,10
inka,9
tuscaloosa,9
center,9
lower,9
ii,9
evolution,9
vols,9
asia,9
cherry,9
collapse,9
sample,9
kinds,9
growth,9
empires,9
intensity,9
publications,9
information,9
role,9
patterning,9
jeffrey,9
iacovou,9
oriental,9
things,9
few,9
florida,9
units,9
islands,9
verde,9
knapp,9
others,9
towns,9
pennsylvania,9
anthropologist,9
empire,9
examples,9
like,9
so,9
especially,9
evolutionary,9
crete,9
sometimes,9
types,9
when,9
alternative,9
kolb,9
know,9
abandonment,9
whether,9
fedick,9
des,9
african,9
parkinson,9
association,9
nicholas,8
difficult,8
nijboer,8
village,8
boulder,8
valle,8
seems,8
together,8
robert,8
within,8
key,8
america,8
demography,8
northeast,8
branigan,8
zifferero,8
relations,8
century,8
urbanization,8
jr,8
civilization,8
his,8
coastal,8
philadelphia,8
contributions,8
az,8
maiden,8
origins,8
syria,8
nichols,8
artifacts,8
andes,8
related,8
wilshusen,8
sense,8
mclntosh,8
quite,8
australian,8
kiva,8
preliminary,8
mastache,8
rome,8
harry,8
single,8
older,8
same,8
published,8
analytical,8
spain,8
perhaps,8
mccormick,8
collecting,8
trends,8
questions,8
historic,8
features,8
black,8
lipe,8
instead,8
article,8
blackwell,8
patterson,8
habu,8
drennan,8
ecological,8
polis,8
changing,8
similar,8
iv,8
form,8
dedicated,8
periphery,8
researchers,8
disciplines,8
territory,8
although,8
vi,8
modeling,8
interaction,8
billman,8
major,8
formed,7
before,7
oceania,7
long,7
revisited,7
highland,7
evaluation,7
madsen,7
aspects,7
point,7
cited,7
mountains,7
interest,7
even,7
general,7
rather,7
wilcox,7
parts,7
creek,7
der,7
irrigation,7
my,7
plateau,7
centers,7
deal,7
ann,7
having,7
italy,7
woodland,7
whole,7
artifact,7
legacy,7
around,7
climate,7
core,7
up,7
critical,7
power,7
expansion,7
charlton,7
techniques,7
deadly,7
etc,7
continuity,7
transects,7
toward,7
distributions,7
program,7
existing,7
hinterlands,7
arqueologia,7
valleys,7
who,7
mesopotamian,7
santley,7
full,7
theories,7
craft,7
thrane,7
arbor,7
iran,7
relationship,7
usually,7
maps,7
institutions,7
why,7
tiber,7
aboriginal,7
niger,7
chora,7
material,7
known,7
temporal,7
natural,7
each,7
particular,7
chifeng,7
transition,7
heartland,7
dc,7
pathways,7
problem,6
kluwer,6
common,6
later,6
pittsburgh,6
uplands,6
fragmented,6
decade,6
cycles,6
sources,6
davis,6
nm,6
concepts,6
proposals,6
reorganization,6
x,6
yeki,6
santa,6
cases,6
leadership,6
jones,6
dd,6
interesting,6
highlands,6
process,6
factors,6
ones,6
heredia,6
specialization,6
greater,6
effort,6
mesoamerican,6
honoring,6
occupation,6
produced,6
guidance,6
structure,6
without,6
knowledge,6
diachronie,6
literature,6
aztec,6
runnels,6
le,6
interacting,6
smithsonian,6
methodological,6
describes,6
und,6
perception,6
foragers,6
formative,6
copan,6
us,6
present,6
pacheco,6
crm,6
farming,6
end,6
chiefdom,6
homenaje,6
redmond,6
collaborative,6
clear,6
fitzhugh,6
individual,6
high,6
ages,6
anderson,6
sydney,6
institution,6
sociopolitical,6
investigations,6
attention,6
european,6
space,6
provide,6
hill,6
giuseppe,6
plains,6
life,6
fe,6
itself,6
forest,6
dissertation,6
serra,6
dispersed,6
must,6
reconnaissance,6
athanassopoulos,6
offers,6
puche,6
cover,6
control,6
ph,6
cities,6
better,6
terms,6
making,6
ravesloot,6
surveying,6
waters,6
while,6
suggests,6
mesoamericana,6
regularities,6
abbott,6
indians,6
harrison,6
our,6
americas,6
underhill,6
france,6
gainesville,6
gis,5
edge,5
methodology,5
ways,5
comparisons,5
pérez,5
ortman,5
secondary,5
analyses,5
studied,5
mississippi,5
prior,5
witcher,5
spielmann,5
far,5
interior,5
economies,5
chamblee,5
fréter,5
relationships,5
finsten,5
gilman,5
type,5
given,5
ethridge,5
distinct,5
developments,5
compared,5
find,5
transformations,5
basic,5
münchen,5
after,5
orcutt,5
productive,5
hopewell,5
kintigh,5
intensive,5
section,5
observations,5
peninsula,5
requires,5
strategy,5
queensland,5
histories,5
pwiti,5
war,5
cannot,5
sedentism,5
near,5
bandelier,5
overviews,5
archaeologist,5
levanthal,5
northwest,5
structures,5
lanham,5
gojda,5
wandsnider,5
hole,5
generally,5
value,5
poland,5
various,5
logistical,5
darvill,5
synthesis,5
limited,5
veracruz,5
still,5
above,5
monte,5
kaogu,5
wright,5
indian,5
insights,5
oldenbourg,5
mixteca,5
titicaca,5
rock,5
paine,5
lack,5
idea,5
scholars,5
blocks,5
contemporary,5
galaty,5
zealand,5
honor,5
adjacent,5
geography,5
cycling,5
showing,5
another,5
demonstrated,5
range,5
postclassic,5
intermountain,5
samples,5
factor,5
ideas,5
described,5
trade,5
open,5
points,5
earlier,5
interpretations,5
contact,5
wells,5
versus,5
suggest,5
science,5
ine,5
collections,5
team,5
fang,5
frontier,5
forests,5
bogotá,5
suggestions,5
any,5
olszewski,5
simply,5
extensive,5
detail,5
md,5
geoarchaeology,5
set,5
cultures,5
worth,5
works,5
advances,5
lovis,5
johnson,5
sinai,5
foundations,5
too,5
art,5
plata,5
beck,5
technologies,5
copper,5
hesperia,5
au,5
terminal,5
come,5
kohler,5
shown,5
tell,5
philippines,5
ladefoged,5
public,5
integrated,5
effects,5
terrenato,5
thousand,5
specific,5
km,5
ca,5
miller,4
modelling,4
done,4
doonan,4
altamira,4
measures,4
janusek,4
likewise,4
group,4
san,4
identify,4
cuzco,4
modern,4
park,4
ae,4
chief,4
transitions,4
karczewski,4
spencer,4
season,4
england,4
nature,4
archaeologically,4
could,4
arlington,4
simple,4
concludes,4
pagoulatos,4
mogollón,4
daniel,4
valdez,4
inca,4
primary,4
mine,4
copenhagen,4
possible,4
politics,4
zuni,4
sumter,4
fine,4
geomorphological,4
zimbabwe,4
ritual,4
wallace,4
authors,4
framework,4
conflict,4
goal,4
bayman,4
andel,4
tanzania,4
barton,4
neighbors,4
difficulty,4
relatively,4
algaze,4
duff,4
nelson,4
clark,4
casas,4
depend,4
neitzel,4
macroregion,4
barbanes,4
kent,4
bolivia,4
sassaman,4
critique,4
przywolnik,4
libyan,4
altaweel,4
savage,4
leusen,4
wüst,4
hellenistic,4
adequate,4
indus,4
costs,4
across,4
explicit,4
special,4
means,4
understand,4
consider,4
specify,4
jomon,4
just,4
impact,4
northeastern,4
pastoral,4
zimmerman,4
lithic,4
plenum,4
permanent,4
pleistocene,4
decades,4
trajectories,4
honduras,4
uses,4
closely,4
lock,4
mater,4
hantman,4
erosion,4
access,4
events,4
alban,4
burgers,4
mattingly,4
ot,4
residential,4
moore,4
however,4
universidad,4
levant,4
silver,4
hierarchies,4
network,4
contexts,4
concept,4
brück,4
ten,4
donahue,4
loss,4
weisler,4
inferences,4
hawai,4
rise,4
predictive,4
polity,4
bernabeu,4
excavated,4
mahoney,4
peterson,4
stiver,4
decline,4
texas,4
diacopoulos,4
joolen,4
integrating,4
territorial,4
catchment,4
populations,4
scheick,4
tropical,4
denmark,4
interactions,4
va,4
confronting,4
ballcourts,4
pacific,4
sciences,4
interpretation,4
chronology,4
light,4
guatemala,4
kardulias,4
demarest,4
reports,4
williams,4
ashmore,4
available,4
varies,4
wetlands,4
efforts,4
designing,4
advantage,4
sullivan,4
classical,4
covey,4
clusters,4
ur,4
purposes,4
japan,4
shifts,4
number,4
mills,4
exploring,4
shandong,4
asentamiento,4
mosaic,4
trend,4
real,4
nothing,4
significance,4
sinop,4
molyneaux,4
enough,4
become,4
relation,4
britain,4
etruria,4
seasons,4
kantner,4
covered,4
consequences,4
increasing,4
archipelago,4
she,4
caucasia,4
vertical,4
negev,4
dimensions,4
un,4
seen,4
detailed,4
millennia,4
relevant,4
transformation,4
lucas,4
minoan,4
examine,4
distributional,4
reciprocal,4
monument,4
thinking,4
peoples,4
descriptions,4
routledge,4
seem,4
foundation,4
iii,4
brazil,4
wood,4
rethinking,4
scholarship,4
excavation,4
investigation,4
multidisciplinary,4
references,4
want,4
managed,4
danish,4
conference,4
both,4
ill,4
garraty,4
sea,4
centro,4
die,4
alta,4
sinopoli,4
think,4
question,4
argues,4
protohistoric,4
offer,4
province,4
include,4
abandonments,4
summary,4
observation,4
chicago,4
develop,4
gulf,4
focus,4
strong,4
macroregions,4
building,4
household,4
final,3
go,3
margins,3
kepecs,3
polish,3
garcía,3
generated,3
néolithique,3
empirical,3
introduction,3
utility,3
flavors,3
ruiz,3
second,3
territoire,3
mcdonald,3
peeters,3
molinos,3
madaba,3
nyame,3
something,3
variety,3
john,3
congress,3
jutland,3
canyon,3
else,3
either,3
every,3
jackson,3
localities,3
hally,3
scientific,3
path,3
meaning,3
worked,3
subject,3
physiographic,3
tradition,3
broadly,3
holl,3
formativo,3
panafrican,3
substantive,3
vrokastro,3
renfrew,3
take,3
subsequent,3
yucatan,3
roosevelt,3
sahara,3
murray,3
somewhat,3
visibility,3
designs,3
mueller,3
projectile,3
gartner,3
recorded,3
hall,3
alcock,3
economics,3
whalen,3
powers,3
along,3
laconia,3
ross,3
inventory,3
evaluating,3
hudson,3
labor,3
thus,3
doms,3
phase,3
centralized,3
inner,3
quality,3
borderlands,3
due,3
bailey,3
against,3
jochim,3
application,3
cf,3
z,3
estimates,3
drainage,3
harare,3
houses,3
continuous,3
rafferty,3
arab,3
rosen,3
conlee,3
doelle,3
oj,3
poor,3
fort,3
topic,3
garcia,3
essential,3
sets,3
rio,3
behaviorally,3
district,3
organizing,3
square,3
sri,3
lasting,3
scarry,3
boone,3
houchoukos,3
discoveries,3
organized,3
elsewhere,3
numbers,3
moyen,3
pullman,3
ecuador,3
additional,3
albuquerque,3
putting,3
flow,3
drawing,3
wiltshire,3
diachronic,3
raw,3
tra,3
vanzetti,3
called,3
mapping,3
puebloan,3
changed,3
sedentary,3
austin,3
carolina,3
lawson,3
evaluate,3
further,3
chinese,3
though,3
reviews,3
intrasite,3
recently,3
procedures,3
directions,3
tracking,3
kirch,3
bracco,3
almost,3
none,3
kelly,3
hebrides,3
reid,3
start,3
reader,3
brought,3
svoboda,3
paleoenvironments,3
stein,3
database,3
broad,3
arqueología,3
documented,3
nabud,3
bud,3
schwartz,3
surrounding,3
hungary,3
responses,3
least,3
descriptive,3
wi,3
stage,3
dunning,3
emerging,3
contrast,3
bevan,3
shejiang,3
sumner,3
thomsen,3
intervals,3
richter,3
habitation,3
soil,3
potenza,3
components,3
trincheras,3
temporary,3
mi,3
arcnaeoiogy,3
progress,3
cj,3
roots,3
herr,3
provided,3
spikins,3
uaxaca,3
goodchild,3
highlights,3
varien,3
implications,3
holism,3
service,3
bunnens,3
benson,3
movement,3
christiansen,3
degradation,3
temperate,3
perceived,3
antiauitv,3
matson,3
lowland,3
shifting,3
khmer,3
already,3
wisconsin,3
mixtee,3
increasingly,3
avoided,3
ridged,3
actually,3
layton,3
challenge,3
again,3
similarly,3
barford,3
joyce,3
shows,3
diverse,3
considerable,3
yerkes,3
philippine,3
behind,3
monographs,3
mali,3
archaeologies,3
topping,3
otago,3
marginal,3
english,3
anthropologie,3
deep,3
louvain,3
cai,3
interpreting,3
territoriality,3
empirically,3
aggregation,3
registers,3
portugal,3
basketmaker,3
varying,3
asian,3
angle,3
hypotheses,3
numerous,3
sequence,3
submitted,3
ethnic,3
laboratory,3
fleisher,3
uruk,3
ireland,3
diversity,3
preservation,3
standard,3
latter,3
belgium,3
minnis,3
lilly,3
internal,3
hungarian,3
topics,3
exactly,3
james,3
footsteps,3
grain,3
destruction,3
evaluated,3
brown,3
badalyan,3
grandes,3
roth,3
abundance,3
today,3
interdependent,3
lot,3
five,3
impressive,3
testing,3
abdi,3
attenbrow,3
properties,3
sequences,3
hierarchical,3
fall,3
respect,3
kenya,3
interpretive,3
kouchoukos,3
gonlin,3
acheson,3
variable,3
osborne,3
mentioned,3
countryside,3
theme,3
landschaftsarchäologie,3
yu,3
quaternary,3
welsby,3
vermeulen,3
pylos,3
intellectual,3
principle,3
country,3
chacoan,3
chapman,3
paper,3
welch,3
pickering,3
sampling,3
apical,3
inquiry,3
rely,3
turkey,3
adler,3
sierra,3
memoirs,3
oliver,3
following,3
beginning,3
discuss,3
notable,3
cook,3
them,3
list,3
sociology,3
cahokia,3
add,3
baja,3
thousands,3
produce,3
richness,3
phenomena,3
universe,3
soper,3
transport,3
easy,3
gilpin,3
ucko,3
departamento,3
belize,3
llanos,3
syrian,3
madison,3
schlanger,3
metal,3
zones,3
kingdom,3
conditions,3
aware,3
patrones,3
typically,3
canadian,3
forming,3
walking,3
macdonald,3
carr,3
dancey,3
potential,3
thing,3
mee,3
paleoindian,3
possehl,3
tribes,3
abandoned,3
sweden,3
oí,3
doing,3
reflections,3
built,3
scandinavian,2
argolid,2
monsieur,2
anschuetz,2
shovel,2
cavanagh,2
pearson,2
limits,2
box,2
horizontal,2
way,2
fortified,2
lucero,2
rájala,2
commitment,2
darling,2
separated,2
affected,2
branches,2
per,2
decentralized,2
needed,2
measurable,2
kadrow,2
hay,2
systematically,2
susiana,2
authority,2
walker,2
mathieu,2
tied,2
mckinley,2
mansky,2
pose,2
inequality,2
houck,2
tells,2
source,2
theorizing,2
lernia,2
silbernagel,2
test,2
experience,2
fluctuations,2
came,2
goodman,2
cordero,2
aside,2
upland,2
paterson,2
explaining,2
permit,2
certainly,2
majority,2
taken,2
military,2
deutschen,2
kilometers,2
berkeley,2
rapid,2
corridors,2
cobb,2
principles,2
papadopuolos,2
seneca,2
individuals,2
assess,2
conolly,2
differences,2
roland,2
narrative,2
liverpool,2
able,2
generalizations,2
atzori,2
room,2
hunting,2
connection,2
previous,2
evolving,2
cyclical,2
bogaczewo,2
petty,2
jaramillo,2
gallegos,2
zu,2
tv,2
physical,2
boada,2
reading,2
peuplement,2
barreto,2
empty,2
continuities,2
takes,2
alto,2
depending,2
linear,2
mithen,2
wetland,2
gaps,2
autonomous,2
región,2
honolulu,2
colombia,2
steinkeller,2
placement,2
gambia,2
relational,2
epigraphy,2
datasets,2
investigator,2
petexbatun,2
obvious,2
occurring,2
interdisciplinary,2
sino,2
conceptual,2
schaepe,2
zeanah,2
selecting,2
unify,2
berrien,2
anticipated,2
representing,2
avebury,2
metcalf,2
zone,2
identifies,2
todd,2
andrews,2
living,2
collection,2
exist,2
auckland,2
royal,2
dortch,2
tuggle,2
downum,2
topográfiája,2
component,2
realized,2
silent,2
ethnohistorical,2
networks,2
databases,2
heterogeneity,2
walter,2
conducted,2
walnut,2
butzer,2
nested,2
ferguson,2
nigeria,2
kind,2
concentrations,2
coarser,2
evident,2
towner,2
david,2
stokes,2
worman,2
paléolithique,2
columbia,2
six,2
egypt,2
effective,2
estimate,2
thin,2
fowler,2
compare,2
ingbar,2
biological,2
drawn,2
communication,2
look,2
occidental,2
bennett,2
spite,2
apparently,2
coasts,2
araba,2
raynaud,2
mckivergan,2
bipolar,2
newer,2
phases,2
bernardini,2
tonto,2
reconstruction,2
whose,2
cambodia,2
played,2
ably,2
statements,2
drainages,2
kommission,2
essence,2
kienlin,2
unit,2
bergman,2
levels,2
centralization,2
holistic,2
neglected,2
halstead,2
oasis,2
kodiak,2
garaty,2
carson,2
meentemeyer,2
legendary,2
futrell,2
importance,2
se,2
ceramics,2
pages,2
aquatic,2
fluvial,2
scarborough,2
boyle,2
radiating,2
support,2
raymond,2
webster,2
hawkins,2
hedges,2
affect,2
biased,2
postmodern,2
representativeness,2
instituts,2
statistical,2
heterarchical,2
benefits,2
inomata,2
etrurian,2
energy,2
exciting,2
korea,2
fortifications,2
house,2
template,2
situations,2
presumed,2
four,2
mangrove,2
millennium,2
elegant,2
organisation,2
rubinson,2
circulating,2
cost,2
terminology,2
allen,2
gebiet,2
shifted,2
helped,2
providing,2
consultants,2
beaver,2
chester,2
ci,2
marshall,2
gregory,2
advance,2
underrepresented,2
constructing,2
reexamined,2
rule,2
moon,2
faunal,2
seven,2
lived,2
ogburn,2
oh,2
newcombe,2
viking,2
lyyy,2
initial,2
cores,2
term,2
czech,2
density,2
hastings,2
guadalajara,2
understood,2
lópez,2
caves,2
circular,2
hanson,2
treat,2
hawaiian,2
dispersal,2
meet,2
promise,2
excellent,2
iceland,2
amerind,2
required,2
wide,2
colonies,2
manyanga,2
bay,2
criteria,2
improve,2
chiapas,2
outstanding,2
mimbres,2
berichte,2
accounting,2
paleoenvironmental,2
sonora,2
bounded,2
scatters,2
tool,2
ideal,2
carry,2
heart,2
luan,2
discusses,2
pajarito,2
ecologists,2
actors,2
lyonnet,2
q,2
discussions,2
water,2
away,2
sutton,2
papadopuolo,2
villalpando,2
lange,2
challenging,2
lithics,2
attributed,2
hidden,2
organización,2
akuma,2
picture,2
aoyama,2
keswani,2
interregional,2
christopherson,2
successful,2
love,2
shaping,2
unexpected,2
sociocultural,2
healy,2
sixty,2
spatiotemporal,2
iberia,2
textual,2
sacaton,2
reed,2
greek,2
gorenflo,2
routine,2
trombold,2
scope,2
county,2
borgstede,2
cremaschi,2
visible,2
scott,2
st,2
venezuelan,2
antiauity,2
leonards,2
hayden,2
lorenz,2
glasgow,2
appropriate,2
alizadeh,2
am,2
klithi,2
geographical,2
promising,2
whittlesey,2
odham,2
bassin,2
epirus,2
chronological,2
span,2
nepi,2
processual,2
led,2
likely,2
investigating,2
sylvia,2
antioch,2
fieldwalkers,2
letters,2
identified,2
schmidt,2
short,2
overall,2
address,2
appreciate,2
unsystematic,2
academy,2
vieja,2
hingley,2
thailand,2
kornfeld,2
label,2
hegmon,2
robin,2
patches,2
springs,2
edited,2
violence,2
contribute,2
examined,2
opportunities,2
newell,2
linduff,2
makes,2
barker,2
happened,2
precolumbian,2
ring,2
mobile,2
scandinavia,2
ohnersorgen,2
manzanilla,2
unwin,2
heffernan,2
sociological,2
included,2
continents,2
prehispdnicos,2
olding,2
whitelaw,2
multiregional,2
frameworks,2
locational,2
liendo,2
continued,2
bandy,2
gaines,2
chose,2
hilltop,2
antieke,2
organizations,2
resolution,2
corsi,2
lewis,2
name,2
neanderthals,2
sw,2
reporting,2
juan,2
put,2
cacicazgos,2
usefulness,2
fact,2
longer,2
cobean,2
head,2
occupations,2
walked,2
morandi,2
wedded,2
lituana,2
developed,2
eddy,2
lacks,2
really,2
practical,2
banks,2
proposal,2
takeoff,2
prospects,2
foxhall,2
external,2
bavaria,2
took,2
considered,2
centre,2
à,2
moche,2
potentially,2
riley,2
necessary,2
reconstructing,2
zvelebil,2
governance,2
yiluo,2
loendorf,2
peregrine,2
driessen,2
stanford,2
locations,2
ror,2
barrett,2
anticipate,2
matos,2
degree,2
shapiro,2
meaningful,2
extended,2
robertson,2
assemblages,2
discovery,2
limitations,2
trajectory,2
formal,2
deserts,2
looking,2
prospection,2
budget,2
pournelle,2
lesser,2
enduring,2
boullart,2
unfortunately,2
largely,2
persisted,2
residues,2
rivers,2
refers,2
began,2
products,2
thurston,2
eden,2
auf,2
continue,2
office,2
falconer,2
gooreng,2
jeter,2
theses,2
ties,2
dar,2
anasazi,2
rowland,2
crises,2
dragoon,2
valencia,2
consult,2
azania,2
magyarország,2
periodo,2
modernization,2
brass,2
winslow,2
deals,2
citv,2
defensive,2
characterized,2
harris,2
direct,2
snead,2
tribal,2
collected,2
malloura,2
households,2
provides,2
martin,2
spent,2
educational,2
graves,2
labels,2
mathews,2
dans,2
describing,2
learn,2
epiclassic,2
mcerlean,2
looked,2
ground,2
relative,2
professional,2
lourandos,2
ago,2
deyloff,2
propose,2
pyburn,2
astili,2
microregions,2
species,2
wernke,2
hunt,2
said,2
erica,2
rallu,2
caucasus,2
revolution,2
genesis,2
depth,2
defensible,2
vaughn,2
modification,2
vicinity,2
oakes,2
fairly,2
tomo,2
altschul,2
stream,2
crucial,2
foster,2
palenque,2
rough,2
albion,2
explain,2
begin,2
archäologischen,2
mcgovern,2
confronto,2
gamble,2
yemen,2
cuenca,2
dai,2
watrous,2
agroecosystems,2
contribution,2
lhe,2
blitz,2
try,2
countries,2
linking,2
es,2
efficiency,2
huntley,2
hansen,2
labianca,2
canada,2
ridges,2
combines,2
mounds,2
completeness,2
yoruba,2
verhoeven,2
conservation,2
sociedad,2
blackman,2
joseph,2
microwatershed,2
magnitude,2
conclusion,2
milner,2
intensification,2
pueblos,2
mitchell,2
spanish,2
ethnoarchaeology,2
geographic,2
bacus,2
proposes,2
durations,2
usman,2
phillips,2
accomplished,2
spatially,2
perry,2
butler,2
ni,2
defining,2
continental,2
familiar,2
chartier,2
colonization,2
descent,2
bororó,2
pedestrian,2
stanyard,2
chadic,2
global,2
sizes,2
exploration,2
albarracinjordan,2
best,2
schuldenrein,2
argue,2
half,2
basins,2
aura,2
regard,2
yener,2
burney,2
particularly,2
mongolia,2
polynesian,2
themselves,2
pollock,2
steppe,2
byzantine,2
las,2
schofield,2
montmollin,2
maggi,2
ideally,2
liangcheng,2
leiden,2
catalogue,2
berenike,2
ulm,2
hills,2
régészeti,2
xunantunich,2
atolls,2
luonan,2
depalmas,2
robles,2
harappan,2
haggis,2
seasonal,2
map,2
adaptation,2
her,2
thompson,2
mcandrews,2
require,2
benes,2
account,2
fieldiana,2
arazi,2
emphasis,2
considerably,2
socioeconomic,2
level,2
beschaving,2
thorley,2
farmstead,2
iberian,2
conclude,2
okinawa,2
mande,2
pecos,2
republic,2
maori,2
focal,2
activity,2
administration,2
assumptions,2
target,2
aims,2
waves,2
lee,2
fortresses,2
contrasts,2
crosscultural,2
ucl,2
atoll,2
glowacki,2
inuit,2
recording,2
argument,2
differentiation,2
salaam,2
fullcoverage,2
lands,2
pitblado,2
labrèche,2
internally,2
hart,2
explanation,2
geoarchaeological,2
register,2
burley,2
alluvial,2
archéologie,2
kythera,2
rieth,2
davies,2
managing,2
smaller,2
barnes,2
scalar,2
involving,2
proyecto,2
meyers,2
defined,2
mienjes,2
philosophy,2
enclosures,2
typology,2
remains,2
younker,2
increased,2
campaign,2
boksar,2
agropastoral,2
arabian,2
needs,2
ninth,2
haiman,2
archaeologica,2
third,2
deboer,2
deployment,2
russia,2
discontinuous,2
consisted,2
huckleberry,2
nucleation,2
vary,2
cosmopoulos,2
era,2
valdivia,2
rocky,2
views,2
substantial,2
instance,2
neustupny,2
traditional,2
connolly,2
herders,2
counts,2
observed,2
hamel,2
arnold,2
ga,2
tract,2
inventories,2
acres,2
interconnectivity,1
woven,1
alb,1
bottom,1
ä,1
massif,1
surroundings,1
visigoths,1
fleming,1
archives,1
duckworth,1
dyrrachium,1
camps,1
nia,1
compares,1
matsen,1
encountering,1
refinement,1
canals,1
page,1
henan,1
humans,1
sahel,1
oriented,1
institut,1
moundbuilders,1
firmum,1
sterile,1
gujarat,1
adriatic,1
forschungen,1
swabian,1
parcial,1
chalk,1
antecedents,1
turner,1
òociai,1
names,1
amuq,1
corporate,1
moumani,1
glascock,1
underwater,1
tropics,1
identity,1
morocco,1
tilting,1
bialystok,1
mesoamérica,1
investigaciones,1
toolkit,1
saprykin,1
negro,1
truth,1
holman,1
stoddart,1
peaceful,1
archeologia,1
ureece,1
raieoiitnic,1
reconsidered,1
reconstructed,1
neeley,1
expedition,1
episodes,1
resulted,1
armenia,1
alentejo,1
legitimate,1
curzin,1
yaeger,1
ew,1
burke,1
tracked,1
inferior,1
hillforts,1
adoption,1
sola,1
petroglyphs,1
douglas,1
succession,1
xuebao,1
starts,1
península,1
stockholm,1
survival,1
numerical,1
beier,1
linguistic,1
comparability,1
connect,1
weber,1
told,1
enlightening,1
bane,1
partially,1
rick,1
achievements,1
kobyliñski,1
breakup,1
star,1
sketched,1
agency,1
fate,1
kalalat,1
aesen,1
tend,1
designed,1
prime,1
maize,1
labak,1
advised,1
vj,1
catastrophe,1
informative,1
imperialism,1
services,1
borstein,1
comunidades,1
estuaries,1
specialist,1
true,1
huanhe,1
computer,1
continent,1
sabana,1
mexican,1
subregional,1
ambientes,1
sapillo,1
bias,1
universiteit,1
knauss,1
easily,1
postprocessual,1
analyse,1
pima,1
bthndge,1
favor,1
ei,1
inference,1
flows,1
junih,1
considerations,1
iarmers,1
ti,1
realities,1
ram,1
cilicia,1
stó,1
edens,1
barinas,1
ruins,1
tlacolula,1
dongola,1
reduced,1
gale,1
equated,1
locale,1
necessarily,1
classify,1
organic,1
presents,1
subsets,1
title,1
encourage,1
kolomoki,1
behavior,1
amply,1
individually,1
ambitious,1
equations,1
robinson,1
radimilahy,1
ethnoarchaeological,1
fruitful,1
suffered,1
impede,1
edu,1
skrifter,1
track,1
khan,1
attuned,1
absence,1
realtà,1
societal,1
lnka,1
mughan,1
vermeiden,1
troodos,1
materials,1
salvage,1
limestone,1
estratificación,1
ahu,1
leads,1
negative,1
peaked,1
summarize,1
glover,1
oslonki,1
subjective,1
anything,1
rast,1
fundación,1
jh,1
keay,1
inc,1
soffer,1
relieve,1
ecodynamics,1
ty,1
avenues,1
kanrach,1
universitv,1
ashgate,1
fifteenth,1
fullness,1
flavor,1
interests,1
logistic,1
concerned,1
demystified,1
kendrick,1
handle,1
originally,1
give,1
attempts,1
aldenderfer,1
brzeziñski,1
nissen,1
ciencias,1
siedlungskammer,1
attempt,1
seuiemeni,1
script,1
lruir,1
sidebotam,1
burs,1
fragmentary,1
omega,1
shipwrecks,1
recursive,1
insediamento,1
official,1
pilgrimage,1
active,1
teki,1
experiments,1
platte,1
yll,1
words,1
gary,1
damaged,1
dramatically,1
posit,1
possibilities,1
reach,1
shaped,1
sharpen,1
volatility,1
scientists,1
crops,1
assembling,1
humana,1
manageable,1
carter,1
belong,1
parameters,1
shipley,1
suggesting,1
conceptualized,1
desire,1
sceptre,1
thank,1
therein,1
wb,1
kaleidoscope,1
whatever,1
untapped,1
lydia,1
timing,1
wave,1
potentia,1
normative,1
confront,1
spaced,1
undirected,1
inherent,1
status,1
proves,1
check,1
brier,1
link,1
scheme,1
dinetah,1
procedure,1
maccormick,1
análisis,1
encouragement,1
della,1
religion,1
dom,1
anyway,1
chami,1
homelands,1
debt,1
gestion,1
omparative,1
listed,1
éléments,1
coalescence,1
help,1
rafael,1
nazca,1
raiding,1
inferring,1
pickers,1
rorme,1
multivillage,1
critically,1
izuudj,1
emphasized,1
respond,1
influences,1
croxford,1
raised,1
situ,1
athienou,1
richmond,1
routines,1
rockshelters,1
normal,1
complicated,1
neolit,1
bis,1
mail,1
headings,1
discipline,1
ambiguous,1
dunedin,1
signs,1
segmentary,1
domestic,1
alluviation,1
anthrrmnlnoist,1
sheet,1
inappropriate,1
allier,1
eisenzeit,1
études,1
timpson,1
quattnn,1
bohemia,1
intersection,1
palaipaphos,1
digital,1
uu,1
cabak,1
seminar,1
nomadic,1
ad,1
multivocal,1
faught,1
depends,1
paleodemography,1
taxanomic,1
néolithisation,1
nowhere,1
employs,1
wens,1
effigy,1
wetter,1
dennis,1
alburquerque,1
dearth,1
existence,1
suspect,1
sophisticated,1
followed,1
botanical,1
cabinet,1
kesearch,1
roberts,1
jettisons,1
uncited,1
huamelula,1
tie,1
anthropologists,1
ase,1
foundational,1
albeit,1
pulled,1
verenice,1
bird,1
nena,1
task,1
monumenta,1
money,1
draws,1
continuum,1
abrams,1
severe,1
beran,1
pieced,1
bases,1
conditioned,1
gm,1
firm,1
incorporate,1
westcentral,1
march,1
tefilabusayra,1
representations,1
balmuth,1
yass,1
cousins,1
licking,1
retain,1
chapter,1
curating,1
uga,1
welcome,1
rolto,1
howard,1
recommended,1
determined,1
marked,1
aans,1
gerntson,1
cooperation,1
ochoa,1
vandal,1
fer,1
arcnaeoiogicai,1
illustrate,1
characterize,1
disentangle,1
leiva,1
aldred,1
draper,1
dekle,1
jersev,1
feasible,1
functions,1
corpuses,1
fluctuation,1
fyfield,1
arkaeologisk,1
move,1
richard,1
occupy,1
weissbach,1
perfectly,1
dataset,1
reparatvm,1
transcend,1
internet,1
mounting,1
cnina,1
vanne,1
variations,1
topografia,1
except,1
reflecting,1
espacio,1
temporada,1
timothy,1
exchanges,1
unesco,1
implantation,1
bioregion,1
shellfish,1
dynamic,1
zusammenhänge,1
perdikaris,1
horticultural,1
establishes,1
rsuragica,1
demanded,1
ineanaertnai,1
bramgan,1
horticulturalists,1
yazvenko,1
replacement,1
venne,1
paphos,1
olofsson,1
alfa,1
perturbations,1
explanatory,1
pedro,1
agricultura,1
onjala,1
gaffhey,1
jazdzewski,1
garden,1
controlled,1
ìyyq,1
stress,1
ritualization,1
usage,1
cmjalva,1
pithouse,1
tribute,1
repeatedly,1
relies,1
methana,1
einarsson,1
piedmont,1
regarding,1
bogota,1
mackie,1
chaco,1
municipium,1
includes,1
fallacy,1
romanization,1
accessible,1
examining,1
perigoni,1
schmich,1
akimel,1
pit,1
comprehending,1
ramilisonina,1
hypothesizes,1
progetto,1
differential,1
express,1
zangger,1
geographer,1
angles,1
zentrallykien,1
rothman,1
mahavavy,1
influx,1
generation,1
nn,1
estimating,1
peculiarities,1
spectrum,1
dinamiche,1
curzon,1
bison,1
fretting,1
neighbor,1
reject,1
bracket,1
uavanagh,1
run,1
mycenae,1
economia,1
regio,1
uinta,1
initially,1
tables,1
sociale,1
integral,1
author,1
peter,1
specifiable,1
orientales,1
patchy,1
forgotten,1
reflection,1
anthropologically,1
dozen,1
ability,1
basal,1
bridging,1
zuuz,1
mixed,1
acta,1
raises,1
consumer,1
ergebnisse,1
uniformity,1
discover,1
kearns,1
saup,1
materially,1
aistnouuons,1
pacajes,1
media,1
salado,1
meyer,1
usda,1
assured,1
cnws,1
neolithikum,1
seaman,1
expected,1
contributors,1
yap,1
spans,1
ai,1
chihuahua,1
midcontinental,1
guided,1
priority,1
progressive,1
turn,1
down,1
reported,1
hydrology,1
górski,1
overton,1
adjustment,1
intracommunity,1
defense,1
barchesi,1
items,1
paths,1
crouwel,1
jabbul,1
interim,1
clustering,1
robb,1
kingle,1
simpson,1
vom,1
segura,1
ephemeral,1
ourthe,1
convincing,1
profound,1
subjects,1
luristan,1
emirates,1
encompass,1
body,1
ha,1
shelmerdine,1
baldwin,1
iro,1
attested,1
machines,1
nodal,1
agneni,1
restrict,1
comparativo,1
claw,1
aiimuni,1
dapper,1
applying,1
left,1
module,1
criterion,1
rrotonistonc,1
mallee,1
collaboration,1
coincidentally,1
homolovi,1
cal,1
aspect,1
overarching,1
landmark,1
empiricism,1
quijada,1
obscure,1
tatternsc,1
consequently,1
elevation,1
propositions,1
sun,1
braje,1
longterm,1
discovering,1
guide,1
founder,1
massing,1
zinc,1
settentrionale,1
undetectable,1
iberians,1
remnants,1
employ,1
ferozsons,1
coal,1
boxes,1
matsumoto,1
according,1
collects,1
lesotho,1
instability,1
exmoor,1
grecoroman,1
cites,1
arqueológicas,1
awe,1
alarm,1
konrad,1
duffy,1
poverty,1
veth,1
aterían,1
schrum,1
atlantic,1
costa,1
bialostockie,1
toltec,1
higher,1
aim,1
pay,1
sememeni,1
assessed,1
vellanoweth,1
opposed,1
definitively,1
transhumance,1
bellwood,1
online,1
displacement,1
ìruiii,1
via,1
simultaneously,1
sardinia,1
cycled,1
recognized,1
evaluates,1
bherneld,1
town,1
added,1
ahuma,1
britton,1
plotted,1
guatemalan,1
mayo,1
license,1
air,1
leaping,1
hopes,1
constellations,1
westport,1
wendorf,1
zuui,1
improved,1
mississiooian,1
mzingwani,1
observers,1
camp,1
patron,1
farewell,1
performance,1
grip,1
lux,1
main,1
intraregional,1
estudio,1
superficial,1
diffusion,1
morrison,1
watch,1
attaches,1
result,1
illustration,1
sort,1
disjunction,1
mountain,1
breadth,1
strntpoipx,1
mitigates,1
stripped,1
appreciation,1
balaguer,1
huan,1
jezira,1
dugmore,1
socioeconomica,1
hughes,1
calculates,1
borland,1
sindback,1
henry,1
una,1
avetisyan,1
represented,1
veronese,1
excavators,1
goes,1
opportunity,1
dealt,1
blanks,1
rerry,1
determining,1
tel,1
uli,1
risk,1
drawer,1
sysiems,1
associate,1
persistent,1
hareoiirt,1
supplement,1
stops,1
neopalatial,1
ex,1
sarah,1
lydianand,1
pojani,1
osteology,1
japanese,1
wc,1
suited,1
ix,1
generating,1
stevens,1
lacking,1
galantina,1
fririksson,1
crpnroin,1
illustrations,1
sackett,1
distant,1
read,1
repeats,1
chemins,1
lowaras,1
walsh,1
von,1
dunbar,1
scattered,1
svesnka,1
inah,1
multivariate,1
brzescia,1
archaenloeixt,1
shell,1
jhen,1
ocupación,1
multiscalar,1
modified,1
send,1
ballcourt,1
layering,1
mone,1
napkin,1
finer,1
corona,1
facilitated,1
dean,1
mccartney,1
oia,1
plus,1
tumulus,1
ct,1
wanted,1
rib,1
marks,1
li,1
wendrick,1
fress,1
ancestral,1
foothills,1
violette,1
consejo,1
pampa,1
zuidj,1
intellectually,1
spreading,1
targeted,1
slowly,1
bit,1
dated,1
problème,1
underlying,1
clearly,1
amid,1
allocation,1
vicweu,1
técnico,1
informe,1
americanists,1
songhay,1
weather,1
diffuse,1
patch,1
placed,1
traces,1
urbano,1
huari,1
jersey,1
hierarchically,1
contemporaries,1
agentive,1
kjarka,1
neoassyrian,1
document,1
argued,1
robichaux,1
liri,1
vasil,1
accumulating,1
mclntosn,1
mangarevan,1
benefited,1
grosso,1
umbrella,1
bosporus,1
diaz,1
flats,1
timucuan,1
operate,1
horizontally,1
delta,1
yielded,1
exploited,1
heterarchy,1
follow,1
readings,1
hilltowns,1
mtzftugh,1
shed,1
swindon,1
efficient,1
fjordland,1
ciilbertson,1
depart,1
defines,1
undertaken,1
croisée,1
random,1
inule,1
ceremony,1
pearl,1
steen,1
hardaway,1
narrate,1
stahl,1
reconsideration,1
mix,1
victorian,1
vale,1
thesis,1
countrysides,1
kerry,1
dominant,1
ray,1
wyoming,1
protohistory,1
warfe,1
errects,1
opinion,1
vandals,1
suggested,1
multidisciplinar,1
disappoints,1
karstic,1
bigman,1
santora,1
dependency,1
hot,1
fluid,1
regulatory,1
assessments,1
òun,1
urartian,1
tn,1
wynnejones,1
projections,1
textbooks,1
suba,1
antiquaries,1
whom,1
schondube,1
identifying,1
snodgrass,1
introduce,1
folsom,1
territorv,1
marion,1
interactive,1
begun,1
color,1
traditionally,1
farmsteads,1
determines,1
totaling,1
garawa,1
oil,1
temptation,1
nistory,1
nestor,1
òize,1
chapam,1
organizzazione,1
âges,1
demands,1
jn,1
cody,1
val,1
khorramabad,1
rooms,1
madagascar,1
heartlands,1
relate,1
requirements,1
arise,1
atlantico,1
christie,1
noting,1
giannitrapani,1
covering,1
configuration,1
emerge,1
eliot,1
complete,1
shelach,1
possibility,1
kisiwani,1
vallée,1
zlkhj,1
base,1
mauldm,1
representative,1
cypriot,1
hormuz,1
markets,1
jviesa,1
unobserved,1
creating,1
ceramica,1
floodwater,1
share,1
danger,1
attach,1
fourth,1
kosen,1
outset,1
reasons,1
vernice,1
standardized,1
traced,1
oropos,1
durée,1
camellones,1
hayes,1
biographies,1
zwischen,1
hreeman,1
accordingly,1
arqueológico,1
broader,1
keywords,1
lõ,1
tíoiger,1
yucatán,1
dynasty,1
sunahara,1
embedding,1
setting,1
tools,1
fail,1
bolger,1
pitting,1
projection,1
française,1
vancouver,1
analogous,1
biases,1
applied,1
monograph,1
otherwise,1
russell,1
ridge,1
nacionales,1
outside,1
fashionable,1
tykot,1
aviv,1
òettlement,1
explored,1
your,1
adelaide,1
counties,1
patrimonio,1
lyons,1
hodge,1
mesara,1
dwellers,1
taught,1
dumbarton,1
zuuid,1
leonardi,1
gorski,1
uiven,1
redonda,1
premise,1
blake,1
sacrifice,1
channel,1
corners,1
claire,1
hopkins,1
scene,1
candelaio,1
governing,1
gazing,1
testable,1
impression,1
hunters,1
calixtlahuaca,1
receive,1
overlapping,1
compositional,1
shape,1
abuse,1
awful,1
periodical,1
precursors,1
spheres,1
lebanon,1
distinguish,1
marsh,1
journals,1
mapped,1
rivera,1
capabilities,1
destinations,1
bridge,1
vq,1
arid,1
tabor,1
ethnohistory,1
planning,1
hydraulic,1
mazariegos,1
mitteleuropa,1
industrial,1
erlitou,1
directs,1
rupp,1
fraser,1
monitoring,1
stranford,1
república,1
unless,1
prominent,1
india,1
contemplating,1
coica,1
degrees,1
zulo,1
drew,1
edad,1
sharon,1
competing,1
nieny,1
porous,1
neolithization,1
nella,1
journeys,1
calls,1
tombs,1
null,1
equivalent,1
crawling,1
tune,1
rnvatization,1
routinely,1
caught,1
description,1
freliminary,1
iia,1
dozens,1
betweeen,1
dynasties,1
vliegher,1
designate,1
consistently,1
intermediate,1
ponery,1
tevere,1
refined,1
systemness,1
editorial,1
travel,1
postulated,1
expansive,1
unidad,1
tempvs,1
contains,1
beginnings,1
préhistorique,1
seasonally,1
oaks,1
reoccupied,1
haliesis,1
precontact,1
beads,1
ü,1
statistics,1
toumazou,1
ivassianiaou,1
winter,1
cognized,1
jaguar,1
mathematical,1
paleolandscapes,1
moesgaard,1
morandini,1
jlee,1
somewhere,1
bennet,1
sandwell,1
aloula,1
formations,1
employed,1
sidebotham,1
il,1
colonna,1
vijayanagara,1
multinational,1
fieldwork,1
sicily,1
zentralorten,1
rockman,1
crosscuts,1
interpreted,1
breakdown,1
horizon,1
miss,1
statistique,1
own,1
archiving,1
strongest,1
geib,1
pemba,1
riooapiams,1
balam,1
lakes,1
wolpert,1
refuse,1
bodies,1
catchments,1
uland,1
distinctions,1
signing,1
wholesale,1
exemplary,1
forsythe,1
crew,1
habitations,1
lunanmarca,1
alconini,1
supraregional,1
declining,1
presented,1
instituteti,1
belgique,1
teotihuacan,1
fuzzy,1
glen,1
questionable,1
intersite,1
theoretically,1
agrosystemic,1
anahula,1
ambrose,1
prevalence,1
december,1
indicators,1
arqueológicos,1
trading,1
next,1
bvidence,1
terminologies,1
politically,1
villagers,1
murdy,1
bevrouth,1
consolidation,1
phrase,1
bela,1
arbitrary,1
involved,1
nashville,1
affluent,1
contingency,1
sudowska,1
sevan,1
shapes,1
indiscipline,1
purdue,1
exemplifies,1
altered,1
concerns,1
highly,1
revealing,1
ennehid,1
eighth,1
fogelson,1
ingram,1
presence,1
invaluable,1
peak,1
erhgy,1
convey,1
kopp,1
vacuum,1
spatiale,1
crossculturally,1
characterization,1
seeds,1
dem,1
credible,1
mcomish,1
fashions,1
portals,1
ethnography,1
worstpraxis,1
ek,1
orthodox,1
waihou,1
postcontact,1
specializations,1
conversion,1
fortress,1
earlv,1
kujawski,1
abydos,1
rodríguez,1
prairie,1
grygiel,1
paid,1
interchange,1
matured,1
tanezzuft,1
spécifiques,1
inoncr,1
notes,1
metrics,1
provenance,1
steppes,1
mitla,1
soi,1
finds,1
nv,1
stand,1
chilligoe,1
kandel,1
passive,1
sandy,1
aggregate,1
rest,1
sophistication,1
dictated,1
longue,1
seemed,1
hascock,1
brereton,1
nations,1
dixon,1
albania,1
protourbanization,1
eternal,1
contributes,1
llc,1
reinventing,1
merín,1
therefore,1
hatch,1
oriente,1
diferentes,1
timeless,1
morro,1
müller,1
forschung,1
lingbao,1
siedlungsnetz,1
demographically,1
ceremonial,1
physiographically,1
walled,1
gravettian,1
reexamine,1
anthologies,1
advocate,1
configuring,1
matter,1
vanderbilt,1
bringing,1
domination,1
littlefield,1
statecraft,1
ac,1
repubblicana,1
paleoecology,1
tiksi,1
ire,1
indeed,1
thoughts,1
located,1
svedhage,1
gathering,1
administer,1
ancien,1
aaraegna,1
play,1
francis,1
bereft,1
stratigraphies,1
rizhao,1
notoriously,1
inclusive,1
quemada,1
edges,1
ungiana,1
merits,1
chieftaincy,1
nearly,1
interdependence,1
albany,1
innocence,1
disturbance,1
founding,1
brings,1
constraints,1
egyptian,1
intensively,1
converted,1
stratigraphy,1
stuay,1
blitzer,1
grande,1
endonino,1
lough,1
gassón,1
verreyke,1
rohe,1
dwellings,1
says,1
mainstream,1
bill,1
indicates,1
assyrian,1
conceived,1
balochistan,1
relying,1
bewildering,1
swahili,1
diversification,1
gennaro,1
premises,1
healan,1
outer,1
registered,1
modes,1
amerindian,1
newton,1
outlying,1
settings,1
roads,1
mattmgly,1
bogucki,1
borders,1
ask,1
hold,1
innovation,1
direction,1
selection,1
buffers,1
positive,1
structural,1
year,1
cirandes,1
uregory,1
zulu,1
bunning,1
nse,1
bocquet,1
segundo,1
brockwell,1
sustainability,1
larsson,1
frank,1
ewaso,1
bohlin,1
contributing,1
hayashida,1
michels,1
flux,1
forts,1
fieldwalking,1
emerged,1
gave,1
relied,1
comb,1
hydrological,1
terra,1
maramani,1
fit,1
cambio,1
bermann,1
rules,1
disorderly,1
clasico,1
burnt,1
builds,1
thought,1
acknowledgments,1
età,1
soon,1
uiwm,1
popolamento,1
den,1
technology,1
under,1
columbus,1
aragats,1
quantify,1
ia,1
tonga,1
populated,1
ne,1
council,1
vlcek,1
favorable,1
anu,1
castillo,1
compiled,1
mauldin,1
palmer,1
swamp,1
fringes,1
jefferies,1
falls,1
üntisn,1
planned,1
misn,1
adjusted,1
orders,1
kyaneai,1
raise,1
quarries,1
aux,1
prinzipien,1
navarino,1
ínieracuuii,1
ethnographic,1
dan,1
workinger,1
alhasa,1
dix,1
chihuahuan,1
jagner,1
bradley,1
farsighted,1
containing,1
cuicatlah,1
unusually,1
kuhnke,1
yangshao,1
forbes,1
picmaiunv,1
castella,1
hearth,1
architectural,1
umberger,1
unifying,1
surrey,1
meets,1
fairenjiménez,1
concentrate,1
antica,1
enclaves,1
kroefges,1
geomorphology,1
wasatch,1
simulation,1
herdan,1
mcconkey,1
critiques,1
klm,1
managers,1
hörnberg,1
french,1
correspondences,1
movements,1
faliscan,1
arco,1
book,1
juxtaposing,1
esmeraldas,1
recente,1
òmitn,1
business,1
huamelulpan,1
stronger,1
broadened,1
supérieur,1
crimea,1
molina,1
mark,1
orígenes,1
admirable,1
fragmentation,1
paleoarchaic,1
praeger,1
shelf,1
whaling,1
bove,1
periodicity,1
impasses,1
intensiva,1
groover,1
exemple,1
experienced,1
successively,1
generously,1
twelfth,1
ophir,1
rajgród,1
uuz,1
reruge,1
dissertations,1
limatambo,1
ev,1
mcnair,1
santos,1
utrok,1
cards,1
springerverlag,1
zacatecas,1
detlef,1
überlegungen,1
tula,1
endless,1
treatment,1
glass,1
goethals,1
supplementary,1
might,1
riverine,1
millennial,1
thy,1
pressure,1
curvers,1
pastoralism,1
lodz,1
nera,1
inkan,1
documents,1
ought,1
abstract,1
xeview,1
hershler,1
nonresearch,1
posclasico,1
rebuilding,1
aldenhovener,1
contradict,1
sarup,1
sanjuán,1
richer,1
incorporation,1
guirun,1
spätbronzeit,1
gray,1
òurvey,1
debates,1
sudouest,1
berneray,1
everything,1
implantations,1
doubt,1
formulating,1
françaises,1
destroyed,1
mink,1
succeeding,1
man,1
sumerian,1
íes,1
discussed,1
agree,1
serious,1
canberra,1
pieces,1
sebastian,1
jeffries,1
quattrin,1
tarn,1
forms,1
never,1
beavers,1
readers,1
prematurely,1
loosle,1
vini,1
procesos,1
paris,1
zuuia,1
eastham,1
intervene,1
chain,1
increases,1
rapaaopuoio,1
actor,1
rieming,1
datadefining,1
gnomon,1
castles,1
understudied,1
ivowm,1
tne,1
continuing,1
wendt,1
entity,1
equate,1
realms,1
establish,1
sosna,1
arrays,1
rejonie,1
euphrates,1
sayula,1
tall,1
heavily,1
utrõk,1
intelligently,1
nearhinterland,1
shishlina,1
òavene,1
coincident,1
venezuela,1
lensorer,1
lines,1
unbound,1
spoke,1
mengarelli,1
tens,1
agencies,1
acordia,1
store,1
kentucky,1
über,1
einer,1
native,1
eclectic,1
urges,1
unmade,1
style,1
mésolithique,1
kiver,1
admittedly,1
zuu,1
stunning,1
agamemnon,1
explicitly,1
sindbaek,1
dots,1
cusco,1
helmke,1
northwestern,1
escobedo,1
remained,1
civilized,1
fonctions,1
tohatchi,1
grounds,1
original,1
das,1
lolos,1
rustic,1
smiley,1
gronenborn,1
analyzed,1
classes,1
clinton,1
mean,1
hoti,1
brazu,1
casual,1
discussion,1
rulers,1
muñesen,1
understandable,1
producción,1
doubtful,1
beaverdams,1
background,1
observable,1
treated,1
rendered,1
leone,1
completed,1
chiefly,1
bandkeramik,1
upon,1
eighteenth,1
oppida,1
chronologies,1
incidents,1
situating,1
uplift,1
refuges,1
rapidity,1
ce,1
kilwa,1
kusimba,1
synthèse,1
elk,1
robustness,1
luán,1
transformed,1
prometheus,1
frankvogt,1
analyzes,1
arose,1
cadbury,1
erdogu,1
distinctly,1
ethnology,1
previously,1
widell,1
keuren,1
forested,1
estudios,1
hillfort,1
reside,1
streams,1
ballplaying,1
contract,1
wonder,1
findings,1
lindeman,1
grassland,1
relativism,1
mato,1
edvardsson,1
alcune,1
fower,1
intercambio,1
feasting,1
punto,1
operated,1
assumption,1
virtually,1
öntton,1
romana,1
surveyors,1
causes,1
pelt,1
tjitin,1
vésteinsson,1
archéologique,1
shortcomings,1
transjordan,1
yorkshire,1
twovolume,1
syrie,1
aoanuunmenis,1
rare,1
variables,1
fissioning,1
nieoio,1
quelques,1
emery,1
examination,1
housing,1
uarker,1
ujae,1
langford,1
knowable,1
chosen,1
enlighten,1
unsurprisingly,1
brittany,1
rrom,1
khattak,1
adderley,1
netherlands,1
involves,1
discontinuities,1
leftover,1
inversely,1
vii,1
finally,1
low,1
wheel,1
arcaica,1
neoevolutionary,1
ò,1
breton,1
meanings,1
appraisal,1
discovered,1
amazonian,1
colombiano,1
ng,1
lacustrine,1
aeniemeni,1
directed,1
polop,1
helladic,1
grew,1
worrying,1
segunda,1
talk,1
latín,1
publication,1
oyo,1
desigualidad,1
agreement,1
bayesian,1
passe,1
dominated,1
asynchronously,1
disappointed,1
antinuitv,1
pulltrouser,1
cota,1
admission,1
resultant,1
controversies,1
floodplains,1
mukogodo,1
inkrot,1
bozzato,1
reviewers,1
dal,1
tensorer,1
ny,1
catling,1
terrace,1
nub,1
recon,1
critères,1
suroeste,1
diasporas,1
pacbitun,1
whitley,1
vernet,1
tomczak,1
shurmans,1
stresses,1
stages,1
structuring,1
lie,1
administrative,1
universitario,1
wandsmder,1
insightful,1
contributed,1
tuscany,1
savelle,1
conversation,1
evolutions,1
sky,1
tangible,1
abundant,1
competition,1
thomas,1
disintegration,1
permitting,1
tollan,1
antico,1
megaliths,1
imagination,1
graphical,1
fieldworkers,1
joint,1
persichini,1
finite,1
agriculturalists,1
òocweconmic,1
strongly,1
conclusions,1
temtonality,1
comparing,1
urmia,1
influencing,1
montículos,1
wesiem,1
outcomes,1
improving,1
trying,1
imaginative,1
parallel,1
curewitz,1
dendroclimate,1
alpine,1
coral,1
editors,1
legaz,1
regionales,1
gallia,1
schroeder,1
preindustrial,1
ammerman,1
geographers,1
diminishes,1
paysage,1
assessing,1
gusuku,1
wise,1
holsom,1
oconee,1
beas,1
define,1
excluded,1
construction,1
availability,1
likelihood,1
nunavik,1
cognitive,1
marti,1
ofhoulouf,1
seeking,1
reiiendurg,1
rawalpindi,1
consumption,1
percheron,1
looks,1
babylonia,1
erlandson,1
lyyyj,1
preuss,1
curry,1
contracts,1
mariners,1
liguria,1
terracing,1
casana,1
cape,1
recapitulate,1
save,1
occupied,1
sampler,1
kujawskiego,1
irrevocably,1
préhistoire,1
rujairah,1
bronce,1
vasilikos,1
bavispe,1
green,1
adaptive,1
quarter,1
broadspectrum,1
morter,1
theorize,1
chert,1
huskinson,1
bibliographic,1
powell,1
concluded,1
guilfoyle,1
applies,1
shutler,1
bintliffs,1
examines,1
patrón,1
amount,1
separate,1
eckerle,1
tennessee,1
rift,1
meridionale,1
alike,1
alpes,1
hamby,1
concatenation,1
unstable,1
fifty,1
lapita,1
broadens,1
tests,1
inertia,1
discussing,1
topography,1
committed,1
heterarchies,1
applications,1
carla,1
dolores,1
perles,1
aid,1
dual,1
iroquois,1
neanderthal,1
epidamnus,1
lyysj,1
rendeli,1
secular,1
bars,1
memoria,1
garvin,1
bold,1
mu,1
maraña,1
curiosities,1
jezireh,1
ideology,1
practitioners,1
tzionit,1
piece,1
americanist,1
claimed,1
isbell,1
peopling,1
oases,1
vague,1
inside,1
huntergatherer,1
andean,1
cooper,1
order,1
recognizes,1
widespread,1
kober,1
im,1
marcus,1
lora,1
kieniewicz,1
investigators,1
monuments,1
chikinchel,1
skowalew,1
lost,1
concluding,1
magdalena,1
iwanicki,1
lion,1
rim,1
mmoan,1
curation,1
goossens,1
société,1
await,1
lives,1
overlap,1
recognize,1
moroiso,1
mississippl,1
tribalization,1
vanen,1
zachos,1
articles,1
pertinence,1
ui,1
archeologie,1
settled,1
file,1
escuela,1
inspired,1
concordant,1
provinces,1
befallen,1
vérin,1
kill,1
diagnostic,1
dagan,1
wan,1
lanause,1
causeways,1
hope,1
romero,1
tarma,1
nonlinearity,1
métaux,1
chattahoocheeapalachicola,1
robots,1
clovis,1
epoki,1
particularistic,1
centres,1
fontana,1
kingdoms,1
say,1
centuries,1
exists,1
permeable,1
sehonghong,1
bundled,1
thenboundaries,1
commenting,1
problematic,1
üariy,1
grounded,1
resemble,1
investigate,1
kotjabopoulou,1
areal,1
rises,1
albacete,1
retrospectives,1
dega,1
mrt,1
borrowed,1
metallurgie,1
stephen,1
historyczne,1
alekseeva,1
immensely,1
differentiated,1
speakman,1
backcountry,1
ethiopia,1
earliest,1
wellington,1
curious,1
victoria,1
sketches,1
nauies,1
diversidad,1
constant,1
specification,1
going,1
historian,1
langebaek,1
stillwater,1
gagos,1
reviewing,1
lessons,1
regrettably,1
archaeologia,1
colony,1
oslonek,1
comes,1
version,1
koutledge,1
òurjace,1
tempting,1
banco,1
fringe,1
urbanismi,1
banning,1
measurements,1
reverberated,1
asentamientos,1
hellberg,1
ever,1
sue,1
economically,1
detect,1
morena,1
oi,1
determinants,1
guidi,1
symbolic,1
aspective,1
kavousi,1
yuanqu,1
satisfactory,1
dendrochronological,1
constructed,1
midrange,1
vacant,1
marshy,1
biscione,1
spots,1
carbondale,1
kroeiges,1
minois,1
darwin,1
besides,1
vw,1
doi,1
text,1
funding,1
solutré,1
sourcing,1
wider,1
algarve,1
integrative,1
segmentation,1
mantaro,1
revealingly,1
locate,1
dimension,1
chided,1
herdercultivator,1
época,1
evokes,1
paisajes,1
sociales,1
chabai,1
rocksheiter,1
sulle,1
glaciation,1
selskab,1
myopia,1
lozek,1
wavelike,1
sampson,1
brzesc,1
specialized,1
foragertraders,1
foot,1
bolivian,1
refinements,1
raab,1
trac,1
king,1
gone,1
tuxtla,1
capital,1
zuuu,1
coming,1
thrace,1
roster,1
henrard,1
proconsularis,1
print,1
appendix,1
manipulations,1
intuits,1
lyyoj,1
galanidou,1
berkins,1
scenario,1
allied,1
umm,1
provoke,1
phaistos,1
sudan,1
teposcolula,1
apalachee,1
patagónicos,1
collectors,1
grasshopper,1
sc,1
kolata,1
niemi,1
themes,1
infer,1
durrës,1
researches,1
kharga,1
written,1
sorineer,1
longstanding,1
gas,1
associated,1
associations,1
boundedness,1
identities,1
tracts,1
aiken,1
synthesizers,1
essentially,1
loess,1
hamlets,1
emerges,1
assessment,1
absolutely,1
gallaga,1
ì,1
alcomni,1
uiark,1
humaninduced,1
pluciennik,1
born,1
biebrza,1
emerson,1
quiet,1
suosiaence,1
ethnically,1
pots,1
mughal,1
fuller,1
wymwyo,1
proceedings,1
islamic,1
metastudy,1
reanalyzed,1
shelters,1
combined,1
unique,1
jysk,1
addresses,1
depaepe,1
barra,1
stability,1
oavamiaii,1
recoded,1
karoo,1
nigérien,1
quote,1
pertinent,1
sal,1
français,1
dongdong,1
thirty,1
egiunai,1
violent,1
urbanismo,1
textbook,1
hoped,1
laguna,1
millett,1
tututepec,1
format,1
ranch,1
temporally,1
leaving,1
dickinson,1
wiseman,1
extent,1
entrada,1
caucusus,1
supplied,1
derensive,1
shore,1
wingard,1
lafayette,1
charting,1
bmirates,1
dibble,1
junk,1
resurrected,1
hypothesize,1
deer,1
annual,1
yield,1
baltic,1
agrícola,1
shutes,1
région,1
property,1
proposing,1
influenced,1
mcrnerron,1
blackstaff,1
encounters,1
esthetic,1
virginia,1
dedication,1
bey,1
hamann,1
hundreds,1
rugn,1
contingent,1
contain,1
revista,1
uaia,1
utgivna,1
qua,1
moravia,1
olmec,1
translated,1
vessels,1
church,1
objective,1
burden,1
wandering,1
vista,1
abundantly,1
boston,1
belfast,1
varieties,1
ritually,1
apparatus,1
ibérica,1
problèmes,1
emergent,1
ucupauon,1
observational,1
circumstances,1
beijing,1
interrelated,1
babylonian,1
edwards,1
hicks,1
affecting,1
nigniana,1
bandalier,1
palmillo,1
elucidate,1
beliaev,1
vanees,1
prevalent,1
conform,1
improves,1
durrenebreger,1
methoden,1
nortnern,1
uic,1
xliv,1
hants,1
tried,1
thankful,1
returning,1
lerrace,1
situated,1
cowan,1
maschner,1
went,1
vertically,1
measure,1
finish,1
finley,1
pianura,1
filling,1
dakhleh,1
lacovou,1
resistance,1
reconstruct,1
summarizes,1
efrects,1
unitary,1
colonial,1
durante,1
challenges,1
colloquium,1
definitions,1
comprehend,1
firms,1
goals,1
recovered,1
varied,1
nordwesttransdanubiens,1
clols,1
junin,1
rowman,1
ogundiran,1
pakistan,1
named,1
white,1
false,1
zackrisson,1
intent,1
gazes,1
polynesia,1
understandings,1
incognita,1
zimmermann,1
breaks,1
sistemas,1
damascus,1
spacing,1
lists,1
landuse,1
cycle,1
ñuu,1
difference,1
estructura,1
fausti,1
dubious,1
reru,1
autochthonous,1
taddie,1
intensified,1
dolukhanov,1
sarg,1
finding,1
illinois,1
paradigm,1
expressions,1
mcvickar,1
zum,1
write,1
marlborough,1
boeny,1
bibliography,1
accept,1
reciprocity,1
isles,1
mesontnic,1
cholistan,1
chad,1
course,1
europeanists,1
tiempo,1
dense,1
citadel,1
umnguanos,1
usa,1
òites,1
otumba,1
britannia,1
files,1
developmental,1
volaterrae,1
wngnt,1
maritime,1
altiplano,1
disruption,1
thomson,1
crossed,1
caspian,1
you,1
prospect,1
colleagues,1
peresani,1
siteand,1
kozlowski,1
inequalities,1
adelsberger,1
mainfort,1
bliss,1
liuanne,1
peripheries,1
indopacific,1
palaipahos,1
barly,1
belardi,1
récent,1
roughly,1
stocker,1
soils,1
anonymous,1
arctic,1
drift,1
spatiaux,1
plea,1
nord,1
apart,1
longshan,1
verstraete,1
valuable,1
malpaso,1
einwag,1
aggregations,1
uphus,1
übersichten,1
arrived,1
archival,1
methodologies,1
downs,1
commodity,1
carrion,1
yesterday,1
marketplaces,1
reached,1
peasantry,1
angkorian,1
territoires,1
partial,1
holley,1
create,1
parisien,1
bech,1
pulses,1
shortcut,1
dun,1
entire,1
lemba,1
big,1
sheer,1
adopted,1
corn,1
duration,1
seek,1
prison,1
comparable,1
zapotee,1
heir,1
famous,1
apport,1
coalescent,1
pope,1
salish,1
sponde,1
myersdale,1
coosa,1
asked,1
nonmarket,1
isostatic,1
roles,1
humanidades,1
defensibility,1
emphoux,1
storey,1
close,1
dodonov,1
pulcher,1
coworkers,1
uuzman,1
poczatki,1
anchors,1
increase,1
schmitt,1
gold,1
lindly,1
polito,1
heterogeneous,1
werner,1
pandanus,1
hypothesis,1
