WORDCOUNTS,WEIGHT
and,1302
the,1181
of,1168
in,778
a,371
de,301
to,300
mexico,223
that,188
j,182
as,182
at,179
m,178
pp,164
e,161
for,160
with,149
s,147
domestic,146
g,145
university,137
from,133
l,129
household,128
teotihuacan,126
r,125
households,119
by,119
more,118
c,113
eds,111
production,99
mesoamerica,96
were,95
on,93
press,92
are,87
social,87
la,86
y,85
el,83
have,83
oaxaca,82
en,82
archaeology,79
manzanilla,79
an,79
city,79
is,78
p,77
k,75
central,74
or,72
ed,72
al,72
archaeological,70
house,69
et,69
i,68
d,68
houses,65
palaces,64
their,63
they,60
res,60
springer,60
ritual,59
ancient,59
t,57
archaeol,57
nacional,57
also,57
formative,56
early,56
such,52
del,52
historia,52
hirth,52
aztec,51
other,49
was,49
antropología,48
but,48
these,48
state,47
american,47
new,46
instituto,45
h,45
monte,45
highland,45
political,45
feinman,45
mesoamerican,45
which,45
los,45
within,44
organization,44
alban,43
w,43
societies,43
rituals,43
flannery,42
méxico,41
during,41
b,40
barba,40
smith,40
period,39
palace,39
groups,38
prehispanic,37
plunket,37
between,37
activities,36
craft,36
been,36
corporate,35
fig,35
status,35
elite,34
be,33
late,32
this,32
classic,32
apartment,32
recent,32
evans,31
studies,31
anthropology,31
specialization,31
marcus,30
compounds,30
economies,30
structures,30
likely,30
v,30
urban,30
has,29
than,29
most,29
economic,29
two,29
see,29
valley,29
residences,28
compound,28
postclassic,28
it,27
one,27
how,27
serra,27
excavations,26
journal,26
highlands,26
its,26
research,26
puche,26
puebla,25
vol,25
may,25
tula,25
large,24
spencer,24
universidad,24
communities,24
un,24
not,24
associated,24
through,24
colonial,24
lake,24
nicholas,23
individuals,23
residential,23
settlement,23
units,23
community,23
tlaxcala,23
region,23
salt,23
redmond,23
study,22
used,22
tetimpa,22
areas,22
structure,22
antiquity,22
analysis,22
latin,21
lópez,21
periods,21
no,21
residence,21
earlier,21
into,20
sites,20
work,20
documented,20
society,20
larger,20
life,20
las,20
economy,20
while,20
families,20
elites,20
neighborhoods,19
mexican,19
important,19
mixtee,19
including,19
who,19
association,19
size,19
middle,19
lazcano,18
history,18
mastache,18
california,18
greater,18
zapotee,18
power,18
use,18
would,18
garcia,18
obsidian,18
morelos,18
often,18
any,18
variability,18
carballo,18
evidence,18
states,18
utah,18
f,17
patio,17
evolution,17
perspective,17
cobean,17
york,17
angeles,17
similar,17
cultural,17
many,17
past,17
autónoma,17
colleagues,17
group,16
western,16
sanders,16
palmillo,16
basin,16
maguey,16
figurines,16
institute,16
pottery,16
construction,16
barrio,16
teotihuacano,16
different,16
them,16
both,16
world,16
village,15
complex,15
women,15
functions,15
ô,15
labor,15
relatively,15
relations,15
served,15
form,15
organized,15
spence,15
practices,15
strategies,15
washington,15
abandonment,15
spatial,15
centro,15
cotsen,15
pérez,14
archaeologists,14
some,14
austin,14
affiliation,14
cases,14
neighborhood,14
certain,14
dc,14
could,14
well,14
part,14
floors,14
occidente,14
regions,14
involved,14
san,14
only,14
members,14
multicrafting,14
material,14
spaces,14
vessels,14
land,14
cook,14
much,14
major,14
arce,13
common,13
later,13
center,13
lujan,13
century,13
xochicalco,13
site,13
undertaken,13
blanton,13
people,13
museum,13
architecture,13
maya,13
nahua,13
robertson,13
santley,13
all,13
provide,13
arqueologia,13
parsons,13
anthropological,13
rural,13
include,13
pittsburgh,12
investigaciones,12
contexts,12
first,12
analyses,12
n,12
capitals,12
importance,12
flexibility,12
based,12
collective,12
change,12
cabrera,12
multiple,12
unirmela,12
model,12
where,12
less,12
mortuary,12
urbanism,12
exchange,12
over,12
goods,12
suggests,12
americas,12
remains,12
brumfiel,11
represent,11
composition,11
cerro,11
those,11
ad,11
case,11
human,11
phase,11
dynamics,11
since,11
antropológicas,11
stone,11
general,11
gillespie,11
rather,11
tenochtitlan,11
uruñuela,11
kinship,11
ann,11
michigan,11
public,11
having,11
ethnohistoric,11
gómez,11
suggest,11
elson,11
texas,11
when,11
arbor,11
yet,11
included,11
home,11
perspectives,11
inhabitants,11
joyce,11
pennsylvania,11
patterns,11
manner,11
article,11
systems,11
methods,11
types,11
michoacán,11
rattray,11
literature,11
particular,11
colegio,10
ii,10
papers,10
west,10
hierarchy,10
royal,10
review,10
development,10
lineage,10
risk,10
appears,10
spores,10
appear,10
centers,10
cantona,10
population,10
record,10
gonzález,10
cowgill,10
ancestors,10
villages,10
licón,10
regional,10
ceramic,10
formativo,10
three,10
administrative,10
can,10
unidades,10
semipublic,10
boulder,10
particularly,10
carrasco,10
kin,10
area,10
chavez,10
interaction,10
among,10
market,9
park,9
effigy,9
agriculture,9
politics,9
god,9
document,9
sus,9
mexicana,9
calgary,9
access,9
tools,9
scale,9
artifacts,9
related,9
indigenous,9
intermediate,9
place,9
artifact,9
epiclassic,9
around,9
annual,9
using,9
he,9
mesa,9
comparative,9
charlton,9
competition,9
processing,9
commoner,9
ethnographic,9
architectural,9
documents,9
ideology,9
nuclear,9
forms,9
do,9
balkansky,9
provides,9
cuenca,9
following,9
colorado,9
living,9
prestige,9
imperial,9
cambridge,9
consumption,9
guanajuato,8
ruiz,8
excavation,8
consistent,8
sources,8
argue,8
investigations,8
possible,8
throughout,8
storage,8
even,8
castro,8
teotihuacanos,8
networking,8
una,8
â,8
archeological,8
had,8
complexes,8
sedentary,8
pereira,8
produced,8
gallut,8
wealth,8
example,8
issues,8
memoria,8
excavated,8
buildings,8
family,8
notes,8
provided,8
healan,8
southern,8
religious,8
culture,8
reports,8
subsistence,8
published,8
temples,8
norms,8
polities,8
another,8
extended,8
epiclásico,8
made,8
assemblages,8
ö,8
identity,8
sequence,8
products,8
latter,8
relative,8
attention,8
institutions,8
complexity,8
physical,8
capital,8
cities,8
historical,8
distribution,8
role,8
indians,8
although,8
smaller,8
involving,8
building,8
boca,7
offerings,7
second,7
conquest,7
ethnoarchaeological,7
being,7
garcía,7
pollard,7
cholula,7
harvey,7
there,7
classified,7
dd,7
rethinking,7
kingdoms,7
eastern,7
crc,7
fl,7
activity,7
resources,7
diversity,7
análisis,7
tarascan,7
oxford,7
online,7
actividad,7
developed,7
burials,7
shell,7
old,7
origins,7
albuquerque,7
beyond,7
strategy,7
suggested,7
lived,7
estudios,7
shared,7
raton,7
because,7
brambila,7
data,7
ethnohistory,7
apparent,7
gender,7
northern,7
winter,7
faugère,7
working,7
useful,7
ethnicity,7
bone,7
small,7
several,7
coast,7
core,7
van,7
noble,7
expansion,7
housework,7
williams,7
time,7
centre,7
existing,7
project,7
differentiation,7
understanding,7
ethnic,7
processes,7
open,7
clear,7
authors,7
tecpan,7
redonda,7
usually,7
lines,7
dimensions,7
descent,7
yautepec,7
implications,7
earliest,7
known,7
temple,7
defining,7
migration,7
current,7
what,7
terms,7
making,7
plants,7
ejutla,7
theory,7
socioeconomic,7
became,7
webb,7
models,7
years,7
approximately,7
ortiz,7
focus,7
broader,7
wilk,7
if,6
academic,6
durante,6
dumbarton,6
modern,6
grove,6
chapdelaine,6
mexicaines,6
materials,6
great,6
potentially,6
reproduction,6
darras,6
system,6
point,6
estudio,6
unpublished,6
identities,6
collapse,6
urbanization,6
http,6
walls,6
after,6
flexible,6
entre,6
ceramics,6
possibly,6
under,6
essays,6
found,6
commoners,6
occupation,6
habitacionales,6
oaks,6
own,6
chemistry,6
josé,6
method,6
rodríguez,6
arqueología,6
materiales,6
millón,6
tilcajete,6
inomata,6
single,6
thesis,6
deities,6
others,6
barber,6
contemporary,6
sullivan,6
men,6
axes,6
homenaje,6
lohse,6
local,6
producción,6
deposits,6
ethnology,6
cultura,6
xalla,6
vida,6
housed,6
platforms,6
transformations,6
independent,6
chance,6
palenque,6
primarily,6
differentiated,6
calnek,6
must,6
terraciano,6
ciudadela,6
oztoyahualco,6
did,6
teposcolula,6
advances,6
barajas,6
whether,6
her,6
universe,6
terminal,6
formation,6
examples,6
integration,6
themselves,6
gis,5
entities,5
possessed,5
oriented,5
food,5
crafting,5
ma,5
intermittent,5
favor,5
popocatepetl,5
du,5
www,5
modest,5
valle,5
eruption,5
tradition,5
governance,5
religion,5
last,5
coordinated,5
études,5
watanabe,5
compelling,5
palacio,5
castanzo,5
very,5
relaciones,5
tribute,5
regarding,5
centralized,5
incense,5
calpolli,5
turn,5
elements,5
items,5
divisions,5
moctezuma,5
left,5
fash,5
networks,5
terrace,5
section,5
netting,5
phases,5
civilization,5
high,5
floor,5
derived,5
contributions,5
elsewhere,5
xerophytic,5
frequently,5
agricultural,5
surface,5
tarascans,5
mapping,5
near,5
handbook,5
buried,5
excellent,5
however,5
sarro,5
sedentism,5
nichols,5
tlamimilolpa,5
significantly,5
tombs,5
northwest,5
water,5
lifeways,5
legacy,5
sense,5
field,5
exclusionary,5
spanish,5
highly,5
famsi,5
resistance,5
florida,5
cacaxtla,5
sitio,5
valuable,5
natural,5
therefore,5
mixteca,5
arrangement,5
ceremonial,5
populations,5
strategic,5
relationship,5
arrangements,5
times,5
kowalewski,5
culturales,5
français,5
fact,5
scholars,5
náhuatl,5
together,5
diverse,5
nucleated,5
pillsbury,5
distributions,5
antropologia,5
present,5
unit,5
coloquio,5
recursos,5
range,5
approach,5
trade,5
abundant,5
martin,5
centraméricaines,5
topics,5
white,5
division,5
pohl,5
lesure,5
chalcatzingo,5
suggestive,5
maceachern,5
gonzalbo,5
detailed,5
figurine,5
minoan,5
christie,5
variable,5
series,5
león,5
comparison,5
patios,5
costin,5
cultures,5
escalante,5
taube,5
primary,5
altars,5
imágenes,5
better,5
places,5
america,5
diversified,5
proceedings,5
volcanic,5
ones,5
laguna,5
intensification,5
migeon,5
org,5
attached,5
our,5
chemical,5
socially,5
otumba,5
haines,5
departamento,5
nucleation,5
gainesville,5
should,5
roles,5
introduction,4
alcántara,4
identify,4
diversification,4
tierras,4
former,4
before,4
lowlands,4
áreas,4
themes,4
bloodletting,4
licenciatura,4
arqueológicos,4
feature,4
situ,4
principal,4
prior,4
sixteenth,4
burning,4
tayata,4
bottom,4
along,4
identifies,4
soto,4
chiconautla,4
component,4
spectrum,4
attest,4
cooperate,4
santa,4
price,4
z,4
reacomodos,4
compared,4
publications,4
like,4
costa,4
toltec,4
preclásico,4
primera,4
elaborate,4
centered,4
organizing,4
landscape,4
levels,4
conjunto,4
environments,4
supplement,4
connected,4
kilns,4
possess,4
symbols,4
plaza,4
empires,4
prehistory,4
intensive,4
clearly,4
aguirre,4
argued,4
four,4
show,4
alta,4
recovered,4
additional,4
peru,4
cotidiana,4
plenum,4
xaltocan,4
providing,4
view,4
termination,4
behavioral,4
conspicuous,4
residencial,4
halperin,4
honoring,4
oklahoma,4
though,4
accordingly,4
recently,4
required,4
hicks,4
hierarchies,4
spheres,4
cuicuilco,4
bc,4
gudiño,4
casa,4
largas,4
patterning,4
jeffrey,4
overview,4
realm,4
increasingly,4
perishable,4
stanford,4
memoirs,4
pluckhahn,4
applicability,4
gonlin,4
lind,4
loci,4
mogote,4
pattern,4
conceptualizations,4
indicative,4
located,4
demográficos,4
interdependence,4
above,4
estado,4
make,4
interactions,4
lockhart,4
settings,4
adapted,4
about,4
elaboration,4
suited,4
makes,4
serve,4
chronology,4
orange,4
department,4
noted,4
hernández,4
children,4
variation,4
bell,4
external,4
anthropologist,4
ground,4
native,4
belief,4
masl,4
driessen,4
valleys,4
commercialized,4
cañada,4
significant,4
aesthetics,4
engaged,4
loma,4
significance,4
cihuatecpan,4
individual,4
ny,4
so,4
plant,4
features,4
especially,4
internal,4
sobre,4
destruction,4
paredes,4
ciudad,4
interdependent,4
science,4
explotación,4
ramirez,4
volumes,4
proyecto,4
centuries,4
iowa,4
suprahousehold,4
sociedad,4
borejsza,4
anales,4
practice,4
nopal,4
peoples,4
extensive,4
constituted,4
cuicatlán,4
north,4
yagul,4
set,4
mesoamérica,4
piedad,4
tendencies,4
specialized,4
jorge,4
international,4
best,4
volcano,4
ph,4
potala,4
half,4
type,4
ideologies,4
barrios,4
robles,4
map,4
studying,4
information,4
generally,4
burners,4
art,4
químico,4
researchers,4
classes,4
slopes,4
mixtees,4
commonly,4
techniques,4
beekman,4
plans,4
transition,4
varied,4
until,4
multiethnic,4
redrawn,4
offer,4
integrated,4
heartland,4
fondo,4
archaic,4
indices,4
vessel,4
chicago,4
norman,4
little,4
built,4
arizona,4
now,3
bonafil,3
o,3
triple,3
horizontal,3
propuestas,3
created,3
shrines,3
environmental,3
mendoza,3
alone,3
sphere,3
conducted,3
led,3
incorporating,3
ways,3
tlajinga,3
position,3
inequality,3
dinámicas,3
doméstico,3
aldenderfer,3
archer,3
nature,3
definition,3
available,3
textiles,3
secondary,3
assess,3
siqui,3
differences,3
rich,3
palatial,3
cohesion,3
golfo,3
chipped,3
differential,3
mexicon,3
cloud,3
context,3
similarities,3
documenting,3
phenomena,3
depending,3
blades,3
correlated,3
platform,3
me,3
xv,3
illustrate,3
para,3
combination,3
adoption,3
warfare,3
zapotees,3
exist,3
segregation,3
thus,3
matos,3
relationships,3
connect,3
bloodletters,3
illustrates,3
jade,3
concentrations,3
plotting,3
application,3
tucson,3
cf,3
extensively,3
nelson,3
marriage,3
serving,3
six,3
emphases,3
dates,3
beginning,3
look,3
cooperative,3
tzintzuntzan,3
once,3
simultaneously,3
albán,3
á,3
essential,3
growth,3
ámbitos,3
held,3
solidarity,3
remain,3
premodern,3
nutini,3
patronage,3
process,3
altar,3
levine,3
practiced,3
contend,3
pisos,3
direct,3
parts,3
special,3
productive,3
factors,3
means,3
kluwer,3
mezcal,3
faust,3
river,3
established,3
traves,3
familiar,3
ashmore,3
proposed,3
elevated,3
placed,3
casas,3
robichaux,3
age,3
powerful,3
litvak,3
cotton,3
exploitation,3
instance,3
permanent,3
bowser,3
drawing,3
iconography,3
diachronic,3
result,3
closely,3
allow,3
ricanas,3
out,3
galaty,3
configuration,3
initial,3
prehispánica,3
focused,3
jalisco,3
viewed,3
hidalgo,3
lyons,3
gods,3
receive,3
aspects,3
cué,3
eduardo,3
degrees,3
multifamily,3
niederberger,3
lords,3
su,3
knowledge,3
desarrollo,3
depict,3
q,3
unidad,3
giguet,3
inferred,3
residents,3
reconstructing,3
polity,3
organización,3
either,3
ventilla,3
depicting,3
least,3
ratios,3
schroeder,3
simpler,3
storm,3
rathje,3
stimulated,3
ward,3
soil,3
widely,3
xochitécatl,3
describes,3
roots,3
sheehy,3
multifunctional,3
otis,3
shimada,3
action,3
restall,3
inhabited,3
robin,3
olivera,3
patton,3
east,3
restricted,3
fournier,3
differentiate,3
veneration,3
complete,3
pasado,3
wright,3
largest,3
spatially,3
volume,3
hilltop,3
tlaxcalan,3
toward,3
adobe,3
lime,3
analytical,3
posclásico,3
fundamental,3
chávez,3
end,3
españa,3
kellogg,3
sector,3
purposes,3
necessary,3
nueva,3
style,3
source,3
degree,3
tequila,3
analyzed,3
rulers,3
observable,3
alliance,3
nonelite,3
increase,3
triadic,3
entirely,3
combining,3
excavaciones,3
successful,3
aristocratic,3
symbiosis,3
points,3
counter,3
methodological,3
caso,3
mountain,3
strongly,3
migrants,3
escuela,3
símbolos,3
relation,3
respectively,3
otomi,3
enjoyed,3
workshop,3
wells,3
corners,3
we,3
joint,3
vendila,3
deity,3
separate,3
crete,3
dead,3
applications,3
note,3
michelet,3
tomo,3
clinton,3
garvin,3
sometimes,3
censers,3
rough,3
bonds,3
vargas,3
ideologia,3
clásico,3
transformation,3
existed,3
surprising,3
lineages,3
perspectivas,3
itself,3
exchanged,3
detail,3
tiempos,3
burned,3
contained,3
then,3
xolalpan,3
civilizations,3
publishers,3
longstaffe,3
semiarid,3
indígenas,3
earle,3
dissertation,3
integrative,3
nonperishable,3
contends,3
sugiyama,3
roman,3
basins,3
report,3
iii,3
far,3
vaillant,3
animal,3
william,3
xxiv,3
accounts,3
cuexcomate,3
diaz,3
ethnography,3
gardens,3
textual,3
pacheco,3
anatomia,3
mejía,3
level,3
gazzola,3
assumptions,3
possessions,3
reconstruct,3
maintained,3
mica,3
textile,3
cosmopolitan,3
percheron,3
stratification,3
mccaa,3
manufacture,3
altiplano,3
piece,3
defined,3
parkinson,3
increased,3
classification,3
roughly,3
enclosed,3
needs,3
spines,3
potential,3
consisted,3
cline,3
sharing,3
corral,3
divergent,3
traditional,3
gulf,3
exploraciones,3
conference,3
ca,3
courts,2
does,2
institutionalized,2
éd,2
currently,2
raiding,2
isotopie,2
frequent,2
rurales,2
díaz,2
names,2
glascock,2
functional,2
she,2
separated,2
natavitas,2
affected,2
expedition,2
trans,2
philadelphia,2
estructuras,2
distributed,2
prem,2
settlements,2
nonkin,2
envisioned,2
agency,2
maize,2
yucca,2
authority,2
confines,2
comunidades,2
postdepositional,2
holdings,2
considerations,2
highintensity,2
policy,2
additions,2
cited,2
basalt,2
ambitious,2
paper,2
offner,2
consecration,2
vs,2
blade,2
edu,2
nonetheless,2
corresponding,2
given,2
permitted,2
estratificación,2
strategized,2
myriad,2
highlight,2
lower,2
round,2
way,2
prominently,2
titles,2
reconstructions,2
siebe,2
certainly,2
implements,2
creation,2
connection,2
pulque,2
exclusive,2
originally,2
hruby,2
vols,2
address,2
bermúdez,2
progression,2
meaning,2
confirmed,2
interred,2
reasons,2
torres,2
producing,2
closer,2
room,2
resulting,2
take,2
styles,2
help,2
friezes,2
madre,2
soame,2
date,2
greatly,2
cyphers,2
gran,2
somewhat,2
ash,2
berdan,2
incest,2
con,2
sophisticated,2
recorded,2
female,2
iv,2
draw,2
ñuu,2
kurtz,2
figs,2
covary,2
explorations,2
establishing,2
move,2
vital,2
serie,2
reflecting,2
x,2
carved,2
bello,2
reconstruction,2
negotiation,2
representing,2
against,2
zone,2
muñera,2
sand,2
masks,2
behavior,2
apartments,2
carsten,2
econòmica,2
iron,2
quintana,2
trash,2
inner,2
mm,2
neff,2
contemporaneous,2
campos,2
analyzing,2
nftpotihiwran,2
software,2
author,2
characteristic,2
basal,2
heterogeneity,2
reliably,2
sellen,2
facet,2
rapoport,2
guillen,2
producer,2
preparation,2
expected,2
kind,2
big,2
estimates,2
ware,2
defense,2
distinct,2
notas,2
commercialization,2
clustering,2
concerning,2
agrícola,2
ear,2
blomster,2
maldonado,2
further,2
young,2
allowing,2
nicayuju,2
third,2
witnessed,2
death,2
discerning,2
pueblo,2
etnoarqueologia,2
communication,2
details,2
ethnolinguistic,2
traditions,2
mapa,2
teopancazco,2
conceptually,2
continuity,2
mezquital,2
arqueológicas,2
higher,2
mechanisms,2
opposed,2
interesting,2
occurred,2
loo,2
manipulated,2
espacio,2
indian,2
supernatural,2
edited,2
etudes,2
his,2
patron,2
grid,2
main,2
sensing,2
across,2
weigand,2
lie,2
censer,2
tnn,2
cremation,2
notion,2
remote,2
habitacional,2
xocoyotzin,2
approaches,2
sabloff,2
canuto,2
perkins,2
monuments,2
highlanders,2
animals,2
urbe,2
arid,2
maría,2
changes,2
objects,2
physically,2
emergence,2
pascual,2
multicraft,2
articulated,2
slate,2
hesse,2
urincho,2
followed,2
asunción,2
problems,2
reconsideration,2
dominant,2
consensus,2
antecedents,2
preference,2
myths,2
organic,2
banning,2
confederation,2
bilateral,2
game,2
identifying,2
thousands,2
location,2
nadal,2
declined,2
lowland,2
martinez,2
appearance,2
histories,2
rule,2
chinamitl,2
called,2
farmsteads,2
matrilocal,2
amsterdam,2
parry,2
seven,2
demands,2
rooms,2
ultimogeniture,2
haller,2
relate,2
espacios,2
coupland,2
tecalli,2
possibility,2
featured,2
naturales,2
equally,2
syncretism,2
nos,2
kiracofe,2
hirshman,2
viewpoints,2
nobles,2
prismatic,2
arqueológico,2
formatìve,2
hendon,2
meet,2
applied,2
contiguous,2
nuevas,2
albuaueraue,2
rectilinear,2
symbolically,2
isotope,2
undermined,2
monaghan,2
provincial,2
gimpera,2
basis,2
geothermal,2
intense,2
unírmela,2
received,2
sculpture,2
organize,2
emphasis,2
spaniards,2
prominent,2
brought,2
materialize,2
tributary,2
jarquín,2
british,2
electrical,2
tenure,2
curing,2
politica,2
fit,2
broad,2
records,2
densely,2
call,2
zoomorphic,2
away,2
surrounding,2
rise,2
employed,2
viejo,2
ciencia,2
bruman,2
heuristic,2
refuse,2
persona,2
talud,2
earth,2
precipitation,2
externally,2
vergara,2
ricana,2
presented,2
noncommercial,2
below,2
waddell,2
merino,2
investigación,2
villagers,2
emphasizes,2
lambityeco,2
long,2
foster,2
few,2
concerns,2
immigration,2
arquitectura,2
acts,2
presence,2
cronología,2
distinguished,2
portions,2
tended,2
toltecs,2
dedicated,2
polúica,2
factionalism,2
appropriate,2
value,2
inhabiting,2
heritage,2
twn,2
prevalent,2
prevalence,2
south,2
span,2
collectivity,2
will,2
equality,2
variety,2
various,2
chase,2
pyramids,2
meticulously,2
identified,2
synthesis,2
berghe,2
terramote,2
prehistoric,2
oversight,2
dwellings,2
tlaxilacalli,2
cacica,2
epicldsico,2
vega,2
structural,2
biological,2
interpretation,2
contribute,2
represents,2
rules,2
clasico,2
marginal,2
exactly,2
counterparts,2
mixed,2
den,2
technology,2
mobile,2
assemblies,2
populated,2
nahuas,2
neither,2
index,2
editorial,2
assistance,2
middleton,2
lord,2
shifting,2
html,2
calixtlahuaca,2
gutiérrez,2
insights,2
begins,2
bar,2
frameworks,2
inheritance,2
cerámica,2
layout,2
stones,2
geophysical,2
street,2
organizations,2
calli,2
fire,2
lewis,2
challenge,2
filloy,2
gobierno,2
runs,2
links,2
haskett,2
treatment,2
corporativo,2
contextos,2
addition,2
projects,2
strontium,2
linda,2
complementary,2
communal,2
lack,2
consideration,2
creative,2
colección,2
forces,2
demonstrating,2
presente,2
feasting,2
man,2
peacock,2
discussed,2
cooperated,2
outside,2
took,2
precinct,2
adjacent,2
domésticas,2
clusters,2
scientist,2
kyriakidis,2
affiliate,2
empire,2
accepted,2
sayula,2
underscores,2
duties,2
deep,2
routledge,2
chronologically,2
teeth,2
anos,2
widespread,2
opting,2
number,2
ethnohistorians,2
encountered,2
remarkably,2
durkheim,2
tututepec,2
argues,2
original,2
demonstrated,2
exploring,2
leeuw,2
mitla,2
craig,2
eighteenth,2
represented,2
ce,2
formal,2
mycenaean,2
años,2
previously,2
comerciantes,2
sap,2
opportunity,2
skeletal,2
uncovered,2
fargher,2
residues,2
periodos,2
macroregional,2
pleasure,2
questions,2
variables,2
continue,2
michoacan,2
full,2
lazos,2
reinforcing,2
dating,2
weaving,2
ties,2
comprehensive,2
lakes,2
bayesian,2
soldiers,2
codex,2
david,2
guadalupe,2
allowed,2
characterized,2
function,2
flenniken,2
am,2
sanctification,2
linking,2
accurate,2
interacted,2
preservation,2
standard,2
ethnological,2
báez,2
procurement,2
mexica,2
coercive,2
evolutionary,2
differently,2
composite,2
ornaments,2
acquire,2
anderson,2
agave,2
expectations,2
sacred,2
hierarchical,2
priests,2
artisans,2
distant,2
spain,2
terracing,2
propose,2
chert,2
tepetlaoztoc,2
gaskin,2
nonroyal,2
convincingly,2
examines,2
covered,2
space,2
veracruz,2
buffering,2
liège,2
extracted,2
table,2
abundance,2
characteristics,2
insubstantial,2
yaeger,2
continued,2
figure,2
negrete,2
five,2
foreign,2
practical,2
bound,2
program,2
inah,2
powis,2
order,2
male,2
independence,2
becomes,2
began,2
millennia,2
consignment,2
ofteofhuacan,2
adherence,2
sequences,2
originated,2
contexto,2
edificio,2
respect,2
lip,2
strategically,2
grounded,2
issue,2
quantitative,2
fertility,2
sections,2
anthropomorphic,2
reciprocal,2
duncan,2
deposited,2
suite,2
senior,2
bricker,2
mentioned,2
heritable,2
demonstrate,2
economically,2
área,2
temporal,2
jaguars,2
fogelin,2
text,2
meat,2
sustained,2
emperors,2
der,2
mirrors,2
quickly,2
know,2
survey,2
alvarez,2
colonization,2
principle,2
región,2
each,2
evolved,2
ß,2
ancestor,2
setting,2
board,2
leaders,2
accommodate,2
volcanology,2
constructions,2
next,2
mesoame,2
foundation,2
school,2
económica,2
plazas,2
generalized,2
pit,2
wood,2
sierra,2
just,2
works,2
cortés,2
according,2
heads,2
primer,2
restali,2
offering,2
nonlocal,2
multidisciplinary,2
gallegos,2
imposed,2
nearby,2
urbanismo,2
maintain,2
actors,2
fiad,2
utilitarian,2
foundations,2
correlates,2
reales,2
ornament,2
alcohol,2
oxygen,2
capilco,2
administer,2
dedication,2
tepeaca,2
contain,2
des,2
finished,2
serrano,2
doméstica,2
boston,2
recursively,2
necessity,2
preserved,2
careful,2
private,2
simply,2
urcid,2
científica,2
step,2
tmp,2
domesticates,2
arguments,2
manufacturing,2
antigua,2
hnii,2
isolated,2
commented,2
lucia,2
culturally,2
survive,2
perspectiva,2
understandings,2
replaced,2
survival,2
lists,2
foragers,2
decrease,2
scribes,2
sitios,2
national,2
fibers,2
finally,2
schortman,2
documentation,2
course,2
contributed,2
define,2
nunley,2
specialists,2
defines,2
sur,2
químicos,2
earthen,2
mock,2
frederick,2
liot,2
extremely,2
shift,2
foraging,2
carr,2
observation,2
carbon,2
pathways,2
ember,2
pedro,2
carrion,2
debate,2
partial,2
create,2
rethought,2
posible,2
substantial,2
ownership,2
entire,2
supplementary,2
censuses,2
strong,2
ends,2
mexique,2
zones,2
virtue,2
meeting,2
mulhare,2
storey,2
close,2
valdez,2
heterogeneous,2
interconnectivity,1
bernal,1
agaves,1
final,1
dynamic,1
superiores,1
springerlink,1
razed,1
residing,1
ä,1
intimately,1
excepción,1
mutualistically,1
xochitecatl,1
archives,1
ecatepec,1
transportation,1
interhousehold,1
antler,1
etnoarqueológico,1
registers,1
done,1
potency,1
paralleled,1
situate,1
child,1
obligations,1
ottering,1
kepecs,1
fund,1
culcullca,1
edge,1
transición,1
estimated,1
fraction,1
courtly,1
undoubtedly,1
fortified,1
correlation,1
inaccurate,1
postmolds,1
generated,1
responds,1
commentary,1
entierros,1
tres,1
asentamiento,1
medium,1
imported,1
officeholders,1
proporciones,1
royals,1
coba,1
mesoamericano,1
enmeshing,1
career,1
everyone,1
identidad,1
elaborating,1
tuscaloosa,1
episodes,1
resulted,1
heights,1
mysteries,1
legitimate,1
revolutionary,1
intriguing,1
resisting,1
red,1
magnetic,1
peregrine,1
resided,1
burkhart,1
combine,1
mountains,1
outlived,1
constitution,1
utility,1
núñez,1
bequeath,1
linguistic,1
expect,1
landholding,1
beneath,1
coupled,1
academia,1
pátzcuaro,1
achievements,1
cuicatldn,1
myth,1
elaborated,1
juego,1
aproximaciones,1
multifaceted,1
stem,1
designed,1
formed,1
live,1
peralta,1
manzanares,1
maic,1
sets,1
sumptuary,1
tututupec,1
lancets,1
braziers,1
completely,1
oxígeno,1
bias,1
stingray,1
additionally,1
unraveling,1
competence,1
domésticos,1
paradigms,1
upheaval,1
ly,1
htm,1
predating,1
fundación,1
classifiable,1
ore,1
weaker,1
contention,1
élites,1
subset,1
reduced,1
committee,1
lakeshores,1
ian,1
classify,1
allies,1
prehispdnicas,1
distillation,1
communion,1
cahue,1
total,1
eastward,1
arcaicos,1
uncut,1
zubrow,1
husbands,1
communicating,1
arrived,1
finely,1
childean,1
somewhere,1
cama,1
acting,1
thematic,1
contested,1
knappers,1
englewood,1
eye,1
corroborates,1
absence,1
aportaciones,1
vinal,1
character,1
distilled,1
turning,1
llano,1
reciprocally,1
cuicatlan,1
cutting,1
experience,1
taller,1
diffusion,1
planets,1
prohibitions,1
came,1
highlighted,1
anything,1
synonymous,1
predios,1
tetitla,1
explaining,1
permit,1
regenerative,1
marco,1
isthmus,1
concepto,1
proposito,1
humble,1
coalesced,1
burner,1
specifically,1
revisited,1
stvle,1
universitv,1
subduing,1
straddles,1
commvma,1
retouched,1
expressive,1
macroband,1
cationes,1
terminations,1
repertoire,1
adopt,1
chaos,1
taken,1
military,1
meters,1
paleopaysages,1
vínculos,1
might,1
possesses,1
disturbance,1
attempt,1
assist,1
chinampas,1
articulate,1
chupícuaro,1
fewer,1
texcocan,1
género,1
seems,1
heated,1
dramatically,1
sculpted,1
prototypical,1
company,1
possibilities,1
zaachila,1
shaped,1
principles,1
yards,1
height,1
noyola,1
discusiones,1
té,1
población,1
leading,1
agrarian,1
occasionally,1
suggesting,1
liquids,1
includes,1
terminate,1
desire,1
restrictive,1
relegating,1
enduring,1
sociality,1
predated,1
portrayal,1
assembled,1
estéticas,1
follows,1
redistribution,1
studied,1
accommodated,1
ritmos,1
quotidian,1
xoo,1
link,1
personages,1
hundred,1
cooperating,1
concludes,1
fe,1
court,1
tx,1
intercambio,1
lhasa,1
intermarrying,1
millon,1
evolving,1
boschgimpera,1
underutilized,1
petty,1
vegetation,1
nm,1
consist,1
montiel,1
manipulating,1
blackwell,1
migrated,1
concepts,1
comparación,1
distribución,1
reserved,1
butrón,1
cuerpo,1
corroborate,1
episodic,1
alike,1
discipline,1
alabama,1
sempowski,1
injudicious,1
proportionally,1
motivated,1
visibility,1
aïja,1
luis,1
intersection,1
socie,1
quaternary,1
guide,1
evaluation,1
side,1
inclusive,1
takes,1
occasional,1
described,1
existence,1
schoep,1
fiery,1
evolutionists,1
botanical,1
rivalry,1
westview,1
plain,1
hogares,1
thatch,1
bodies,1
bob,1
nn,1
autonomous,1
king,1
azcadotzalco,1
modify,1
centros,1
capacity,1
paved,1
versions,1
continuum,1
matthew,1
encouraging,1
especialización,1
mine,1
analytically,1
albany,1
saying,1
separating,1
right,1
domestico,1
chan,1
sitnbolos,1
representations,1
neolithic,1
arkush,1
economics,1
retain,1
crowd,1
characterizes,1
rodriguez,1
mythology,1
account,1
indirectly,1
low,1
quantities,1
lends,1
thurston,1
propuesta,1
logical,1
brant,1
omissions,1
cooperation,1
secuencia,1
milpillas,1
affinal,1
characterize,1
torre,1
mansions,1
adopting,1
solely,1
cacti,1
muxko,1
tovalin,1
taxation,1
dinner,1
escenarios,1
overzealous,1
perforators,1
sánchez,1
adaptability,1
homogeneous,1
say,1
supervision,1
uses,1
temporada,1
exchanges,1
desirable,1
renfrew,1
horticultural,1
considerably,1
partitioned,1
decreasing,1
interact,1
entanglements,1
patrimony,1
canaria,1
largely,1
tributes,1
puebloan,1
polychromed,1
midportion,1
dentro,1
audience,1
poscläsico,1
lineageand,1
assessment,1
genealogies,1
hudson,1
factional,1
framework,1
usage,1
ranked,1
rulership,1
arqueológica,1
chinampa,1
possessing,1
cuilapan,1
scarborough,1
chiefs,1
married,1
hazards,1
constructed,1
rutas,1
ethnographies,1
divorces,1
dzini,1
southwestern,1
historically,1
madrid,1
immediate,1
resins,1
neighbor,1
cambio,1
exterior,1
oyarzabal,1
hgo,1
run,1
reino,1
due,1
sustain,1
pursuit,1
taggarty,1
precipitating,1
congreso,1
helen,1
realized,1
sediment,1
copan,1
fissioning,1
europe,1
terraces,1
transformative,1
hace,1
millennium,1
coccus,1
every,1
lectures,1
bridging,1
thoroughfares,1
dependencias,1
guevara,1
acta,1
gendered,1
nativitas,1
prehistoria,1
quantifying,1
afford,1
adams,1
co,1
varies,1
constellation,1
employing,1
alphabet,1
topic,1
cognitive,1
tripartite,1
pdf,1
roasting,1
zaa,1
spans,1
aposento,1
flä,1
exercise,1
norte,1
congregated,1
ossuaries,1
retreats,1
rank,1
candidates,1
ethnohistorically,1
resting,1
clay,1
developments,1
adopted,1
preliminary,1
sandstrom,1
tibet,1
finsten,1
transegalitarian,1
keep,1
tovalín,1
çalpolli,1
drunkenness,1
depend,1
refer,1
teo,1
ediciones,1
extendedfamily,1
coregents,1
ergo,1
back,1
subjects,1
spanned,1
disproportionately,1
giffen,1
lifecycle,1
totemic,1
tecnologías,1
suitable,1
pouring,1
donovan,1
vm,1
patolli,1
manipulability,1
converging,1
alliances,1
mechanical,1
compare,1
mundial,1
overarching,1
políticas,1
explore,1
mirrored,1
fieldiana,1
colégio,1
noise,1
canyons,1
exportable,1
wet,1
quere,1
deeply,1
emphasize,1
sagrado,1
helping,1
domesticated,1
leadership,1
climates,1
academy,1
mather,1
crawford,1
calpulco,1
tlalpizahuac,1
sampling,1
competitive,1
tetelpan,1
rates,1
vj,1
error,1
implementation,1
confluence,1
let,1
spouses,1
parks,1
espiridón,1
aristocracy,1
teotihuacanas,1
permits,1
articulates,1
nuclearto,1
excavate,1
painted,1
asu,1
whose,1
subordination,1
reflects,1
flexibly,1
license,1
precincts,1
without,1
overly,1
cominidades,1
nitlal,1
fermenting,1
act,1
divination,1
aimed,1
absent,1
impersonators,1
cuernavaca,1
scrapers,1
bind,1
extents,1
dinâmicas,1
smoking,1
sort,1
breadth,1
basic,1
toluquilla,1
wo,1
official,1
mclaughlin,1
powdered,1
reference,1
coastal,1
mean,1
incidence,1
phosphate,1
deliberately,1
bmhdb,1
hydrogeological,1
template,1
proximity,1
sudden,1
waned,1
determining,1
niche,1
chingú,1
goguitchaishvili,1
associate,1
lasted,1
croissier,1
tecali,1
ex,1
initiate,1
à,1
archaeometry,1
cuanalan,1
sacrificed,1
habitación,1
plots,1
easily,1
winters,1
references,1
aquatic,1
antiguos,1
scales,1
mobilize,1
managerial,1
slabs,1
read,1
contouring,1
diacrónicos,1
regenerating,1
afterbirths,1
xxx,1
consequences,1
intensity,1
mediate,1
taro,1
extremes,1
absorbed,1
tn,1
multivariate,1
compilation,1
resistivity,1
unchanging,1
ocupación,1
webster,1
reason,1
involvement,1
ij,1
ballcourt,1
altepemeh,1
esoteric,1
discernible,1
nor,1
institució,1
monumental,1
facilitated,1
sacralize,1
lineal,1
elección,1
conceptualization,1
tailored,1
rosenswig,1
wolf,1
clark,1
occupational,1
statistical,1
sant,1
benefits,1
spreading,1
antropológicos,1
peasants,1
pertinent,1
broda,1
lo,1
serviced,1
dated,1
irreversible,1
evidencia,1
hare,1
intrinsically,1
meyers,1
edition,1
zacatenco,1
traces,1
reconstituted,1
remaking,1
contemporaries,1
cocijo,1
autarky,1
northeastern,1
reviewed,1
too,1
upper,1
indefinitely,1
benefited,1
advancing,1
covers,1
orientation,1
beek,1
initiative,1
superior,1
paraphernalia,1
resource,1
durkheimian,1
shorter,1
calcium,1
continual,1
follow,1
connecting,1
orchestrating,1
analogia,1
efficient,1
expanding,1
òtudy,1
random,1
consequence,1
cost,1
stark,1
territorial,1
requires,1
signaling,1
footprints,1
indígena,1
dwelling,1
pole,1
destructive,1
maison,1
erosion,1
helped,1
universitaria,1
ekholm,1
coincide,1
trained,1
decades,1
individualizing,1
cut,1
sum,1
methodology,1
encircling,1
exclusionistas,1
assessments,1
bureaucracy,1
irrigation,1
regenerate,1
draws,1
skibo,1
whereas,1
ranges,1
resultados,1
pantheon,1
response,1
moving,1
standards,1
advance,1
carmen,1
trafficked,1
confronted,1
parties,1
volcanes,1
ftc,1
pursuits,1
moyes,1
introduce,1
path,1
carbonates,1
corridors,1
jalieza,1
internacional,1
portable,1
future,1
paddock,1
carrying,1
here,1
tneory,1
faunal,1
traditionally,1
typical,1
midden,1
postclásico,1
iconographically,1
pulse,1
holding,1
relating,1
effort,1
isprs,1
conventionally,1
underneath,1
changed,1
deal,1
scenes,1
conflagration,1
chimalhuacan,1
tipología,1
facilitate,1
bilocal,1
events,1
census,1
tacking,1
centrally,1
package,1
chamblee,1
ago,1
viking,1
reactionary,1
interpretations,1
prehistories,1
multiétnica,1
markets,1
term,1
evaluate,1
nonmanagerial,1
circulation,1
excavación,1
guatemala,1
patlachique,1
periculosa,1
pervasiveness,1
diffracted,1
adobes,1
qualitatively,1
standardized,1
transformaciones,1
agglutinated,1
traits,1
equal,1
aromatic,1
technical,1
acropolis,1
affirms,1
berlo,1
rightfully,1
wiesheu,1
prehispánico,1
circular,1
districts,1
keywords,1
fisher,1
indirect,1
lightfoot,1
burial,1
mila,1
reinforce,1
maquixco,1
braswell,1
analogous,1
garments,1
monto,1
determinación,1
otherwise,1
rubber,1
xiv,1
callan,1
massif,1
revision,1
noroeste,1
longman,1
outlined,1
intensely,1
multidisciplinar,1
hodge,1
designations,1
find,1
overpopulation,1
knossos,1
copal,1
graciously,1
polishers,1
gained,1
conocimientos,1
determinar,1
accelerated,1
fontanals,1
sustenance,1
wants,1
tumbas,1
hunters,1
memory,1
briefly,1
distinguishes,1
ttotihuacan,1
demográficas,1
shape,1
xix,1
existential,1
almost,1
directly,1
keeping,1
hybrid,1
tetimpeños,1
network,1
relatives,1
commemorations,1
invisible,1
jggm,1
line,1
seminal,1
identification,1
décima,1
prioritizing,1
urbano,1
dawning,1
abasólo,1
formerly,1
updated,1
rotary,1
climb,1
scatters,1
é,1
archéologie,1
técnica,1
centramericaines,1
partir,1
comprises,1
bassin,1
leisure,1
cults,1
overturn,1
imagined,1
prized,1
slightly,1
concept,1
humanos,1
modular,1
heavily,1
tens,1
murals,1
hereditary,1
purpose,1
proportions,1
izp,1
clearer,1
reconfiguration,1
interna,1
homeland,1
thoughts,1
queries,1
minority,1
pocket,1
effigies,1
xlii,1
arnould,1
revista,1
rica,1
dozens,1
whole,1
precipitated,1
baskets,1
database,1
asuncion,1
michael,1
teotihuacán,1
refined,1
policies,1
urbanas,1
subfloor,1
constitute,1
tremendously,1
expansionist,1
dactylopius,1
ofearlystate,1
beads,1
stimulate,1
tecnología,1
rosario,1
cercanas,1
kings,1
yucu,1
feathers,1
opuntia,1
funerarias,1
occupied,1
proliferation,1
tarling,1
reflect,1
complemented,1
augmentation,1
il,1
realms,1
participate,1
placate,1
showing,1
egges,1
survived,1
interpreted,1
benton,1
institue,1
conform,1
shunning,1
assembly,1
connections,1
nj,1
trends,1
encapsulates,1
bateman,1
polygamous,1
patronnent,1
positioning,1
redistributed,1
foci,1
citing,1
extrafamilial,1
agriculturally,1
oriental,1
distinctions,1
olson,1
causal,1
good,1
ritually,1
independently,1
commons,1
walsh,1
habitations,1
peopled,1
instituut,1
correct,1
jb,1
codice,1
fulfilled,1
liras,1
wi,1
controversial,1
generative,1
embodied,1
uncorrelated,1
choropleth,1
reliable,1
involve,1
tempe,1
wards,1
nonresidential,1
conquered,1
antropomorfas,1
presencia,1
please,1
patzcuaro,1
contrast,1
stiver,1
imposition,1
assemble,1
feasts,1
inaccuracies,1
apparently,1
claim,1
invention,1
contla,1
encompasses,1
thenrv,1
nashville,1
calling,1
dried,1
mound,1
influence,1
proximate,1
ignore,1
workshops,1
gradations,1
influencias,1
cacao,1
choose,1
teuchitlan,1
walled,1
scattering,1
voices,1
photomapping,1
pyrite,1
excavadas,1
draining,1
master,1
invaluable,1
predicción,1
niches,1
shaded,1
decline,1
ensayo,1
goddess,1
ancestral,1
boundaries,1
sculptures,1
differing,1
goalseeking,1
seeds,1
minos,1
occasions,1
customary,1
prerogatives,1
futility,1
richness,1
up,1
scott,1
préhispaniques,1
species,1
progress,1
explanatory,1
st,1
rescate,1
majority,1
dependent,1
fortress,1
restrain,1
ta,1
prehispahica,1
ot,1
estates,1
poorly,1
correspondence,1
matured,1
structured,1
iwo,1
patrones,1
newly,1
antrodología,1
catalog,1
montane,1
brizi,1
otomí,1
palacecentric,1
moved,1
rocha,1
questioning,1
undesirable,1
digging,1
promising,1
cite,1
chronological,1
underscore,1
integrating,1
nixtamal,1
critical,1
rio,1
processual,1
statuses,1
highlights,1
roasted,1
adhering,1
personage,1
dogs,1
investigating,1
adaptable,1
demand,1
insects,1
rey,1
conforming,1
thanks,1
vanderbilt,1
través,1
universalizing,1
attributable,1
ken,1
bringing,1
semiprecious,1
polished,1
contingent,1
subclassification,1
impacts,1
marketplace,1
mayor,1
schmidt,1
cientifica,1
entangled,1
u,1
focal,1
didja,1
depth,1
provenience,1
geofísicos,1
yucatan,1
exclusivity,1
maher,1
zacapu,1
durable,1
play,1
modelski,1
intended,1
dressed,1
return,1
interiors,1
quincunx,1
científicas,1
nearly,1
earlymav,1
diet,1
rapid,1
pilifera,1
reorganization,1
prevailing,1
tropical,1
patrilocality,1
allen,1
verónica,1
still,1
praeen,1
reserves,1
balance,1
valadez,1
expanded,1
symmetry,1
indicates,1
popper,1
termìnal,1
comments,1
initially,1
lb,1
movement,1
utilization,1
aldine,1
strips,1
distinction,1
constitución,1
seemingly,1
templo,1
buffers,1
southeast,1
conventional,1
needles,1
ávila,1
rené,1
guiruh,1
evenly,1
contributing,1
continuation,1
untended,1
uppsala,1
depicted,1
ludlow,1
distinguishing,1
distillate,1
ätoragj,1
usages,1
housing,1
fatty,1
wharton,1
violence,1
swept,1
permission,1
ethnographers,1
opportunities,1
cosotlan,1
alla,1
còdice,1
interment,1
consuming,1
thames,1
paradox,1
thought,1
acknowledgments,1
hegemonic,1
imbue,1
tzacual,1
alphabetic,1
opossum,1
ia,1
dedications,1
selective,1
société,1
patronclient,1
temperate,1
lesson,1
ideología,1
castillo,1
grist,1
robert,1
vecindarios,1
profane,1
participants,1
assimilation,1
commonwealth,1
vatican,1
adán,1
light,1
amazon,1
cathryn,1
performed,1
formalized,1
experimental,1
dna,1
demonstrates,1
nudzahui,1
subdivisions,1
robust,1
judiciously,1
already,1
crespo,1
preeminent,1
visitors,1
containing,1
prehispanica,1
directhistorical,1
pervasively,1
earlyaztec,1
piso,1
watteringe,1
exploit,1
antroooloeía,1
umberger,1
sistema,1
evolve,1
waxed,1
considers,1
double,1
fill,1
lavish,1
nova,1
endured,1
leader,1
mexicaltzingo,1
rossum,1
name,1
successfully,1
underscored,1
monks,1
law,1
houston,1
subregions,1
book,1
interdisciplinario,1
genero,1
technique,1
creates,1
inflexible,1
alleviated,1
archaeologically,1
thankful,1
sumptuous,1
borah,1
cloth,1
locating,1
conceived,1
similarly,1
responsibilities,1
hearths,1
cah,1
towns,1
salvamento,1
nevada,1
motifs,1
cologio,1
jose,1
ecuadorian,1
efforts,1
hernandez,1
interno,1
dicen,1
towards,1
reveles,1
migratorios,1
aegaeum,1
doorway,1
idea,1
terminating,1
kirakofe,1
stories,1
consumo,1
lineageor,1
preserve,1
storing,1
blocks,1
occupations,1
foods,1
feather,1
environs,1
agree,1
appeared,1
confederacy,1
rugged,1
abstract,1
mesoamericans,1
cultos,1
miccaot,1
posclasico,1
lacks,1
zacate,1
arisen,1
manifested,1
steered,1
mind,1
richer,1
taluds,1
penned,1
surfaces,1
xitle,1
proposal,1
memorias,1
córdoba,1
urbanized,1
emphatically,1
yucundaa,1
estimation,1
militarizing,1
formulating,1
entorno,1
highlandlowland,1
appropriately,1
condensed,1
junior,1
fashion,1
functionally,1
snyder,1
obscuring,1
beliefs,1
tlaxilicalli,1
isótopos,1
mountainous,1
honor,1
channel,1
introducing,1
reinterpreting,1
mestizo,1
interrégionales,1
paris,1
mazapán,1
hñdhñü,1
dos,1
gary,1
farmers,1
developing,1
subdirección,1
coercion,1
income,1
orthodoxy,1
compositional,1
hinterlands,1
accumulated,1
lapham,1
mutual,1
que,1
paleodemographic,1
ontological,1
interacción,1
vísperas,1
melgarejo,1
por,1
fieldwork,1
zamora,1
diets,1
metropolitan,1
socialization,1
expedited,1
applying,1
lid,1
assemblage,1
mechanically,1
reconciled,1
confront,1
siglo,1
opossums,1
toragel,1
free,1
destroyed,1
compete,1
hombre,1
comportamiento,1
mccormick,1
cadastral,1
upslope,1
interpreting,1
dws,1
smallscale,1
polona,1
mats,1
breakdown,1
interrelated,1
behaviors,1
glue,1
aplicado,1
associates,1
situated,1
vast,1
mix,1
perdido,1
discussion,1
sewing,1
hñahñü,1
economie,1
vervlarae,1
comprise,1
explanation,1
envisioning,1
administrators,1
tlatenco,1
innovation,1
headdresses,1
muddle,1
secretaria,1
patrilocal,1
rituales,1
extrapolated,1
productividad,1
drills,1
exogamy,1
xoxocotlán,1
tlatelolco,1
realities,1
pelota,1
oblivion,1
clustered,1
canals,1
reside,1
birds,1
encouraged,1
top,1
covey,1
prospection,1
imbued,1
varying,1
eclipsed,1
arranged,1
earspools,1
ya,1
holocene,1
consejo,1
unfortunately,1
toluca,1
substantiate,1
asana,1
volcanoes,1
clearance,1
operated,1
dye,1
virtually,1
sugiura,1
doubt,1
pelt,1
coyotlatelco,1
maria,1
manifestation,1
engaging,1
cooperates,1
caxonos,1
band,1
sourcebook,1
ideas,1
willey,1
educación,1
permeates,1
credited,1
archaeomagnetic,1
actual,1
decentralization,1
archaeologie,1
tehuantepec,1
merit,1
laboratory,1
trust,1
radiocarbon,1
disposa,1
raising,1
write,1
recruitment,1
magnetometry,1
canarioame,1
advantages,1
theories,1
nuclei,1
synthetic,1
contribution,1
cortéz,1
continuities,1
underwent,1
inversely,1
química,1
subsequent,1
subsurface,1
trenos,1
exceedingly,1
pictorial,1
ticoman,1
juxtapositions,1
vernacular,1
landscapes,1
albert,1
discovered,1
urbana,1
subtle,1
truths,1
equates,1
ha,1
historic,1
mangas,1
andrews,1
emphasizing,1
visualization,1
sy,1
communicated,1
politicoreligious,1
mode,1
urrea,1
language,1
xx,1
safety,1
decorated,1
supportive,1
lapidary,1
interpret,1
roof,1
radar,1
illinois,1
eve,1
patricia,1
citv,1
symposium,1
homes,1
fragments,1
fideicomiso,1
helpful,1
tradición,1
revised,1
trampled,1
enclosures,1
torremote,1
attribution,1
reconstructed,1
singlehouse,1
static,1
dry,1
chumacero,1
revolves,1
kept,1
américanistes,1
spirits,1
valky,1
theocratic,1
connects,1
offense,1
fusion,1
ayotla,1
acolhuaaztec,1
construct,1
placentas,1
never,1
zoos,1
steward,1
roofs,1
queen,1
comparing,1
written,1
examined,1
tepoztlan,1
mercados,1
más,1
parallel,1
godino,1
aegean,1
sociopolítica,1
regionales,1
occasionali,1
urbanizing,1
malleability,1
tiers,1
tree,1
assessing,1
stand,1
recoverable,1
xvi,1
displayed,1
depictions,1
esoame,1
radiate,1
seattle,1
materialized,1
política,1
expand,1
seeking,1
sanctuaries,1
usa,1
estados,1
residue,1
analyze,1
obsidiana,1
southwest,1
copyright,1
versus,1
tendency,1
cabildo,1
boletín,1
polyglot,1
wario,1
premieres,1
remarkable,1
adaptive,1
cliffs,1
sprawl,1
sociopolitical,1
targeted,1
maiiia,1
mil,1
cruz,1
jockeyed,1
footprint,1
augmented,1
bernardino,1
corridor,1
évolution,1
codices,1
zszzl,1
decision,1
harvest,1
product,1
infants,1
medios,1
bosh,1
grande,1
ranging,1
photomapped,1
metallurgy,1
european,1
enough,1
tolteca,1
departs,1
route,1
seasons,1
indication,1
front,1
suggestion,1
groupings,1
median,1
imply,1
expansionism,1
stearns,1
yauhtepec,1
footage,1
tentative,1
reviewer,1
processed,1
removing,1
segregated,1
fosfato,1
gathering,1
recreate,1
centrality,1
imbalance,1
antiqutiy,1
vision,1
maps,1
hill,1
prudent,1
elder,1
begin,1
warrant,1
select,1
qualifies,1
inside,1
andean,1
manantial,1
class,1
corporativos,1
spp,1
cuencas,1
referred,1
vsjsleeping,1
ritualized,1
qualify,1
health,1
directions,1
venues,1
seen,1
collections,1
establish,1
modo,1
prospect,1
visual,1
lives,1
grinding,1
lightning,1
unpredictability,1
rapidly,1
shells,1
whereby,1
indicate,1
ruta,1
tigray,1
spanning,1
provider,1
why,1
settled,1
serpentine,1
sitia,1
actividades,1
cipa,1
blood,1
etnicidad,1
fostered,1
interconnected,1
acámbaro,1
mortality,1
venerate,1
disk,1
identificación,1
predate,1
supporting,1
coordination,1
fields,1
turkeys,1
instances,1
ensayos,1
spouts,1
reconcilable,1
canada,1
excluyentes,1
combines,1
figured,1
tweak,1
couple,1
paying,1
pressures,1
spanishera,1
susan,1
upham,1
fermentable,1
ranas,1
distributional,1
códice,1
addressed,1
gámez,1
precursorsto,1
solares,1
responses,1
tlacolula,1
icomos,1
undertook,1
revolutionized,1
stimulates,1
tollan,1
sostenido,1
transformación,1
meissner,1
lacustres,1
thinking,1
recinto,1
reliant,1
inculcate,1
ocupacional,1
considered,1
disciplinary,1
archaeologia,1
comes,1
conclusion,1
exemplified,1
coweill,1
accordance,1
version,1
disproportional,1
focusing,1
université,1
reflexiones,1
ringing,1
founded,1
teotihuacana,1
extending,1
respective,1
postconquest,1
agents,1
matters,1
catastrophes,1
partnerships,1
management,1
continues,1
extension,1
symbolic,1
protohistorie,1
beverage,1
espinoza,1
slope,1
recognizable,1
reciprocity,1
plasters,1
rival,1
intermittently,1
proposes,1
practicas,1
bench,1
mischaracterization,1
fortification,1
doi,1
athena,1
pt,1
sciences,1
sourcing,1
organizational,1
dedicatory,1
command,1
geoarchaeology,1
modeling,1
cover,1
acids,1
suroeste,1
erected,1
berkeley,1
dimension,1
branches,1
enmeshed,1
mutually,1
migrating,1
ave,1
masonry,1
speaking,1
rainfall,1
illuminate,1
readily,1
civicreligious,1
instiute,1
rectified,1
correspond,1
interpersonal,1
formalization,1
worth,1
share,1
novel,1
complejidad,1
attribute,1
ratio,1
epoca,1
coupling,1
prolific,1
extraction,1
superficie,1
historians,1
innovations,1
seem,1
believe,1
peasant,1
alexander,1
bu,1
alfarería,1
flujos,1
expense,1
segmental,1
guild,1
facility,1
regard,1
scenario,1
preclassic,1
pigment,1
terraced,1
defensible,1
altered,1
collectors,1
plateaus,1
linked,1
ethiopia,1
cochineal,1
embodiment,1
benefit,1
corporateness,1
jagged,1
jennifer,1
associations,1
examining,1
differed,1
movie,1
greenstone,1
stamped,1
palmas,1
necessitating,1
masters,1
drum,1
concrete,1
turned,1
subordinate,1
ballgame,1
growing,1
cautions,1
sexual,1
treatments,1
esculturas,1
webs,1
virtual,1
correlate,1
avoidance,1
bajo,1
dispersed,1
poder,1
pooled,1
preexisting,1
communicate,1
affirm,1
elevation,1
investigation,1
reanalyzed,1
lands,1
fuego,1
marginality,1
combined,1
waveland,1
unique,1
adults,1
cooking,1
migratory,1
voor,1
données,1
apace,1
alberti,1
antropológica,1
piedra,1
emblems,1
ecofact,1
elusive,1
seasonal,1
enterramientos,1
likened,1
firmly,1
wake,1
welldocumented,1
temporally,1
tightly,1
multivanate,1
knapping,1
fabricating,1
tending,1
consisting,1
exposures,1
sowing,1
martínez,1
sousa,1
periphery,1
differs,1
summers,1
healthy,1
bureaucratic,1
deer,1
grades,1
produce,1
quarters,1
property,1
proposing,1
listed,1
ornamentation,1
scenarios,1
tezontle,1
adornments,1
cosmically,1
subhumid,1
multidisciplinarios,1
municipio,1
grand,1
popular,1
personal,1
autocratic,1
radically,1
naked,1
paintings,1
john,1
gatherings,1
significado,1
northwestern,1
reify,1
bray,1
thereby,1
reported,1
heredia,1
origen,1
glosses,1
sea,1
backwards,1
hornos,1
etnográfico,1
elucidate,1
bureaucratized,1
november,1
hieroglyphs,1
hórreo,1
indicators,1
predecessors,1
estrella,1
disciplines,1
lies,1
administration,1
sitting,1
lhe,1
com,1
exceeded,1
investigated,1
mésoaméricaines,1
tecnica,1
lenguas,1
presupposes,1
merchant,1
copper,1
pina,1
citations,1
unity,1
topografía,1
qualitative,1
phenomenon,1
challenges,1
evidenced,1
representation,1
associating,1
writing,1
fine,1
goals,1
facsimile,1
huetecpan,1
bosch,1
waves,1
grandeur,1
iconoclastic,1
comprised,1
ization,1
london,1
writings,1
fosfatos,1
courtyards,1
remarks,1
analogy,1
come,1
prehispánicas,1
emociones,1
modelo,1
sociétés,1
valdés,1
dioses,1
conducive,1
commercial,1
background,1
rasgos,1
hermeneutic,1
generate,1
autarkic,1
disposal,1
average,1
epochs,1
intensified,1
proteins,1
genders,1
envisaged,1
institutional,1
internally,1
morphological,1
julian,1
unknowns,1
iconic,1
bibliography,1
prickly,1
cerritos,1
pierced,1
trap,1
cherpitel,1
cosimo,1
modelling,1
azcapotzalco,1
fauna,1
alluvial,1
resembled,1
computation,1
carbondale,1
grateful,1
discernable,1
reified,1
clearest,1
departament,1
functionalist,1
scalar,1
attributes,1
sports,1
laffineur,1
disrupt,1
clues,1
playing,1
reach,1
inequalities,1
ovens,1
daub,1
pública,1
bullfight,1
continua,1
madison,1
lucas,1
metepec,1
ih,1
maintaining,1
anonymous,1
miccaotli,1
evidencias,1
restored,1
offered,1
specific,1
charles,1
fishers,1
pear,1
aztecs,1
tablero,1
spacious,1
pioneering,1
tlailotlacan,1
schiffer,1
rest,1
ser,1
colorful,1
clarify,1
classificatory,1
organizaciones,1
interdisciplinary,1
bookended,1
bottoms,1
terminology,1
languages,1
querétaro,1
commodity,1
vary,1
dzaa,1
negotiate,1
sits,1
mixe,1
texcoco,1
paleoetnobotánicos,1
views,1
patrilineal,1
otopame,1
tepetitlan,1
documentary,1
images,1
ethnographie,1
immediately,1
prehispdnica,1
conventions,1
urhépecha,1
mature,1
symbiotic,1
savi,1
ss,1
familial,1
concise,1
conceptualized,1
proceso,1
abraders,1
arithmetic,1
conversations,1
indicating,1
representational,1
desiccated,1
draft,1
constitutes,1
periféricas,1
willis,1
deeper,1
faction,1
empirical,1
hypothesis,1
