WORDCOUNTS,WEIGHT
the,1171
and,1060
of,980
in,685
a,365
pp,306
to,288
de,269
j,191
d,185
p,173
m,154
that,139
have,138
university,127
peru,124
c,124
e,122
valley,122
la,121
lip,120
at,116
with,114
region,109
areas,106
are,103
or,100
sites,96
for,95
were,94
g,93
y,88
as,87
chan,86
del,86
l,84
been,84
on,84
r,78
en,78
from,78
archaeology,75
by,74
is,73
s,72
al,72
state,71
settlement,71
eds,71
coastal,70
architecture,70
wari,69
et,68
central,67
anthropology,67
late,66
andean,64
inka,63
department,62
new,62
stanish,61
archaeological,61
los,60
press,60
coast,58
el,57
basin,57
patterns,57
domestic,57
but,56
social,55
some,54
was,54
more,54
springer,54
b,53
regional,53
archaeol,52
res,52
t,50
these,49
cusco,49
tiwanaku,48
valleys,48
andes,47
local,47
dissertation,47
this,46
ed,46
ph,46
be,46
h,44
organization,44
structures,44
not,44
north,44
political,43
an,43
k,43
period,43
appear,42
no,42
mortuary,42
highlands,41
titicaca,40
it,39
site,39
i,37
american,37
w,37
south,37
northern,37
cultural,36
california,36
highland,35
inca,35
during,35
covey,35
polities,35
early,35
intermediate,34
while,34
city,34
york,33
population,33
n,33
evidence,33
groups,32
moseley,32
southern,32
between,32
most,31
many,31
states,31
chimu,30
see,30
other,29
throughout,29
upper,29
villages,29
identified,29
v,29
settlements,28
had,28
horizon,28
large,27
parts,27
f,27
area,27
production,26
iowa,26
mcewan,26
middle,26
empire,26
styles,26
has,26
although,26
than,25
small,25
elite,25
construction,25
agricultural,25
history,24
populations,24
economic,24
also,24
which,24
administrative,24
indicate,24
valle,24
elites,24
arkush,23
topic,23
centers,23
appears,23
expansion,23
museum,23
time,23
where,23
economy,23
chile,23
washington,23
dc,22
journal,22
may,22
lima,22
modest,22
bauer,22
often,22
cuzco,21
owen,21
altroy,21
regions,21
antiquity,21
complexity,21
within,20
prehispanic,20
defensive,20
burials,20
field,20
muñoz,20
pottery,20
parsons,20
arqueología,20
marcus,19
there,19
ancient,19
frye,19
tombs,19
peruvian,19
limited,19
hastorf,19
complex,18
developed,18
monumental,18
prehistoric,18
osmore,18
well,18
rivera,18
ethnicity,18
vega,18
chungara,18
angeles,18
las,18
o,17
mackey,17
century,17
growth,17
their,17
chincha,17
schreiber,17
gonzález,17
research,17
shimada,17
ceramic,17
lack,17
considerable,17
isbell,17
over,17
conlee,17
characterized,16
reycraft,16
matos,16
development,16
norte,16
chacama,16
into,16
part,16
its,16
chimú,16
schiappacasse,16
power,16
located,16
overall,16
exhibit,16
ö,16
works,16
multiple,16
silva,16
azapa,16
chicago,16
major,16
group,15
practices,15
lower,15
keatinge,15
along,15
collapse,15
such,15
hierarchy,15
cf,15
uhle,15
ceramics,15
hierarchies,15
public,15
cambridge,15
around,15
decline,15
san,15
statecraft,15
larger,15
ethnic,15
systems,15
wernke,15
lumbreras,15
formation,15
altiplano,15
diversity,14
tend,14
donnan,14
after,14
organized,14
important,14
burial,14
used,14
rowe,14
status,14
influence,14
few,14
religious,14
jennings,14
reports,14
only,14
bulletin,14
andines,14
households,14
institut,14
constructed,14
generally,14
administration,14
heartland,14
they,13
xauxa,13
excavations,13
storage,13
bolivia,13
oxford,13
latin,13
found,13
near,13
circular,13
size,13
carré,13
kendall,13
material,13
institute,13
lavallée,13
tardío,13
imperial,13
urban,13
pachacamac,13
complementarity,13
much,12
differences,12
cerro,12
agriculture,12
international,12
distributed,12
study,12
irrigation,12
distribution,12
estudios,12
occupation,12
universidad,12
dumbarton,12
midand,12
oaks,12
change,12
perú,12
periods,12
andina,12
vivanco,12
rectangular,12
largest,12
français,12
towns,12
experienced,12
day,12
valdez,12
klymyshyn,12
lambayeque,12
control,12
spaces,12
locations,12
chimor,12
km,12
hyslop,11
studies,11
pukaras,11
first,11
compounds,11
cardona,11
british,11
economies,11
pikillacta,11
rosas,11
conrad,11
distinct,11
fig,11
kluwer,11
academic,11
planning,11
williams,11
bar,11
arqueologia,11
style,11
defense,11
features,11
mexico,11
ô,11
series,11
natural,11
anthropological,11
revista,11
boletín,11
ayacucho,10
conquest,10
museo,10
u,10
variations,10
household,10
warfare,10
drainage,10
dean,10
lea,10
intensive,10
albuquerque,10
arqueológico,10
coica,10
polity,10
nasca,10
several,10
browne,10
about,10
under,10
valles,10
vilcanota,10
present,10
demarrais,10
times,10
hastings,10
can,10
wan,10
nacional,10
arqueológicas,10
menzel,10
world,10
chiribaya,10
remains,10
recent,10
built,10
sandweiss,10
kroeber,9
aldenderfer,9
conditions,9
investigations,9
papers,9
vol,9
goods,9
labor,9
cemeteries,9
kolata,9
dauelsberg,9
empires,9
canziani,9
buildings,9
communities,9
culture,9
pukara,9
textiles,9
chullpas,9
moche,9
desert,9
asentamiento,9
survey,9
clear,9
would,9
general,9
arqueológica,9
structure,9
me,9
seen,9
frontier,9
earle,9
specialized,9
hamlets,9
huari,9
through,9
arica,9
lands,9
include,9
études,9
doutriaux,9
observed,9
resources,9
common,8
pittsburgh,8
investigaciones,8
janusek,8
one,8
stone,8
before,8
territorial,8
contexts,8
kingship,8
those,8
system,8
processes,8
indicating,8
ritual,8
intermedio,8
gaceta,8
pucp,8
even,8
walls,8
similar,8
monuments,8
river,8
resource,8
origins,8
casma,8
based,8
societies,8
neighboring,8
monograph,8
dynasties,8
julien,8
presence,8
baraybar,8
saw,8
bermann,8
chronology,8
climatic,8
projects,8
pattern,8
cruz,8
pozorski,8
investment,8
number,8
invested,8
range,8
including,8
ethnology,8
silverman,8
lozada,8
identity,8
cultura,8
three,8
earlier,8
mathews,8
craft,8
sobre,8
probably,8
herding,8
sociopolitical,8
perspectives,8
widespread,8
imperialism,8
mud,8
cotsen,8
costin,8
berkeley,8
associated,8
researchers,8
results,8
textile,8
sutter,8
years,8
bawden,8
integration,8
shift,8
among,8
glowacki,8
difficult,7
center,7
cuenca,7
sociedad,7
bird,7
x,7
wallace,7
past,7
unpublished,7
terraces,7
feltham,7
perspective,7
ha,7
prehistoria,7
houses,7
costa,7
rather,7
arbor,7
civilizations,7
cobo,7
record,7
out,7
austin,7
michigan,7
produced,7
colonies,7
hydraulic,7
pyramids,7
chanka,7
texas,7
society,7
community,7
farfán,7
varies,7
water,7
sierra,7
existing,7
sciscento,7
degree,7
grew,7
architectural,7
chillón,7
so,7
function,7
high,7
exchange,7
ann,7
ecological,7
began,7
considered,7
santa,7
prehistory,7
suppl,7
albarracinjordan,7
half,7
constructions,7
particularly,7
narváez,7
form,7
foundations,7
contain,7
interaction,7
centro,7
territory,7
argentina,7
sur,7
substantial,7
strong,7
final,6
does,6
fortified,6
view,6
patio,6
consistent,6
arqueológicos,6
all,6
azul,6
government,6
tx,6
represent,6
estuquiña,6
cajamarca,6
case,6
arequipa,6
fishing,6
west,6
hudson,6
conflict,6
incas,6
congreso,6
dates,6
publications,6
una,6
killke,6
direct,6
special,6
space,6
plaza,6
moquegua,6
developments,6
occupational,6
specialization,6
emergence,6
ecuador,6
rice,6
â,6
exploitation,6
trajectories,6
buikstra,6
province,6
residential,6
franco,6
sims,6
balkanization,6
provincial,6
distinguish,6
palaces,6
interregional,6
smithsonian,6
tended,6
perales,6
up,6
horizons,6
second,6
ceremonial,6
indicates,6
us,6
editorial,6
two,6
cerámica,6
rural,6
end,6
clusters,6
model,6
axes,6
niemeyer,6
elevations,6
discussion,6
rio,6
lake,6
evolution,6
rare,6
graves,6
sacred,6
huamachuco,6
hierarchical,6
institution,6
widely,6
continued,6
un,6
strongly,6
life,6
increased,6
methodist,6
bioarchaeological,6
mantaro,6
did,6
report,6
informe,6
them,6
nearby,6
dallas,6
thames,6
techniques,6
colonial,6
maintained,6
zones,6
territories,6
documentary,6
cotahuasi,6
manuscript,5
residences,5
maize,5
authority,5
former,5
fluctuations,5
neira,5
jequetepeque,5
emerged,5
secondary,5
refuges,5
inland,5
marine,5
principal,5
current,5
east,5
possible,5
atacama,5
tardía,5
leblanc,5
linked,5
centralized,5
medio,5
jr,5
actas,5
cases,5
camarones,5
fieldiana,5
etudes,5
absent,5
huánuco,5
landscape,5
levels,5
approaches,5
tung,5
lacking,5
shell,5
vera,5
changes,5
established,5
clearly,5
sillar,5
surface,5
beyond,5
trimborn,5
permanent,5
sicán,5
lovatón,5
caves,5
prehispánico,5
moore,5
facilities,5
wide,5
brooks,5
because,5
work,5
goldstein,5
brought,5
example,5
data,5
dorado,5
internacional,5
il,5
consumption,5
dillehay,5
emerging,5
arquitectura,5
when,5
patrones,5
absence,5
expanded,5
continuity,5
historia,5
management,5
heffernan,5
planned,5
eeckhout,5
bandy,5
toward,5
treatment,5
reru,5
nucleated,5
do,5
heyerdahl,5
skeletal,5
significant,5
use,5
willey,5
open,5
puno,5
especially,5
article,5
platforms,5
período,5
fields,5
ychsma,5
colonization,5
capital,5
americanistas,5
identities,5
thompson,5
living,5
identifiable,5
terms,5
atácamenos,5
intensification,5
socioeconomic,5
reported,5
amat,5
asentamientos,5
cañete,5
alta,5
until,5
specialists,5
provided,5
distinctions,5
vary,5
riddell,5
little,5
abandoned,5
building,5
arizona,5
increase,5
later,4
durante,4
introduction,4
núñez,4
village,4
tucson,4
ma,4
western,4
excavation,4
pasture,4
file,4
sources,4
cist,4
ii,4
implications,4
departure,4
simple,4
link,4
room,4
coordinated,4
con,4
plain,4
america,4
activity,4
aspects,4
point,4
exchanges,4
señorío,4
human,4
estudio,4
nash,4
southwestern,4
dynamics,4
cambio,4
meddens,4
assessment,4
individual,4
maintaining,4
fieldstones,4
six,4
tacna,4
terrace,4
uppervalley,4
anders,4
civilization,4
philadelphia,4
espacio,4
floor,4
bonavia,4
how,4
asto,4
paz,4
lorenzo,4
floodplain,4
lucre,4
possibly,4
jessup,4
show,4
hidalgo,4
metal,4
rooms,4
agglutinated,4
hinterland,4
basis,4
degrees,4
role,4
patterning,4
commoner,4
desarrollo,4
morris,4
broad,4
inkas,4
centinela,4
surrounding,4
memoirs,4
approach,4
either,4
below,4
raiding,4
boytner,4
consolidation,4
notes,4
developmental,4
massive,4
mochica,4
materials,4
chuquibamba,4
reni,4
exception,4
above,4
thought,4
infrastructure,4
same,4
ciudadelas,4
published,4
volume,4
walled,4
subregions,4
occupations,4
instituto,4
grave,4
incorporation,4
variation,4
pennsylvania,4
forms,4
tne,4
developing,4
göteborg,4
less,4
vogel,4
saunders,4
extended,4
made,4
territorially,4
umire,4
sequence,4
individuals,4
national,4
wilson,4
peripheral,4
maintenance,4
alva,4
distinction,4
provides,4
cock,4
pa,4
regionales,4
become,4
pacatnamu,4
occupied,4
focacci,4
para,4
note,4
fairly,4
túcume,4
science,4
sometimes,4
who,4
coordination,4
wanka,4
any,4
tambo,4
extensive,4
área,4
known,4
each,4
ilo,4
different,4
sandefur,4
sizes,4
growing,4
beginning,4
what,4
poder,4
spatial,4
yielded,4
dwyer,4
varying,4
influenced,4
des,4
both,4
preserved,4
variability,4
kingdom,4
integrated,4
smaller,4
horizonte,4
agropastoral,4
needs,4
stumer,4
pedro,4
focus,4
ä,3
margins,3
oriented,3
haas,3
names,3
affected,3
ocupación,3
flornoy,3
ana,3
identify,3
likely,3
tarapacá,3
occurred,3
lnka,3
inventario,3
archaeologists,3
tribute,3
chotuna,3
regeneration,3
controlled,3
ciencias,3
address,3
nature,3
layout,3
tradition,3
rich,3
reveal,3
decentralization,3
improved,3
blackwell,3
quebrada,3
lunt,3
described,3
autonomous,3
siglos,3
chapter,3
watanabe,3
marked,3
functions,3
far,3
prehispdnica,3
otora,3
localized,3
interments,3
royal,3
bray,3
surrounded,3
due,3
forgotten,3
chilean,3
columbia,3
moving,3
hiltunen,3
locales,3
sun,3
phases,3
higher,3
oj,3
competition,3
société,3
without,3
across,3
malpass,3
subsistence,3
tumilaca,3
risk,3
gainesville,3
buenos,3
risks,3
accounts,3
upvalley,3
max,3
pacatnamú,3
shifted,3
cut,3
conflicts,3
española,3
peruana,3
could,3
access,3
pacha,3
events,3
centrally,3
santero,3
chancay,3
ethnohistorical,3
honcopampa,3
ceramica,3
buried,3
intensity,3
cannot,3
placed,3
nuevas,3
períodos,3
tumbes,3
pineda,3
almost,3
lords,3
protected,3
su,3
london,3
purpose,3
description,3
overview,3
q,3
people,3
focuses,3
rise,3
employed,3
caplina,3
artifact,3
interpreted,3
following,3
extremo,3
uribe,3
pronounced,3
suggest,3
alto,3
order,3
contrast,3
invaluable,3
ancestors,3
lukurmata,3
codpa,3
sama,3
ot,3
kesseli,3
chungará,3
sitio,3
activities,3
barbara,3
indicative,3
accessways,3
defensible,3
estado,3
centrales,3
americana,3
roads,3
hold,3
tends,3
structural,3
single,3
dialogo,3
pacific,3
santoro,3
restricted,3
included,3
ideology,3
cane,3
pisco,3
provincia,3
hilltop,3
book,3
others,3
temples,3
plan,3
memorias,3
aires,3
distributions,3
anthropologist,3
outside,3
road,3
strategies,3
necessary,3
governance,3
shifts,3
connell,3
armatambo,3
considering,3
cusichaca,3
assemblages,3
hudnuco,3
food,3
integración,3
theoretical,3
continuities,3
andrews,3
puna,3
majes,3
consist,3
steward,3
undefended,3
raised,3
aldeas,3
neilsen,3
browman,3
espinosa,3
huaro,3
corrales,3
poblamiento,3
tunanmarka,3
huaman,3
transformation,3
centuries,3
ridges,3
contained,3
variable,3
olazabal,3
complexes,3
fluctuating,3
temporal,3
perhaps,3
meat,3
sweden,3
región,3
abandonment,3
exploration,3
brick,3
poblados,3
bolivian,3
plazas,3
huamanga,3
reflected,3
type,3
places,3
subterranean,3
impact,3
ones,3
making,3
llagostera,3
extent,3
mcandrews,3
thousands,3
preliminar,3
level,3
given,3
despite,3
bustamante,3
superior,3
phenomenon,3
andino,3
multiregional,3
models,3
feinman,3
quest,3
contributed,3
approximately,3
grown,3
typically,3
land,3
ogburn,3
association,3
tomczak,3
enclosed,3
supported,3
sectors,3
laboratorio,3
exclusively,3
desierto,3
cordova,2
now,2
solimano,2
decentralized,2
way,2
berberián,2
if,2
garcía,2
stylistic,2
administered,2
identidad,2
expedition,2
dep,2
red,2
gisbert,2
notably,2
defenses,2
piura,2
kinds,2
diversification,2
formed,2
organic,2
completely,2
grupos,2
prehispánicos,2
modern,2
vinculación,2
junih,2
grasslands,2
reduced,2
minor,2
unlike,2
laid,2
inequality,2
organización,2
economics,2
russell,2
tiza,2
princeton,2
quevedo,2
various,2
tricallotis,2
sapp,2
being,2
fundación,2
licenciatura,2
haquehua,2
soutn,2
isla,2
li,2
tiempo,2
cinco,2
taken,2
huancavelica,2
pärssinen,2
season,2
humans,2
tardíos,2
steadman,2
onofre,2
company,2
available,2
agrarian,2
suggesting,2
accompanied,2
accumulated,2
torres,2
sector,2
studied,2
closer,2
chankas,2
help,2
surandina,2
zapata,2
date,2
rockshelters,2
somewhat,2
signs,2
continuation,2
visibility,2
cassman,2
similarities,2
side,2
occasional,2
plains,2
eastern,2
rodman,2
balkanized,2
vallejo,2
chilena,2
prior,2
secuencia,2
arcnaeoiogicai,2
tucume,2
multiethnicity,2
bibliography,2
mendoza,2
evolución,2
deeds,2
dynamic,2
fernández,2
interdigitation,2
representing,2
agurto,2
franch,2
surplus,2
framework,2
hombre,2
regarding,2
phase,2
includes,2
pit,2
análisis,2
affiliation,2
commoners,2
reused,2
madrid,2
delimit,2
severe,2
quality,2
schwartz,2
arriata,2
against,2
stories,2
sacramento,2
proliferated,2
neighbors,2
collapsed,2
relatively,2
sinclaire,2
mixed,2
después,2
villar,2
pacajes,2
rooted,2
casas,2
unity,2
calchaquí,2
preliminary,2
clark,2
clustering,2
inojosa,2
ediciones,2
multiroom,2
response,2
arranged,2
cohen,2
fowler,2
stratigraphie,2
nondomestic,2
bennett,2
ghersi,2
valdizán,2
traditions,2
handful,2
revisit,2
whose,2
his,2
montmollin,2
drainages,2
población,2
aimed,2
keichlen,2
stages,2
jayanca,2
subregional,2
culminating,2
centralization,2
slabs,2
moseiey,2
mamani,2
rojas,2
easily,2
signatures,2
fancy,2
cave,2
verbo,2
precious,2
support,2
arid,2
mora,2
discernible,2
wurster,2
heterarchical,2
wealth,2
just,2
edition,2
fortifications,2
completion,2
oxbow,2
house,2
canal,2
too,2
xi,2
verano,2
vieja,2
archeological,2
helped,2
providing,2
chinchero,2
greater,2
ranges,2
chaud,2
location,2
lowland,2
rule,2
moon,2
bricks,2
peruano,2
lived,2
lluta,2
outcrops,2
shared,2
ocean,2
zone,2
territorio,2
sombrero,2
prehispánica,2
term,2
oklahoma,2
florida,2
beaule,2
focused,2
hacia,2
chicama,2
tools,2
bernabé,2
dispersal,2
fish,2
garaventa,2
however,2
burgess,2
rossi,2
numerous,2
networks,2
horta,2
spain,2
information,2
calisaya,2
nichols,2
guerrero,2
display,2
étnico,2
flourish,2
occidentales,2
lópez,2
comprises,2
prominent,2
studia,2
positions,2
iñigo,2
tapia,2
artifacts,2
year,2
ortiz,2
describe,2
northwest,2
coca,2
pyramid,2
references,2
constitute,2
runs,2
tecnología,2
perishable,2
call,2
palacios,2
ethnohistoric,2
revesz,2
away,2
reflect,2
overviews,2
horticulture,2
my,2
lhe,2
kleemann,2
chuquimia,2
good,2
churajón,2
excavated,2
remy,2
chachapoya,2
presencia,2
http,2
bengtsson,2
elson,2
habitation,2
sufficient,2
migration,2
concerns,2
comisión,2
organizations,2
temporary,2
zona,2
master,2
massachusetts,2
niches,2
attached,2
differing,2
core,2
managed,2
desarrollos,2
visible,2
majority,2
callejón,2
proulx,2
using,2
tschopik,2
curso,2
newly,2
francais,2
moved,2
urqu,2
chronological,2
critical,2
uncommon,2
ruinas,2
led,2
villacorta,2
units,2
camelid,2
narr,2
albo,2
synthesis,2
minelli,2
bartolomé,2
forward,2
islands,2
intensively,2
vaughn,2
still,2
posted,2
guzman,2
flux,2
funerarias,2
justo,2
interpretation,2
violence,2
arrangements,2
nonlocal,2
marginal,2
evolved,2
cliff,2
xxxvii,2
thesis,2
castillo,2
nielsen,2
patrón,2
copper,2
rampa,2
hermilio,2
archeology,2
reprint,2
wisconsin,2
noted,2
increasingly,2
truncated,2
enclaves,2
members,2
brujas,2
ponte,2
tarama,2
orígenes,2
maría,2
visita,2
rock,2
complementary,2
limatambo,2
chilpe,2
consideration,2
contrasts,2
pastoralism,2
segunda,2
compound,2
potosí,2
lupaqa,2
chávez,2
reichlen,2
break,2
habitat,2
antonio,2
aboveground,2
americanistes,2
católica,2
diameter,2
hatunmarka,2
discussed,2
observes,2
vt,2
seddon,2
tier,2
antiguo,2
rydén,2
pantillijlla,2
divino,2
manner,2
continuing,2
larecaja,2
ultimately,2
interacción,2
mausoleum,2
por,2
project,2
books,2
complejidad,2
streets,2
encountered,2
elevation,2
remained,2
ine,2
graffam,2
examples,2
background,2
own,2
pathology,2
collections,2
canals,2
concern,2
ñawpa,2
looting,2
persisted,2
maqque,2
macroregional,2
virtually,2
archéologique,2
harvard,2
like,2
radiocarbon,2
dating,2
ties,2
low,2
murra,2
dominated,2
albores,2
flood,2
humahuaca,2
palpa,2
enclosures,2
caso,2
mammals,2
southcentral,2
preservation,2
contributions,2
construct,2
subfloor,2
men,2
problems,2
internal,2
antropologia,2
parallel,2
constructing,2
hagstrum,2
chokepukio,2
wise,2
ethnohistory,2
slightly,2
versus,2
relative,2
calvo,2
cliffs,2
instituti,2
joffré,2
alconini,2
increasing,2
paredes,2
montoro,2
ranging,2
enough,2
consists,2
viracochapampa,2
santillana,2
layouts,2
irregular,2
bureau,2
tomo,2
río,2
provide,2
bureaucrats,2
proyecto,2
usually,2
amherst,2
huayurí,2
ojeda,2
purposes,2
santiago,2
institutions,2
means,2
dimensions,2
transformed,2
itself,2
estella,2
sequences,2
gonzalez,2
linking,2
class,2
settled,2
provinces,2
analysis,2
maras,2
surprising,2
subdivided,2
qolla,2
face,2
uso,2
reconstrucción,2
tantamayo,2
lancho,2
contextualize,2
rarely,2
eventually,2
practice,2
suite,2
dispersed,2
conclusion,2
changing,2
astomarka,2
comparison,2
locally,2
demonstrate,2
andinos,2
geographic,2
constituted,2
extension,2
rival,2
reconnaissance,2
temple,2
sciences,2
sustained,2
acari,2
satellite,2
krzanowski,2
cover,2
cabanaconde,2
bueno,2
cultures,2
worth,2
expanding,2
pirámides,2
setting,2
seem,2
peña,2
rostworowski,2
wall,2
universal,2
iii,2
spaniards,2
exhibits,2
mccown,2
económica,2
very,2
associations,2
cities,2
hilltops,2
producers,2
placing,2
richardson,2
étnicos,2
anthropos,2
advances,2
better,2
nucleation,2
lecoq,2
rising,2
together,2
barrios,2
sus,2
axis,2
antropología,2
paruro,2
periphery,2
chullpa,2
bureaucratic,2
incorporated,2
herd,2
banco,2
categories,2
art,2
cluster,2
cárdenas,2
culturas,2
incorporating,2
pits,2
uniform,2
kin,2
ulloa,2
ecology,2
blom,2
rodríguez,2
describes,2
writing,2
contact,2
sistema,2
departamento,2
junin,2
duchesne,2
come,2
perspectiva,2
illinois,2
unified,2
disruption,2
regular,2
conquered,2
effects,2
off,2
diaspora,2
extremely,2
madison,2
reformation,2
summary,2
intergroup,2
preferentially,2
laurencich,2
themselves,2
purgatorio,2
disaster,2
sharing,2
pescadores,2
norman,2
willka,2
entire,2
develop,2
dental,2
peabody,2
temporada,2
dos,2
huaylas,2
clement,2
hypothesis,2
entities,1
nicholas,1
hit,1
proliferation,1
moro,1
chira,1
arcneoiogiques,1
transportation,1
apply,1
rate,1
lite,1
apona,1
cima,1
azángaro,1
irajico,1
díaz,1
wamalli,1
tainted,1
residing,1
estimated,1
fertile,1
zana,1
rev,1
generated,1
brujo,1
corporate,1
habitable,1
imported,1
canas,1
prominences,1
erlanders,1
correlations,1
louis,1
cordyçollins,1
designated,1
created,1
tambos,1
northernmost,1
migrated,1
peaceful,1
shrines,1
extend,1
hispana,1
discredited,1
college,1
determine,1
caravanas,1
chullpares,1
tumbez,1
adoption,1
considerably,1
flexed,1
enclosing,1
missouri,1
movilidad,1
unevenly,1
sitios,1
mesoamerica,1
conducted,1
welldemonstrated,1
regulatory,1
cerámicos,1
offerings,1
fechados,1
precolombino,1
diverge,1
ethnogenesis,1
compete,1
cerámicas,1
tierras,1
corbett,1
centenario,1
comunidades,1
compama,1
specialist,1
true,1
managing,1
rounded,1
strictly,1
peaks,1
kincha,1
fozorski,1
zapallánx,1
bias,1
enne,1
naymlap,1
inconsistent,1
ly,1
highelevation,1
giants,1
collection,1
hours,1
wariand,1
pakasa,1
protection,1
comparisons,1
sited,1
cycles,1
necessarily,1
dominio,1
polityor,1
saberes,1
biocultur,1
detailing,1
exceptions,1
kevista,1
edu,1
contested,1
uicuoamda,1
descriptions,1
civic,1
juarez,1
source,1
genealogia,1
permitted,1
apurlec,1
women,1
bunal,1
pastas,1
congress,1
predominantly,1
rorida,1
lying,1
schaffer,1
implemented,1
standen,1
jrom,1
permit,1
manchan,1
coalesced,1
long,1
whom,1
certainly,1
connection,1
belén,1
occidentals,1
consuming,1
archäologie,1
interests,1
uhiie,1
cosmological,1
tumbas,1
might,1
pampas,1
rapid,1
plateau,1
attempt,1
sub,1
utilization,1
believe,1
confederations,1
worked,1
armonía,1
uulo,1
chaco,1
discerned,1
knowing,1
anu,1
seems,1
asia,1
paleoecological,1
aforementioned,1
definition,1
gary,1
archaeologically,1
affinities,1
scarr,1
wooden,1
packed,1
leading,1
paramount,1
assess,1
broadly,1
daily,1
great,1
predated,1
timing,1
environmental,1
zapahuira,1
wave,1
bolivie,1
exotic,1
imperio,1
able,1
denevan,1
historíeos,1
chulpas,1
complejo,1
hundred,1
concludes,1
huancayo,1
palatial,1
religion,1
carnegie,1
resulting,1
take,1
corporativo,1
height,1
coalescence,1
ollantay,1
achieved,1
friezes,1
testimonios,1
cronológica,1
socialevojutionary,1
skull,1
mind,1
españoles,1
greatly,1
precisely,1
política,1
primitive,1
kenny,1
duality,1
studio,1
alike,1
arellano,1
numbering,1
hoy,1
dd,1
costeros,1
contacto,1
daniel,1
context,1
disorder,1
contents,1
explosive,1
norteña,1
feru,1
prehistórico,1
nodes,1
takes,1
depending,1
froulx,1
archaeoloe,1
reconstitución,1
alfred,1
botanical,1
selva,1
misión,1
suprafamilial,1
bodies,1
lransitions,1
platform,1
restauración,1
primary,1
bones,1
bases,1
iv,1
alcock,1
march,1
vulnerability,1
indirectly,1
quantities,1
replacement,1
qhawana,1
felt,1
fitting,1
determined,1
eas,1
pre,1
cooperation,1
guardia,1
peruanos,1
housed,1
establishing,1
upaqa,1
reaction,1
terminus,1
marañón,1
magazine,1
obvious,1
uioaja,1
lurín,1
fine,1
percy,1
combination,1
hallgrímsson,1
since,1
except,1
regards,1
uses,1
establishment,1
recorrido,1
bello,1
researches,1
crypts,1
bottom,1
genetic,1
horticultural,1
compares,1
peacefully,1
mountains,1
yaros,1
mesoamencan,1
hûayuri,1
piwonka,1
cajas,1
identifies,1
armatambovw,1
alfaro,1
nonspecialized,1
evaluating,1
áreas,1
funded,1
chokepuquio,1
frequencies,1
neartiand,1
inrorme,1
restos,1
thus,1
ty,1
diseños,1
religioso,1
microclimates,1
tending,1
aldunate,1
que,1
urbanism,1
qui,1
sillustani,1
author,1
component,1
howler,1
attest,1
patient,1
mores,1
interior,1
categorized,1
habitacionales,1
prospecciones,1
millennium,1
sommer,1
guevara,1
characteristic,1
ridgetop,1
relations,1
costajunqueira,1
heterogeneity,1
lasts,1
shaft,1
towers,1
sitesthe,1
juárez,1
grouped,1
fabrics,1
media,1
estilos,1
extensively,1
pdf,1
prosperidad,1
nested,1
z,1
forced,1
borderlands,1
exercise,1
ossuaries,1
involvement,1
zuuz,1
connote,1
balbarrey,1
items,1
precordillera,1
urbanization,1
pajatén,1
evident,1
nuança,1
antropológicas,1
architectonic,1
uniformly,1
ante,1
encompass,1
body,1
panorama,1
served,1
lineage,1
compared,1
unatneid,1
kinship,1
continuous,1
effective,1
inkawasi,1
alliances,1
ih,1
cabeceras,1
políticas,1
drawn,1
consequently,1
memoir,1
stimulating,1
induced,1
occidental,1
actividad,1
poured,1
prehistories,1
tentatively,1
longdistance,1
stratum,1
alturas,1
simplistic,1
leadership,1
castro,1
academy,1
savage,1
though,1
inxa,1
cists,1
competitive,1
rates,1
aldea,1
ecuatoriana,1
interdigitación,1
unused,1
capitals,1
ovoid,1
mechanism,1
ucupe,1
artes,1
preincaicas,1
aim,1
carpenter,1
bajo,1
camana,1
online,1
interesting,1
profoundly,1
americans,1
town,1
governed,1
íysz,1
òouthcentral,1
reconfigured,1
orientales,1
tar,1
bring,1
coniexi,1
ways,1
main,1
ramps,1
morrison,1
compatible,1
proceedings,1
projgall,1
meneses,1
salinas,1
particularistic,1
breadth,1
square,1
na,1
ofestuquiña,1
sizable,1
tectonic,1
radius,1
presentation,1
hacienda,1
always,1
dealt,1
sudden,1
waned,1
mathewson,1
fajas,1
certain,1
entre,1
cronologica,1
ongoing,1
textil,1
disintegration,1
jesuit,1
rehabilitación,1
í,1
selected,1
mobilize,1
distant,1
white,1
ungará,1
redundancy,1
practicing,1
imperialist,1
cueva,1
boktryckery,1
scattered,1
abundant,1
front,1
periodic,1
collaguas,1
pucaras,1
exteriores,1
arter,1
liwanaku,1
perdida,1
japo,1
jauja,1
abiseo,1
zuuu,1
litica,1
finer,1
papel,1
rib,1
jvl,1
evidencias,1
consider,1
conceptualization,1
ramp,1
ancestral,1
objects,1
cremonte,1
multitiered,1
peasants,1
slowly,1
mcfcwan,1
presumably,1
proved,1
driven,1
murcia,1
moderately,1
vcua,1
ì,1
congregate,1
articulación,1
nor,1
thierry,1
articulated,1
plaster,1
chiribayan,1
chao,1
frequently,1
reasonably,1
periodically,1
saraguro,1
amencanistes,1
conflicto,1
diaz,1
commonly,1
vini,1
iconográfico,1
carolina,1
farmlands,1
fashioned,1
horizontally,1
shorter,1
ótate,1
diversifying,1
readings,1
drought,1
exceed,1
linkage,1
position,1
estilo,1
comprising,1
caranqui,1
requires,1
varela,1
painted,1
viru,1
wattle,1
reconsideration,1
plenum,1
epena,1
running,1
vergleichenden,1
dominant,1
mo,1
corresponding,1
projected,1
marriage,1
antecedents,1
lambo,1
dug,1
faced,1
definición,1
molds,1
italics,1
caches,1
editing,1
fluid,1
alan,1
yanamarca,1
qochoq,1
stonework,1
arcniiecture,1
arrived,1
standards,1
cementerios,1
closely,1
céspedes,1
rivals,1
walk,1
bearing,1
avenue,1
anthroplogy,1
declined,1
junín,1
fenómeno,1
appearance,1
holds,1
caravans,1
nt,1
faunal,1
search,1
called,1
huaihuarani,1
abutted,1
zúñiga,1
resembles,1
troubles,1
changed,1
deal,1
ino,1
altas,1
oreo,1
repercusiones,1
araueoloeía,1
noting,1
diet,1
viking,1
emerge,1
percentages,1
apurimac,1
marañon,1
irregularly,1
kindgom,1
comprensión,1
peni,1
notas,1
further,1
handbook,1
left,1
intervening,1
kesearcn,1
standardized,1
traits,1
unworked,1
fishermen,1
aportes,1
healthy,1
garcia,1
berenguer,1
studying,1
keywords,1
desde,1
dynasty,1
indirect,1
cordoba,1
meet,1
binghamton,1
nawpa,1
accentuate,1
scale,1
industria,1
angelas,1
xvii,1
aidenaener,1
pozziescot,1
absolute,1
guidance,1
instrumental,1
chongo,1
boxes,1
adolescent,1
vo,1
expressions,1
briefly,1
receive,1
overlapping,1
failure,1
demográficas,1
products,1
directly,1
precursors,1
mejía,1
minimal,1
differ,1
network,1
spheres,1
ancon,1
egalitarian,1
literature,1
formerly,1
ortogonal,1
iwó,1
scope,1
scatters,1
apurímac,1
corrucini,1
archaeologist,1
museet,1
dataciones,1
cnsis,1
nine,1
amurallados,1
concept,1
unless,1
heavily,1
crude,1
uncover,1
drew,1
hundreds,1
alema,1
jfmarcahuamachuco,1
annexation,1
civil,1
proportions,1
apparent,1
dios,1
reduction,1
araypallpa,1
symbolism,1
calca,1
administrativo,1
dulanto,1
desembocadura,1
ten,1
anti,1
subregion,1
shinoda,1
mterpretivo,1
dozens,1
salta,1
gave,1
island,1
diaguita,1
salud,1
azorsa,1
ayer,1
expansive,1
plastered,1
crédito,1
incaico,1
cuismancu,1
contextualizing,1
participated,1
speaking,1
comunidad,1
hi,1
ethnoloev,1
unfired,1
kits,1
we,1
lowerorder,1
viejo,1
calchaqui,1
aqya,1
buff,1
grupo,1
policía,1
fajardo,1
universally,1
alliance,1
méridionales,1
connections,1
trends,1
márquez,1
boulders,1
boliviano,1
curacazgo,1
chemistry,1
continuidad,1
caj,1
beitrage,1
wona,1
concentrates,1
preceded,1
sparsely,1
tranformación,1
legacy,1
least,1
punctuated,1
huarco,1
conquista,1
herdercultivator,1
successful,1
fuente,1
describing,1
zapallán,1
nuevos,1
málaga,1
hard,1
working,1
lybö,1
chimústyle,1
meggers,1
drier,1
descentralización,1
tempe,1
wards,1
prevalence,1
josé,1
indicators,1
bone,1
regulo,1
canseco,1
ancón,1
etnicidad,1
labradores,1
davis,1
nearest,1
preindustnal,1
involved,1
cinto,1
oapurlec,1
family,1
encompasses,1
festive,1
microevolutionary,1
ldp,1
llama,1
revisited,1
autonomy,1
weighty,1
characteristics,1
disunity,1
socos,1
altered,1
unie,1
ill,1
trombold,1
stones,1
cronología,1
australian,1
met,1
climate,1
distinguished,1
paucartambo,1
usual,1
boundaries,1
galvan,1
farsons,1
lyonn,1
mollo,1
lextues,1
zonal,1
interannual,1
fully,1
scott,1
evanston,1
antofagasta,1
st,1
cordillera,1
rescate,1
breeding,1
wakan,1
nepeña,1
antiauity,1
inaccessible,1
dropping,1
und,1
otros,1
espinoza,1
diminished,1
decisionmaking,1
keng,1
puquios,1
separate,1
zuñíga,1
murales,1
geographical,1
stewards,1
teleology,1
concomitant,1
avoid,1
frontera,1
prehistóricas,1
span,1
llc,1
diez,1
zuleta,1
processual,1
statuses,1
he,1
fases,1
investigating,1
fund,1
excludes,1
hegemony,1
observations,1
variety,1
cumbre,1
myriad,1
mesa,1
resettled,1
andenes,1
letters,1
pilgrimage,1
riego,1
estuquiiïa,1
tiksi,1
jesús,1
materiales,1
constituents,1
comparative,1
contribución,1
sinopoli,1
plans,1
return,1
benson,1
kilometers,1
ubras,1
carpio,1
pambamarca,1
apuntes,1
constraints,1
standardization,1
intimidation,1
allen,1
vauey,1
grande,1
farnum,1
make,1
interactions,1
pectorals,1
comments,1
sponsored,1
standing,1
skews,1
initially,1
kulture,1
movement,1
atop,1
modes,1
paint,1
ltroy,1
mcconaughy,1
lecount,1
va,1
selection,1
verticality,1
answering,1
spectacular,1
southeast,1
zuui,1
momentous,1
americanos,1
antepasados,1
informs,1
marcahuamachuco,1
once,1
ubiquity,1
chronicle,1
forts,1
nouvelle,1
springs,1
jujuy,1
unprovenienced,1
sort,1
victor,1
retainers,1
revealed,1
intense,1
suited,1
represents,1
makes,1
read,1
relationships,1
toolkits,1
residence,1
acknowledgments,1
serve,1
soon,1
precolumbian,1
ring,1
windows,1
fifth,1
freestanding,1
populated,1
manzanilla,1
boundary,1
muerte,1
veneration,1
technical,1
quern,1
adán,1
distinguishable,1
complete,1
abad,1
prehispdnicos,1
shifting,1
refine,1
dna,1
wright,1
vöb,1
already,1
sidos,1
lysb,1
santos,1
prehispanica,1
alcina,1
totora,1
exploit,1
functioned,1
ambiguities,1
independent,1
picture,1
considers,1
knapp,1
useful,1
chose,1
rings,1
hipótesis,1
mañana,1
racovey,1
lowervalley,1
aspect,1
skill,1
ramírez,1
extending,1
challenge,1
business,1
contisuyu,1
incessant,1
corbelled,1
semicircular,1
pumpu,1
lunahuand,1
radiométricas,1
contextos,1
òettlement,1
uay,1
flat,1
addition,1
adobe,1
corporately,1
ecuadorian,1
demographic,1
analytical,1
collar,1
lacked,1
husbandry,1
bracelets,1
joyce,1
asillo,1
ireiimmary,1
longer,1
arlington,1
limit,1
flores,1
chiriguanos,1
scholars,1
revolution,1
socorama,1
travaux,1
lucanas,1
documents,1
abstract,1
cochabamba,1
reform,1
crop,1
relación,1
lacks,1
rebuilding,1
lifeways,1
batán,1
diverse,1
saignes,1
john,1
feather,1
córdoba,1
urbanized,1
qaracha,1
tráfico,1
substantially,1
aconcagua,1
chachapoyas,1
unucr,1
seldom,1
quebradas,1
superstructure,1
etnohistórica,1
fragments,1
external,1
chiefdom,1
meas,1
depopulation,1
never,1
vaney,1
conclusions,1
interpretaciones,1
símbolos,1
procesos,1
paris,1
geography,1
smu,1
anthopology,1
handed,1
allgemeinen,1
farmers,1
reestablishment,1
validity,1
accepted,1
armed,1
kelluyo,1
unclear,1
complementaridad,1
cabieses,1
curne,1
archaeohistory,1
intersalar,1
focusing,1
deep,1
poles,1
heaps,1
diets,1
fewer,1
native,1
abut,1
decorativos,1
colla,1
routledge,1
acerca,1
redmond,1
distance,1
avances,1
threats,1
zuu,1
tarty,1
collagua,1
lumping,1
taramachinchaycocha,1
northwestern,1
fc,1
argues,1
another,1
original,1
mats,1
pooling,1
programa,1
illapel,1
doorways,1
ungara,1
mateos,1
father,1
influences,1
observable,1
becker,1
uwen,1
comprise,1
levine,1
biblioteca,1
aspectos,1
bear,1
patron,1
òurvey,1
legitimation,1
limitations,1
onto,1
trajectory,1
formal,1
décima,1
etnica,1
previously,1
predominates,1
wanxa,1
sufficiently,1
gifford,1
ruling,1
findings,1
municipalidad,1
controlling,1
cranial,1
bspinoza,1
hasta,1
inventano,1
prevailed,1
meridionales,1
web,1
juan,1
excavaciones,1
neartiana,1
assume,1
reconstructing,1
condebamba,1
jachakala,1
desigualdad,1
questions,1
exhibited,1
loa,1
tepori,1
urcos,1
etnoerafiska,1
discontinuity,1
marcos,1
riqueza,1
abandono,1
supplement,1
amarca,1
traders,1
collapses,1
autores,1
rrom,1
stratification,1
discontinuities,1
weaving,1
vii,1
subsurface,1
memoriam,1
kilometer,1
katari,1
significance,1
explorations,1
landscapes,1
midto,1
urbana,1
remaining,1
warq,1
structura,1
publication,1
costumes,1
points,1
decorated,1
histórica,1
señoríos,1
faces,1
chinbaya,1
amounts,1
held,1
arkinka,1
historias,1
divisions,1
lari,1
interzonal,1
reviewers,1
incompletely,1
tradición,1
concepciones,1
spread,1
ejemplo,1
him,1
risen,1
agüero,1
polychromes,1
persistence,1
giratoria,1
probable,1
tricolor,1
epoch,1
producciones,1
black,1
came,1
periodos,1
adequately,1
nm,1
latter,1
rieran,1
unimu,1
coporaque,1
trenzadas,1
agriculturalists,1
roofs,1
migrants,1
drenaje,1
país,1
arquitectónicos,1
elaborate,1
conduits,1
chapel,1
talleres,1
xvi,1
orco,1
intrasite,1
excluded,1
cintas,1
availability,1
corners,1
resettlement,1
bonay,1
intake,1
capabilities,1
story,1
fe,1
travelers,1
looked,1
terracing,1
splitting,1
simbólicos,1
curcumpuneños,1
destruction,1
aproximación,1
maipass,1
atlas,1
evaluated,1
aans,1
modifications,1
lauca,1
regimes,1
attention,1
oftucume,1
increases,1
inhumation,1
concluded,1
wartare,1
arcnaeoiogy,1
decreased,1
educación,1
annex,1
cabuza,1
dispersing,1
staffed,1
metallurgy,1
european,1
tempo,1
primate,1
fifty,1
stage,1
levano,1
buffering,1
undifferentiated,1
ministerio,1
sugerencias,1
modification,1
surpassed,1
backward,1
baldini,1
dominates,1
looted,1
particular,1
redonda,1
linda,1
five,1
foreign,1
iixuy,1
viz,1
impressive,1
expand,1
testing,1
maps,1
fomento,1
suggestive,1
rough,1
hill,1
schjellerup,1
reasonable,1
select,1
trabajos,1
vertical,1
lines,1
entrega,1
reconocimiento,1
situación,1
referred,1
differentiations,1
sensitive,1
féru,1
rethinking,1
behsle,1
padrones,1
nuevo,1
accommodating,1
effectively,1
millennia,1
taramai,1
overlap,1
uu,1
tiahuanaco,1
relevant,1
buffered,1
html,1
hispanoamérica,1
sicdn,1
núcleos,1
helpful,1
escuela,1
como,1
formaciones,1
fall,1
michael,1
united,1
eiroa,1
comnlementaritx,1
elsa,1
dead,1
kings,1
uzco,1
types,1
tardia,1
instances,1
enclosure,1
mirror,1
unusual,1
problematic,1
susan,1
grounded,1
resemble,1
regionwide,1
documenting,1
kiver,1
earliest,1
vn,1
middens,1
pavlovic,1
maymi,1
addressed,1
detail,1
gerónimo,1
burned,1
sections,1
school,1
acquired,1
öj,1
ae,1
periodificacion,1
farfan,1
exercised,1
gráficos,1
constant,1
jock,1
conocimiento,1
biology,1
believed,1
étnica,1
reviewing,1
anales,1
niño,1
comes,1
ethnological,1
mentioned,1
colonists,1
justification,1
ceja,1
ceniti,1
peoples,1
andahuaylas,1
canberra,1
mundo,1
must,1
founded,1
respective,1
rimac,1
ensayo,1
economically,1
sudamericana,1
oi,1
lípez,1
coscco,1
les,1
observation,1
palace,1
intensely,1
pampa,1
doi,1
tradewares,1
agricultores,1
organizational,1
creations,1
here,1
geoarchaeology,1
wider,1
gran,1
ciudadela,1
òociety,1
set,1
twoto,1
pimapiro,1
rurales,1
close,1
southward,1
flow,1
época,1
continental,1
teatherwork,1
aproximaciones,1
evaluación,1
middlelate,1
descent,1
carrizal,1
batan,1
tomb,1
ancestor,1
señal,1
rrye,1
assumed,1
gone,1
prenispamc,1
simposio,1
best,1
leaders,1
down,1
alfarería,1
heavy,1
regard,1
pnmera,1
epistemological,1
feed,1
then,1
ideological,1
valleyv,1
función,1
siglo,1
sustaining,1
rely,1
asserting,1
trabajo,1
written,1
cultivation,1
build,1
guinea,1
eponymous,1
closest,1
ustamente,1
ramos,1
quadrangular,1
animal,1
tenth,1
anca,1
romero,1
according,1
surpluses,1
defending,1
naui,1
ruins,1
heads,1
notable,1
vs,1
uominicana,1
investigation,1
sánchez,1
primer,1
cooking,1
outtakes,1
typologies,1
xim,1
cajabamba,1
independently,1
character,1
grotto,1
colder,1
tardías,1
urbanismo,1
maintain,1
proven,1
statement,1
lunn,1
baúl,1
quito,1
kjarka,1
blackware,1
tightly,1
leaving,1
problem,1
supplemented,1
consisting,1
preliminares,1
zur,1
her,1
utilitarian,1
univerity,1
prestige,1
indications,1
version,1
pursued,1
kecnercnes,1
require,1
serie,1
agrícola,1
listed,1
mosna,1
almacenaje,1
suggests,1
adornments,1
emphasis,1
infant,1
xu,1
marquez,1
andamarca,1
conference,1
nj,1
litters,1
pucarani,1
gatherings,1
occasionally,1
org,1
careful,1
juchuy,1
politicai,1
introduced,1
interandinos,1
briones,1
científica,1
prevalent,1
implicaciones,1
rampant,1
ac,1
mayor,1
intended,1
transition,1
loci,1
reappraisal,1
situated,1
ignorant,1
exceeded,1
andrés,1
ilotumilaca,1
gráficas,1
campo,1
aktiebolog,1
reconstruct,1
images,1
remobilized,1
divided,1
urrutia,1
families,1
indians,1
disrupted,1
allows,1
baca,1
evidenced,1
definitions,1
au,1
bravomalo,1
varied,1
terminal,1
pair,1
estatales,1
claro,1
proceeds,1
prehispánicas,1
question,1
promoted,1
huyinucochinchaycocha,1
moderate,1
shown,1
valleyy,1
breaks,1
multiethnic,1
drafts,1
differentiation,1
fi,1
rasgos,1
collao,1
difference,1
reveals,1
caloric,1
lobo,1
generate,1
average,1
intensified,1
innovation,1
ushered,1
secondtier,1
herds,1
institutional,1
frame,1
lord,1
mendieta,1
agrícolas,1
glew,1
sociedades,1
tronocoso,1
instead,1
sues,1
americas,1
consolidated,1
proceeding,1
usa,1
galdos,1
facilitates,1
faldin,1
intergenerational,1
cautionary,1
liuha,1
chronologies,1
ciudad,1
yaral,1
lupaca,1
física,1
prospect,1
defined,1
attempted,1
materialization,1
haphazard,1
funerarios,1
oversaw,1
typology,1
pontificia,1
ìl,1
definitive,1
zamecnik,1
archaic,1
canons,1
anonymous,1
chupaychu,1
asuntos,1
specific,1
privileging,1
twoor,1
potential,1
pioneering,1
junius,1
drying,1
compounded,1
clarify,1
vedo,1
anaes,1
pathways,1
avacucho,1
consisted,1
hills,1
informants,1
temperatures,1
array,1
ridgetops,1
views,1
clothing,1
maximum,1
tablets,1
element,1
celular,1
farmland,1
cementerio,1
token,1
roofed,1
immediately,1
osório,1
secular,1
uk,1
huachacalla,1
comparable,1
whenever,1
billman,1
pirámide,1
gold,1
should,1
broader,1
destructores,1
alternative,1
oí,1
southeastern,1
conversations,1
ca,1
signals,1
chambers,1
customs,1
camelids,1
cited,1
occur,1
concytec,1
discern,1
carangas,1
retrospect,1
