WORDCOUNTS,WEIGHT
the,1415
of,1255
and,1124
in,923
a,394
to,383
j,255
for,212
that,192
food,184
social,180
d,165
m,152
e,144
as,143
maize,136
pp,132
on,132
from,131
s,125
c,124
archaeology,122
is,116
early,114
andes,111
university,107
at,102
g,101
was,99
consumption,99
p,96
press,95
r,94
production,93
not,92
with,92
new,90
peru,88
l,87
eds,86
an,85
or,83
al,83
this,82
et,81
t,79
valley,79
colonial,78
andean,76
were,71
ecuador,70
springer,70
have,70
w,63
by,63
de,62
more,62
chicha,60
state,59
journal,59
american,57
been,57
h,56
subsistence,55
late,54
anthropology,54
are,54
societies,53
status,53
formative,53
tiwanaku,52
archaeol,52
res,52
b,51
dillehay,51
inca,50
k,49
evidence,49
has,48
it,47
indigenous,47
feasting,47
archaeological,47
la,47
inequality,46
diet,46
york,45
be,45
hastorf,44
agriculture,43
but,43
ed,43
pearsall,42
complex,41
political,41
patterns,41
which,41
women,38
y,38
no,38
f,38
there,37
coastal,37
spanish,37
period,37
agrarian,35
change,35
historical,35
other,34
central,34
also,34
i,34
complexity,34
economy,34
south,33
these,33
some,32
preceramic,32
research,32
household,31
organization,31
during,31
practices,31
among,31
domestication,30
use,30
antiquity,30
between,30
raymond,29
crop,29
middle,29
contexts,28
el,28
such,28
world,28
only,28
las,28
through,28
remains,28
america,27
its,27
department,27
rossen,26
economies,26
even,26
en,26
gender,26
economic,26
their,25
about,25
northern,25
domestic,25
context,24
labor,24
piperno,24
perspective,24
bolivia,24
than,24
n,24
population,24
coast,24
southern,24
local,24
would,24
european,24
although,24
items,23
may,23
most,23
del,23
peruvian,23
plant,23
current,23
marine,22
staller,22
los,22
diverse,22
farming,22
pozorski,22
cambridge,22
science,22
whether,22
urban,22
differentiation,22
cases,21
prehistory,21
however,21
goldstein,21
society,21
ancient,21
power,21
moquegua,21
dissertation,21
anthropological,21
ph,21
valdivia,21
crops,20
human,20
site,20
access,20
academic,20
settlement,20
regional,20
empire,20
region,20
plants,20
states,20
into,19
expansion,19
case,19
development,19
further,19
horizon,19
ceremonial,19
identity,19
associated,19
florida,19
pittsburgh,18
they,18
those,18
moseley,18
resources,18
ritual,18
example,18
wari,18
elite,18
high,18
land,18
nature,17
ad,17
van,17
across,17
study,17
latin,17
community,17
jennings,17
scholars,17
v,17
where,17
less,17
washington,17
foodways,17
so,17
elites,17
both,17
center,16
history,16
real,16
cerro,16
politics,16
potosí,16
bc,16
sociopolitical,16
alto,16
culture,16
smith,16
areas,16
forms,16
understanding,16
perspectives,16
life,16
stable,16
instead,16
foraging,15
dc,15
diversity,15
archaeologists,15
bogotá,15
civilization,15
bray,15
populations,15
prehistoric,15
attention,15
dietary,15
changes,15
different,15
animal,15
city,15
burger,15
chile,15
inka,14
stothert,14
colombia,14
phase,14
empires,14
origins,14
could,14
basin,14
occupation,14
tykot,14
regions,14
yet,14
drink,14
foods,14
time,14
moche,14
mexico,14
analysis,14
langebaek,14
agricultural,14
distribution,14
suggests,14
role,14
north,14
common,13
later,13
adoption,13
village,13
chiefdoms,13
information,13
dynamics,13
since,13
importance,13
had,13
burial,13
jamieson,13
people,13
california,13
ecology,13
isbell,13
spaniards,13
domesticated,13
particular,13
while,13
gainesville,13
introduction,12
settlements,12
one,12
implications,12
differences,12
inland,12
along,12
review,12
consumed,12
health,12
starch,12
â,12
found,12
cultural,12
sites,12
suggest,12
small,12
cochabamba,12
assemblages,12
questions,12
individuals,12
abundant,12
systems,12
seen,12
baúl,12
changing,12
meat,12
did,12
quito,12
transition,12
debate,12
much,12
faunai,12
does,11
large,11
point,11
hierarchy,11
developed,11
approaches,11
animals,11
rice,11
documented,11
camelid,11
indicates,11
all,11
wine,11
variation,11
relationship,11
zeidler,11
evolution,11
scholarship,11
der,11
cultivation,11
imperial,11
when,11
question,11
reitz,11
argentina,11
maritime,11
increased,11
recent,11
offerings,10
ma,10
defrance,10
ubelaker,10
botanical,10
cutright,10
kolata,10
came,10
histories,10
international,10
altroy,10
muisca,10
coca,10
preparation,10
single,10
reliance,10
ecuadorian,10
men,10
vegas,10
imperialism,10
gumerman,10
sectors,10
them,10
gero,10
association,10
archaic,10
way,9
if,9
ô,9
century,9
kind,9
process,9
similar,9
colonialism,9
house,9
alta,9
bowser,9
bruno,9
handbook,9
recently,9
blake,9
public,9
well,9
used,9
intermediate,9
structures,9
williams,9
least,9
field,9
feasts,9
smithsonian,9
zana,9
periods,9
limited,9
sciences,9
broad,9
end,9
argues,9
silverman,9
trade,9
significance,9
landscapes,9
times,9
institution,9
merwe,9
constituted,9
known,9
argue,9
what,9
emphasis,9
pa,9
americas,9
titicaca,9
northwestern,9
provisioning,8
isotopie,8
environmental,8
likewise,8
cuzco,8
studies,8
boulder,8
reveal,8
iowa,8
weismantel,8
centralized,8
differential,8
rural,8
nonstate,8
oxford,8
chan,8
after,8
direct,8
emergence,8
linked,8
communities,8
beyond,8
л,8
view,8
greater,8
based,8
though,8
aspects,8
stanford,8
trends,8
approach,8
staple,8
alconini,8
regardless,8
zea,8
relied,8
included,8
wright,8
academy,8
idea,8
angeles,8
johannessen,8
drinking,8
do,8
practice,8
mays,8
like,8
relation,8
structure,8
space,8
perry,8
spp,8
indicate,8
earliest,8
colonization,8
control,8
goods,8
better,8
following,8
proceedings,8
terms,8
foundations,8
molle,8
prehispanic,8
wild,8
quinoa,8
effects,8
inequalities,8
ca,8
camelids,8
paleoethnobotany,7
isotopes,7
mesoamerica,7
ways,7
before,7
being,7
jequetepeque,7
guinea,7
spectrum,7
compared,7
higher,7
pircas,7
highlands,7
landscape,7
factors,7
understand,7
monumental,7
dated,7
just,7
important,7
appear,7
nanchoc,7
appears,7
scale,7
lathrap,7
fish,7
isotope,7
directly,7
data,7
perú,7
indicators,7
contrast,7
around,7
influence,7
st,7
notes,7
haas,7
publishers,7
comparative,7
technology,7
transformations,7
sector,7
many,7
lack,7
daily,7
debates,7
pattern,7
anthropologist,7
perhaps,7
finucane,7
multidisciplinary,7
exploring,7
ö,7
processes,7
national,7
stahl,7
pacatnamu,7
drennan,7
garofalo,7
primarily,7
who,7
silverblatt,7
construction,7
material,7
comparison,7
earle,7
grains,7
foundation,7
past,7
proposed,7
augustine,7
form,7
extent,7
size,7
socioeconomic,7
zarrillo,7
level,7
variability,7
integration,7
households,7
little,7
plenum,7
valdez,7
machu,6
ayacucho,6
tarble,6
netherly,6
consistent,6
chenopodium,6
specifically,6
aldenderfer,6
burlington,6
available,6
highland,6
relations,6
within,6
key,6
iv,6
archaeobotany,6
rivas,6
zooarchaeology,6
variations,6
conkey,6
biogeography,6
squash,6
nash,6
sp,6
вс,6
creamer,6
developments,6
application,6
general,6
valleys,6
wineries,6
how,6
examined,6
possibly,6
pampa,6
lima,6
picchu,6
torata,6
casma,6
location,6
centers,6
out,6
demands,6
austin,6
commoners,6
initial,6
anderson,6
residential,6
moore,6
produced,6
dumbarton,6
because,6
hierarchies,6
literature,6
work,6
part,6
long,6
oaks,6
brewing,6
few,6
core,6
chimu,6
benz,6
provided,6
san,6
variety,6
barley,6
hayashida,6
decline,6
kluwer,6
under,6
processing,6
policies,6
botany,6
outlined,6
two,6
useful,6
toward,6
gade,6
incorporation,6
archaeobotanical,6
strategies,6
locations,6
skeletal,6
dominated,6
individual,6
especially,6
outside,6
interpretations,6
deagan,6
wernke,6
directions,6
contribution,6
here,6
established,6
over,6
leaders,6
boada,6
far,6
investigation,6
shady,6
larson,6
despite,6
beer,6
became,6
linguistics,6
varied,6
formation,6
fauna,6
include,6
texas,6
heartland,6
cuéllar,6
meals,6
chicago,6
manioc,6
sandweiss,6
focus,6
hypothesis,6
mostly,5
represent,5
janusek,5
group,5
marcus,5
western,5
pots,5
lower,5
valle,5
cobs,5
falabella,5
voss,5
denevan,5
quotidian,5
papers,5
system,5
westview,5
eastern,5
berryman,5
guayas,5
tribute,5
thus,5
co,5
chiripa,5
norte,5
salomon,5
main,5
malpass,5
certain,5
support,5
nor,5
producers,5
arqueología,5
document,5
resource,5
peninsula,5
instance,5
irrigation,5
columbia,5
markets,5
zooarchaeological,5
focused,5
hinterland,5
culinary,5
prompted,5
coica,5
realm,5
place,5
constitute,5
beginnings,5
reflect,5
wheat,5
presence,5
niches,5
kernels,5
activities,5
architecture,5
impacts,5
identified,5
overall,5
reconstruction,5
settings,5
overview,5
competition,5
historia,5
neither,5
management,5
addition,5
fact,5
instituto,5
discussed,5
quattrin,5
model,5
phytoliths,5
venezuela,5
origin,5
routledge,5
shifts,5
memoirs,5
lake,5
intensified,5
increase,5
mortuary,5
marcos,5
sees,5
low,5
points,5
habits,5
latter,5
conchopata,5
article,5
xvi,5
enjoyed,5
morris,5
sugar,5
consequences,5
continued,5
ecological,5
lines,5
class,5
detailed,5
began,5
transformation,5
area,5
matters,5
quilter,5
duncan,5
orinoco,5
any,5
growing,5
intensification,5
schoeninger,5
alternative,5
mantaro,5
berkeley,5
particularly,5
places,5
webster,5
institute,5
kuijt,5
buren,5
given,5
mangan,5
iriarte,5
using,5
our,5
until,5
illinois,5
move,5
observation,5
johnson,5
comparable,5
formulated,4
o,4
calgary,4
tropics,4
imported,4
resulted,4
item,4
kl,4
modern,4
siglos,4
occurred,4
princeton,4
first,4
sources,4
reconstructions,4
neolithic,4
ii,4
spencer,4
chili,4
assess,4
together,4
analyses,4
exotic,4
hunting,4
help,4
raised,4
documenting,4
bones,4
economics,4
consumers,4
horticultural,4
above,4
guitarrero,4
barinas,4
surplus,4
regarding,4
throughout,4
diets,4
quijos,4
campuzano,4
santa,4
brewery,4
pig,4
expected,4
serving,4
bone,4
chicherías,4
remain,4
incidence,4
caral,4
loma,4
scarry,4
special,4
cave,4
distant,4
burials,4
productive,4
gathering,4
ruhl,4
locally,4
duke,4
antropología,4
elevated,4
cotton,4
archeological,4
strategy,4
identifying,4
rule,4
behavioral,4
fishing,4
durham,4
cannot,4
colonies,4
kitchen,4
provincial,4
participation,4
basis,4
future,4
llano,4
nc,4
heavily,4
london,4
related,4
discussions,4
relevance,4
vessels,4
rise,4
calchaqui,4
whitehead,4
reported,4
acuto,4
critical,4
likely,4
demand,4
various,4
indeed,4
coleman,4
grande,4
capacity,4
make,4
innovation,4
selection,4
once,4
bermann,4
sex,4
continuity,4
infrastructure,4
supplied,4
complete,4
same,4
issues,4
indian,4
insights,4
ceramic,4
projects,4
cultivated,4
communal,4
chisholm,4
chiefdom,4
conclusions,4
took,4
lacoste,4
chungara,4
reflected,4
maya,4
studied,4
investigated,4
examples,4
range,4
native,4
including,4
significant,4
soconusco,4
examination,4
clear,4
exchange,4
intake,4
ethnohistory,4
differ,4
grain,4
investigations,4
abundance,4
she,4
staples,4
ideology,4
male,4
means,4
cementerio,4
unclear,4
united,4
fields,4
shift,4
beans,4
considered,4
nacional,4
mccafferty,4
nutritional,4
temporal,4
costin,4
scaramelli,4
dimension,4
erickson,4
scenario,4
eventually,4
ideological,4
rely,4
agricultura,4
cities,4
thompson,4
living,4
lending,4
spatial,4
ones,4
adaptation,4
yield,4
paleoecology,4
beck,4
nutrition,4
corn,4
administration,4
models,4
argument,4
seafood,4
observed,4
couture,4
cucurbita,4
stemper,4
madison,4
needs,4
potential,4
interaction,4
broader,4
fermented,4
signals,4
close,4
quaternary,4
tubers,4
gourd,4
problem,3
desirable,3
brumfiel,3
riobamba,3
fertile,3
tierra,3
now,3
alone,3
evans,3
per,3
kinds,3
ethnoarchaeological,3
lowlands,3
residence,3
bandurria,3
indicating,3
source,3
shimada,3
contact,3
modest,3
entailed,3
address,3
expectation,3
continue,3
timing,3
accumulated,3
producing,3
able,3
у,3
blackwell,3
paloma,3
llerén,3
somewhat,3
occasional,3
weaving,3
blanca,3
possible,3
marked,3
planella,3
activity,3
symbolic,3
interdisciplinary,3
atacama,3
x,3
very,3
mórrope,3
altitudes,3
intrasocietal,3
colonized,3
smalley,3
xauxa,3
universum,3
relationships,3
targeting,3
manihot,3
component,3
quality,3
incas,3
pay,3
topic,3
engendering,3
distinct,3
hispanic,3
ediciones,3
stalk,3
fig,3
response,3
left,3
rates,3
larsen,3
ugent,3
basic,3
una,3
supplement,3
matched,3
enabled,3
hendon,3
provinces,3
klarich,3
organized,3
elsewhere,3
impact,3
characterizations,3
argued,3
too,3
delgado,3
age,3
follow,3
universidad,3
zimmerer,3
decades,3
cut,3
trajectories,3
whereas,3
root,3
lowland,3
businesses,3
gil,3
luxury,3
making,3
base,3
evaluate,3
syncretism,3
varieties,3
desde,3
osmore,3
intensity,3
stalks,3
stackelbeck,3
capsicum,3
sedentism,3
memory,3
pigs,3
revealed,3
formerly,3
overviews,3
residents,3
horticulture,3
uneven,3
preferred,3
protein,3
odds,3
apparent,3
reconfiguration,3
cob,3
aztec,3
savannah,3
rituals,3
predominance,3
ethnicity,3
stern,3
challenging,3
attributed,3
amazonia,3
either,3
preceded,3
good,3
chimú,3
esculenta,3
sense,3
indicator,3
meggers,3
emerging,3
elson,3
autonomy,3
revealing,3
ancestors,3
villages,3
methodological,3
dedicated,3
lukurmata,3
taraco,3
hayden,3
diminished,3
input,3
kitchens,3
he,3
business,3
african,3
cannibalism,3
indication,3
female,3
capriles,3
lb,3
hold,3
va,3
scarcity,3
domesticates,3
ethnographic,3
wisconsin,3
joyce,3
noted,3
restrepo,3
outskirts,3
marker,3
turner,3
occupations,3
iberian,3
centered,3
match,3
grave,3
monumentality,3
contemporary,3
trancas,3
man,3
caracas,3
everyday,3
purposes,3
see,3
necessary,3
distance,3
degree,3
agustín,3
private,3
disease,3
upon,3
trajectory,3
enormous,3
previously,3
looking,3
europeans,3
covey,3
prevailed,3
largely,3
residues,3
emphasize,3
ethnic,3
neotropical,3
three,3
colombiano,3
stress,3
mengoni,3
started,3
peppers,3
earlier,3
preservation,3
mejia,3
mining,3
evolutionary,3
assessing,3
examine,3
effect,3
sacred,3
can,3
capitalism,3
present,3
relative,3
hague,3
examines,3
pedregal,3
bioarchaeology,3
regular,3
inside,3
hutchinson,3
slow,3
rethinking,3
ceremonialism,3
methods,3
dead,3
stratified,3
itself,3
mounds,3
phytolith,3
wanka,3
caprines,3
then,3
complexes,3
caribbean,3
bioarchaeological,3
rosenswig,3
equipment,3
vinton,3
colorado,3
paper,3
cultures,3
specialized,3
novel,3
sandefur,3
interested,3
seem,3
contextual,3
cifuentes,3
regard,3
report,3
arlington,3
siglo,3
examining,3
liters,3
boundaries,3
according,3
periphery,3
annual,3
alcohol,3
holocene,3
plata,3
entire,3
multiple,3
pits,3
conclude,3
osteoarchaeology,3
kellner,3
incorporated,3
families,3
maintained,3
aspect,3
prepared,3
years,3
difference,3
beverage,3
conditions,3
need,3
specialists,3
smaller,3
impacted,3
carbondale,3
roles,3
specific,3
supported,3
colonizers,3
km,3
dental,3
balée,3
bp,3
strong,3
building,3
southeastern,3
neme,2
cultigens,2
huertas,2
otavaleño,2
tokyo,2
intricate,2
moreno,2
interzonal,2
tavern,2
rate,2
paralleled,2
limits,2
roscoe,2
tres,2
fortaleza,2
market,2
administered,2
affected,2
episodes,2
profitability,2
yaeger,2
amplifying,2
missouri,2
sphere,2
oroncota,2
storehouses,2
residences,2
systematically,2
watercourses,2
haciendas,2
prime,2
stone,2
maíz,2
sold,2
vino,2
cushner,2
bias,2
former,2
factored,2
necessarily,2
intemediate,2
exceptions,2
interpretative,2
annals,2
cotsen,2
gap,2
transitions,2
ethnobotany,2
cuellar,2
problems,2
hence,2
revisited,2
avenues,2
jackson,2
creation,2
interests,2
exclusive,2
attempts,2
taken,2
nonfood,2
spalding,2
borchart,2
culturally,2
aspero,2
elusive,2
generated,2
utilization,2
outlining,2
rindos,2
seems,2
moundville,2
archaeologically,2
broken,2
azul,2
suggesting,2
straightforward,2
katzenberg,2
simple,2
stanish,2
swenson,2
kinsbruner,2
spaced,2
commensality,2
closer,2
molecular,2
entered,2
religion,2
expense,2
reproduction,2
nevertheless,2
rarm,2
pauketat,2
fresh,2
bebida,2
opposite,2
signs,2
keatinge,2
microbotanical,2
classic,2
anthropologists,2
alternatively,2
anthropozoologica,2
u,2
addresses,2
account,2
atalay,2
tracing,2
illustrate,2
galindo,2
adopting,2
solely,2
bibliography,2
say,2
except,2
schinus,2
falchetti,2
biodiversity,2
sweet,2
evaluating,2
corresponding,2
framework,2
charnel,2
goal,2
affiliation,2
relocation,2
economía,2
southwestern,2
against,2
chavin,2
prohibitions,2
mixed,2
adopted,2
gendered,2
zevallos,2
price,2
tied,2
conrad,2
interprets,2
big,2
estimates,2
rank,2
tam,2
old,2
ct,2
clark,2
concerning,2
body,2
served,2
cohen,2
genetics,2
compare,2
networks,2
profit,2
explore,2
tucson,2
uú,2
metates,2
kidder,2
piazzini,2
leadership,2
commensal,2
ortloff,2
mcewan,2
failed,2
assessed,2
poor,2
pacific,2
macroremains,2
caillavet,2
retainers,2
cuisine,2
identification,2
operations,2
bonavia,2
rather,2
his,2
septentrionales,2
otavalo,2
población,2
compatible,2
kurakas,2
financing,2
levels,2
sexual,2
tung,2
neighborhood,2
parts,2
ceramics,2
scales,2
selected,2
augmented,2
marginal,2
enlisted,2
terrell,2
archila,2
day,2
nitrogen,2
benefits,2
intensive,2
demanded,2
russell,2
articulated,2
oberem,2
upper,2
solid,2
verano,2
show,2
jars,2
textile,2
albuquerque,2
azapa,2
schwarz,2
followed,2
modeled,2
desert,2
permanent,2
theory,2
counihan,2
preference,2
suggested,2
conquest,2
closely,2
archival,2
cauca,2
klaus,2
concentration,2
hatun,2
declined,2
escalation,2
hands,2
neotropics,2
effort,2
sedentary,2
events,2
mesoamerican,2
locales,2
possibility,2
condiciones,2
engel,2
difficult,2
equally,2
equal,2
buried,2
cuts,2
goody,2
indirect,2
province,2
dispersal,2
fulfill,2
record,2
stews,2
required,2
facilities,2
find,2
comida,2
wide,2
graubart,2
mummies,2
formulate,2
gained,2
degrees,2
rivera,2
schreiber,2
arrowroot,2
goñalons,2
claim,2
reader,2
coutts,2
knowledge,2
tombs,2
tenure,2
revista,2
popper,2
predominantly,2
gave,2
island,2
northwest,2
meet,2
inferences,2
welch,2
ethnohistoric,2
floors,2
formations,2
employed,2
systematic,2
connections,2
nj,2
manifestation,2
subtle,2
published,2
adaptive,2
presented,2
pottery,2
below,2
alcoholic,2
emphasizes,2
lords,2
family,2
llama,2
ecuatoriana,2
bottle,2
kennett,2
gondard,2
soils,2
paucartambo,2
fully,2
articulation,2
scott,2
progress,2
venezuelan,2
paid,2
estates,2
suramérica,2
sampeck,2
value,2
finds,2
beverages,2
deer,2
massive,2
intermarriage,2
seemed,2
landholdings,2
barbara,2
chronological,2
will,2
revolved,2
symbolism,2
republican,2
questioned,2
approximate,2
steady,2
territorial,2
action,2
short,2
fruit,2
exception,2
thrive,2
allen,2
still,2
garden,2
targeted,2
hearths,2
structural,2
illuminating,2
chenopods,2
ubiquity,2
layouts,2
depicted,2
cuenca,2
elaboration,2
interpretation,2
reference,2
americans,2
vs,2
nonlocal,2
suited,2
represents,2
array,2
morgan,2
pre,2
restricted,2
favorable,2
commoner,2
light,2
amazon,2
formalized,2
largest,2
industrial,2
unusually,2
bar,2
frameworks,2
skeletons,2
investigating,2
knapp,2
fill,2
volume,2
mound,2
complejas,2
challenge,2
others,2
macroremain,2
acllakuna,2
mintz,2
liquors,2
nazca,2
analytical,2
calathea,2
towards,2
treatment,2
aires,2
appeared,2
lethbridge,2
predominated,2
presente,2
away,2
fashion,2
reasons,2
tribbett,2
rhythms,2
enough,2
hand,2
sanhueza,2
manos,2
realms,2
relevant,2
archaeopress,2
maranta,2
michael,2
pease,2
colony,2
focusing,2
binford,2
impoverished,2
assemblage,2
manifested,2
winterhaider,2
outlines,2
очтоге,2
remained,2
another,2
scardaville,2
waynuna,2
elevations,2
keros,2
reed,2
considering,2
made,2
values,2
contours,2
manifestations,2
asentamiento,2
thriving,2
trend,2
periodo,2
fruits,2
evolving,2
veen,2
whitmore,2
cultura,2
open,2
loosely,2
murra,2
cumbaa,2
kicza,2
bauer,2
held,2
divisions,2
chillón,2
noncoercive,2
spread,2
grinding,2
vida,2
mouton,2
gavilanes,2
administrative,2
hacienda,2
proximity,2
last,2
contributions,2
arundinacea,2
valued,2
parallel,2
arqueológica,2
often,2
become,2
borderlands,2
geographers,2
í,2
chinchorro,2
accordingly,2
keith,2
january,2
probably,2
white,2
henderson,2
potato,2
occupied,2
tendency,2
davies,2
evaluated,2
ambrose,2
species,2
decreased,2
separate,2
increasing,2
depth,2
undifferentiated,2
relying,2
imply,2
norr,2
today,2
note,2
window,2
sometimes,2
ingredients,2
santiago,2
vertical,2
discard,2
racial,2
becomes,2
lost,2
yale,2
consolidation,2
linking,2
fall,2
frontier,2
respect,2
types,2
instances,2
caries,2
canada,2
martín,2
chen,2
southwest,2
addressed,2
detail,2
vid,2
differentiated,2
achira,2
rarely,2
buena,2
series,2
mentioned,2
peoples,2
must,2
athens,2
extensive,2
continues,2
implied,2
ventanas,2
physical,2
palace,2
rite,2
text,2
caciques,2
chewing,2
each,2
cemetery,2
extraction,2
historians,2
innovations,2
best,2
down,2
bonzani,2
landázuri,2
iii,2
contradictory,2
plazas,2
number,2
generalized,2
meager,2
richardson,2
type,2
advances,2
concrete,2
turned,2
wilson,2
elena,2
beginning,2
stimulants,2
chatfield,2
delineated,2
eling,2
nemser,2
notable,2
combined,2
rose,2
cooking,2
accounts,2
supports,2
pertinent,2
noticeable,2
huari,2
cahokia,2
irrelevant,2
lippi,2
shore,2
newson,2
studying,2
explored,2
andres,2
escobar,2
frezier,2
morales,2
venado,2
vista,2
researchers,2
porridge,2
andrea,2
brewers,2
alternatives,2
centro,2
puerto,2
dining,2
rigid,2
territory,2
contribute,2
entrepreneurs,2
arguments,2
paucity,2
terminal,2
civilización,2
commercial,2
leoni,2
peanut,2
tarapaya,2
frame,2
morphological,2
sociedades,2
contributed,2
gross,2
scalar,2
involving,2
rival,2
attributes,2
already,2
you,2
xviii,2
prospect,2
magdalena,2
tomczak,2
roughly,2
rademaker,2
agropastoral,2
carbon,2
pioneering,2
removed,2
assumed,2
semisedentary,2
supply,2
cook,2
cuzcotuyo,2
damp,2
deposition,2
substantial,2
develop,2
traditional,2
complementarity,2
glowacki,2
famous,2
alberta,2
editorial,2
glorified,2
г,2
race,2
wilk,2
arizona,2
deeper,2
tisdale,1
final,1
atencio,1
cohesiveness,1
forested,1
fčalchaqui,1
smoke,1
undergraduate,1
availability,1
gilbert,1
columbian,1
processed,1
andesy,1
chico,1
obligations,1
chichera,1
convergence,1
edge,1
horizontal,1
estimated,1
concerned,1
semiproletarianized,1
indicated,1
meaning,1
brujo,1
altamira,1
groups,1
copas,1
integrating,1
scholar,1
hubs,1
louis,1
portion,1
ready,1
económico,1
encouraged,1
separated,1
culminated,1
extreme,1
consume,1
expedition,1
heights,1
yaguachi,1
п,1
nororiente,1
mendoza,1
durante,1
poorer,1
considerably,1
monopolize,1
stroll,1
condarco,1
berlin,1
unevenly,1
legitimization,1
bottomup,1
expect,1
flavors,1
vivos,1
becoming,1
enlightening,1
inconsequential,1
replaced,1
partially,1
touched,1
factories,1
alte,1
agency,1
myth,1
fed,1
identify,1
tend,1
designed,1
ruiz,1
cocina,1
neighborhoods,1
cherished,1
jakaitis,1
authority,1
asserted,1
paleoecologists,1
constitutes,1
rchaeology,1
sabana,1
loomed,1
fortunate,1
unraveling,1
pastos,1
arquebotdnica,1
sabotaging,1
hidráulico,1
favor,1
park,1
satisfied,1
notwithstanding,1
cement,1
grupe,1
clifford,1
considerations,1
reasonably,1
tempered,1
trace,1
endured,1
reduced,1
position,1
preinca,1
explanatory,1
virtually,1
driven,1
unlike,1
museo,1
tecnológica,1
amply,1
osteopathology,1
manure,1
freeman,1
indias,1
assisted,1
onset,1
granule,1
zenú,1
induced,1
plantations,1
contested,1
migration,1
foragers,1
inverse,1
chaupicruz,1
offering,1
muertos,1
character,1
landowners,1
encomienda,1
caña,1
credence,1
themes,1
cutting,1
experience,1
fluctuations,1
gossypium,1
classen,1
buikstra,1
file,1
bono,1
accumulation,1
said,1
highlighted,1
pequeña,1
gigartina,1
fundación,1
alharradas,1
manchan,1
emshwiller,1
ьц,1
certainly,1
chaparrí,1
pulque,1
witches,1
controlled,1
repertoire,1
statecraft,1
planting,1
blissful,1
ears,1
gourds,1
deriving,1
habitus,1
lomas,1
housewives,1
emerged,1
invertebrates,1
advanced,1
active,1
departure,1
asia,1
quivira,1
puebla,1
лл,1
georgia,1
layout,1
company,1
possibilities,1
comparatively,1
reach,1
shaped,1
principles,1
perjod,1
capitalist,1
recipes,1
devolved,1
pragmatic,1
leading,1
paramount,1
secondary,1
broadly,1
ingenierias,1
accompanied,1
cummings,1
degeneralizing,1
poverty,1
display,1
feminism,1
thank,1
gradual,1
farmers,1
potentially,1
pinto,1
berman,1
macroscale,1
ihatun,1
accommodated,1
government,1
rosenfeld,1
link,1
quintessential,1
cosmopolitan,1
mississippi,1
composition,1
lema,1
characterizing,1
cabildantes,1
cohesion,1
anyway,1
products,1
ethnohotanical,1
prevail,1
estrada,1
subsequent,1
coffee,1
developmental,1
xx,1
ancestry,1
intercepted,1
roasting,1
nicotiana,1
persistence,1
improved,1
nimrods,1
horses,1
loose,1
skull,1
imprinted,1
intromission,1
routines,1
aríbalos,1
mestizaje,1
fritz,1
coordinated,1
profitable,1
erythroxylon,1
dd,1
lorandi,1
vásquez,1
designs,1
vitivinícolas,1
elevation,1
similarities,1
portable,1
side,1
sucre,1
fossils,1
eradicate,1
underwent,1
introductions,1
ovalle,1
usos,1
underwrite,1
harris,1
civilizations,1
resembles,1
linear,1
identities,1
jama,1
gaps,1
autonomous,1
stretched,1
albeit,1
formulation,1
bird,1
apt,1
primary,1
bases,1
editora,1
demography,1
discuss,1
originates,1
inga,1
design,1
figs,1
tendencias,1
gardens,1
vol,1
amplification,1
quantities,1
placement,1
midelevation,1
hallofmaat,1
habituated,1
mangling,1
miniature,1
capable,1
origen,1
ochoa,1
curacazgos,1
planters,1
nà,1
condition,1
geared,1
burning,1
characterize,1
drive,1
contemporaneous,1
establishing,1
feinman,1
ocupacioh,1
alter,1
rooms,1
infer,1
taxation,1
run,1
arenas,1
moving,1
prevails,1
hair,1
hemisphere,1
irrigated,1
apart,1
reflecting,1
cosmological,1
exchanges,1
owners,1
grandiose,1
uncertain,1
quantity,1
sociocultural,1
experiencing,1
manejo,1
hispánicas,1
genetic,1
vteonchopàtâ,1
biblioteca,1
estado,1
facto,1
awaits,1
agurto,1
temporales,1
zone,1
nonagrarian,1
feldman,1
plenty,1
prevented,1
vanderwarker,1
donovan,1
collection,1
cooccurred,1
leblanc,1
iltis,1
interestingly,1
exposed,1
exist,1
relies,1
piedmont,1
conflict,1
comprehensive,1
ranere,1
wirth,1
masuda,1
accessible,1
matos,1
systemic,1
denying,1
willow,1
publication,1
scarborough,1
collapse,1
domesticating,1
cemeteries,1
language,1
angles,1
liquids,1
madrid,1
explained,1
husbandry,1
facts,1
brought,1
reject,1
accounted,1
illustrates,1
due,1
bernai,1
attesting,1
congreso,1
magic,1
audiencia,1
numhauser,1
reconstituting,1
sommer,1
interest,1
brews,1
relatively,1
ease,1
cortés,1
amounts,1
isa,1
prehistoria,1
excavations,1
leaf,1
participating,1
palto,1
overt,1
employing,1
walnut,1
regionalscale,1
hather,1
latinis,1
spans,1
forced,1
historicities,1
rick,1
ossuaries,1
turn,1
breweries,1
nelson,1
armelagos,1
intracommunity,1
drainage,1
elements,1
immigrants,1
stored,1
evident,1
canal,1
paleodiet,1
pablo,1
simpson,1
grape,1
xauütv,1
amount,1
back,1
subjects,1
fuquene,1
ear,1
slave,1
contributes,1
difficulty,1
inclusion,1
hypoplasia,1
races,1
gauge,1
suitable,1
attests,1
kingston,1
engineering,1
monopolization,1
inadequately,1
publications,1
rhythm,1
fowler,1
groleau,1
facet,1
nondomestic,1
outset,1
drawn,1
plos,1
corpus,1
indexing,1
look,1
ecologies,1
viticulture,1
ecosystems,1
industries,1
tecnología,1
tentatively,1
apparently,1
раглр,1
tardíocara,1
macrobut,1
traditions,1
robin,1
adult,1
hardly,1
casella,1
guayaquil,1
competitive,1
evenly,1
arqueológicas,1
gillespie,1
contributing,1
incidental,1
contexto,1
bottlenecks,1
let,1
mechanism,1
cayajnbe,1
crossroads,1
costa,1
alabama,1
phases,1
posited,1
bimodal,1
hydraulic,1
media,1
caso,1
online,1
via,1
interesting,1
go,1
acculturation,1
philadelphia,1
berlo,1
town,1
whose,1
ka,1
espacio,1
réévaluation,1
without,1
reconfigured,1
predicted,1
michigan,1
dickau,1
patron,1
skilled,1
variable,1
negatively,1
aimed,1
absent,1
impetus,1
huánuco,1
generations,1
nepeña,1
love,1
tigra,1
influential,1
testaments,1
teoria,1
sizable,1
var,1
camargo,1
centralization,1
cremation,1
presentation,1
holistic,1
santoro,1
represented,1
analyzes,1
afforded,1
dealt,1
soacha,1
ecuadorean,1
kusimba,1
tabacum,1
rojas,1
heard,1
proportion,1
associate,1
buenos,1
ponder,1
amazonian,1
se,1
homogenization,1
costs,1
derived,1
fat,1
galinat,1
ongoing,1
jackbean,1
monuments,1
antiguas,1
ix,1
disintegration,1
disarticulated,1
references,1
signatures,1
colombianos,1
thereof,1
creek,1
illustrations,1
resettlement,1
reicheldolmatoff,1
reassess,1
retail,1
paradigms,1
imperialist,1
mastication,1
update,1
translocations,1
supplements,1
ethnohistoria,1
vera,1
reason,1
cav,1
involvement,1
lambert,1
mora,1
settled,1
acquisition,1
dwyer,1
gardella,1
vastly,1
klumpp,1
marks,1
cause,1
stepwise,1
tensions,1
flows,1
skeleton,1
maiden,1
dichotomy,1
cultivators,1
consejo,1
river,1
encourages,1
participación,1
familiar,1
image,1
specialization,1
litis,1
archaeobios,1
intertwined,1
cannibalistic,1
slowly,1
wilbert,1
presumably,1
fisheries,1
domic,1
section,1
moderately,1
ì,1
anderhilt,1
numbers,1
dominate,1
huambacho,1
invariably,1
reconstituted,1
sheer,1
northeastern,1
omo,1
frequently,1
cerda,1
reviewed,1
iberoamericana,1
accumulating,1
mucking,1
periodically,1
benefited,1
advancing,1
four,1
andeanists,1
woodlands,1
conquered,1
foothill,1
acknowledges,1
diehl,1
aribalo,1
incipiently,1
kotosh,1
additional,1
powerful,1
mujeres,1
determinism,1
indications,1
apor,1
ecuatoriano,1
vineyards,1
imprinting,1
pacay,1
superior,1
evolutivo,1
signaling,1
о,1
footprints,1
exploitation,1
reconsideration,1
engage,1
mounding,1
shifted,1
explain,1
dominant,1
mo,1
contrary,1
opinion,1
providing,1
salient,1
strengthen,1
oversized,1
taverns,1
eludes,1
dependency,1
perceive,1
deham,1
nebraska,1
assessments,1
plantas,1
challenges,1
honduras,1
alberti,1
opening,1
expressed,1
arrived,1
result,1
hargrave,1
suba,1
vinos,1
whom,1
laid,1
krueger,1
senri,1
agenda,1
lópez,1
avenue,1
aconçagua,1
postconquest,1
martinez,1
downstream,1
fortunes,1
moon,1
begun,1
called,1
traditionally,1
savagery,1
typical,1
hagstrum,1
midden,1
discrete,1
leyva,1
relating,1
lived,1
changed,1
output,1
arriaza,1
estudios,1
barca,1
expression,1
relate,1
pino,1
taphonomy,1
imbecilidad,1
near,1
ingafeuillei,1
pulperas,1
uyuni,1
subsections,1
nail,1
almost,1
shapes,1
spinning,1
albany,1
surprising,1
term,1
circulation,1
watson,1
mammals,1
outnumbered,1
afternoon,1
tovías,1
ann,1
investigaciones,1
traced,1
pointing,1
understood,1
fishermen,1
daule,1
nobles,1
displayed,1
block,1
prehispánico,1
reviews,1
chicama,1
keywords,1
дч,1
tools,1
пша,1
suffered,1
biases,1
applied,1
farrington,1
excellent,1
bellaterra,1
industria,1
appearing,1
otherwise,1
wealth,1
cui,1
xvii,1
ford,1
anthology,1
pollen,1
tension,1
procedures,1
holguin,1
banco,1
guarantee,1
pleistocene,1
instrumental,1
soldi,1
jerarquías,1
tracking,1
sacrifice,1
highest,1
switch,1
symbolically,1
wallner,1
sparse,1
lorna,1
receive,1
poaceae,1
unequivocally,1
feminine,1
teaford,1
shape,1
cooke,1
taxes,1
none,1
having,1
storage,1
unequal,1
network,1
schultz,1
line,1
kelly,1
artifacts,1
gebauer,1
intense,1
sagrada,1
organize,1
reclamation,1
reinhard,1
andrus,1
tupakka,1
langlie,1
framed,1
simplification,1
striking,1
advancement,1
lr,1
divides,1
discusses,1
doyon,1
mirada,1
cota,1
piscos,1
females,1
reduction,1
waranq,1
actors,1
furrows,1
patterning,1
equivalent,1
antropologia,1
adaptations,1
excessive,1
patologías,1
caching,1
incremental,1
booming,1
loss,1
whole,1
year,1
continuation,1
sta,1
describe,1
consistently,1
consuming,1
older,1
domestically,1
overtly,1
jai,1
demonstrates,1
partly,1
дгху,1
collective,1
contains,1
warranted,1
concentrate,1
survey,1
lanham,1
opuntia,1
funerarias,1
salazar,1
rivaled,1
microor,1
ids,1
cone,1
ciencia,1
occidente,1
couple,1
missions,1
politécnica,1
arrangements,1
interpreted,1
fabulous,1
ley,1
conform,1
own,1
polity,1
barbadense,1
markedly,1
contradictions,1
healing,1
presumption,1
cults,1
usually,1
boston,1
dna,1
uniqueness,1
tool,1
abuse,1
www,1
diversion,1
legacy,1
interregional,1
multilinear,1
correct,1
caused,1
describing,1
sharper,1
wi,1
vattev,1
cold,1
php,1
livelihoods,1
buildings,1
aguardiente,1
trading,1
investigación,1
politically,1
vibrant,1
influences,1
le,1
http,1
imposition,1
atac,1
sharp,1
quite,1
chacmool,1
involved,1
fermentable,1
prized,1
affluent,1
kinswomen,1
whitten,1
allelic,1
soil,1
amounted,1
consensus,1
driving,1
claims,1
gastineau,1
exemplifies,1
wider,1
highly,1
bridge,1
roddick,1
significantly,1
knitting,1
industry,1
stones,1
acts,1
oro,1
compromise,1
observe,1
tea,1
essentially,1
ancestral,1
alluvial,1
concluded,1
waveland,1
occupants,1
brown,1
managed,1
triticum,1
crux,1
phaseolus,1
up,1
seed,1
pushed,1
method,1
necessity,1
cattle,1
autosuficiente,1
productivity,1
chavín,1
rodríguez,1
gravitated,1
results,1
concerted,1
describes,1
interchange,1
resignification,1
arbor,1
environmentally,1
cycle,1
structured,1
canuto,1
appropriate,1
patrones,1
antologia,1
preliminary,1
displaced,1
flour,1
pot,1
pristino,1
valuable,1
sporadic,1
rinaldi,1
lipez,1
grasp,1
geographical,1
breakthroughs,1
pope,1
commodification,1
inquisitions,1
peres,1
hosts,1
converge,1
therefore,1
tasks,1
highlights,1
led,1
lincoln,1
lyon,1
units,1
situation,1
delineating,1
bourbon,1
chains,1
hegemony,1
conforming,1
civilized,1
matter,1
vanderbilt,1
chancay,1
functioning,1
noble,1
steadily,1
domination,1
cellinese,1
scientific,1
bred,1
femenina,1
energetics,1
drained,1
separation,1
synthesis,1
positions,1
located,1
haven,1
surprisingly,1
intrusions,1
techniques,1
diego,1
play,1
notoriously,1
legumes,1
theorizing,1
nearly,1
calderari,1
chu,1
brings,1
reproducing,1
suburban,1
vulgare,1
tropical,1
strains,1
narrowing,1
sid,1
attempt,1
converted,1
reaffirm,1
pointed,1
cucurbitaceae,1
panregional,1
illustrating,1
expanded,1
zoological,1
landed,1
comments,1
standing,1
copan,1
modes,1
andina,1
desarrollo,1
com,1
verticality,1
intensiva,1
para,1
percentage,1
stehberg,1
guide,1
retrieved,1
timeconsuming,1
outlets,1
sweeping,1
mantara,1
bridged,1
advent,1
incipient,1
meanwhile,1
seaweed,1
tremendous,1
makes,1
sausa,1
fermentation,1
requiring,1
logistically,1
happened,1
me,1
acknowledgments,1
serve,1
soon,1
hegemonic,1
precolumbian,1
coevolution,1
traves,1
mobile,1
water,1
combat,1
official,1
selective,1
us,1
recruited,1
koch,1
dominates,1
demographic,1
compiled,1
reflects,1
tn,1
nielsen,1
home,1
modestly,1
ci,1
partake,1
pasado,1
keeping,1
cátedra,1
performed,1
efforts,1
nacionales,1
speaks,1
puena,1
acknowledging,1
veritable,1
belonging,1
climatic,1
pisco,1
boiling,1
prehispanica,1
lined,1
increasingly,1
lingering,1
predominate,1
perceived,1
precolombino,1
zeder,1
inheritance,1
functioned,1
enterprises,1
shows,1
tumbas,1
yugo,1
muy,1
hipótesis,1
culturales,1
continent,1
preeminence,1
simulation,1
members,1
intermittently,1
oral,1
camel,1
funerary,1
goals,1
name,1
tour,1
splendidly,1
twiss,1
displacement,1
paul,1
ramírez,1
participated,1
decoration,1
ч,1
coraje,1
mark,1
seasonality,1
orígenes,1
lennstrom,1
vilcanota,1
brandy,1
similarly,1
put,1
decorative,1
chiriguanos,1
unenforceable,1
chungará,1
wetlands,1
added,1
iones,1
lime,1
performance,1
tradition,1
herbert,1
lacked,1
unifying,1
gruel,1
consideration,1
consumo,1
fundamental,1
storing,1
foodstuffs,1
underestimated,1
occurrence,1
gosden,1
relates,1
pressure,1
panacea,1
advantage,1
steckel,1
agree,1
documents,1
abstract,1
attempting,1
choice,1
reak,1
becker,1
zaña,1
criollo,1
complementing,1
scudder,1
huaura,1
figurines,1
debated,1
substantially,1
indigenized,1
aconcagua,1
identical,1
lampay,1
considerable,1
pennsylvania,1
noticias,1
habit,1
vt,1
bettcher,1
isótopos,1
evacuating,1
cayman,1
expropriation,1
paleobotanical,1
virrey,1
sweat,1
fledged,1
esterik,1
likelihood,1
procesos,1
exclusion,1
turpin,1
chain,1
increases,1
posit,1
glew,1
threads,1
considers,1
tortillas,1
il,1
demarrais,1
reform,1
understandings,1
canna,1
sjnú,1
formativo,1
establish,1
apply,1
norwegian,1
answer,1
tell,1
arqueologia,1
sw,1
leveling,1
paired,1
mundo,1
tandeter,1
woman,1
innovación,1
teeth,1
reconstructing,1
insufficient,1
logan,1
ulijaszek,1
frequency,1
tails,1
controversy,1
redmond,1
ink,1
style,1
appetites,1
weakly,1
gives,1
conceivably,1
karathanasis,1
explicitly,1
collagua,1
capture,1
thoroughly,1
ethnobotanical,1
oka,1
tuber,1
misused,1
interpreting,1
smallscale,1
disappearance,1
backbone,1
buckler,1
analyzed,1
crystals,1
argentino,1
kernel,1
meaningful,1
investment,1
discussion,1
mounded,1
rulers,1
father,1
producción,1
indiana,1
atlantic,1
chiefly,1
accompanying,1
mayores,1
chronologies,1
true,1
slaves,1
average,1
sides,1
huaricanga,1
formal,1
hillside,1
teosinte,1
contemplate,1
collections,1
memorias,1
conceivable,1
realities,1
deserts,1
canals,1
ruling,1
giovannetti,1
tenets,1
mummified,1
varying,1
batch,1
built,1
fuzco,1
microverticalidad,1
east,1
downplayed,1
brewer,1
pimampiro,1
persisted,1
umire,1
operated,1
assumption,1
biology,1
antropologica,1
carbohydrates,1
factor,1
causes,1
mules,1
complutense,1
resulting,1
harvard,1
rare,1
kingdom,1
cooked,1
marshaled,1
stay,1
redistributive,1
mathewson,1
chosen,1
ceremonies,1
pulquerías,1
chicoine,1
bodegas,1
capparelli,1
theories,1
dating,1
theoretical,1
continuities,1
surrounded,1
described,1
negotiating,1
ties,1
с,1
krigbaum,1
haws,1
subsistencia,1
reassessing,1
desencuentros,1
enlargement,1
historic,1
surgimiento,1
authors,1
tissues,1
camell,1
peripheral,1
urbanism,1
agreement,1
revolve,1
sun,1
urge,1
uniandes,1
ideals,1
menlo,1
honduran,1
symposium,1
controversies,1
plains,1
nonurban,1
characterized,1
reviewers,1
fiesta,1
prodigious,1
function,1
vintage,1
ofrendas,1
atíbalos,1
features,1
darby,1
miscelánea,1
serves,1
distinction,1
obtained,1
paths,1
hypogaea,1
mochica,1
running,1
attributing,1
levantine,1
provides,1
thomas,1
gardening,1
shelled,1
jesuit,1
creole,1
artificial,1
barut,1
strongly,1
random,1
leng,1
internal,1
escuela,1
commerce,1
anemia,1
corporación,1
insists,1
empowered,1
editors,1
craft,1
overcome,1
topics,1
exactly,1
garcia,1
incompatible,1
vitivinícola,1
sobre,1
masculine,1
hierarchical,1
diamond,1
huarochiri,1
nasca,1
mudar,1
sanctioning,1
directs,1
residue,1
erlandson,1
dominance,1
accretional,1
retos,1
astonishing,1
parameters,1
attracted,1
trendy,1
macmillan,1
forefront,1
pääbo,1
herding,1
boletín,1
insignificant,1
eating,1
ago,1
loffler,1
propose,1
behaviour,1
pastor,1
corcione,1
caste,1
zl,1
division,1
applies,1
waranqa,1
rarity,1
etnobotanica,1
pohl,1
dogs,1
machalilla,1
holst,1
microand,1
extractive,1
arriving,1
vaughn,1
lo,1
aid,1
ruff,1
backward,1
dual,1
poblamiento,1
coupled,1
ciudad,1
antiguo,1
richest,1
mercado,1
independent,1
provide,1
mixture,1
movements,1
bulk,1
figure,1
abounded,1
politis,1
polos,1
colombian,1
naturally,1
élite,1
suggestive,1
peopling,1
chicken,1
unwarranted,1
piscators,1
globe,1
miller,1
goepfert,1
exacerbated,1
tibanica,1
crypt,1
reallocation,1
pazmiño,1
ordinary,1
hispánicos,1
institutions,1
referred,1
mood,1
ritualized,1
señores,1
un,1
transformed,1
programme,1
anthropogenic,1
seventeenth,1
luu,1
descent,1
embodying,1
millennia,1
ast,1
scarr,1
overlap,1
threaten,1
arrays,1
hastorr,1
inadequate,1
contents,1
category,1
length,1
frames,1
peasant,1
dynamism,1
spanning,1
rio,1
detects,1
volumes,1
why,1
owned,1
plural,1
responsible,1
expectations,1
precontact,1
interconnected,1
cpw,1
enamel,1
peripheries,1
comercio,1
supporting,1
mother,1
davis,1
centuries,1
canavalia,1
atmosphere,1
aboriginal,1
uleth,1
grounded,1
face,1
parkin,1
articles,1
sweetness,1
combines,1
edulis,1
problematic,1
exchanged,1
calo,1
pepper,1
middens,1
anacardiaceae,1
huaricoto,1
sara,1
ponga,1
isaac,1
meal,1
echoes,1
burned,1
acquired,1
forest,1
environment,1
contemplated,1
share,1
authorities,1
magnitude,1
resonates,1
heavy,1
aspillaga,1
thinking,1
discusiones,1
reliant,1
historian,1
growers,1
estanislao,1
dispersed,1
benfer,1
grounds,1
disciplinary,1
doebley,1
comes,1
conclusion,1
dishes,1
analogues,1
colonists,1
homogeneity,1
incacentric,1
enviable,1
consider,1
orlando,1
monasteries,1
distributional,1
demonstrate,1
believed,1
geographic,1
enfermedades,1
indígenas,1
profits,1
pastoralismo,1
suroccidente,1
lumbreras,1
barbarism,1
slope,1
publically,1
pluckers,1
sustento,1
dr,1
bronze,1
favors,1
friends,1
proposes,1
trapped,1
chamissoi,1
narrowly,1
md,1
griffin,1
doi,1
opposites,1
coopting,1
dispossession,1
palka,1
organizational,1
sustained,1
set,1
coloniales,1
uruguay,1
quickly,1
mille,1
dualism,1
aristizabal,1
natural,1
evokes,1
mutually,1
rumold,1
sociales,1
principle,1
proletarianized,1
introducing,1
tendencies,1
evolved,1
ß,1
putuni,1
working,1
дд,1
museum,1
cm,1
juice,1
perii,1
litoral,1
tomb,1
ancestor,1
rúales,1
worth,1
suggestions,1
inclined,1
global,1
ortiz,1
américa,1
connection,1
serulnikov,1
exigencies,1
oranges,1
nutritious,1
capital,1
bridgman,1
ubiquitous,1
equivocal,1
ipomoea,1
barcelona,1
entrenched,1
vcity,1
supe,1
berry,1
glavich,1
universal,1
inquiry,1
feed,1
ntemediate,1
clearly,1
privileged,1
researches,1
written,1
impinges,1
formación,1
huamanga,1
schevill,1
andeanist,1
ikehara,1
distinctive,1
inventario,1
closest,1
climate,1
lukunnata,1
ramos,1
çatalhôyûk,1
works,1
miranda,1
sinu,1
monographs,1
ideologies,1
spike,1
trademark,1
diversified,1
surpluses,1
virtual,1
peanuts,1
bajo,1
desplazamiento,1
vrydaghs,1
carefully,1
microremains,1
worthwhile,1
typologies,1
tubarci,1
lane,1
lopinot,1
antropológica,1
add,1
conlee,1
maintain,1
charged,1
hordeum,1
seasonal,1
palatable,1
ethnological,1
welldocumented,1
ceased,1
novelty,1
ц,1
unnecessary,1
consisting,1
always,1
utilitarian,1
delicious,1
prerogatives,1
prestige,1
junk,1
glorification,1
require,1
divide,1
yanacona,1
hypothesize,1
cloth,1
lynch,1
property,1
influenced,1
precedent,1
observations,1
scenarios,1
phenomena,1
manabi,1
transgression,1
divorcing,1
osteopathologies,1
underinvestigated,1
categories,1
universe,1
exclusively,1
avanzados,1
mendelian,1
conference,1
prior,1
quesne,1
aribalos,1
mejía,1
outline,1
ritually,1
alterations,1
occasionally,1
imparted,1
ownership,1
lagenaria,1
presumed,1
elias,1
recognition,1
ruled,1
peace,1
collier,1
uniform,1
decisive,1
farmland,1
elucidate,1
predictably,1
intricacy,1
degeneration,1
unaffected,1
fl,1
commonly,1
subject,1
lies,1
cash,1
curacas,1
went,1
adapted,1
exceeded,1
silva,1
vast,1
spinden,1
target,1
entry,1
obtain,1
nashville,1
adoptions,1
curet,1
proper,1
indebted,1
equipped,1
unitary,1
disrupted,1
deities,1
evidenced,1
associating,1
fine,1
gain,1
antrobus,1
recovered,1
slight,1
rosaldo,1
intervalley,1
denham,1
ethnology,1
contrasts,1
sale,1
subsumed,1
llanos,1
analogy,1
come,1
named,1
rrent,1
andino,1
berghahn,1
cuadernos,1
devoted,1
moderate,1
sediments,1
arachis,1
sistemas,1
inclusiveness,1
unable,1
priorities,1
background,1
crucible,1
reveals,1
leveled,1
frontiers,1
brett,1
lands,1
surface,1
opportunities,1
herds,1
opens,1
disembedded,1
ethnobioloey,1
stratification,1
hart,1
prickly,1
mendieta,1
mode,1
lambayeque,1
mediterránea,1
parallels,1
documentation,1
grown,1
typically,1
knudson,1
integrated,1
cooper,1
hispaniola,1
green,1
sticky,1
sur,1
kala,1
homeotic,1
nonelite,1
glass,1
modules,1
centrality,1
settling,1
batatas,1
defined,1
estables,1
plentiful,1
bicho,1
tobacco,1
diaspora,1
shells,1
salience,1
susa,1
ogburn,1
trekking,1
anthropologic,1
quartz,1
speak,1
grapevine,1
ranged,1
summary,1
surge,1
maintaining,1
organización,1
buenost,1
mobilized,1
ramirez,1
territories,1
pear,1
vessel,1
emerenciana,1
д,1
espaciales,1
haines,1
requires,1
spilled,1
klein,1
clarify,1
montaña,1
themselves,1
levant,1
denser,1
pumapunku,1
smooth,1
aggrandizers,1
consisted,1
greenwich,1
deposits,1
cahill,1
lluta,1
predictable,1
element,1
mix,1
quon,1
república,1
bradley,1
enhanced,1
avoid,1
retrospect,1
zones,1
unequivocal,1
etnias,1
laborers,1
ayllu,1
proceso,1
operational,1
fermentada,1
voorhies,1
contradicts,1
relocated,1
urns,1
inventories,1
cited,1
dine,1
foodrelated,1
costly,1
row,1
death,1
cayambe,1
bundles,1
porvenir,1
pickersgill,1
