WORDCOUNTS,WEIGHT
and,23
of,23
the,22
to,14
that,11
we,9
in,8
journal,7
this,6
archaeological,6
for,6
on,5
research,5
a,5
volume,4
articles,4
year,4
our,4
review,4
have,3
has,3
would,3
an,3
you,3
archaeology,3
each,3
many,3
are,3
is,3
john,3
also,3
will,2
years,2
by,2
see,2
essential,2
peter,2
your,2
if,2
key,2
more,2
spencer,2
appear,2
all,2
introduction,2
literature,2
synthetic,2
evolutionary,2
charles,2
as,2
plan,2
hope,2
be,2
world,2
us,2
included,2
topics,2
discipline,1
nicholas,1
barbara,1
kowalewski,1
theoretical,1
lindauer,1
difficult,1
corporation,1
it,1
redmond,1
mx,1
iippi,1
editor,1
not,1
feinman,1
bellwood,1
relevant,1
ethnicity,1
gary,1
laura,1
since,1
michael,1
due,1
o,1
bruce,1
chemistry,1
issue,1
otherwise,1
publication,1
regions,1
samuel,1
anything,1
no,1
finally,1
however,1
debt,1
without,1
deep,1
bibliographies,1
t,1
essay,1
manuscripts,1
published,1
his,1
especially,1
wish,1
arnold,1
include,1
later,1
katzenberg,1
please,1
l,1
domains,1
been,1
linda,1
richard,1
keep,1
bone,1
support,1
advice,1
d,1
enabling,1
field,1
s,1
near,1
number,1
production,1
free,1
currently,1
breadth,1
galaty,1
begin,1
him,1
ecology,1
suggest,1
douglas,1
states,1
steponaitis,1
appreciation,1
m,1
mexico,1
gil,1
exist,1
important,1
carol,1
vol,1
filled,1
becomes,1
kramer,1
assistance,1
who,1
helpful,1
blitz,1
peer,1
future,1
inestimable,1
omissions,1
altro,1
old,1
began,1
sage,1
kirsten,1
junker,1
exchange,1
bennet,1
gratitude,1
they,1
conscientious,1
excited,1
prehistoric,1
bodies,1
sanft,1
werner,1
appreciates,1
nabokov,1
their,1
encourage,1
range,1
publishing,1
other,1
coverage,1
terence,1
pages,1
envisioned,1
writings,1
west,1
aegean,1
yo,1
price,1
editors,1
become,1
stein,1
includes,1
platform,1
feel,1
thank,1
strongly,1
diversified,1
blanton,1
carla,1
hoopes,1
andes,1
related,1
methodological,1
synthesis,1
with,1
dedicated,1
abreast,1
like,1
james,1
winterhaider,1
sinopoli,1
top,1
larger,1
invaluable,1
approaches,1
service,1
antonio,1
given,1
mounds,1
overview,1
along,1
owe,1
owen,1
dean,1
plenum,1
curet,1
tentatively,1
wanted,1
editorial,1
purview,1
eliot,1
under,1
fifth,1
north,1
recent,1
feedback,1
wilson,1
there,1
during,1
discussed,1
stephen,1
ron,1
anne,1
works,1
provided,1
or,1
absolutely,1
advances,1
central,1
nature,1
suggestions,1
outside,1
continue,1
valuable,1
examination,1
stay,1
first,1
throughout,1
scholars,1
primitive,1
stoltman,1
those,1
comments,1
current,1
overviews,1
revision,1
niche,1
elsa,1
vincas,1
american,1
burgeon,1
covered,1
stark,1
