WORDCOUNTS,WEIGHT
the,1309
of,1122
and,990
in,745
chaco,433
a,345
to,262
j,255
that,241
canyon,185
great,168
at,154
new,151
pp,148
press,146
d,144
for,143
university,143
chacoan,142
s,138
on,137
as,131
are,127
m,125
southwest,120
is,119
american,116
pueblo,113
e,109
have,108
mexico,105
ed,103
p,101
ritual,97
r,95
from,94
organization,85
research,85
with,84
eds,81
c,79
g,77
l,77
were,77
these,76
regional,76
communities,75
bonito,75
archaeology,74
by,74
arizona,74
houses,73
society,71
was,70
been,68
social,65
house,64
w,64
albuquerque,64
h,63
or,63
no,62
windes,62
b,61
lekson,60
mills,59
anthropological,59
but,57
be,57
this,56
not,56
papers,54
et,54
t,52
political,52
system,52
anasazi,52
santa,51
prehistoric,51
an,50
roads,50
archaeological,49
construction,49
fe,49
than,48
more,47
production,46
i,46
center,44
n,43
anthropology,43
national,42
park,41
other,41
vivian,41
community,40
neitzel,39
toll,39
used,38
san,38
service,38
juan,38
economy,38
architecture,37
kantner,37
basin,36
many,36
area,36
within,35
across,35
judge,35
some,34
project,34
it,33
has,33
tucson,33
sites,33
small,33
outlier,33
changing,33
phase,32
southwestern,32
al,32
model,32
world,32
models,32
how,31
population,31
they,30
mathien,30
also,30
k,30
one,29
there,29
leadership,29
f,29
region,29
views,29
may,28
most,28
school,28
stein,27
power,27
large,26
studies,26
van,26
landscape,26
evidence,26
doyel,25
cultural,25
areas,25
see,25
exchange,25
complexity,25
between,25
archaeologists,24
all,24
dyke,24
their,24
cordell,24
ceramics,24
because,24
mahoney,24
museum,24
ceramic,24
analysis,24
different,24
both,24
through,24
although,24
women,23
labor,23
out,23
economic,23
violence,23
including,23
period,23
goods,23
feinman,23
wilcox,22
journal,22
important,22
maxwell,22
crown,22
architectural,22
wills,22
colorado,22
those,21
data,21
several,21
time,21
use,21
mckenna,21
kivas,21
washington,21
vol,20
dean,20
cameron,20
based,20
patterns,20
wood,20
antiquity,20
prehistory,20
cambridge,20
early,20
recent,20
ii,19
prehispanic,19
such,19
even,19
dc,19
scale,19
however,19
structures,19
he,19
present,19
road,19
number,19
which,19
akins,18
groups,18
greater,18
excavations,18
publications,18
fowler,18
site,18
rather,18
its,18
during,18
kiva,18
sebastian,18
can,18
what,18
prestige,18
found,17
ford,17
smithsonian,17
department,17
institution,17
size,17
north,17
analyses,16
alto,16
cannibalism,16
only,16
outliers,16
after,16
who,16
pueblos,16
earlier,15
ancient,15
rooms,15
well,15
aztec,15
surrounding,15
durand,15
few,15
migration,15
turquoise,15
interpretation,15
same,15
reports,15
polities,15
systems,15
interpretations,15
conference,15
complex,14
state,14
hierarchy,14
meyer,14
men,14
late,14
polity,14
zuni,14
pilgrimage,14
still,14
culture,14
two,14
outside,14
understanding,14
especially,14
distribution,14
pathways,14
o,13
york,13
yoffee,13
settlement,13
materials,13
nonlocal,13
archeology,13
turner,13
variation,13
lake,13
points,13
high,13
diversity,13
suggest,13
past,13
salt,13
into,12
conducted,12
century,12
burials,12
utah,12
view,12
societies,12
could,12
occupation,12
recently,12
basis,12
work,12
division,12
reorganization,12
above,12
towns,12
v,12
would,12
features,12
martin,12
procurement,12
alternative,12
over,12
extent,12
interaction,12
now,11
if,11
nps,11
sources,11
differences,11
ai,11
stone,11
problems,11
produced,11
probably,11
part,11
literature,11
change,11
saitta,11
southeast,11
communal,11
feasting,11
do,11
degree,11
sociopolitical,11
dissertation,11
phd,11
theory,11
her,11
annual,11
among,11
major,11
walker,10
western,10
might,10
u,10
resources,10
warfare,10
leblanc,10
nelson,10
y,10
centralization,10
subsistence,10
organized,10
marshall,10
centers,10
fish,10
hierarchies,10
people,10
status,10
presence,10
about,10
addition,10
pattern,10
samples,10
historic,10
la,10
space,10
current,10
suggests,10
locations,10
consumption,10
does,9
contexts,9
renfrew,9
roney,9
thus,9
throughout,9
price,9
estimates,9
fig,9
competitive,9
proceedings,9
special,9
plenum,9
had,9
residential,9
residents,9
northern,9
artifacts,9
excavated,9
field,9
tempe,9
using,9
will,9
short,9
southern,9
fair,9
ethnographic,9
idea,9
gender,9
made,9
publication,9
least,9
ornaments,9
pottery,9
figure,9
when,9
known,9
control,9
leaders,9
report,9
question,9
instead,9
much,9
boulder,8
reconstructions,8
principles,8
reed,8
context,8
navajo,8
review,8
relatively,8
similar,8
study,8
evolution,8
calgary,8
meridian,8
working,8
structured,8
periods,8
mesa,8
expansion,8
ware,8
hegmon,8
noted,8
mound,8
science,8
scholars,8
material,8
low,8
general,8
investigations,8
pipeline,8
agricultural,8
presented,8
trees,8
kin,8
beyond,8
later,7
environmental,7
mountains,7
kinds,7
authority,7
history,7
long,7
plateau,7
goetze,7
perspective,7
bullock,7
bustard,7
overarching,7
his,7
white,7
objects,7
river,7
four,7
suggested,7
result,7
histories,7
puebloan,7
events,7
schelberg,7
place,7
south,7
units,7
ceremonial,7
populations,7
female,7
indicates,7
yet,7
peregrine,7
management,7
again,7
projects,7
shows,7
considerable,7
where,7
strategies,7
style,7
argues,7
assemblages,7
identity,7
expression,7
clear,7
schillaci,7
like,7
latter,7
methods,7
hagstrum,7
widely,7
perspectives,7
segments,7
often,7
malville,7
environment,7
earle,7
each,7
paper,7
did,7
adler,7
living,7
johnson,7
foundations,7
plata,7
city,7
variability,7
include,7
need,7
basketmaker,7
unm,7
remains,7
increased,7
paquimé,7
done,6
corporate,6
likely,6
approaches,6
excavation,6
inequality,6
hohokam,6
definition,6
religion,6
piper,6
depends,6
eastern,6
possible,6
west,6
mesoamerican,6
behavior,6
central,6
centralized,6
kind,6
items,6
sofaer,6
underlying,6
storage,6
interesting,6
without,6
importance,6
plog,6
support,6
means,6
changes,6
kintigh,6
branch,6
just,6
show,6
resource,6
memory,6
spielmann,6
leonard,6
burial,6
egalitarian,6
reid,6
brought,6
first,6
lithics,6
mclntosh,6
highly,6
hayden,6
single,6
biological,6
springs,6
technology,6
conclusions,6
interpreting,6
local,6
along,6
factor,6
dating,6
three,6
blanton,6
we,6
drennan,6
particular,6
earliest,6
any,6
series,6
extensive,6
constructed,6
gumerman,6
phillips,6
masonry,6
foundation,6
iii,6
particularly,6
very,6
proposed,6
whether,6
zedeño,6
valley,6
multiple,6
ancestral,6
techniques,6
years,6
dynamics,6
potential,6
traditional,6
difficult,5
connect,5
mesoamerica,5
ms,5
comparisons,5
nonetheless,5
km,5
cutting,5
file,5
hopi,5
upland,5
connection,5
taken,5
seems,5
nature,5
dd,5
case,5
design,5
quantities,5
politics,5
point,5
human,5
conflict,5
alignments,5
development,5
ferguson,5
clay,5
elements,5
estimate,5
walls,5
bernardini,5
sample,5
debated,5
connected,5
direct,5
tree,5
monumental,5
intensive,5
decade,5
argued,5
too,5
hart,5
turners,5
stoltman,5
appear,5
chipped,5
ot,5
excellent,5
participation,5
planning,5
whole,5
issues,5
approach,5
depositional,5
feasts,5
boundaries,5
generally,5
provided,5
cosmological,5
synthesis,5
transition,5
chronology,5
beams,5
others,5
rock,5
demographic,5
amerind,5
end,5
chiefdom,5
took,5
clusters,5
chuskas,5
until,5
perhaps,5
discard,5
vast,5
rio,5
range,5
office,5
arroyo,5
so,5
households,5
relative,5
amount,5
male,5
seen,5
force,5
types,5
centuries,5
morrow,5
then,5
natural,5
attribute,5
argue,5
clearly,5
historical,5
better,5
beginning,5
them,5
terms,5
making,5
researchers,5
little,5
transport,5
chuska,5
contract,5
enterprise,5
billman,5
building,5
meeting,5
household,5
currently,4
introduction,4
trash,4
contemporaneous,4
linkages,4
ana,4
ways,4
modern,4
occurred,4
sequential,4
themes,4
being,4
chiefdoms,4
el,4
evaluation,4
empty,4
demography,4
chacoans,4
except,4
relationships,4
interior,4
finally,4
given,4
sanders,4
nor,4
networks,4
drawn,4
landscapes,4
identification,4
pétrographie,4
contributions,4
factors,4
moreover,4
firing,4
halo,4
lister,4
ì,4
jars,4
surface,4
chronometrie,4
shifted,4
herr,4
location,4
begun,4
faunal,4
called,4
access,4
cylinder,4
û,4
further,4
transwestern,4
appears,4
cannot,4
shepard,4
wide,4
network,4
proportions,4
overview,4
away,4
interpreted,4
trends,4
either,4
staple,4
useful,4
contrast,4
involved,4
trombold,4
county,4
kosse,4
results,4
describes,4
notes,4
activities,4
critical,4
hegemony,4
absence,4
runoff,4
varíen,4
nearly,4
matrilineal,4
berms,4
grande,4
reappraisal,4
pivotal,4
residence,4
bradley,4
ketl,4
longer,4
documented,4
larger,4
paso,4
mcguire,4
process,4
looking,4
largely,4
additions,4
survey,4
questions,4
processes,4
individuals,4
gwinn,4
neoevolutionary,4
health,4
essay,4
co,4
individual,4
function,4
snead,4
chuskan,4
accurate,4
provides,4
truell,4
xvi,4
structure,4
integration,4
bureau,4
continued,4
provide,4
upham,4
dimensions,4
collections,4
chimney,4
considered,4
abandonment,4
aggregation,4
ever,4
bioarchaeological,4
record,4
association,4
books,4
contextual,4
gas,4
works,4
assessment,4
spatial,4
hierarchically,4
betancourt,4
aggradation,4
role,4
gilpin,4
arguments,4
families,4
maintained,4
public,4
cooper,4
ortman,4
states,4
shift,4
summary,4
supported,4
tuwaletstiwa,4
tribes,4
deposits,4
entire,4
taylor,4
darling,4
ca,4
built,4
problem,3
tainter,3
syntax,3
rate,3
way,3
imported,3
affected,3
extend,3
expedition,3
caches,3
debris,3
potter,3
group,3
needed,3
agency,3
mobility,3
strictly,3
bryan,3
before,3
assume,3
properties,3
lower,3
inc,3
witches,3
debating,3
parties,3
available,3
route,3
room,3
hanna,3
styles,3
help,3
last,3
date,3
california,3
reconstruction,3
badly,3
autonomous,3
task,3
account,3
activity,3
consumed,3
against,3
valuables,3
controlled,3
surplus,3
cannibals,3
includes,3
since,3
entrenchment,3
interpret,3
topic,3
duff,3
cases,3
depend,3
compare,3
critique,3
sun,3
cooperative,3
gillespie,3
phases,3
ruins,3
fort,3
philadelphia,3
statements,3
absent,3
developed,3
astronomy,3
scales,3
periodic,3
understand,3
old,3
mine,3
recovered,3
origins,3
drought,3
promote,3
descriptive,3
reprinted,3
lead,3
matrilocal,3
mapping,3
deciphering,3
term,3
evaluate,3
academic,3
circular,3
tools,3
absolute,3
elliott,3
method,3
near,3
southeastern,3
concept,3
london,3
example,3
calls,3
related,3
older,3
collective,3
actually,3
wilshusen,3
formations,3
published,3
rituality,3
below,3
corresponds,3
nonsubsistence,3
distances,3
tom,3
jalbert,3
things,3
straight,3
indicators,3
chacmool,3
around,3
revisited,3
wider,3
ericson,3
portions,3
up,3
dam,3
chronological,3
marked,3
therefore,3
second,3
identified,3
indeed,3
located,3
limited,3
classic,3
fence,3
verde,3
competition,3
land,3
chemistry,3
sex,3
us,3
included,3
kowalewski,3
inalienable,3
largest,3
phoenix,3
timbers,3
frameworks,3
layout,3
volume,3
lack,3
mark,3
toward,3
added,3
water,3
averages,3
fact,3
consideration,3
contemporary,3
distributions,3
honor,3
anthropologist,3
layers,3
less,3
english,3
toad,3
native,3
argument,3
lunar,3
analyzed,3
exploring,3
examples,3
width,3
lamphere,3
significant,3
emphasize,3
refers,3
began,3
rare,3
recovery,3
kovacik,3
stress,3
symposium,3
times,3
dendrochronology,3
preservation,3
nm,3
discarded,3
enough,3
dawson,3
craft,3
hierarchical,3
professional,3
tula,3
solar,3
trails,3
bulk,3
peoples,3
lines,3
similarities,3
life,3
responsible,3
fall,3
frontier,3
forest,3
stephen,3
finance,3
sizes,3
wetherill,3
explicitly,3
distinctive,3
baugh,3
chetro,3
form,3
seasonal,3
anna,3
emphasis,3
vessels,3
marlar,3
possessions,3
contrasts,3
prepared,3
formation,3
shown,3
intensified,3
spadefoot,3
socially,3
levy,3
smaller,3
defined,3
comparison,3
specific,3
assumed,3
surveys,3
corn,3
organizational,3
strong,3
technological,3
close,3
occur,3
final,2
gis,2
mortuary,2
archives,2
clustered,2
order,2
mostly,2
revisionist,2
prefer,2
edge,2
obey,2
generated,2
commentary,2
strategy,2
created,2
functional,2
represent,2
peaceful,2
uplands,2
determine,2
variety,2
alone,2
berlin,2
pools,2
wo,2
settlements,2
residences,2
replaced,2
systematically,2
offerings,2
identify,2
tend,2
ma,2
dialectics,2
sets,2
postdate,2
summaries,2
ankara,2
investigating,2
weiner,2
fletcher,2
favor,2
brandt,2
trace,2
mckinley,2
macroregional,2
lowry,2
evaluating,2
salado,2
total,2
cusp,2
pots,2
hayes,2
lightfoot,2
descriptions,2
revision,2
roler,2
societal,2
roadways,2
snygg,2
warburton,2
came,2
eggan,2
consistent,2
goodman,2
majority,2
implications,2
worked,2
action,2
neil,2
tradition,2
accompanied,2
timing,2
duran,2
producing,2
differentials,2
reveal,2
take,2
alignment,2
juniper,2
petty,2
niais,2
miles,2
replicated,2
robert,2
alike,2
naranjo,2
intersection,2
ad,2
akin,2
side,2
cibolan,2
occasional,2
iv,2
rincón,2
exception,2
reanalysis,2
holocene,2
eas,2
concentrating,2
powers,2
kirkpatrick,2
stratigraphy,2
far,2
cited,2
apply,2
compares,2
avebury,2
himself,2
lambert,2
sand,2
funded,2
collapse,2
chiefs,2
differential,2
nn,2
farmington,2
millennium,2
interest,2
gendered,2
jr,2
overly,2
z,2
big,2
clark,2
places,2
david,2
robb,2
refer,2
back,2
response,2
dates,2
compared,2
look,2
generation,2
devender,2
disks,2
trom,2
higher,2
recognized,2
whose,2
extensively,2
rousseau,2
links,2
centered,2
paths,2
patronage,2
pilgrimages,2
highway,2
matlock,2
taller,2
solstice,2
proportion,2
certain,2
parts,2
antiquitx,2
distant,2
lth,2
characterizes,2
wash,2
discernible,2
mcvickar,2
consider,2
occupational,2
established,2
cannibalistic,2
dated,2
warren,2
elsewhere,2
northeastern,2
roofs,2
filed,2
commented,2
follow,2
suites,2
ki,2
ornament,2
weigand,2
decoupling,2
mix,2
mutilation,2
kearns,2
archaeomagnetic,2
lucero,2
providing,2
decades,2
differently,2
encircling,2
felling,2
skibo,2
totah,2
expressed,2
moving,2
closely,2
lived,2
relation,2
fuel,2
dongoske,2
density,2
accurately,2
ranking,2
preston,2
standardized,2
viewed,2
banded,2
albuaueraue,2
explain,2
approached,2
instrumental,2
required,2
heavily,2
flaked,2
princeton,2
corners,2
possibility,2
technical,2
overlapping,2
none,2
paleoenvironmental,2
mapped,2
received,2
thugs,2
eighmy,2
del,2
future,2
prominent,2
characterization,2
discusses,2
apparent,2
red,2
positions,2
odense,2
contain,2
description,2
woodland,2
purcell,2
describe,2
consistently,2
discussions,2
climatic,2
contains,2
dietler,2
marietta,2
cluster,2
winter,2
rituals,2
call,2
transported,2
bishop,2
personal,2
judd,2
showing,2
manage,2
artifact,2
own,2
kincaid,2
bodies,2
precipitation,2
ago,2
level,2
devotional,2
politically,2
swedlund,2
emphasizes,2
brugge,2
recognition,2
philip,2
always,2
progress,2
filling,2
proper,2
cycle,2
moved,2
pinyon,2
barbara,2
haas,2
increasing,2
statelike,2
hatch,2
tasks,2
gabriel,2
scientific,2
flagstaff,2
culturally,2
overall,2
comparative,2
acknowledged,2
prove,2
make,2
symmetry,2
comments,2
standing,2
movement,2
seemingly,2
postmarital,2
va,2
direction,2
structural,2
photointerpretation,2
once,2
simultaneous,2
edited,2
permission,2
ring,2
east,2
continuity,2
matson,2
ci,2
inferences,2
mancos,2
simulation,2
organizations,2
challenge,2
sensu,2
stream,2
fin,2
crm,2
thresholds,2
europe,2
similarly,2
procured,2
hearths,2
generously,2
analytical,2
votive,2
fundamental,2
aldershot,2
our,2
plan,2
agree,2
depict,2
hobbes,2
farming,2
debates,2
forms,2
never,2
fits,2
ground,2
purposes,2
accepted,2
axes,2
inhospitable,2
necessary,2
fieldwork,2
teeth,2
preparation,2
paleoclimatic,2
going,2
day,2
violent,2
othole,2
verified,2
another,2
original,2
investigated,2
discussion,2
chronologies,2
aggregated,2
attributed,2
food,2
unfortunately,2
rethinking,2
reconstructing,2
joiner,2
trend,2
hrm,2
theories,2
stratification,2
continuities,2
peach,2
charge,2
significance,2
andrews,2
directed,2
emphasizing,2
authors,2
peripheral,2
mt,2
amounts,2
gates,2
collected,2
mountain,2
thomas,2
valued,2
graves,2
juncture,2
í,2
exactly,2
binada,2
sacred,2
slightly,2
versus,2
attention,2
dohm,2
asking,2
me,2
today,2
note,2
africa,2
she,2
usually,2
linda,2
husband,2
ideology,2
maps,2
program,2
pieces,2
escovodo,2
fewer,2
institutions,2
monuments,2
directions,2
detailed,2
itself,2
jar,2
lives,2
sequences,2
wilson,2
zacatecas,2
indicate,2
linking,2
volumes,2
why,2
subareas,2
unroofed,2
michael,2
surprising,2
peripheries,2
composed,2
get,2
njffb,2
unusual,2
suprahousehold,2
impacted,2
fertility,2
practice,2
version,2
nonlocally,2
simply,2
economically,2
slope,2
temporal,2
proposes,2
reconnaissance,2
sherds,2
sourcing,2
spatially,2
integrative,2
decouple,2
defining,2
cultures,2
specialized,2
interested,2
key,2
seem,2
capital,2
ft,2
temper,2
wall,2
domestic,2
intersected,2
inquiry,2
collins,2
contradictory,2
twelfth,2
closest,2
hamlets,2
person,2
following,2
kendrick,2
kievit,2
explanations,2
whiteley,2
combined,2
circles,2
unique,2
typologies,2
accounts,2
orleans,2
supports,2
varying,2
males,2
armies,2
ruin,2
szuter,2
while,2
yorker,2
institute,2
studying,2
migrations,2
hyde,2
captains,2
information,2
resident,2
pu,2
archaeometry,2
middle,2
popular,2
john,2
occasionally,2
northwestern,2
dams,2
pits,2
despite,2
chip,2
became,2
fl,2
assumptions,2
multistoried,2
duration,2
phenomenon,2
isolated,2
tempers,2
tell,2
recording,2
decrease,2
protohistoric,2
paradigm,2
zum,2
chemical,2
antweiler,2
course,2
contributed,2
depending,2
americas,2
fauna,2
correlated,2
specialists,2
attributes,2
colleagues,2
bigger,2
archaic,2
ruth,2
territories,2
vessel,2
modeling,2
schiffer,2
rest,2
kayenta,2
elites,2
era,2
agrees,2
damp,2
element,2
drew,2
asked,2
noon,2
interconnectivity,1
sa,1
ä,1
incited,1
huérfano,1
mania,1
phenotypic,1
provisioning,1
situate,1
prehistoryexchange,1
tote,1
convergence,1
estimated,1
stuart,1
stylistic,1
ofanasazi,1
altamira,1
names,1
stairways,1
initialization,1
isotopes,1
correlations,1
doxtater,1
perlitz,1
separated,1
influxes,1
ethnicities,1
extreme,1
berkeley,1
college,1
spurious,1
bedrock,1
measures,1
resided,1
onfe,1
combine,1
kroeber,1
ois,1
stands,1
manuscript,1
presystem,1
distributed,1
denmark,1
pragmatics,1
compilers,1
goff,1
dispelled,1
patchy,1
myth,1
enhance,1
essays,1
reassessment,1
picked,1
maize,1
extant,1
conducting,1
hull,1
formed,1
informative,1
marcia,1
carpenter,1
schools,1
comunidades,1
true,1
mexican,1
peaks,1
sensed,1
contend,1
lacking,1
paradigms,1
hotly,1
equivalency,1
station,1
coeditor,1
acceptance,1
protection,1
reduced,1
cycles,1
necessarily,1
split,1
minor,1
harsh,1
unlike,1
rf,1
cordeil,1
sundt,1
exceptions,1
viewpoints,1
phenomenally,1
something,1
edu,1
flaws,1
tnem,1
source,1
corresponding,1
mimbres,1
incorporating,1
contact,1
baker,1
guadalupe,1
test,1
predominantly,1
bum,1
expanding,1
straighter,1
charnel,1
gap,1
www,1
stabilization,1
hence,1
li,1
pink,1
rivals,1
egalitarianism,1
certainly,1
odht,1
crews,1
neolithic,1
originally,1
learned,1
affiliated,1
give,1
radii,1
military,1
impacts,1
unconstrained,1
abound,1
vols,1
address,1
attempt,1
astronomical,1
multivolume,1
paquime,1
equally,1
incomplete,1
emerged,1
analogies,1
diseases,1
pendulum,1
revival,1
words,1
novotny,1
declined,1
davis,1
company,1
immense,1
shaped,1
continue,1
wooden,1
assembling,1
gron,1
agrarian,1
assess,1
suggesting,1
together,1
borders,1
estimation,1
display,1
simple,1
wn,1
thank,1
potentially,1
etal,1
fully,1
arises,1
studied,1
lanata,1
government,1
xiii,1
trip,1
newmexico,1
transporting,1
fry,1
concludes,1
full,1
correlates,1
characterizing,1
beds,1
bubernyre,1
hunting,1
carnegie,1
resulting,1
fascinated,1
farmer,1
subsequent,1
inland,1
achieved,1
feature,1
germick,1
mogollón,1
anthrodolofiv,1
alhuauerniie,1
vegetation,1
loose,1
emphasized,1
precisely,1
influences,1
marine,1
raised,1
staff,1
platforms,1
normal,1
heating,1
bis,1
reading,1
discrete,1
signs,1
wagner,1
outstripped,1
lordell,1
romanticism,1
threshold,1
daniel,1
treatments,1
widening,1
seminar,1
iisjinuâ,1
followers,1
katsinas,1
nodes,1
geometry,1
globe,1
refute,1
existence,1
projectile,1
harvest,1
communally,1
plain,1
linear,1
pjmodo,1
coauthors,1
toto,1
pigeonhole,1
dap,1
foundational,1
historians,1
draws,1
advice,1
apt,1
thrown,1
mcelmo,1
primary,1
bases,1
dune,1
masked,1
america,1
incorporate,1
agriculture,1
discuss,1
cu,1
march,1
addresses,1
twist,1
bonsto,1
trade,1
figs,1
chapter,1
gardens,1
uneven,1
opened,1
ç,1
prior,1
iiiii,1
implies,1
logical,1
outlying,1
publishers,1
condition,1
hogans,1
mmm,1
relational,1
soils,1
chacó,1
pursue,1
nahasbas,1
functions,1
bibliography,1
move,1
richard,1
obvious,1
apache,1
stojoanowski,1
verifying,1
occurring,1
symbolic,1
reassessing,1
combination,1
variations,1
surrounded,1
regards,1
x,1
quantity,1
crypts,1
dynamic,1
pipelinesthe,1
negotiation,1
considerably,1
economies,1
identifies,1
undergone,1
councils,1
tied,1
harmony,1
labs,1
pursuing,1
interestingly,1
hudson,1
framework,1
witchcraft,1
exist,1
tribute,1
frequencies,1
goal,1
cvoiunon,1
pit,1
timber,1
ûísb,1
chimntyrock,1
accuracy,1
author,1
explained,1
estimating,1
component,1
ute,1
severe,1
spectrum,1
breaching,1
difficulties,1
agreement,1
grooves,1
dobres,1
reject,1
mm,1
village,1
rotating,1
kiatuthlanna,1
oxidation,1
realized,1
de,1
medio,1
peter,1
scarce,1
bodily,1
equivalents,1
adjusting,1
characteristic,1
regarded,1
reproduced,1
trench,1
mixed,1
adopted,1
sweeping,1
te,1
interrelationships,1
flog,1
adams,1
yottee,1
kirk,1
type,1
temoe,1
turan,1
walnut,1
expected,1
nonstate,1
nested,1
eels,1
delta,1
understates,1
mesopotamian,1
hold,1
concensus,1
defense,1
distinct,1
buffe,1
finsten,1
envisioned,1
casas,1
archaeoastronomy,1
convincing,1
butte,1
http,1
wares,1
rediscovering,1
hartmann,1
young,1
races,1
served,1
lineage,1
analogs,1
nper,1
outnumbered,1
third,1
highlighting,1
reoccupation,1
cardinal,1
syntaxes,1
friedman,1
stratigraphie,1
coauthorship,1
adventures,1
constant,1
nondomestic,1
identifications,1
geological,1
stimulating,1
communication,1
festivals,1
demonstration,1
looms,1
vociai,1
doelle,1
traditions,1
william,1
kidder,1
simplistic,1
discovering,1
professionally,1
prioritized,1
transactions,1
pjbbiii,1
influence,1
rates,1
overstates,1
error,1
paralleling,1
elemental,1
readable,1
parks,1
perfect,1
newer,1
ïî,1
unlikely,1
toltec,1
oj,1
civilization,1
assessed,1
steps,1
foot,1
definitively,1
sinclair,1
advances,1
housed,1
adequate,1
contest,1
deviations,1
reflects,1
aveni,1
stockpiled,1
transformations,1
resists,1
act,1
tt,1
wands,1
bring,1
ey,1
performance,1
ili,1
troubled,1
generations,1
adds,1
cntique,1
district,1
love,1
possession,1
influential,1
square,1
holdouts,1
scream,1
calculation,1
holistic,1
luck,1
incidence,1
una,1
requisite,1
goes,1
equinox,1
probability,1
supplement,1
se,1
hp,1
magnet,1
consensual,1
scarry,1
orcutt,1
additionally,1
kilns,1
marcus,1
assuming,1
institutionalized,1
creek,1
kivat,1
jm,1
productive,1
animals,1
miscellaneous,1
paradox,1
emanate,1
expressing,1
bianton,1
az,1
multivariate,1
gathering,1
shell,1
reinterpretation,1
weighted,1
reason,1
references,1
tooth,1
category,1
wagon,1
defies,1
perpetuation,1
consultation,1
vastly,1
artijactual,1
grtat,1
fathoming,1
unceremonious,1
females,1
conceptualization,1
hinkson,1
improvement,1
statistical,1
physically,1
kehoe,1
benefits,1
image,1
severity,1
pretender,1
homorovi,1
emergence,1
linked,1
specify,1
numbers,1
dominate,1
vpc,1
haer,1
shelberg,1
weak,1
frequently,1
mugs,1
upper,1
aged,1
xi,1
albuqueraue,1
hoco,1
processions,1
bridges,1
migrants,1
exploited,1
overshadows,1
verdean,1
voluminous,1
storm,1
map,1
followed,1
pnce,1
notions,1
duftonphtêov,1
discomfort,1
cost,1
dissenter,1
boundary,1
footprints,1
answers,1
ladwig,1
cooperatively,1
dominant,1
care,1
lanyon,1
uncritically,1
drawing,1
jor,1
trajectories,1
disappeared,1
reflections,1
irrigation,1
ranges,1
raw,1
ou,1
ieu,1
my,1
bilateral,1
pc,1
standstills,1
identifying,1
wiseman,1
upholders,1
migrant,1
agenda,1
analog,1
six,1
rule,1
here,1
erosion,1
traditionally,1
midden,1
inappropriate,1
haury,1
amsterdam,1
effort,1
conspicuous,1
patrick,1
ntualities,1
changed,1
deal,1
issue,1
beckett,1
shared,1
î,1
bilocal,1
relate,1
eos,1
neutron,1
fie,1
isotope,1
initial,1
coyote,1
attenuated,1
grimm,1
lent,1
embedded,1
kinship,1
outset,1
mandated,1
pointing,1
traits,1
though,1
memvferd,1
longand,1
buried,1
block,1
bubemyre,1
grandes,1
reviews,1
pursued,1
anderson,1
milis,1
aspects,1
moore,1
persons,1
anyon,1
pitchers,1
applied,1
linn,1
younger,1
otherwise,1
wealth,1
safe,1
placed,1
explored,1
exploration,1
decadal,1
sedentism,1
si,1
confluences,1
criteria,1
consultants,1
underlie,1
almost,1
periodical,1
provincial,1
having,1
compel,1
engelstad,1
designation,1
quell,1
perpetuated,1
dismantles,1
line,1
inferred,1
douglas,1
scope,1
ditches,1
strict,1
tops,1
heart,1
distinctively,1
significantly,1
differ,1
training,1
antiauitx,1
knowledge,1
severance,1
symbolism,1
nation,1
patterning,1
vanen,1
irish,1
revealed,1
thoughts,1
periodicity,1
geology,1
rm,1
intentionally,1
jewett,1
fit,1
nonrevisionist,1
intermediate,1
northwest,1
editorial,1
cibola,1
demonstrates,1
partly,1
tokyo,1
grain,1
beads,1
ü,1
hi,1
device,1
mesoamericans,1
il,1
systematic,1
putatively,1
conform,1
universally,1
diverted,1
connections,1
landholder,1
redistribution,1
towards,1
sampled,1
imports,1
oriental,1
yj,1
blue,1
creating,1
legacy,1
hangs,1
ratios,1
commerce,1
thirteenth,1
lhaco,1
buildings,1
réévaluations,1
lange,1
coupled,1
exclusionary,1
navajos,1
peer,1
imposition,1
cedars,1
addison,1
quite,1
claim,1
pidro,1
emerging,1
family,1
intervals,1
underscore,1
spanish,1
autonomy,1
sufficient,1
consensus,1
june,1
accomplished,1
knives,1
components,1
bridge,1
ill,1
mal,1
oral,1
governments,1
industry,1
breaking,1
prestate,1
vr,1
ts,1
observe,1
invaluable,1
peak,1
roofing,1
climate,1
brück,1
lewis,1
implausible,1
impossible,1
yielded,1
core,1
symposia,1
couple,1
bower,1
necessity,1
orayvi,1
dependent,1
paid,1
colloquium,1
downsizing,1
ñata,1
undergoing,1
diminished,1
reappraised,1
appropriate,1
lore,1
directionality,1
preliminary,1
finds,1
ee,1
pot,1
valuable,1
reconfirmed,1
promising,1
seemed,1
avoid,1
frontera,1
wield,1
input,1
commensurate,1
repatriation,1
activation,1
bullies,1
threatened,1
voi,1
morphology,1
hosts,1
bontto,1
questioned,1
highlights,1
led,1
situation,1
varien,1
critics,1
exterior,1
biocultural,1
demographically,1
equality,1
observations,1
clara,1
foragers,1
geodisist,1
chronometry,1
various,1
rivalries,1
requirement,1
drainage,1
giving,1
hinge,1
sunset,1
subject,1
competitively,1
corporation,1
return,1
edges,1
metcalf,1
stacking,1
suiter,1
learn,1
pointed,1
tor,1
dwellings,1
expanded,1
interactions,1
accumulations,1
sponsored,1
topography,1
cracks,1
mû,1
collapsed,1
amerindian,1
masons,1
territory,1
andmckenna,1
sponsorship,1
percentage,1
scarcity,1
frank,1
metric,1
contributing,1
criticism,1
ozer,1
americans,1
vs,1
makes,1
ile,1
advanced,1
happened,1
database,1
thought,1
acknowledgments,1
hegemonic,1
precolumbian,1
dualistically,1
sociocultural,1
seeing,1
restricted,1
exposure,1
assemblies,1
expectedly,1
remnant,1
palaces,1
selective,1
neither,1
thesis,1
revitalization,1
cooks,1
puzzle,1
semisubterranean,1
palmer,1
swamp,1
home,1
planned,1
homogeneous,1
ethnohiston,1
infectious,1
complete,1
masse,1
chimnty,1
pioneered,1
ani,1
sharply,1
dialectical,1
experimental,1
devotational,1
subdivisions,1
experiment,1
durine,1
hewett,1
cannibalized,1
gary,1
visitors,1
unusually,1
paleochannels,1
thirteenthcentury,1
increasingly,1
postdating,1
snow,1
phyllis,1
stones,1
considers,1
idwork,1
representation,1
rings,1
routes,1
disposition,1
resolution,1
fire,1
visitor,1
museums,1
paul,1
jeffrey,1
participated,1
prouty,1
stronger,1
strike,1
sedentary,1
anl,1
renewed,1
academy,1
linblom,1
blinman,1
greve,1
slavery,1
deterioration,1
summers,1
toadlena,1
tremendous,1
conduct,1
corporately,1
dissertations,1
anecdotal,1
demirci,1
betancoùrt,1
locational,1
prensione,1
creativity,1
regents,1
stories,1
turquoises,1
overwhelming,1
underestimated,1
blocks,1
occurrence,1
cumulative,1
wesley,1
discord,1
striking,1
foods,1
extrapolates,1
rugged,1
crop,1
washineton,1
inevitably,1
linchpin,1
decreases,1
bluff,1
gray,1
categorizing,1
foster,1
man,1
hiatus,1
lamotta,1
uprisings,1
newcomb,1
typological,1
amongst,1
mesoamenca,1
invigorated,1
ages,1
sighting,1
sew,1
hensler,1
tales,1
crosscut,1
posit,1
connectivities,1
innovative,1
en,1
taphonomy,1
coraen,1
secular,1
quemado,1
butterfly,1
florence,1
melinda,1
acoma,1
underscores,1
answer,1
council,1
dance,1
origin,1
ul,1
agencies,1
focusing,1
ao,1
swing,1
daunting,1
intangible,1
governance,1
vìiiq,1
cosmos,1
routledge,1
distance,1
spacing,1
shifts,1
cowboy,1
harbottle,1
differentiation,1
grasps,1
valleys,1
klixhin,1
sal,1
autobiography,1
ephemeral,1
postsyjwn,1
altar,1
emanating,1
classes,1
private,1
behaviors,1
prudden,1
expertise,1
gordon,1
considering,1
managerial,1
thanks,1
completed,1
upon,1
dodgen,1
trajectory,1
formal,1
yo,1
handmaiden,1
drills,1
previously,1
manufactured,1
depended,1
preciosities,1
contacts,1
manifestations,1
cubom,1
canals,1
elite,1
chinle,1
ruppé,1
findings,1
host,1
controlling,1
skeptical,1
cranial,1
backwoods,1
brutish,1
assumption,1
approximately,1
heuristic,1
numerous,1
em,1
collaborative,1
ideas,1
harvard,1
bed,1
obenauf,1
pack,1
hour,1
engaged,1
laboratory,1
examination,1
specifies,1
redistributive,1
radiocarbon,1
check,1
chosen,1
saimón,1
ceremonies,1
sees,1
previous,1
eleventh,1
infers,1
chieîdoms,1
complicated,1
accoutrements,1
theoretical,1
fused,1
roberts,1
reevaluated,1
open,1
postarchaic,1
midto,1
sherd,1
reality,1
summer,1
hinged,1
discussed,1
frayer,1
assignment,1
talk,1
hampered,1
potting,1
obtaining,1
bi,1
decorated,1
faculty,1
klizhin,1
counter,1
sô,1
professionalization,1
ecpnomic,1
methodological,1
allowed,1
exaction,1
coring,1
reviewers,1
tim,1
spread,1
vida,1
him,1
am,1
indisputable,1
counted,1
nerraii,1
practiced,1
probable,1
macroeconomic,1
albuquerue,1
tangible,1
ís,1
standard,1
procuring,1
segment,1
breternitz,1
reuse,1
siting,1
repeated,1
spent,1
quick,1
class,1
novo,1
haliksa,1
favored,1
internal,1
article,1
trying,1
parallel,1
evolutionary,1
anemia,1
become,1
landings,1
bineola,1
topics,1
deliberate,1
accordingly,1
dense,1
cordelk,1
seattle,1
availability,1
lî,1
james,1
expand,1
hard,1
artisans,1
ethnographically,1
downturn,1
looks,1
story,1
pathway,1
looked,1
copyright,1
morris,1
figures,1
emmerichs,1
beam,1
adaptive,1
outright,1
darker,1
encompassing,1
immigration,1
taking,1
inhumation,1
ats,1
concluded,1
ri,1
applies,1
species,1
theorizing,1
exchanged,1
concerted,1
decision,1
puerto,1
uncritical,1
mtns,1
dabney,1
palisades,1
revolved,1
ranging,1
depleted,1
strontium,1
hata,1
defensible,1
bioarchaeology,1
buffering,1
tests,1
discussing,1
lineages,1
relationship,1
fueled,1
imply,1
nonritual,1
publishing,1
lot,1
seventeen,1
george,1
wä,1
phillip,1
crucial,1
chance,1
salient,1
five,1
next,1
outsiders,1
kykotsmovi,1
testing,1
refines,1
wmdes,1
enron,1
vertical,1
plaza,1
insufficient,1
remotely,1
widespread,1
allahabad,1
primarily,1
rj,1
referred,1
hosta,1
execution,1
un,1
acommunity,1
cathy,1
geochemically,1
overlap,1
noncontemporaneous,1
importantly,1
contribution,1
recognize,1
ceremonialism,1
es,1
ouemada,1
westcentral,1
noncritical,1
united,1
proportionally,1
jf,1
commemoration,1
fields,1
sandstone,1
rim,1
regan,1
stockpiling,1
figured,1
problematic,1
regionwide,1
niger,1
meant,1
tribe,1
puerco,1
pepper,1
nielsen,1
digital,1
addressed,1
classification,1
burned,1
enigma,1
sections,1
marshal,1
acquired,1
cues,1
contained,1
wars,1
variable,1
deposited,1
resonates,1
shadow,1
rarely,1
monument,1
thinking,1
associated,1
rewriting,1
girls,1
growing,1
breach,1
dispersed,1
firsthand,1
toitec,1
blanco,1
ethnological,1
mentioned,1
intensification,1
calendrical,1
guadelupe,1
grand,1
biography,1
theorx,1
must,1
extending,1
demonstrate,1
carr,1
chert,1
waystations,1
pace,1
nutritional,1
implied,1
symbols,1
howell,1
dupey,1
nonhierarchically,1
oqq,1
carbondale,1
pax,1
rocky,1
cosmetic,1
ramps,1
pinpointing,1
uoyei,1
set,1
equation,1
seven,1
lynne,1
excess,1
mass,1
flow,1
ofth,1
intellectual,1
colonization,1
rainfall,1
descent,1
pedestrian,1
proponents,1
antiauin,1
suggestions,1
lying,1
laughlin,1
lranswestern,1
distinctions,1
board,1
international,1
gone,1
desolate,1
best,1
acts,1
print,1
ph,1
half,1
scenario,1
assignments,1
shelley,1
pigment,1
exceptional,1
milk,1
swca,1
downsized,1
ff,1
indisputably,1
inference,1
reflected,1
build,1
associations,1
jg,1
boundedness,1
identities,1
hzr,1
replication,1
meager,1
rural,1
straw,1
evident,1
kluckhohn,1
subterranean,1
animal,1
lì,1
köhler,1
nucleation,1
webs,1
according,1
surpluses,1
írom,1
ethnically,1
sku,1
tubitak,1
ofchetro,1
divided,1
receiving,1
reinterpretations,1
stability,1
ones,1
underpinnings,1
imposed,1
add,1
covers,1
artifactual,1
contrasting,1
lengths,1
silviculture,1
retain,1
ceased,1
debate,1
leaving,1
adaptation,1
gridded,1
terrorism,1
weights,1
periphery,1
create,1
require,1
boys,1
rewrite,1
produce,1
orientations,1
oo,1
amplification,1
demonstrated,1
missed,1
placement,1
ville,1
colonnades,1
categories,1
travel,1
remodeled,1
spaces,1
hurst,1
wandering,1
socioeconomic,1
ritually,1
sunrise,1
gatherings,1
underappreciated,1
met,1
conclude,1
contemporaneity,1
practices,1
collaborated,1
pecos,1
armelagos,1
verification,1
yearly,1
easy,1
existing,1
african,1
quemada,1
ecology,1
investment,1
went,1
calculated,1
pi,1
exceeded,1
extended,1
resistance,1
horizontally,1
indebted,1
conversely,1
peñasco,1
roofed,1
reyman,1
colonial,1
nouse,1
challenges,1
allows,1
evidenced,1
definitions,1
gain,1
player,1
coming,1
matrilocality,1
arcaheological,1
trachyte,1
varied,1
relates,1
subsumed,1
nov,1
nitsaa,1
ucl,1
analogy,1
eric,1
dogoszhi,1
ss,1
staffs,1
finn,1
ksprllv,1
jemez,1
intracanyon,1
ascertain,1
fi,1
lobo,1
sever,1
disposal,1
average,1
redefining,1
initiated,1
repositories,1
provenance,1
copies,1
connecting,1
biochemical,1
illinois,1
conditions,1
stojanowksi,1
institutional,1
fajada,1
morphological,1
grant,1
vernacular,1
aware,1
mode,1
explanation,1
milner,1
ecosystem,1
oraibi,1
documentation,1
prolonged,1
integrated,1
define,1
vnm,1
appreciated,1
physical,1
manufacture,1
unified,1
quade,1
disruption,1
scalar,1
exceeding,1
regular,1
ï,1
variously,1
earthen,1
effects,1
arrizona,1
clues,1
forming,1
inequalities,1
materialization,1
tributaries,1
landforms,1
oldest,1
extremely,1
stark,1
overabundance,1
indices,1
traveling,1
deer,1
cosmographie,1
chambers,1
regularity,1
interdisciplinary,1
themselves,1
discontinuous,1
utahm,1
correlate,1
reached,1
should,1
norman,1
thames,1
texts,1
patrilineal,1
maximum,1
exclusively,1
import,1
death,1
sciences,1
calendars,1
develop,1
focus,1
images,1
immediately,1
resampling,1
seek,1
comparable,1
avffj,1
unexpectedly,1
famous,1
gladwin,1
broader,1
oí,1
indicating,1
showed,1
ozolins,1
tne,1
nasty,1
ruppe,1
hypothesis,1
