WORDCOUNTS,WEIGHT
of,1083
and,979
the,897
in,639
a,445
to,215
m,202
from,190
j,175
c,175
anthropology,173
s,166
d,163
human,152
journal,151
for,145
r,140
american,138
that,136
g,128
e,124
is,112
physical,110
l,108
press,106
eds,101
university,97
skeletal,95
larsen,94
are,91
et,87
h,80
new,78
p,75
archaeological,75
b,74
populations,74
health,71
on,69
bone,68
prehistoric,68
as,67
analysis,67
population,63
dental,62
no,60
pp,59
york,56
with,54
study,53
w,52
or,51
at,50
by,50
remains,50
ancient,49
an,47
have,47
evidence,47
been,46
ed,45
disease,45
cambridge,45
t,44
past,44
bioarchaeology,43
k,42
has,40
ai,39
biological,39
al,38
not,38
other,37
n,37
skeletons,35
this,35
these,34
patterns,34
international,34
studies,33
age,33
archaeology,33
dna,33
f,32
see,32
stress,32
bones,30
between,30
history,29
diet,29
skeleton,29
i,28
important,28
about,27
north,27
o,26
growth,26
settings,26
more,26
some,25
teeth,25
enamel,25
great,24
lambert,24
various,24
also,24
biology,24
series,24
living,24
america,23
katzenberg,23
but,23
diseases,22
strength,22
than,22
research,22
morphology,22
variation,22
native,22
saunders,22
dietary,22
world,22
groups,21
one,21
behavior,21
their,21
tooth,21
was,21
infectious,21
smithsonian,21
washington,21
it,20
changes,20
basin,20
example,20
south,20
antiquity,20
tuberculosis,20
papers,19
milner,19
agriculture,19
development,19
dc,19
florida,19
reconstruction,19
museum,19
v,19
ruff,19
bioarchaeological,19
rose,19
modern,18
fig,18
most,18
buikstra,18
isotope,18
indicators,18
osteoarchaeology,18
interpretation,18
violence,18
smith,18
turner,18
pattern,18
range,18
use,18
stable,18
early,18
humans,17
americans,17
however,17
during,17
microwear,17
sex,17
americas,17
be,17
long,16
armelagos,16
century,16
may,16
site,16
present,16
institution,16
illinois,16
lifestyle,15
asia,15
there,15
science,15
late,15
perspective,15
walker,15
had,15
documented,15
il,15
areas,15
cranial,15
period,15
specific,15
valley,15
recent,15
syphilis,14
such,14
activity,14
review,14
origins,14
ubelaker,14
traits,14
change,14
time,14
food,14
were,14
especially,14
over,14
years,14
differences,13
adult,13
white,13
well,13
social,13
cannibalism,13
many,13
people,13
which,13
yearbook,13
high,13
hutchinson,13
caries,13
anthropological,13
cemetery,13
historical,13
size,13
first,12
muscle,12
identification,12
mean,12
academic,12
record,12
y,12
its,12
southern,12
death,12
samples,12
evolution,12
individuals,12
life,12
powell,12
adaptation,12
information,12
trauma,12
they,11
analyses,11
investigations,11
british,11
warfare,11
de,11
advances,11
van,11
based,11
paleopathology,11
gender,11
highly,11
presence,11
scott,11
permission,11
foods,11
man,11
where,11
frequency,11
can,11
lines,11
mortality,11
wear,11
hemphill,11
transition,11
disruption,11
carbon,11
teaford,11
medieval,10
foraging,10
treponematosis,10
ii,10
farmers,10
molecular,10
case,10
eastern,10
possible,10
genetic,10
tissue,10
forensic,10
identifying,10
called,10
biodistance,10
data,10
status,10
ezzo,10
joints,10
farming,10
understanding,10
nutrition,10
values,10
contact,10
structure,10
africa,10
involving,10
circumstances,10
paper,10
suggests,10
goodman,10
environmental,9
center,9
western,9
defects,9
europe,9
resulting,9
issue,9
point,9
issues,9
central,9
price,9
hypoplasia,9
earlier,9
factors,9
kaestle,9
bridges,9
isotopes,9
because,9
approach,9
leprosy,9
do,9
region,9
roberts,9
general,9
methods,9
northern,9
temporal,9
schoeninger,9
different,9
what,9
city,9
weaning,9
states,9
increased,9
billman,9
represent,8
stone,8
implications,8
georgia,8
suggesting,8
state,8
paleodemography,8
key,8
demography,8
thus,8
cohen,8
mechanical,8
kelley,8
poor,8
craniofacial,8
prehistory,8
elevated,8
impact,8
four,8
show,8
utah,8
lesions,8
schwarcz,8
rourke,8
london,8
edn,8
used,8
molleson,8
reconstructing,8
trends,8
spanish,8
annual,8
using,8
identified,8
tissues,8
perspectives,8
garland,8
sandford,8
only,8
strontium,8
physiological,8
lake,8
plant,8
martin,8
thomas,8
salt,8
evolutionary,8
southwest,8
often,8
current,8
form,8
san,8
when,8
role,8
pietrusewsky,8
our,8
nutritional,8
mays,8
although,8
shift,8
gainesville,8
archeological,8
much,8
common,7
tuscaloosa,7
loading,7
maize,7
grupe,7
lower,7
all,7
estimation,7
occasional,7
king,7
x,7
resources,7
collection,7
frequencies,7
iron,7
due,7
osteoarthritis,7
springfield,7
paleoindians,7
alabama,7
rather,7
his,7
subsistence,7
osteology,7
animals,7
females,7
found,7
cultural,7
appears,7
mummies,7
revealed,7
regions,7
arkansas,7
developmental,7
likely,7
scientific,7
still,7
southeast,7
nubia,7
hypoplasias,7
two,7
childhood,7
relatedness,7
degree,7
bioarchaeologists,7
pathology,7
including,7
increase,7
laboratory,7
california,7
individual,7
like,7
function,7
who,7
indicate,7
diagnosis,7
united,7
sciences,7
natural,7
porotic,7
biomechanical,7
plants,7
theory,7
dentition,7
through,7
african,7
area,7
charles,7
hyperostosis,7
does,6
pääbo,6
later,6
large,6
burton,6
complex,6
biocultural,6
into,6
princeton,6
inc,6
diego,6
homo,6
nature,6
display,6
origin,6
last,6
skull,6
within,6
bending,6
behavioral,6
copenhagen,6
vol,6
diversity,6
postcranial,6
relationships,6
mtdna,6
ability,6
wiley,6
simpson,6
response,6
ambrose,6
kelly,6
oj,6
collagen,6
sample,6
how,6
similar,6
contributions,6
special,6
old,6
stillwater,6
foragers,6
gerven,6
relating,6
burial,6
hoppa,6
russell,6
sedentism,6
island,6
survey,6
regional,6
kennedy,6
either,6
several,6
climate,6
results,6
gordon,6
neolithic,6
berlin,6
kampsville,6
processing,6
reports,6
others,6
schurr,6
less,6
diets,6
pallidum,6
maya,6
interpreting,6
mortuary,6
largely,6
historic,6
mexico,6
least,6
problems,6
adaptations,6
morris,6
adaptive,6
la,6
dead,6
today,6
provide,6
paleodemographic,6
periosteal,6
environment,6
following,6
known,6
colonialism,6
ratio,6
articular,6
assessment,6
pathological,6
animal,6
beginning,6
reactions,6
males,6
both,6
john,6
haplogroup,6
consumption,6
attributes,6
effects,6
owsley,6
society,6
southeastern,6
isotopie,5
group,5
injuries,5
meindl,5
properties,5
baker,5
consistent,5
sources,5
setting,5
steckel,5
studied,5
composition,5
infection,5
owing,5
paleodietary,5
ortner,5
jackes,5
fracture,5
relatively,5
elements,5
oxford,5
tieszen,5
jones,5
rates,5
mesolithic,5
developed,5
levels,5
process,5
osteological,5
wash,5
india,5
resource,5
axis,5
whereas,5
greater,5
societies,5
method,5
representative,5
elemental,5
orbitalia,5
sites,5
harpending,5
blakely,5
marsh,5
reduction,5
related,5
woodland,5
reflect,5
chemistry,5
ratios,5
indicator,5
field,5
few,5
pfeiffer,5
manchester,5
coast,5
st,5
reduced,5
cribra,5
lukacs,5
indeed,5
indicates,5
grauer,5
relationship,5
metric,5
us,5
index,5
archeology,5
schultz,5
wetlands,5
lund,5
shows,5
springerverlag,5
tuross,5
macroscopically,5
cowboy,5
conditions,5
causes,5
low,5
femur,5
jantz,5
so,5
provides,5
anemia,5
interpretations,5
versus,5
joint,5
european,5
types,5
then,5
associated,5
breach,5
precise,5
fertility,5
argue,5
very,5
hillson,5
distribution,5
holocene,5
techniques,5
reveals,5
potential,5
observed,5
numic,5
profiles,5
ca,5
arizona,5
books,4
mostly,4
ursen,4
indicated,4
enthesiopathies,4
adoption,4
identify,4
insertion,4
bias,4
unlike,4
migration,4
contexts,4
being,4
archaeologists,4
spencer,4
potentially,4
link,4
comparative,4
ancestry,4
marine,4
nonmetric,4
lovell,4
verlag,4
linear,4
replacement,4
prior,4
fl,4
condition,4
carlyle,4
juvenile,4
component,4
ufe,4
clark,4
times,4
document,4
body,4
columbia,4
publications,4
weaver,4
pueblo,4
via,4
mycobacterium,4
repatriation,4
approaches,4
moreover,4
brothwell,4
ct,4
marks,4
statistical,4
grains,4
just,4
upper,4
viruses,4
peru,4
plenum,4
result,4
sattenspiel,4
faerman,4
sedentary,4
barium,4
kennewick,4
buried,4
michigan,4
steele,4
literature,4
protein,4
vertebrae,4
sillen,4
inferences,4
lifeways,4
responses,4
kolman,4
settlement,4
involved,4
walimbe,4
revealing,4
anterior,4
ot,4
pa,4
value,4
valuable,4
activities,4
churchill,4
sons,4
infections,4
expansion,4
harris,4
structural,4
wake,4
neves,4
demographic,4
same,4
department,4
paleopathological,4
picture,4
washburn,4
mummy,4
larger,4
surfaces,4
herring,4
mitochondrial,4
material,4
ulijaszek,4
assemblage,4
wood,4
ecology,4
microscopic,4
discussion,4
jankauskas,4
represented,4
sealy,4
asian,4
harvard,4
willey,4
aufderheide,4
chemical,4
authors,4
plains,4
derived,4
genetics,4
robusticity,4
course,4
relation,4
species,4
norr,4
dimensions,4
degenerative,4
length,4
canada,4
attachment,4
addressed,4
jacobi,4
orlando,4
suppl,4
carbondale,4
nitrogen,4
set,4
colorado,4
east,4
shifts,4
person,4
growing,4
medical,4
proceedings,4
investigation,4
u,4
level,4
ancestral,4
marlar,4
adapted,4
measure,4
soft,4
morphological,4
include,4
canadian,4
anatomical,4
forming,4
little,4
interaction,4
der,3
resulted,3
introduction,3
church,3
mobility,3
tend,3
informative,3
second,3
position,3
geometric,3
occurred,3
cornell,3
hayes,3
craniometrie,3
practices,3
women,3
königsberg,3
negative,3
odense,3
diffusion,3
rorida,3
filon,3
pathogen,3
england,3
limb,3
leading,3
inferring,3
cemeteries,3
china,3
dd,3
venereal,3
context,3
tayles,3
system,3
documenting,3
scratches,3
globe,3
anthropologists,3
victims,3
carbohydrate,3
lifetime,3
compelling,3
insight,3
fractures,3
west,3
reflecting,3
infer,3
bottom,3
diaphyseal,3
along,3
fitzgerald,3
masticatory,3
conflict,3
collapse,3
southwestern,3
estimating,3
severe,3
spectrum,3
quality,3
eating,3
characteristic,3
santa,3
profound,3
bergin,3
catherines,3
influence,3
interesting,3
essential,3
incidence,3
importance,3
direct,3
creek,3
von,3
consequences,3
means,3
occupational,3
river,3
linked,3
section,3
elsewhere,3
paleopathologists,3
verano,3
commonly,3
calcium,3
surface,3
founding,3
lynnerup,3
cut,3
ithaca,3
standards,3
declined,3
access,3
amsterdam,3
out,3
changed,3
carolina,3
rodning,3
eat,3
initial,3
further,3
nineteenth,3
leonard,3
applied,3
trinkaus,3
tool,3
teotihuacan,3
future,3
experience,3
crowding,3
scars,3
place,3
nubian,3
treponema,3
structures,3
ontario,3
iscan,3
showing,3
interpreted,3
nj,3
bodies,3
stockholm,3
caused,3
suggest,3
prevalence,3
gene,3
spence,3
visible,3
generally,3
weiss,3
progress,3
arbor,3
keenleyside,3
located,3
once,3
communities,3
dahlberg,3
q,3
vs,3
inoue,3
makes,3
thought,3
albert,3
continuity,3
under,3
mielke,3
experimental,3
indian,3
robust,3
conkey,3
bullington,3
academy,3
addition,3
fact,3
outside,3
treatment,3
torsional,3
contemporary,3
men,3
enough,3
calcagno,3
peopling,3
project,3
grave,3
blerkom,3
plane,3
local,3
persona,3
retzius,3
birth,3
made,3
spigelman,3
identity,3
eaten,3
began,3
bennike,3
chichester,3
oxenham,3
engineers,3
described,3
open,3
comprehensive,3
would,3
ny,3
spread,3
skulls,3
features,3
merbs,3
maxillary,3
improved,3
preservation,3
carlson,3
garn,3
italy,3
we,3
pastor,3
incisor,3
fogel,3
flesh,3
modification,3
ann,3
addressing,3
kaifu,3
ecological,3
worldwide,3
collections,3
lawrence,3
originated,3
responsible,3
greenland,3
lineages,3
oppenheim,3
considered,3
changing,3
tipu,3
bronze,3
rathbun,3
quickly,3
deficiencies,3
cultures,3
attribute,3
extraction,3
sampling,3
did,3
straightforward,3
ph,3
report,3
distinctive,3
better,3
hall,3
economy,3
spatial,3
them,3
stability,3
cooking,3
cause,3
particular,3
college,3
number,3
oxygen,3
bacteria,3
mayhall,3
researchers,3
pits,3
ohio,3
molar,3
became,3
athens,3
williamson,3
simply,3
indians,3
ecuador,3
pcr,3
chile,3
blakey,3
subadult,3
finding,3
frayer,3
cirencester,3
offer,3
abu,3
measuring,3
nonvenereal,3
archaic,3
comparison,3
pathogenic,3
sudanese,3
themselves,3
johnson,3
national,3
asymmetry,3
element,3
blastomycosis,3
strong,3
major,3
miller,2
given,2
lemma,2
tokyo,2
dale,2
now,2
currently,2
polymerase,2
done,2
sciulli,2
if,2
arctic,2
war,2
battle,2
haplogroups,2
histological,2
cells,2
fingers,2
reckoning,2
philadelphia,2
schutkowski,2
rchaeological,2
kinds,2
masset,2
experientia,2
quebec,2
horowitz,2
merriwether,2
ways,2
brandt,2
trace,2
excavation,2
necessarily,2
amplification,2
inequality,2
hominid,2
sr,2
arikara,2
village,2
uppercave,2
australians,2
rafi,2
variety,2
source,2
exostoses,2
wolff,2
test,2
schiffer,2
swedish,2
production,2
mercury,2
words,2
moundville,2
yaws,2
height,2
affinities,2
incisors,2
simple,2
timing,2
assembled,2
mississippi,2
chatters,2
ungar,2
date,2
murray,2
those,2
deriving,2
decreased,2
siberia,2
imprecise,2
kieser,2
side,2
oxus,2
narrower,2
tyson,2
primary,2
shafts,2
iv,2
microscopy,2
northeast,2
tracing,2
reaction,2
bibliography,2
structurally,2
obvious,2
taking,2
combination,2
far,2
horticultural,2
above,2
humpf,2
chronic,2
remodeling,2
spuren,2
wallace,2
labor,2
biohistory,2
million,2
oaxaca,2
throughout,2
jurmain,2
differential,2
fayetteville,2
accuracy,2
dying,2
consumed,2
since,2
scurvy,2
author,2
faces,2
contributors,2
acta,2
sakashita,2
crania,2
jr,2
nwcoast,2
exercise,2
estimates,2
dean,2
striae,2
paleodiet,2
amount,2
back,2
subjects,2
determination,2
generated,2
allowing,2
egypt,2
zumwalt,2
child,2
even,2
dry,2
critique,2
bioarcheology,2
languages,2
higher,2
civilization,2
town,2
reflects,2
bog,2
westport,2
subjected,2
devastating,2
garvey,2
harrington,2
troubled,2
across,2
molars,2
breadth,2
basic,2
hansen,2
coastal,2
midwest,2
notion,2
active,2
fungal,2
cave,2
burials,2
conner,2
spirochete,2
multivariate,2
gathering,2
injury,2
green,2
consider,2
severity,2
intensive,2
emergence,2
guler,2
bay,2
articulated,2
jaws,2
northeastern,2
sobolik,2
reviewed,2
recovered,2
powerful,2
drought,2
beyond,2
rice,2
requires,2
parr,2
pleistocene,2
gambhir,2
strategy,2
adcock,2
drawing,2
differently,2
view,2
howells,2
challenges,2
chronological,2
station,2
closely,2
advance,2
problem,2
bilateral,2
location,2
dempsey,2
allow,2
deciduous,2
plot,2
paleonutrition,2
young,2
seven,2
arriaza,2
diagenesis,2
events,2
accentuated,2
killion,2
base,2
palfi,2
big,2
dongoske,2
accessing,2
criteria,2
chinese,2
blow,2
biomechanics,2
metabolism,2
reviews,2
hanson,2
province,2
produced,2
torroni,2
gone,2
melbye,2
wide,2
kronan,2
aging,2
malnutrition,2
aspects,2
globally,2
shape,2
syria,2
knyf,2
work,2
douglas,2
nucleus,2
reid,2
fraser,2
palaeopathology,2
nonspecific,2
claim,2
bailit,2
part,2
waldron,2
juveniles,2
remarkable,2
cosmochimica,2
whole,2
toronto,2
broad,2
records,2
lifeway,2
pan,2
geochimica,2
surrounding,2
capasso,2
judd,2
sutton,2
alan,2
facial,2
photosynthesis,2
memoirs,2
cockburn,2
massacre,2
detailed,2
steward,2
sense,2
hard,2
below,2
useful,2
deniro,2
cold,2
steponaitis,2
wellbeing,2
leprae,2
contrast,2
blitz,2
kreutz,2
diagnostic,2
around,2
hemisphere,2
small,2
enslaved,2
characteristics,2
components,2
bray,2
australian,2
texas,2
methodological,2
descendants,2
up,2
extracted,2
und,2
favetteville,2
genome,2
structured,2
inform,2
auditory,2
deficiency,2
periods,2
barbara,2
pearson,2
therefore,2
ana,2
inhabitants,2
crow,2
materials,2
mesa,2
fiorato,2
publishers,2
economic,2
mark,2
schmidt,2
limited,2
play,2
classic,2
nearly,2
female,2
göttingen,2
johansson,2
tropical,2
apatite,2
fagre,2
tor,2
terrain,2
movement,2
fabig,2
amerindian,2
hominids,2
pacific,2
indus,2
caspari,2
hureyra,2
represents,2
mission,2
technology,2
columbus,2
mobile,2
water,2
tn,2
breakage,2
bellantoni,2
remodel,2
trophic,2
culture,2
wright,2
sherwood,2
eisenberg,2
moments,2
rise,2
published,2
cybulski,2
longer,2
angel,2
lamb,2
members,2
lewis,2
humérus,2
law,2
book,2
precontact,2
available,2
rib,2
flat,2
paine,2
aymyrlyg,2
étal,2
ossuary,2
fundamental,2
frean,2
scholars,2
iberian,2
murphy,2
euroamericans,2
diverse,2
discussed,2
external,2
typological,2
honor,2
conclusions,2
monographs,2
ground,2
chain,2
increases,2
model,2
manner,2
respiratory,2
purposes,2
kozlovskaya,2
council,2
anthropologie,2
woman,2
bass,2
acids,2
stewart,2
intensification,2
routledge,2
distance,2
fanning,2
grasshopper,2
differentiation,2
another,2
spector,2
meaningful,2
institute,2
examples,2
assemblages,2
organisms,2
affinity,2
eastman,2
enormous,2
top,2
findings,2
host,2
expression,2
refers,2
affects,2
sequence,2
questions,2
actual,2
recovery,2
cooked,2
wolpoff,2
markers,2
nevertheless,2
dating,2
theoretical,2
scanning,2
clear,2
three,2
publication,2
perpendicular,2
damage,2
dominated,2
stresses,2
after,2
midshaft,2
black,2
comparing,2
systems,2
archaeometry,2
become,2
narrow,2
assessing,2
acquire,2
anderson,2
effect,2
ate,2
lithuanian,2
cape,2
rickets,2
kealhofer,2
modifications,2
division,2
conquest,2
increasing,2
dealing,2
yr,2
groupings,2
applications,2
mires,2
dutour,2
processed,2
continued,2
usually,2
osteoarchaeolosy,2
tarim,2
fewer,2
widespread,2
seen,2
strongly,2
otago,2
carbohydrates,2
basel,2
importantly,2
sequences,2
plasticity,2
beam,2
remembrance,2
why,2
kill,2
quite,2
frontier,2
vasa,2
aboriginal,2
itself,2
problematic,2
woodlands,2
arcini,2
dissertation,2
abandonment,2
deposited,2
any,2
liss,2
pinta,2
complexity,2
peoples,2
measurements,2
agents,2
congenital,2
geographic,2
symbolic,2
discrete,2
terrestrial,2
kumar,2
arthritis,2
offers,2
gaps,2
mitochondria,2
defining,2
berkeley,2
tendencies,2
cox,2
readily,2
sheep,2
exploration,2
best,2
universal,2
regard,2
foundation,2
handt,2
clearly,2
denotes,2
salo,2
richardson,2
degusta,2
barondess,2
bands,2
quito,2
sexual,2
according,2
explanations,2
poirier,2
making,2
microscopically,2
hanihara,2
herrmann,2
always,2
while,2
cloning,2
argued,2
extract,2
healthy,2
grades,2
episode,2
fricke,2
infant,2
middle,2
disability,2
backbone,2
socioeconomic,2
marking,2
multiple,2
vertebral,2
affecting,2
variability,2
egyptian,2
investigated,2
domesticates,2
frankenberg,2
colonial,2
putschar,2
slight,2
webb,2
question,2
formation,2
shown,2
tell,2
histology,2
difference,2
similarity,2
decrease,2
paradigm,2
numerous,2
mccaa,2
extensive,2
microstructure,2
mutations,2
build,2
lytle,2
association,2
classification,2
offered,2
homicide,2
pioneering,2
cell,2
braidwood,2
zhu,2
chicago,2
cook,2
sharing,2
develop,2
khoisan,2
peabody,2
among,2
ends,2
redmond,2
ethnology,2
infancy,2
should,2
building,2
close,2
coworkers,2
hypothesis,2
scoring,1
osteomorphognostic,1
banum,1
defective,1
osteoarchaeoloey,1
extramasticatory,1
kluwer,1
deak,1
order,1
xinjian,1
instituto,1
boylston,1
amplify,1
rate,1
silica,1
significant,1
page,1
metal,1
buzhilova,1
oriented,1
examining,1
feces,1
integrative,1
ethics,1
navatu,1
way,1
paleobiology,1
spitalfields,1
substances,1
meaning,1
nordqvist,1
ligament,1
suggested,1
louis,1
uamdnage,1
commitment,1
barros,1
eskaleutian,1
unfounded,1
extreme,1
reconsidered,1
reconstructed,1
trans,1
margins,1
hissar,1
red,1
neurofibromatosis,1
kahl,1
measures,1
alone,1
economies,1
erkrankungen,1
diagnose,1
neave,1
amplifying,1
succession,1
poblaciones,1
utility,1
baluchistan,1
notably,1
originate,1
manuscript,1
distributed,1
jerome,1
systemic,1
linguistic,1
mouth,1
comparability,1
mongoloid,1
nagpra,1
farrar,1
tasks,1
bei,1
twelfth,1
needed,1
globalization,1
replaced,1
he,1
missionization,1
shoulders,1
spine,1
bajuwarischen,1
incorporated,1
measurement,1
browning,1
essays,1
mad,1
hickey,1
kindesalters,1
referring,1
personé,1
coppa,1
nichol,1
library,1
sets,1
gniyter,1
mcwhin,1
chromosomes,1
ankara,1
completely,1
retardation,1
postdepositional,1
easily,1
weidman,1
oftowton,1
epidemiological,1
elerick,1
sickle,1
inference,1
considerations,1
horst,1
former,1
masks,1
tempered,1
forever,1
robinson,1
gamble,1
organic,1
presents,1
evaluating,1
variants,1
cusp,1
ameloblasts,1
before,1
postreconstruction,1
uses,1
botella,1
edu,1
track,1
oregon,1
detected,1
chief,1
calvinbenson,1
fires,1
cutting,1
highlight,1
wetzel,1
file,1
burlingame,1
round,1
andnorris,1
anything,1
coding,1
ingestion,1
humanos,1
khalak,1
transitions,1
standen,1
australia,1
pubic,1
nonveneral,1
hagelberg,1
certainly,1
bioapatite,1
fishergate,1
preceding,1
localities,1
cabell,1
comprehensively,1
pervasive,1
derives,1
antiguas,1
inkinp,1
originally,1
repertoire,1
give,1
military,1
peacock,1
historians,1
scammell,1
address,1
doubleday,1
arrival,1
stover,1
munich,1
emerged,1
aldine,1
verlagsbuchhandlung,1
steadman,1
myoglobin,1
eats,1
switzerland,1
experiments,1
editions,1
gary,1
damaged,1
dramatically,1
shaped,1
could,1
continue,1
broken,1
thank,1
confirming,1
ferrell,1
citizens,1
encapsulate,1
able,1
hackett,1
thanks,1
brian,1
reveal,1
grigson,1
nelsen,1
radiography,1
schoeningen,1
wore,1
hunting,1
cupped,1
scheme,1
carnegie,1
osteoarchaeologv,1
hubert,1
anthropoloey,1
help,1
xx,1
intruders,1
hazards,1
biologists,1
horses,1
ragsdale,1
greatly,1
precisely,1
influences,1
chiefdoms,1
henry,1
principal,1
contrasting,1
langhorne,1
political,1
bocherens,1
alike,1
discipline,1
reading,1
pertains,1
wagner,1
diros,1
declines,1
cloud,1
deadly,1
cortical,1
biogeochemical,1
daniel,1
stopped,1
racial,1
explosive,1
nowhere,1
ltd,1
méxico,1
greenville,1
existence,1
gibson,1
polymorphic,1
blackening,1
projectile,1
lea,1
reassessed,1
derevenski,1
prone,1
continuum,1
motion,1
bases,1
defect,1
mass,1
amplified,1
mutation,1
draw,1
killed,1
geophysical,1
disseminated,1
fijian,1
deal,1
zur,1
inverse,1
quantities,1
sapiens,1
determined,1
nasidze,1
wiedeman,1
facilitating,1
burning,1
reaching,1
hungry,1
buckley,1
reyman,1
functions,1
greene,1
consumers,1
brun,1
donlon,1
vital,1
calculated,1
dioxide,1
harbour,1
percy,1
dopulations,1
smooth,1
boule,1
mizoguchi,1
processes,1
establishment,1
familial,1
pairs,1
jermiin,1
fur,1
quantity,1
representing,1
collegium,1
kulubnarti,1
sandusky,1
identifies,1
frankel,1
monastic,1
neural,1
perturbations,1
hauser,1
phenotype,1
treponematoses,1
localized,1
interestingly,1
multiattribute,1
zhou,1
exposed,1
tomographic,1
avenues,1
odontometric,1
regarding,1
craniometry,1
andrew,1
voorhis,1
accessible,1
venter,1
plaques,1
comments,1
leigh,1
hureya,1
electron,1
waifs,1
xy,1
ayalan,1
bowman,1
nummi,1
rheumatoid,1
anthroooloex,1
straubing,1
geochemistry,1
representations,1
langhome,1
grooves,1
tatarek,1
nomads,1
reject,1
sonderdruck,1
mm,1
intentional,1
arrested,1
borderlands,1
flattening,1
visited,1
amerindians,1
anomalous,1
hodges,1
software,1
burying,1
genotype,1
invaders,1
agent,1
seventh,1
interest,1
mult,1
madness,1
reproduced,1
concentrations,1
nondomesticated,1
gendered,1
medicine,1
consumer,1
occurs,1
club,1
kvall,1
application,1
acetabular,1
co,1
anthrooolosy,1
encyclopedia,1
adaptationism,1
weingarten,1
realization,1
shavit,1
preparation,1
hawkey,1
topic,1
expected,1
options,1
farewell,1
ferguson,1
plasma,1
thing,1
sustain,1
thereof,1
cases,1
sheety,1
sedentarism,1
developments,1
torsion,1
koniag,1
posterior,1
patch,1
canal,1
osteoarchaeoloftx,1
casebook,1
grape,1
refer,1
renier,1
convincing,1
etruscan,1
highest,1
univariate,1
dnas,1
organism,1
patawomeke,1
bight,1
hardham,1
fourier,1
circumference,1
excavations,1
continuous,1
third,1
gilbertine,1
canine,1
sequential,1
dundurn,1
diarrhea,1
drawn,1
gilbert,1
bcienunc,1
indentations,1
designed,1
crubezy,1
ecosystems,1
febiger,1
postagricultural,1
landmark,1
manipulación,1
william,1
simplistic,1
biogechemical,1
castro,1
metamorphosis,1
understood,1
pronounced,1
flipo,1
monographic,1
error,1
christensen,1
poorly,1
traumatic,1
perfiles,1
rogers,1
perfect,1
remind,1
morphometric,1
photographing,1
employ,1
media,1
divergence,1
wounds,1
steinbock,1
mimicking,1
tribal,1
mtnatogawa,1
competition,1
racism,1
steinzeitlichen,1
éry,1
tonga,1
norse,1
primates,1
russian,1
demineralization,1
acid,1
stuartwilliams,1
exact,1
ruffand,1
morton,1
links,1
middling,1
continent,1
absent,1
snake,1
wellfounded,1
geochemistrx,1
sum,1
debated,1
postcontact,1
kniisel,1
edward,1
illustration,1
fujii,1
higginsjp,1
sort,1
influential,1
en,1
landscape,1
curvature,1
merri,1
grafion,1
menschheit,1
gill,1
stuttgart,1
crownsville,1
phosphate,1
environments,1
adopted,1
albumins,1
requisite,1
kodiak,1
harn,1
accurate,1
ontogeny,1
arm,1
determining,1
alteraciones,1
whyte,1
moreschini,1
resume,1
progressive,1
turn,1
publisher,1
humanity,1
alvnis,1
leave,1
residential,1
fat,1
huge,1
hardships,1
rank,1
denise,1
kluay,1
clayton,1
goltze,1
illustrations,1
limitation,1
productive,1
essentials,1
mortal,1
miscellaneous,1
front,1
supplements,1
bramblett,1
consistency,1
diez,1
support,1
detective,1
márquez,1
lives,1
downward,1
solutions,1
category,1
maryland,1
discernible,1
acquisition,1
ousley,1
nor,1
meldgaard,1
byproducts,1
countries,1
genocide,1
paris,1
speculative,1
alaskan,1
representativeness,1
geselowitz,1
possibly,1
entzündungen,1
organization,1
yinshang,1
established,1
physically,1
cartesian,1
rubini,1
maples,1
diference,1
berry,1
expectancy,1
biosocial,1
energy,1
director,1
nebel,1
mechanisms,1
fortifications,1
days,1
interregional,1
placed,1
traces,1
displays,1
ufeways,1
excitement,1
dodson,1
schichte,1
differs,1
townsend,1
too,1
profile,1
brachycranic,1
threat,1
protocols,1
gloucester,1
shorter,1
liljekvist,1
dietm,1
pains,1
orange,1
lifespan,1
cotton,1
peninsula,1
modeled,1
comparisons,1
evaluation,1
fronts,1
pediatrie,1
mutilation,1
permanent,1
bright,1
crassulacean,1
maquet,1
og,1
endemic,1
kciciuu,1
discouraging,1
variate,1
preference,1
providing,1
strengthen,1
appear,1
dispersion,1
nebraska,1
disappeared,1
assessments,1
ruggedness,1
causation,1
matching,1
behaviour,1
diachronic,1
avant,1
expressed,1
moving,1
ou,1
bl,1
pelvic,1
dynamics,1
guale,1
slave,1
krueger,1
cd,1
avenue,1
transmission,1
latitudes,1
hemphilk,1
harmon,1
appearance,1
pijoan,1
conservative,1
erosion,1
hands,1
traditionally,1
treatments,1
ofhesquiat,1
resembles,1
danmark,1
nutrients,1
crowd,1
demands,1
birthrates,1
omnivorous,1
iconographie,1
rassenee,1
shared,1
unpudlished,1
trophically,1
huesos,1
biomolecular,1
survivors,1
extinct,1
knisel,1
processually,1
kulkarni,1
nam,1
alepotrypa,1
metaconule,1
symptoms,1
genes,1
density,1
sword,1
jacobiá,1
furlong,1
honoring,1
gmlnvx,1
traced,1
transactions,1
equal,1
polishing,1
focused,1
perimortem,1
labial,1
lethal,1
tools,1
viewed,1
recently,1
edicions,1
boyd,1
intensity,1
cannot,1
biases,1
estimate,1
excellent,1
younger,1
bellaterra,1
mulhern,1
compensatory,1
monograph,1
carpathan,1
breastfeeding,1
abrasive,1
procedures,1
confirmation,1
excavators,1
explain,1
syntheses,1
multidisciplinar,1
hodge,1
salzberg,1
levant,1
chidambaram,1
acknowledgments,1
cordain,1
dentoalveolar,1
beaker,1
adolescent,1
unchallenged,1
eliminate,1
hunters,1
humanityá,1
bactrian,1
abuse,1
westdort,1
errance,1
almost,1
directly,1
provincial,1
discordance,1
having,1
feeding,1
yalcin,1
distinctiveness,1
basis,1
rohmann,1
distinguish,1
mancatore,1
gügel,1
rare,1
artifacts,1
etruria,1
dog,1
overuse,1
lanzenby,1
received,1
reinhard,1
los,1
sheridan,1
reader,1
opal,1
brought,1
harvie,1
horse,1
characterization,1
attacked,1
ebola,1
stecke,1
discusses,1
basement,1
training,1
civil,1
atacama,1
vadde,1
papathanasiou,1
knowledge,1
apparent,1
coded,1
homeland,1
irish,1
teramo,1
periodicity,1
afroamericans,1
got,1
wharram,1
osteoarchaeoloxy,1
loss,1
mountainous,1
overview,1
gave,1
phylogenetic,1
oldenbourg,1
discussions,1
castillo,1
deformities,1
kunos,1
sygdomme,1
accidental,1
mn,1
boddington,1
hawai,1
noted,1
fruitful,1
reoccupied,1
increasingly,1
knees,1
xinjiang,1
lingering,1
bradman,1
infantile,1
call,1
forces,1
kimmerle,1
gómez,1
somewhere,1
illustrative,1
danforth,1
away,1
schwartz,1
haven,1
humanbiologia,1
workload,1
ahlstrorn,1
obermiller,1
stanford,1
palanduz,1
subspecies,1
withstand,1
connections,1
polity,1
morphologic,1
graduate,1
weeks,1
nonmarine,1
radiological,1
subtle,1
quarterly,1
priory,1
raleigh,1
someone,1
dentally,1
tough,1
running,1
solution,1
computer,1
construct,1
bond,1
blondiaux,1
alcauskas,1
successful,1
presented,1
ago,1
corresponds,1
alterations,1
zinc,1
lowest,1
borkan,1
distances,1
buildings,1
louisiana,1
theoretically,1
stage,1
bourke,1
swedlund,1
spicules,1
peruvian,1
huttley,1
irondeficiency,1
ku,1
emerging,1
event,1
family,1
quantification,1
inactive,1
mound,1
chamberlain,1
incomparability,1
decay,1
mineral,1
shapes,1
june,1
wider,1
immigration,1
grow,1
depression,1
keegan,1
engenders,1
jiménez,1
mi,1
beck,1
ericson,1
suddenly,1
ancestors,1
portions,1
fetal,1
brown,1
fully,1
conquistadors,1
anaemia,1
productivity,1
inaccessible,1
osteoporosis,1
ketchum,1
dorn,1
woolf,1
pigeonholing,1
subgroups,1
anatomy,1
steppes,1
goggel,1
lansing,1
newly,1
anthropologische,1
preliminary,1
lincoln,1
structuring,1
am,1
undow,1
ohioé,1
schematic,1
mechanics,1
kunzelmann,1
aleuts,1
palaeoepidemiological,1
input,1
survived,1
replacing,1
span,1
will,1
voi,1
critical,1
costa,1
hatch,1
partially,1
bactrians,1
quarry,1
witwatersrand,1
lieberman,1
investigating,1
mesocranic,1
critics,1
fund,1
demand,1
tendon,1
matter,1
incredible,1
absence,1
viet,1
nonanthropologists,1
merrett,1
noble,1
enzymatic,1
squared,1
prähistorischen,1
usher,1
originede,1
incorrect,1
petos,1
academx,1
short,1
synthesis,1
experiencing,1
overall,1
shovelling,1
demográficos,1
routinely,1
subject,1
endemicum,1
corporation,1
neel,1
brief,1
islands,1
rskeleten,1
kalmus,1
moreove,1
positioned,1
nuorala,1
community,1
odontometrics,1
grande,1
make,1
easteal,1
estimations,1
interactions,1
bertram,1
coimbra,1
drilled,1
semna,1
closet,1
noms,1
territory,1
thailand,1
tarquinian,1
oî,1
catalina,1
ofj,1
aggressor,1
remain,1
engineering,1
verde,1
percentage,1
artiach,1
scarcity,1
guide,1
depicted,1
simultaneous,1
hohokam,1
kent,1
criticism,1
columbusá,1
edited,1
muscles,1
lifting,1
intuitively,1
ery,1
push,1
extraneous,1
tremendous,1
coverage,1
added,1
marginal,1
paradox,1
shipman,1
straus,1
atwell,1
evolved,1
seeing,1
ßthalassaemia,1
restricted,1
knowler,1
hertzog,1
historia,1
challenged,1
inconsistencies,1
osteoarchaeolopv,1
sorìptv,1
neither,1
differentiate,1
aerie,1
anthropologischer,1
elizabeth,1
osteoarchaeologx,1
constant,1
magennis,1
symptomatic,1
included,1
insanity,1
rapers,1
kinnes,1
bind,1
complete,1
emergent,1
lord,1
sanitation,1
apres,1
performed,1
somewhat,1
kilgore,1
subarctic,1
ethnographic,1
mediaeval,1
immortality,1
tuohy,1
aforementioned,1
wiechmann,1
lactation,1
nineteenthcentury,1
jaw,1
insights,1
joyce,1
donnelly,1
illustrated,1
mancos,1
santos,1
begins,1
speaking,1
whittington,1
domett,1
lubell,1
knocking,1
relatity,1
bipedal,1
esarey,1
decomposition,1
enterprises,1
regardless,1
bloomsbury,1
lee,1
volume,1
ceramic,1
lack,1
simulation,1
actually,1
mogliazza,1
oral,1
osteopenia,1
unspezifischer,1
etiology,1
cavities,1
purified,1
heritage,1
tnmiss,1
power,1
stronger,1
sandison,1
stories,1
spondylosis,1
antropologicum,1
kinde,1
similarly,1
varies,1
dublenko,1
lucy,1
rsen,1
nevada,1
hrdlicka,1
experienced,1
residence,1
nave,1
zvelebil,1
marianas,1
lacked,1
edigrafial,1
weightbearing,1
tyears,1
covariance,1
consideration,1
limit,1
hollow,1
preserve,1
head,1
villa,1
krogman,1
lesion,1
strickland,1
epidemiology,1
niwot,1
instability,1
post,1
merwe,1
mujumdar,1
rural,1
diagnoses,1
documents,1
abstract,1
exclusion,1
witnesses,1
extended,1
attempting,1
rodents,1
schutkoski,1
scar,1
utterback,1
tepe,1
habitat,1
distal,1
janaway,1
golden,1
distributions,1
considerable,1
fashion,1
jump,1
decipher,1
asavageé,1
ledger,1
removal,1
fragments,1
baud,1
variations,1
depict,1
channel,1
periosteum,1
blunt,1
forms,1
ages,1
antropologia,1
hand,1
adjacent,1
epigenetic,1
tales,1
archaeologies,1
skelettfvnden,1
ballinger,1
keys,1
unit,1
secular,1
streptococcus,1
continuing,1
developing,1
validity,1
kahila,1
coarse,1
richards,1
accepted,1
inhabit,1
non,1
inflammatory,1
smallpox,1
ice,1
strategies,1
confrontation,1
coincided,1
forth,1
dentistry,1
huntergatherer,1
necessary,1
digging,1
japan,1
twins,1
osteologists,1
niederbayern,1
greenblatt,1
exceeds,1
children,1
bichell,1
rothhammer,1
impoverished,1
mihesuah,1
chalcolithic,1
morfín,1
eskimos,1
amelogin,1
fcranial,1
reflected,1
free,1
remarkably,1
deficit,1
regionally,1
day,1
easteners,1
civilized,1
stead,1
braincase,1
herbivores,1
physique,1
demonstrated,1
kansas,1
crown,1
classes,1
subtropical,1
lasting,1
associates,1
vast,1
reed,1
lost,1
txjl,1
warship,1
chiefly,1
ribs,1
implicated,1
helps,1
orthopaedics,1
slaves,1
evanston,1
israel,1
desert,1
galloway,1
kruger,1
fungi,1
thickness,1
osteologicalparadox,1
sciatic,1
previously,1
turnerwalker,1
nonabrasive,1
intermountain,1
silverman,1
manifestations,1
genetically,1
ö,1
solemn,1
minds,1
europeans,1
bocquetappel,1
reburial,1
lumbar,1
lipoprotein,1
neilj,1
entirely,1
unfortunately,1
hypotheses,1
knoltfcx,1
atrophy,1
palaopathologie,1
assumption,1
plantation,1
amazonia,1
emphasize,1
iregren,1
mississippians,1
jung,1
aside,1
products,1
brade,1
humanlike,1
trend,1
blumberg,1
maturation,1
discontinuity,1
mahadaha,1
insults,1
ys,1
trust,1
bivariate,1
gwinn,1
toes,1
infracranial,1
improvements,1
theories,1
krings,1
students,1
specimen,1
swanton,1
nuclear,1
masquerading,1
theses,1
dundas,1
ties,1
trade,1
bacterial,1
copetown,1
significance,1
budapestinensis,1
fracturing,1
urbana,1
hungary,1
akademisk,1
reality,1
bonafede,1
scandinavia,1
peripheral,1
randsborg,1
tuva,1
points,1
clue,1
akhziv,1
photography,1
currey,1
cartilage,1
amounts,1
interpret,1
subadults,1
workers,1
dansie,1
newman,1
taphonomic,1
symposium,1
christopher,1
feasible,1
pap,1
tubes,1
good,1
lifestyles,1
reviewers,1
collaboration,1
zealand,1
washbum,1
berattar,1
anthronoloqx,1
ensay,1
attribution,1
farms,1
twm,1
linking,1
foresman,1
easter,1
lukehart,1
mammals,1
probable,1
stimulation,1
excavated,1
authentication,1
abundant,1
amino,1
latter,1
chance,1
leg,1
never,1
spindler,1
inuit,1
erich,1
oxbow,1
agriculturalists,1
bioarchaeologial,1
signatures,1
graves,1
ozturk,1
labour,1
holtzhausen,1
arise,1
computed,1
feet,1
eloquent,1
txarchajc,1
thome,1
topics,1
chinchorro,1
aus,1
attendant,1
butchered,1
hi,1
enjoyed,1
corners,1
learn,1
schweizerbaris,1
intake,1
implication,1
preand,1
analyze,1
roses,1
greece,1
differ,1
patuxent,1
wells,1
reidy,1
tendency,1
destruction,1
industrialization,1
relative,1
bpneolithic,1
atlas,1
caution,1
theonly,1
controversial,1
peterson,1
haines,1
soil,1
questionable,1
attention,1
epidemiologie,1
counting,1
applies,1
mutans,1
metrics,1
giroux,1
flanking,1
separate,1
alaska,1
infants,1
compendium,1
ranging,1
things,1
trustees,1
defensible,1
yields,1
neale,1
eburnation,1
depressed,1
topography,1
grafisk,1
archipelago,1
defleshing,1
imply,1
indoeuropean,1
tempe,1
conauest,1
me,1
hardto,1
garvev,1
coupled,1
publishing,1
note,1
delhi,1
cow,1
window,1
declining,1
marrow,1
lot,1
meets,1
george,1
phillip,1
gan,1
phytoliths,1
taraxacum,1
five,1
foreign,1
france,1
lends,1
plays,1
ideology,1
testing,1
gullov,1
mollerchristensen,1
program,1
spectoré,1
hill,1
begin,1
suggestive,1
ine,1
inside,1
polygenic,1
deteriorating,1
cereal,1
leslie,1
primarily,1
burr,1
bulletin,1
remodels,1
trait,1
investigators,1
inviting,1
abnormal,1
vargiu,1
directions,1
yale,1
imperialism,1
seventeenth,1
force,1
enthesiopathy,1
grinding,1
vullo,1
interplay,1
hommid,1
wilson,1
problematics,1
anasazi,1
gangetic,1
berato,1
covering,1
cruwys,1
clues,1
vaults,1
solano,1
perhaps,1
construction,1
blood,1
gorman,1
mans,1
middelalderens,1
respect,1
lip,1
eugene,1
prag,1
phillips,1
osseous,1
centuries,1
months,1
exists,1
instances,1
walking,1
heathcote,1
face,1
worlds,1
interpretive,1
missouri,1
zoller,1
crowded,1
notch,1
clinical,1
kiver,1
cam,1
tribe,1
erode,1
nacional,1
subscript,1
freshwater,1
indictors,1
forest,1
wars,1
authorities,1
victoria,1
heavy,1
treponarid,1
mcdonald,1
lipping,1
historian,1
shaffer,1
mcleod,1
depending,1
mtdnas,1
carnivores,1
anonymous,1
león,1
conjunction,1
nervous,1
ve,1
extending,1
longstaffe,1
sharkey,1
morphometrics,1
struck,1
rites,1
legge,1
dimorphism,1
detect,1
sinusitis,1
springerverlaß,1
bush,1
discrepancy,1
eskimo,1
howell,1
beitrag,1
fluctuating,1
cohn,1
meiklejohn,1
droughts,1
rchaeology,1
susceptible,1
historischen,1
darwin,1
griffin,1
sky,1
pt,1
earle,1
squatting,1
nagele,1
brazilian,1
column,1
kuhlman,1
coincides,1
weaponry,1
puebloan,1
know,1
outcome,1
flow,1
continental,1
johannesburg,1
ppm,1
chewing,1
colonization,1
control,1
rainfall,1
each,1
elbows,1
scythian,1
chapman,1
ancestor,1
almshouse,1
hips,1
szpunar,1
assumed,1
interested,1
forlag,1
maternal,1
board,1
variable,1
illnesses,1
boldsen,1
politics,1
barcelona,1
kaminalju,1
erickson,1
nubians,1
scenario,1
numbering,1
inquiry,1
bowing,1
dennis,1
eventually,1
er,1
hospital,1
stoneking,1
plague,1
somer,1
anzeiger,1
baryosef,1
comiccini,1
survev,1
coprolite,1
generalized,1
associations,1
purview,1
domesticated,1
nordin,1
chumash,1
sempowski,1
prospects,1
lukenan,1
utilized,1
holcomb,1
admixture,1
horticulture,1
elites,1
possibility,1
mav,1
places,1
feminist,1
catalogue,1
vive,1
stature,1
mansilla,1
lonaon,1
tupimonde,1
cortez,1
cuvillier,1
senegalese,1
transmitted,1
glenview,1
combined,1
whether,1
terms,1
adults,1
list,1
ones,1
references,1
postcolumbian,1
och,1
mandible,1
tréponèmes,1
hutas,1
neonatalline,1
che,1
berkhauser,1
textbook,1
agricultural,1
climatological,1
calculations,1
map,1
paleopathologv,1
tracers,1
firmly,1
sodergren,1
temporally,1
humeral,1
exploratory,1
univerity,1
foundations,1
correlates,1
speakers,1
studying,1
mycobacterial,1
migrations,1
pitted,1
hopewell,1
prenistonc,1
limitations,1
remodelling,1
scenarios,1
réévaluation,1
discriminant,1
virginia,1
paleoecology,1
hundreds,1
danish,1
contain,1
art,1
asians,1
des,1
armeiagos,1
integrating,1
vessels,1
bioethnography,1
burden,1
occlusal,1
beitrage,1
wilczak,1
intention,1
characters,1
must,1
preserved,1
foley,1
northwestern,1
metabolize,1
portraying,1
thereby,1
reported,1
mancinelli,1
uniform,1
glencross,1
introduced,1
manual,1
nordic,1
antiauitv,1
atmospheric,1
content,1
prevalent,1
osu,1
confirm,1
sequencing,1
preantibiotic,1
fossil,1
easy,1
corn,1
alíeles,1
radiation,1
aesch,1
assumptions,1
gulf,1
viner,1
carious,1
anthropométrie,1
acute,1
elevations,1
nonhuman,1
lorenz,1
rernicka,1
munksgaard,1
demanding,1
healed,1
duration,1
linguistics,1
clothing,1
equipped,1
atiologie,1
breakthrough,1
disrupted,1
panjabi,1
writing,1
corinium,1
voyage,1
faculty,1
budapest,1
think,1
ein,1
contribute,1
belize,1
precision,1
contrasts,1
uk,1
prepared,1
charring,1
durr,1
wether,1
indiana,1
mississippian,1
pune,1
polynesia,1
moderate,1
sternum,1
invisible,1
synopsis,1
locations,1
invasion,1
ordinal,1
feinman,1
cuhna,1
disappear,1
petersen,1
average,1
resist,1
intensified,1
alemán,1
quest,1
nile,1
biochemical,1
protohistoric,1
grappling,1
leper,1
frame,1
dolichocranic,1
write,1
recovering,1
grant,1
aa,1
deccan,1
aware,1
hólocene,1
hershkovitz,1
visser,1
proteins,1
salman,1
twisting,1
armstrong,1
move,1
springer,1
preceramic,1
typically,1
land,1
sterkfontein,1
need,1
davies,1
facilitates,1
levy,1
smaller,1
barnes,1
integration,1
jernvall,1
regular,1
famine,1
contamination,1
inequalities,1
schadein,1
captain,1
midfacial,1
typology,1
francisco,1
uum,1
behandlingsformer,1
indices,1
roles,1
inhabiting,1
tood,1
substitute,1
paleoindian,1
nin,1
reductionism,1
portrait,1
palaeopatholoey,1
jriaute,1
russia,1
discontinuous,1
lx,1
bell,1
greenwich,1
pedro,1
patricia,1
geographical,1
era,1
debate,1
equestrian,1
exclusively,1
predictable,1
schröter,1
entire,1
santure,1
traditional,1
sweden,1
vito,1
focus,1
images,1
pair,1
lsamat,1
mature,1
ss,1
taylor,1
vulgar,1
mendes,1
beings,1
deformans,1
humphreys,1
mangelerkrankungen,1
indicating,1
reflections,1
showed,1
axial,1
delayed,1
weinstock,1
storey,1
stefano,1
owns,1
serum,1
deterioration,1
symphysis,1
osteitis,1
cucina,1
