WORDCOUNTS,WEIGHT
the,1244
of,1155
and,840
in,643
a,491
to,341
that,262
is,185
evolution,181
p,171
evolutionary,170
press,165
as,159
university,158
pp,146
cultural,135
for,129
s,127
archaeology,125
j,123
r,120
new,117
an,116
cambridge,112
selection,106
m,103
change,99
spencer,93
on,93
e,88
by,87
d,83
be,82
ed,79
c,79
from,77
flannery,75
t,74
are,73
theory,72
g,71
eds,71
k,69
not,69
it,67
or,67
anthropology,67
this,65
social,64
was,63
with,63
which,62
state,59
york,58
american,57
human,56
at,55
culture,55
political,53
variation,53
b,52
history,47
l,47
he,47
but,46
w,45
complex,44
archaeological,44
anthropological,43
they,42
marcus,42
society,42
v,42
i,42
valley,42
h,41
more,41
systems,41
has,41
rindos,40
no,40
approach,40
development,38
time,38
such,37
their,37
societies,37
gould,37
have,37
journal,36
oaxaca,34
population,33
natural,33
processualists,33
et,31
approaches,30
al,30
earle,30
brumfiel,29
dunnell,29
hierarchy,29
perspective,29
michigan,29
arbor,29
view,29
ann,29
mexico,29
when,29
chiefdoms,28
than,28
prehistoric,28
these,28
also,28
complexity,28
johnson,28
processes,27
one,27
other,27
over,27
museum,26
o,25
research,25
only,25
model,25
n,25
papers,24
process,24
selectionism,24
between,24
his,23
study,23
wright,23
redmond,23
carneiro,23
cañada,23
monte,23
can,23
we,23
early,23
agriculture,22
argued,22
academic,22
tehuacán,22
biology,22
through,22
role,22
capacity,21
its,21
f,21
progress,21
how,21
strategies,21
were,21
structure,21
selectionist,21
what,21
shift,21
agency,20
origins,20
out,20
level,20
processual,20
biological,20
blanton,20
control,20
specific,20
eldredge,20
into,19
zapotee,19
central,19
authority,19
organization,19
most,19
teltser,19
so,19
chicago,19
village,18
all,18
undirected,18
service,18
phase,18
alban,18
traits,18
directional,18
will,18
about,18
regional,18
directed,18
science,18
been,18
seen,18
prehistory,18
different,18
feinman,18
brien,17
lomas,17
nature,17
mechanism,17
carrying,17
world,17
power,17
chiefdom,17
patterns,17
analysis,17
current,17
them,17
selectionists,17
both,17
evolutionism,17
if,16
mesoamerica,16
review,16
because,16
example,16
washington,16
drennan,16
antiquity,16
hierarchical,16
darwinian,16
historical,16
variability,16
among,16
there,15
within,15
some,15
centralized,15
operation,15
levels,15
ancient,15
however,15
data,15
directionality,15
competition,15
would,15
archaeologists,14
system,14
holland,14
sanders,14
mechanisms,14
emergence,14
four,14
scale,14
concept,14
issues,14
people,14
anthropologist,14
origin,14
relative,14
asserted,13
autonomous,13
point,13
behavior,13
factional,13
general,13
rather,13
civilizations,13
annual,13
formative,13
two,13
do,13
explanation,13
upon,13
use,13
individual,13
ideology,13
institutions,13
cuicatlán,13
any,13
must,13
plants,13
framework,12
de,12
leadership,12
ma,12
consequence,12
london,12
rise,12
order,12
settlement,12
comparative,12
toward,12
ecology,12
like,12
exchange,12
darwin,12
terms,12
adaptation,12
while,12
although,12
rosenberg,12
recent,12
group,11
nitecki,11
principles,11
individuals,11
locality,11
fig,11
hodder,11
suggested,11
irrigation,11
late,11
well,11
woodland,11
polity,11
methodological,11
same,11
contemporary,11
see,11
three,11
internal,11
species,11
wilson,11
often,11
memoirs,11
form,11
emergent,11
scalar,11
center,10
warfare,10
arizona,10
first,10
renfrew,10
america,10
ritual,10
hallpike,10
past,10
tucson,10
may,10
civilization,10
changes,10
important,10
strategy,10
dc,10
called,10
behavioral,10
extrapolation,10
fox,10
method,10
used,10
production,10
action,10
selective,10
she,10
estimated,10
pattern,10
made,10
region,10
sequence,10
theoretical,10
mayr,10
adaptive,10
perspectives,10
punctuated,10
each,10
agricultural,10
illinois,10
should,10
groups,9
large,9
macneish,9
those,9
key,9
progressive,9
jones,9
without,9
proposed,9
had,9
result,9
appearance,9
austin,9
leonard,9
future,9
during,9
structures,9
second,9
economic,9
many,9
man,9
tilley,9
concern,9
function,9
random,9
viewpoint,9
quiotepec,9
becomes,9
who,9
here,9
texas,9
particular,9
survival,9
crumley,9
conditions,9
states,9
archaic,9
potential,9
kauffman,9
generated,8
tend,8
modern,8
being,8
localities,8
might,8
great,8
existence,8
heterarchy,8
vol,8
genetic,8
diversity,8
elements,8
unit,8
similar,8
italics,8
competitive,8
could,8
part,8
forces,8
taxonomies,8
several,8
san,8
southern,8
shanks,8
thought,8
demarest,8
noted,8
honor,8
forms,8
formation,8
mcguire,8
chiefly,8
institution,8
upham,8
life,8
types,8
then,8
according,8
economy,8
operate,8
maintained,8
course,8
integration,8
interaction,8
does,7
effective,7
ways,7
fitness,7
position,7
paleobiology,7
chaos,7
military,7
rapid,7
advantage,7
religion,7
feature,7
lewontin,7
dynamics,7
braun,7
phases,7
recognized,7
essential,7
growth,7
basic,7
subsistence,7
importance,7
beyond,7
found,7
sedentary,7
giddens,7
mesoamerican,7
sanderson,7
recently,7
applied,7
record,7
aspects,7
actors,7
department,7
whole,7
trends,7
long,7
villages,7
scientific,7
synthesis,7
expansion,7
make,7
single,7
oxford,7
under,7
ceramic,7
others,7
pointed,7
fundamental,7
larger,7
necessary,7
binford,7
increase,7
transmission,7
sociopolitical,7
recognizes,7
force,7
specialization,7
cultures,7
information,7
analogy,7
trujano,7
instead,7
need,7
major,7
richerson,6
way,6
roscoe,6
functional,6
studies,6
inequality,6
princeton,6
context,6
differential,6
southwestern,6
punctuational,6
price,6
feathers,6
underlying,6
third,6
friedman,6
critique,6
north,6
advances,6
certain,6
white,6
vieja,6
plenum,6
though,6
war,6
boyd,6
required,6
strict,6
emphasis,6
brought,6
adaptations,6
processualism,6
childe,6
stanford,6
graph,6
dunneil,6
results,6
developmental,6
iglesia,6
periods,6
critical,6
units,6
gradual,6
cloud,6
religious,6
yet,6
us,6
mixtee,6
ph,6
rambo,6
external,6
where,6
shifts,6
organisms,6
empirical,6
questions,6
flanneiy,6
saw,6
attention,6
understand,6
sequences,6
addressed,6
dissertation,6
practice,6
alternative,6
principle,6
very,6
explanations,6
problem,6
models,6
internally,6
americas,6
evidence,6
defined,6
themselves,6
marxist,6
divergent,6
much,6
macroevolutionary,5
along,5
elite,5
stylistic,5
foraging,5
essays,5
contexts,5
said,5
humans,5
did,5
analyses,5
mind,5
investigations,5
mithen,5
eastern,5
characterize,5
ranked,5
relatively,5
regarded,5
santa,5
occurs,5
conrad,5
ceramics,5
baupläne,5
response,5
higher,5
albán,5
neff,5
public,5
earlier,5
contributions,5
productive,5
elsewhere,5
requires,5
international,5
occupation,5
kirch,5
hierarchies,5
work,5
northern,5
archeology,5
williams,5
own,5
towards,5
regions,5
sense,5
below,5
around,5
cowgill,5
preucel,5
up,5
hayden,5
haas,5
therefore,5
led,5
situation,5
zubrow,5
schemes,5
acknowledged,5
inclusive,5
southeast,5
emerged,5
interpretation,5
kowalewski,5
leader,5
comparison,5
ecological,5
sahiins,5
took,5
increases,5
number,5
explicitly,5
local,5
original,5
neiman,5
perdido,5
range,5
previously,5
expression,5
food,5
harvard,5
dominguillo,5
co,5
tylor,5
gailey,5
period,5
distinction,5
neutral,5
favored,5
especially,5
become,5
patterson,5
y,5
pottery,5
la,5
concluded,5
iran,5
relationship,5
provide,5
vrba,5
recognize,5
why,5
itself,5
aspiring,5
series,5
cognitive,5
equilibrium,5
stability,5
cause,5
saperstein,5
size,5
middle,5
conference,5
ultimately,5
years,5
debate,5
occur,5
miller,4
south,4
edge,4
concerned,4
aztec,4
darwinism,4
revolutionary,4
introduction,4
systemic,4
expect,4
salthe,4
before,4
chief,4
sequential,4
properties,4
norton,4
lower,4
explaining,4
aldenderfer,4
shaped,4
contextual,4
simple,4
throughout,4
real,4
evolving,4
shennan,4
relations,4
el,4
takes,4
occasional,4
east,4
draw,4
design,4
account,4
felt,4
prior,4
fl,4
resources,4
dynamic,4
frequencies,4
thus,4
since,4
adams,4
emerges,4
fried,4
cases,4
decisions,4
concerning,4
columbia,4
even,4
look,4
selectively,4
van,4
notion,4
consequences,4
developments,4
consider,4
established,4
linked,4
spontaneously,4
canal,4
powerful,4
cycles,4
appear,4
based,4
search,4
genes,4
far,4
durham,4
viewed,4
cannot,4
ford,4
explain,4
elman,4
near,4
sites,4
basis,4
related,4
southwest,4
criticized,4
reynolds,4
specialized,4
formations,4
project,4
profiles,4
causal,4
least,4
steward,4
macroevolution,4
field,4
smithsonian,4
alluvial,4
always,4
chilar,4
nicolis,4
activities,4
various,4
architecture,4
diego,4
brings,4
constraints,4
structural,4
makes,4
rules,4
coevolution,4
morgan,4
frameworks,4
volume,4
lewis,4
successfully,4
stated,4
again,4
idea,4
fashion,4
typological,4
wild,4
present,4
pozorski,4
demarrais,4
less,4
perhaps,4
frequency,4
another,4
trait,4
understanding,4
processualist,4
values,4
trajectory,4
systematics,4
edinburgh,4
california,4
theories,4
involves,4
significance,4
stress,4
held,4
times,4
after,4
anderson,4
seattle,4
comfortably,4
prigogine,4
conquest,4
space,4
me,4
independent,4
sometimes,4
crucial,4
chance,4
hill,4
spriggs,4
effectively,4
parsons,4
contribution,4
fe,4
case,4
considered,4
quantitative,4
environment,4
following,4
sorting,4
comes,4
sciences,4
rappaport,4
set,4
kirkby,4
capital,4
latin,4
better,4
equilibria,4
her,4
foundations,4
urban,4
nj,4
little,4
presented,4
multiple,4
given,4
orlando,4
behaviors,4
became,4
subject,4
administration,4
gillogly,4
promoted,4
polynesia,4
institutional,4
national,4
mode,4
ladefoged,4
needs,4
charles,4
pathways,4
drew,4
nicholas,3
difficult,3
entities,3
now,3
area,3
currently,3
common,3
adopt,3
mit,3
collection,3
dobzhansky,3
necessarily,3
freeman,3
arguing,3
bard,3
bordieu,3
either,3
interests,3
attempts,3
aldine,3
seems,3
unification,3
transformational,3
words,3
definition,3
scheme,3
hunting,3
survey,3
nevertheless,3
persistence,3
multivillage,3
respond,3
extreme,3
issue,3
evolutionists,3
phyletic,3
plain,3
primary,3
u,3
possible,3
determined,3
prehispanic,3
sabloff,3
obvious,3
community,3
taking,3
variations,3
laws,3
cited,3
apply,3
cacicazgos,3
himself,3
kristiansen,3
barinas,3
conflict,3
adaptationist,3
surely,3
component,3
run,3
characteristic,3
ability,3
decided,3
excavations,3
application,3
century,3
ai,3
nor,3
theorists,3
places,3
neitzel,3
back,3
difficulty,3
agents,3
truly,3
find,3
helpful,3
stone,3
weakness,3
sociopolitics,3
played,3
act,3
essence,3
centralization,3
mean,3
olmec,3
active,3
domestication,3
direct,3
ongoing,3
subjugated,3
animals,3
moreover,3
gathering,3
shell,3
making,3
lives,3
biased,3
organized,3
linearization,3
evolved,3
impact,3
house,3
upper,3
situations,3
age,3
orientation,3
show,3
initiative,3
macroevolutionaiy,3
scientist,3
followed,3
drawing,3
greater,3
diachronic,3
expressed,3
lead,3
evolutionist,3
basin,3
attack,3
changed,3
noting,3
diet,3
initial,3
almost,3
base,3
fans,3
further,3
byers,3
focused,3
institute,3
grit,3
appears,3
produced,3
politics,3
sedentism,3
possibility,3
shape,3
directly,3
distinguish,3
revealed,3
responding,3
schuster,3
chagnon,3
gave,3
place,3
lanham,3
midwestern,3
employed,3
showing,3
status,3
peterson,3
suggest,3
stage,3
contrast,3
family,3
characteristics,3
gene,3
success,3
kosse,3
generally,3
paid,3
cycle,3
marx,3
implications,3
foragers,3
populations,3
tempo,3
overall,3
play,3
etc,3
sahlins,3
interactions,3
dawkins,3
label,3
simultaneous,3
criticism,3
happened,3
inspiration,3
home,3
complete,3
homology,3
reports,3
members,3
organizations,3
law,3
europe,3
similarly,3
added,3
valid,3
permanently,3
predominant,3
developed,3
incorporation,3
end,3
appropriately,3
considerable,3
functionally,3
conferred,3
hand,3
intervillage,3
operating,3
duckworth,3
validity,3
style,3
simon,3
coherent,3
including,3
santley,3
entirely,3
skeptical,3
trend,3
nothing,3
full,3
ethnological,3
guilá,3
whalen,3
open,3
ceremonial,3
mississippian,3
responses,3
tribal,3
features,3
stresses,3
brain,3
latter,3
generating,3
arise,3
seeking,3
probably,3
recurring,3
unrelated,3
european,3
wenke,3
figure,3
uribe,3
usually,3
lines,3
dimensions,3
transformation,3
dynamism,3
emerging,3
canada,3
missouri,3
thinking,3
necessity,3
changing,3
contradiction,3
carbondale,3
marino,3
school,3
intellectual,3
paper,3
sociobiology,3
best,3
alexander,3
argue,3
foundation,3
ca,3
domesticated,3
just,3
living,3
type,3
bands,3
evident,3
transmitted,3
whether,3
agreed,3
dimbleby,3
vessels,3
researchers,3
careful,3
circumstances,3
maruyama,3
traditional,3
transition,3
ucko,3
question,3
postprocessual,3
argument,3
generate,3
paradigm,3
peru,3
sober,3
effects,3
monod,3
francisco,3
association,3
roles,3
drift,3
tribes,3
focus,3
observed,3
arnold,3
broader,3
perception,3
scituate,2
final,2
modelling,2
adaptedness,2
rate,2
symbiosis,2
phenotypic,2
implemented,2
reconsidered,2
tuscaloosa,2
extend,2
determine,2
intriguing,2
numerical,2
subsystems,2
likewise,2
told,2
replaced,2
achievements,2
jukes,2
developmentalist,2
referring,2
likely,2
progressivist,2
completely,2
sudden,2
anthropoloacal,2
favor,2
park,2
flows,2
grove,2
explanatory,2
invent,2
assume,2
societal,2
john,2
limestone,2
themes,2
cauca,2
consistent,2
sources,2
specifically,2
contingent,2
address,2
attempt,2
tiwanaku,2
possibilities,2
book,2
knowing,2
tradition,2
together,2
highland,2
differences,2
richards,2
blind,2
follows,2
closer,2
subsequent,2
ronald,2
achieved,2
particularism,2
lees,2
murray,2
emphasized,2
precisely,2
concepts,2
taxonomy,2
robert,2
reading,2
lumsden,2
dd,2
followers,2
employs,2
méxico,2
anthropologists,2
king,2
formulation,2
sought,2
demography,2
economics,2
construction,2
low,2
intentionality,2
implies,2
marked,2
solely,2
ortner,2
den,2
say,2
establishment,2
conception,2
sunderland,2
constrained,2
mesoamencan,2
economies,2
engage,2
emphasizing,2
phenotype,2
surplus,2
hudson,2
labor,2
goal,2
boundedness,2
comments,2
chiefs,2
structuration,2
relationships,2
pursue,2
constantly,2
due,2
changethe,2
integral,2
interest,2
adopted,2
finsten,2
heterogeneity,2
jr,2
basil,2
cohen,2
arena,2
affairs,2
kind,2
guided,2
wiley,2
turn,2
rank,2
creamer,2
orig,2
clark,2
david,2
scott,2
continuous,2
fowler,2
compare,2
men,2
archaeologist,2
factions,2
ingredient,2
section,2
bennett,2
understood,2
came,2
acted,2
influence,2
acknowledge,2
rates,2
let,2
alabama,2
site,2
philadelphia,2
cybernetics,2
bring,2
across,2
generations,2
proceedings,2
z,2
illustration,2
adapt,2
organizing,2
influential,2
midwest,2
schopf,2
vs,2
loma,2
legros,2
variant,2
spores,2
parts,2
institutionalized,2
nos,2
factors,2
characterizes,2
rife,2
references,2
arid,2
empires,2
affect,2
plus,2
operates,2
multilocality,2
source,2
maiden,2
improvement,2
river,2
statistical,2
benefits,2
descent,2
placed,2
acknowledges,2
resource,2
albuquerque,2
graves,2
notions,2
patterning,2
amount,2
answers,2
tringham,2
pleistocene,2
unilineal,2
trajectories,2
iconography,2
causation,2
duxbury,2
raw,2
acting,2
cuicatec,2
concentration,2
allow,2
byrd,2
effort,2
deal,2
criticisms,2
insisting,2
emerge,2
persist,2
vigorous,2
zeitlin,2
big,2
reasons,2
hinterland,2
altroy,2
energy,2
dumbarton,2
exploration,2
premise,2
yoffee,2
hopkins,2
epiphenomenal,2
lencho,2
exert,2
network,2
scope,2
carry,2
tributary,2
knowledge,2
apparent,2
caught,2
technical,2
axelrod,2
artifacts,2
hirth,2
phylogenetic,2
constitute,2
accidental,2
köhler,2
oaks,2
ü,2
interlocality,2
call,2
mathematical,2
rethinking,2
entails,2
arrangements,2
provine,2
interpreted,2
kohl,2
hidden,2
misguided,2
uniqueness,2
subtle,2
creating,2
sinopli,2
interregional,2
los,2
useful,2
meggers,2
shaping,2
revolution,2
compensating,2
next,2
standpoint,2
quite,2
hole,2
involved,2
contingency,2
ignore,2
few,2
highly,2
resolution,2
temporary,2
acts,2
prestate,2
decline,2
atomistic,2
seeds,2
core,2
vein,2
proper,2
roots,2
structured,2
newly,2
dam,2
passive,2
am,2
seemed,2
survived,2
voi,2
sons,2
critics,2
frontier,2
absence,2
protecting,2
chase,2
haven,2
berghe,2
millón,2
islands,2
exception,2
reorganization,2
still,2
above,2
intervention,2
movement,2
hold,2
innovation,2
direction,2
applications,2
flux,2
edited,2
naquitr,2
examined,2
continuity,2
technology,2
chronology,2
historia,2
neither,2
waldrop,2
reliance,2
inheritance,2
include,2
infrastructural,2
starting,2
winnowed,2
decorative,2
herbert,2
analogous,2
fact,2
shows,2
carbondaie,2
longer,2
lack,2
native,2
consideration,2
stratification,2
caciques,2
creative,2
beliefs,2
brumfíel,2
bauplan,2
suppressed,2
really,2
classical,2
farming,2
takeoff,2
frazzetta,2
never,2
archaeologies,2
manner,2
innovative,2
continuing,2
systematic,2
existing,2
accepted,2
relevant,2
venezuela,2
material,2
reconstructing,2
insufficient,2
corcoran,2
fundamentally,2
modal,2
exhibit,2
socioenvironmental,2
examples,2
assemblages,2
implicated,2
writings,2
enhanced,2
mesopotamian,2
largely,2
teotihuacán,2
emphasize,2
refers,2
numerous,2
ideas,2
willey,2
successful,2
take,2
continue,2
chosen,2
previous,2
dating,2
urbanism,2
points,2
arroyo,2
allowed,2
barash,2
characterized,2
genetics,2
bradford,2
embattled,2
plant,2
him,2
high,2
evolve,2
lie,2
administrative,2
computer,2
peebles,2
class,2
promotion,2
problems,2
cogent,2
incapable,2
tactics,2
james,2
primitive,2
analyze,2
tendency,2
geographic,2
decision,2
hunt,2
increasing,2
simpler,2
imply,2
modification,2
interdependent,2
neglecting,2
andean,2
wing,2
predict,2
slow,2
directing,2
outline,2
yale,2
importantly,2
irons,2
responsible,2
intrafactional,2
composed,2
centuries,2
angeles,2
dunneli,2
nacional,2
contained,2
reproducing,2
associated,2
diener,2
conclusion,2
version,2
intensification,2
pueblos,2
ascendant,2
simply,2
too,2
pace,2
symbolic,2
bronze,2
organizational,2
spontaneous,2
worth,2
capability,2
goodwin,2
seem,2
believe,2
leaders,2
breaking,2
appel,2
half,2
presence,2
returns,2
report,2
obviously,2
asserting,2
stagewise,2
build,2
differed,2
accepts,2
utilized,2
rural,2
merely,2
animal,2
ruse,2
notable,2
combined,2
unique,2
typologies,2
ones,2
webster,2
accounts,2
imposed,2
blake,2
tightly,2
figs,2
thames,2
differs,2
precursor,2
pursued,2
arbiter,2
gradualism,2
imparted,2
unilinear,2
city,2
popularity,2
lies,2
assumptions,2
went,2
territory,2
divided,2
huxley,2
qualitative,2
phenomenon,2
challenges,2
allows,2
goals,2
think,2
varied,2
pair,2
come,2
proceeds,2
devoted,2
differentiation,2
unable,2
accept,2
newsletter,2
parallels,2
kus,2
integrated,2
land,2
define,2
green,2
provided,2
product,2
paraphernalia,2
summary,2
assumed,2
materialism,2
reached,2
naquitz,2
substantial,2
surveys,2
abandoned,2
building,2
showed,2
looking,2
sufficiently,1
resolve,1
deception,1
go,1
superiority,1
margins,1
mo,1
divisible,1
mostly,1
produces,1
done,1
struggle,1
replacing,1
validation,1
limits,1
lamarckian,1
ftinctionalism,1
selectionas,1
indicated,1
religions,1
interrelational,1
responds,1
populous,1
phylogeny,1
conquered,1
corporate,1
defy,1
scholar,1
faced,1
ruder,1
encouraged,1
intricate,1
truth,1
represent,1
behave,1
weeding,1
chiefship,1
personnel,1
affected,1
environmental,1
episodes,1
heights,1
perfection,1
trans,1
methodologies,1
alone,1
extends,1
ejutla,1
considerably,1
speciational,1
constitution,1
utility,1
endowments,1
contradicts,1
distributed,1
ecosystem,1
sympathetic,1
becoming,1
ayacucho,1
hot,1
obsolete,1
nested,1
telling,1
cogs,1
transferences,1
kinds,1
rethink,1
susiana,1
qwerty,1
subjectively,1
enhance,1
identify,1
fixation,1
uncomfortable,1
maize,1
myriads,1
hull,1
word,1
diversification,1
schools,1
alive,1
usefully,1
liabilities,1
peaks,1
coalition,1
specified,1
conclusively,1
seriation,1
conscious,1
io,1
ms,1
wonderful,1
former,1
weaker,1
decade,1
tempered,1
trace,1
tlacolula,1
scribner,1
unvarying,1
charlesworth,1
fixed,1
organic,1
title,1
laid,1
occurred,1
variants,1
total,1
forecasting,1
cornell,1
postprocessualism,1
ethnoarchaeological,1
harvests,1
pots,1
moving,1
postglacial,1
viewpoints,1
something,1
induced,1
officeholder,1
englewood,1
nice,1
dovetails,1
corresponding,1
singled,1
oaxacan,1
character,1
credence,1
intentions,1
unjustified,1
test,1
file,1
accumulation,1
incomplete,1
attribute,1
invoking,1
aside,1
decidedly,1
succeed,1
marco,1
jb,1
lineages,1
please,1
hence,1
invention,1
every,1
simberloff,1
supposedly,1
repeatedly,1
fortified,1
distinguishing,1
cobs,1
mêmes,1
logistic,1
neolithic,1
entailed,1
archaeologyand,1
militarism,1
ii,1
deterministic,1
path,1
repertoire,1
give,1
taken,1
sampling,1
culturally,1
concentrated,1
vols,1
planting,1
wary,1
progression,1
agenda,1
worked,1
kent,1
shortage,1
commentary,1
supplied,1
parties,1
handling,1
incorporating,1
protoplasm,1
sepkoski,1
route,1
wholedubious,1
paramount,1
secondary,1
down,1
succeeds,1
assertion,1
suggesting,1
reversible,1
accompanied,1
desire,1
disproportionate,1
thank,1
indeed,1
potentially,1
variâtes,1
arises,1
ideólo,1
borne,1
able,1
sometime,1
reveal,1
onto,1
mississippi,1
quantum,1
chiefdomif,1
welldeveloped,1
debt,1
reproduction,1
farmer,1
collapse,1
help,1
reinterpret,1
integrate,1
confers,1
bettinger,1
biologists,1
last,1
resorting,1
skull,1
caliente,1
sacred,1
remainder,1
raised,1
reserved,1
reminiscent,1
regularized,1
discipline,1
involution,1
signs,1
natufian,1
superficially,1
olluvium,1
threshold,1
designs,1
similarities,1
british,1
paying,1
neodarwinian,1
side,1
empty,1
generosity,1
blanco,1
suspect,1
plains,1
fruit,1
chaosa,1
embracing,1
linear,1
pigeonhole,1
pulled,1
bird,1
teleological,1
tierra,1
prone,1
enlarged,1
motion,1
inca,1
haupike,1
bias,1
conditioned,1
mutation,1
firm,1
ames,1
solving,1
alluvium,1
colombia,1
copenhagen,1
inverse,1
socialized,1
sapiens,1
capable,1
ax,1
compelling,1
upward,1
earfy,1
activity,1
innocuous,1
planters,1
fiji,1
condition,1
exhibits,1
illustrate,1
counterpoint,1
drive,1
reaction,1
mutual,1
alter,1
fittest,1
bibliography,1
move,1
advantageous,1
vital,1
belitz,1
transcend,1
west,1
mental,1
except,1
conceptual,1
regards,1
x,1
decoding,1
treating,1
radical,1
realistic,1
reconstruction,1
correlation,1
objective,1
undoubtedly,1
enter,1
cobbled,1
zzzzzi,1
moral,1
feldman,1
forged,1
purposive,1
undergone,1
wm,1
benefit,1
neural,1
tied,1
sign,1
aggression,1
intervenes,1
facets,1
wherever,1
canyon,1
exist,1
learned,1
segregation,1
maynard,1
savanna,1
ends,1
individualevolution,1
doms,1
indefinite,1
interview,1
denying,1
dunnelps,1
spooner,1
southampton,1
deride,1
explained,1
reject,1
intractable,1
cobb,1
predetermined,1
demanded,1
sy,1
particularizing,1
machine,1
preceramic,1
agent,1
millennium,1
arable,1
contributors,1
viewing,1
undena,1
raises,1
quantifying,1
conducted,1
addressing,1
monahan,1
assessment,1
topic,1
propitious,1
unity,1
santo,1
nelson,1
spawn,1
adjustment,1
precludes,1
clay,1
defense,1
horgan,1
tends,1
urbanization,1
heterarchical,1
divergence,1
zeal,1
document,1
parker,1
uncontroversial,1
nicholson,1
gary,1
convincing,1
ha,1
ithaca,1
malibu,1
concert,1
subordinate,1
inclusion,1
young,1
allowing,1
lineage,1
egypt,1
compared,1
applying,1
nonequilibrium,1
twice,1
clock,1
propagandistic,1
peaceresult,1
mammal,1
reptile,1
explore,1
landmark,1
fieldiana,1
evolutionhas,1
pueblo,1
consequently,1
sixties,1
spite,1
ecosystems,1
apparently,1
propositions,1
pennsylvania,1
rotuman,1
terror,1
adamant,1
valleys,1
handful,1
bypassed,1
quiet,1
interassemblage,1
instability,1
formats,1
graber,1
industries,1
necessaiy,1
rights,1
opposed,1
underlay,1
mesolithic,1
steal,1
interesting,1
sample,1
behavioristic,1
disparaged,1
hofman,1
town,1
whose,1
german,1
veiy,1
òynthesis,1
jlpbsw,1
constellations,1
hillebrand,1
predicted,1
transformations,1
asiatic,1
subjected,1
centerpiece,1
tautology,1
essentialistic,1
portrayed,1
performance,1
expanding,1
emanates,1
main,1
marxism,1
superficial,1
highlands,1
morrison,1
incoherent,1
compatible,1
wamanu,1
denmark,1
postcontact,1
bintliff,1
edward,1
sort,1
mediated,1
en,1
explicit,1
culminating,1
evolutionismthen,1
fuego,1
fastest,1
myself,1
intravillage,1
politicaleconomic,1
researcherslet,1
weighs,1
kaminaljuyú,1
determining,1
persistent,1
supplement,1
flexible,1
eight,1
locations,1
notkeep,1
initiate,1
humanity,1
lamented,1
manson,1
induce,1
shrift,1
moore,1
cooking,1
lay,1
collecting,1
von,1
gumerman,1
paleolithic,1
mediate,1
occupotion,1
postprocessualist,1
moves,1
indispensable,1
thomas,1
means,1
downward,1
insistence,1
permitting,1
moquegua,1
inauguration,1
plog,1
ct,1
milikman,1
counterparts,1
delegation,1
possibly,1
dichotomy,1
wolf,1
cultivators,1
fast,1
occupational,1
discouraged,1
bloch,1
shuffling,1
meltzer,1
vindicated,1
artificial,1
imperceptible,1
driven,1
edition,1
fortifications,1
weather,1
withstands,1
traces,1
invariably,1
hierarchically,1
wilmsen,1
longerterm,1
instrument,1
cannotarguably,1
dialogue,1
quarters,1
fiannery,1
observations,1
maintain,1
benefited,1
unavoidable,1
commonly,1
challenged,1
ail,1
brumaire,1
follow,1
determinism,1
campbell,1
floodgates,1
linkage,1
defines,1
modeled,1
definite,1
labels,1
cordell,1
putting,1
hoard,1
evolves,1
western,1
reorientation,1
metabolism,1
exploitation,1
decoupling,1
mix,1
willing,1
kennett,1
care,1
helped,1
flow,1
neoevolutionism,1
blackwell,1
preference,1
inhabited,1
dependency,1
methodology,1
regulatory,1
reflections,1
bureaucracy,1
thougjht,1
whereas,1
uses,1
gregory,1
closely,1
distribution,1
formidable,1
vìa,1
fitted,1
theorythe,1
identifying,1
location,1
selectionin,1
abandoning,1
harbor,1
initiated,1
domains,1
fortunes,1
histories,1
rule,1
conservative,1
entering,1
projection,1
strength,1
totaling,1
inappropriate,1
amsterdam,1
ocotlány,1
molecules,1
seven,1
centers,1
generates,1
tucker,1
demands,1
rafferty,1
quandaries,1
events,1
primacy,1
relate,1
mcc,1
roundly,1
viking,1
décade,1
reactionary,1
pomcal,1
philosophical,1
correlates,1
representative,1
progressionist,1
term,1
embedded,1
tidy,1
mutationthe,1
fourth,1
equally,1
neighboring,1
prompt,1
oklahoma,1
pointing,1
mortuary,1
garcia,1
gilinkshy,1
mainly,1
dope,1
phasesfor,1
indirect,1
separated,1
skin,1
systemsthe,1
panglossian,1
tìlley,1
dispersal,1
disapproved,1
jefferson,1
monograph,1
gargett,1
chapdelaine,1
waidrop,1
dialectic,1
burgess,1
universidad,1
spiritual,1
your,1
perform,1
confirmation,1
ofoaxaca,1
approached,1
facilities,1
ascendance,1
purrón,1
norgate,1
negotiated,1
vo,1
helm,1
memory,1
receive,1
southeastern,1
exaptive,1
comestibles,1
failure,1
gained,1
slatkin,1
feeding,1
having,1
trial,1
accounting,1
seminal,1
egalitarian,1
kerr,1
hydraulic,1
bounded,1
horticulture,1
already,1
dynamical,1
phenomena,1
llama,1
carries,1
nine,1
locus,1
repetition,1
clean,1
claim,1
odds,1
reader,1
elson,1
prominent,1
significantly,1
characterization,1
advancement,1
punas,1
later,1
watts,1
norm,1
torremote,1
indigenous,1
mount,1
incremental,1
literature,1
overview,1
private,1
q,1
art,1
castillo,1
phasess,1
partly,1
collective,1
contains,1
concentrate,1
unmistakable,1
actually,1
savannah,1
thermodynamic,1
belmont,1
rituals,1
documented,1
unforeseen,1
contentious,1
reflect,1
disciplined,1
augmentation,1
adhere,1
beenand,1
realms,1
differentially,1
vijayanagara,1
mccorriston,1
withstand,1
visions,1
orthogenetic,1
my,1
enthusiastic,1
challenging,1
markedly,1
transmit,1
redding,1
statehood,1
rack,1
memoria,1
entially,1
misplaced,1
trees,1
analysed,1
oriental,1
oreskes,1
good,1
wholesale,1
published,1
governs,1
excavated,1
accused,1
optimal,1
mesopotamia,1
predilections,1
tops,1
stick,1
caused,1
describing,1
ago,1
thirteenth,1
teotihuacan,1
huexotla,1
comprises,1
buildings,1
hardly,1
seized,1
speculations,1
josé,1
saitta,1
nonbureaucratic,1
raindrenched,1
wandsnider,1
interacting,1
functionmight,1
mississippl,1
excavation,1
differevolutionary,1
street,1
event,1
economist,1
noxious,1
small,1
segraves,1
calling,1
wadsworth,1
spanish,1
sufficient,1
altered,1
concerns,1
ül,1
eighth,1
keegan,1
psychological,1
às,1
particularwill,1
master,1
dramatic,1
notorious,1
thereby,1
niches,1
protect,1
distinguished,1
ancestors,1
worid,1
implausible,1
yielded,1
dogness,1
contention,1
overemphasized,1
bulletin,1
inability,1
seed,1
deplored,1
venezuelan,1
productivity,1
antiauity,1
eschews,1
wrangham,1
ot,1
colloquium,1
leveled,1
undergoing,1
pattee,1
counterstrategy,1
harboring,1
grateful,1
preliminary,1
visit,1
periodsperdido,1
ureat,1
aggregate,1
actions,1
gordon,1
unfinished,1
objected,1
facies,1
inspection,1
cleland,1
transforming,1
precepts,1
nassaney,1
flourished,1
dunnelts,1
hosts,1
adhering,1
business,1
exterior,1
reduced,1
minor,1
advocate,1
practices,1
anothersimilar,1
extrapolate,1
heuristicaily,1
sanctity,1
identified,1
indicative,1
short,1
thoughts,1
tâs,1
revival,1
prognosis,1
launch,1
limited,1
iroquoians,1
corporation,1
return,1
benson,1
kilometers,1
yamato,1
gloo,1
nearly,1
albany,1
principies,1
object,1
archaeologystyle,1
whatever,1
allen,1
wobeser,1
thresholds,1
harry,1
says,1
expanded,1
quiotcpec,1
cameiro,1
manifest,1
unintentional,1
feeds,1
rebellions,1
skyrockets,1
strategic,1
promoting,1
fighting,1
undergo,1
extrarapid,1
mexicanos,1
frank,1
once,1
dillingham,1
brontosauro,1
od,1
fair,1
precondition,1
represents,1
requiring,1
contraptions,1
campo,1
builds,1
acknowledgments,1
serve,1
perplexity,1
detectable,1
unidirectional,1
array,1
historiadores,1
restricted,1
populated,1
beneficiaries,1
tries,1
perceived,1
salient,1
elizabeth,1
unwin,1
tn,1
sociological,1
included,1
lowland,1
railroad,1
extinction,1
overtly,1
publishing,1
malleable,1
neogene,1
ethnoscience,1
guatemala,1
abandon,1
ayala,1
exigencies,1
performed,1
sharply,1
essentialist,1
dialectical,1
ethnographic,1
inferences,1
outlined,1
robust,1
organize,1
languid,1
insights,1
illustrated,1
horticultural,1
ferment,1
villagesthis,1
increasingly,1
opment,1
revenge,1
causality,1
fairly,1
picture,1
arrows,1
inherence,1
alteration,1
traitis,1
corporeal,1
outbreak,1
fan,1
simulation,1
disappearing,1
stemmed,1
niles,1
support,1
guadalquivir,1
tractable,1
integrations,1
heritage,1
attacks,1
challenge,1
decoration,1
stronger,1
mediation,1
ethnohistorical,1
strike,1
neglect,1
fragmentation,1
wrenness,1
sedentarization,1
deserves,1
put,1
cuauhtitlán,1
homo,1
projects,1
successively,1
water,1
smith,1
missing,1
analytical,1
persuasion,1
joyce,1
qj,1
drumbeat,1
diminishing,1
manuscript,1
multiply,1
overwhelming,1
uuinea,1
conduct,1
head,1
areas,1
temples,1
intentionaliiy,1
recurrent,1
clarendon,1
biakely,1
carbonized,1
loomed,1
pressure,1
instituto,1
documents,1
exclusion,1
foods,1
attempting,1
regulation,1
inevitably,1
threats,1
manifested,1
goldstein,1
unwm,1
break,1
diverse,1
eric,1
waddmgton,1
grows,1
withering,1
doubt,1
complaints,1
identical,1
acacia,1
flocks,1
warmly,1
feedback,1
rramework,1
channel,1
rhythms,1
procurement,1
etla,1
conclusions,1
outside,1
quests,1
ascent,1
clade,1
imperatives,1
decried,1
reversion,1
tertiary,1
overridingly,1
orderly,1
empire,1
shared,1
establish,1
non,1
karl,1
shown,1
answer,1
ahead,1
disparity,1
focusing,1
hu,1
exaptationa,1
fieldwork,1
belief,1
compelled,1
cosmos,1
peregrine,1
distance,1
weakly,1
needham,1
mechanically,1
gives,1
free,1
day,1
maya,1
barrett,1
polities,1
degree,1
responded,1
submit,1
entity,1
heart,1
vegetational,1
synonym,1
selfish,1
credit,1
interrelated,1
ine,1
likelier,1
exploring,1
associates,1
cacicazgo,1
extended,1
vast,1
discussion,1
leeuw,1
minimizing,1
plowing,1
heralded,1
lost,1
knopf,1
alliance,1
eighteenth,1
maritime,1
ecologically,1
ic,1
cult,1
refining,1
urn,1
critiqued,1
rapidity,1
postclassic,1
behaviora,1
depended,1
unpredictable,1
wormness,1
contacts,1
judge,1
manifestations,1
samples,1
herself,1
crafts,1
individuality,1
expand,1
louis,1
reified,1
lecture,1
asian,1
denies,1
significant,1
angle,1
asana,1
operated,1
assumption,1
causes,1
affects,1
inherently,1
validating,1
products,1
ethnic,1
exhibited,1
actual,1
variables,1
hoc,1
examination,1
nightmare,1
improvements,1
uruk,1
culturgens,1
initiatives,1
shelter,1
succeeding,1
vii,1
anthology,1
citing,1
exceedingly,1
sinaur,1
rejected,1
anasazi,1
computational,1
clear,1
earth,1
historic,1
contexl,1
reality,1
modem,1
increment,1
blindly,1
ramenofeky,1
tomaltepec,1
publication,1
outlast,1
inadequate,1
agreement,1
pauketat,1
clue,1
essay,1
logic,1
unoperational,1
architectural,1
organism,1
reviewers,1
ny,1
foraminiferal,1
spread,1
wei,1
causally,1
interfamilial,1
synthese,1
static,1
practiced,1
interfactional,1
attributing,1
structuralism,1
preservation,1
offense,1
abundant,1
provides,1
summations,1
adequately,1
nimrods,1
expansionism,1
argues,1
rigs,1
novo,1
intercommunity,1
wasn,1
strongly,1
shackles,1
levins,1
article,1
outcomes,1
possess,1
promote,1
elaborate,1
counterintuitive,1
create,1
composite,1
narrow,1
palo,1
interpretations,1
respectively,1
topics,1
consciously,1
incompatible,1
effect,1
coyotera,1
adjacent,1
cowan,1
consumption,1
slightly,1
blood,1
spain,1
morris,1
shale,1
macmillan,1
ecosystemgender,1
sine,1
overridden,1
basically,1
cliffs,1
embodied,1
modifications,1
somit,1
propose,1
theoriesthey,1
prescient,1
widely,1
trickyand,1
ehrenreich,1
duplicated,1
levy,1
separate,1
observational,1
reinventing,1
fails,1
property,1
dealing,1
enough,1
midcentury,1
departs,1
consists,1
waddington,1
neely,1
suggestion,1
alters,1
assigned,1
islamic,1
dual,1
redman,1
today,1
delimiting,1
note,1
coopted,1
thoughtful,1
reviewer,1
chimpanzees,1
processed,1
lot,1
continued,1
singling,1
quo,1
bulk,1
opportunism,1
hoijer,1
useftil,1
plays,1
claimed,1
program,1
rephrased,1
piscators,1
reasonable,1
vague,1
select,1
archaeobotanical,1
explicates,1
puzzles,1
alternate,1
cooper,1
leslie,1
plastic,1
ordinary,1
watson,1
dec,1
primarily,1
substitution,1
le,1
monuments,1
differentiations,1
ants,1
transformed,1
detailed,1
initiativeseeking,1
archaeolosy,1
coercion,1
imperialism,1
juan,1
millennia,1
proposition,1
denotes,1
originated,1
rapidly,1
explicating,1
whereby,1
indicate,1
covering,1
paradigmatic,1
spanning,1
introductory,1
furthered,1
sharp,1
examine,1
pristine,1
fábrica,1
fall,1
philosophies,1
researcher,1
united,1
achieve,1
norteamericanos,1
keeley,1
elsa,1
populace,1
automata,1
dead,1
respect,1
lip,1
coordination,1
exists,1
reputation,1
arts,1
commenting,1
iowa,1
interpretive,1
pressures,1
kirksville,1
unacceptable,1
woodlands,1
regularly,1
rises,1
tribe,1
stable,1
òystems,1
matters,1
entertain,1
classification,1
sciencest,1
differentiated,1
readaptation,1
pl,1
graphs,1
variable,1
artifact,1
eschewed,1
subsystem,1
proceed,1
exemplified,1
domingo,1
homogeneity,1
denials,1
consciousfy,1
peoples,1
blackweil,1
torrence,1
ve,1
extending,1
orifi,1
demonstrate,1
struck,1
accidentalpart,1
risky,1
invoked,1
solidly,1
continues,1
endowed,1
bonaparte,1
theme,1
paleoindian,1
recognizable,1
totality,1
pluckers,1
constructed,1
temporal,1
shapes,1
spots,1
reconnaissance,1
planktonic,1
narrowly,1
griffin,1
temple,1
sourcing,1
sustained,1
ciudad,1
bully,1
der,1
modeling,1
quickly,1
willful,1
know,1
outcome,1
defining,1
berkeley,1
positivist,1
reunión,1
mutually,1
schurr,1
culturecoupled,1
equlibria,1
tendencies,1
books,1
sure,1
country,1
finance,1
elites,1
jochim,1
novel,1
december,1
schiffer,1
ortiz,1
confident,1
seriously,1
ramenofcky,1
setting,1
innovations,1
altering,1
administer,1
straightforward,1
prominence,1
slowly,1
beamong,1
gosden,1
temper,1
guild,1
preclassic,1
domestic,1
structuresthat,1
inquiry,1
attractiveness,1
post,1
harvest,1
ideological,1
observe,1
kayenta,1
paleontology,1
plateaus,1
reliability,1
metaphysics,1
impossible,1
polynesian,1
indisputably,1
inference,1
associations,1
cities,1
examining,1
marquesas,1
distinctive,1
chesapeake,1
producers,1
placing,1
works,1
options,1
hannery,1
interactive,1
table,1
redefined,1
qualitatively,1
camp,1
beginning,1
actorbased,1
hyman,1
boundaries,1
born,1
abstruse,1
automatically,1
reproduce,1
campiña,1
propensities,1
seals,1
intent,1
circles,1
reactions,1
implicit,1
selected,1
hereditability,1
rebellion,1
coast,1
want,1
independently,1
cornerstones,1
cahokia,1
metaphor,1
nascent,1
attitudes,1
seasonal,1
artifactual,1
statement,1
map,1
mere,1
ott,1
fondness,1
launches,1
platonic,1
antropología,1
ethnography,1
kowalewsiei,1
repetitive,1
utilitarian,1
appleton,1
prestige,1
controversialhistory,1
explored,1
yield,1
averred,1
imperial,1
repudiates,1
artipcal,1
balance,1
bonner,1
belknap,1
minimal,1
mechanismsand,1
intends,1
lamarckism,1
hundreds,1
library,1
youthfiil,1
categories,1
universe,1
sinauer,1
travel,1
qua,1
rein,1
socioeconomic,1
neck,1
intention,1
leopard,1
whence,1
reformulation,1
creatively,1
preserved,1
trivial,1
archaeologisti,1
code,1
urged,1
disparate,1
reported,1
cl,1
sangre,1
compensatory,1
redundant,1
ohio,1
sharer,1
dependent,1
farmland,1
alternatives,1
pat,1
verification,1
axeirod,1
giving,1
redwood,1
regulated,1
controls,1
happens,1
adapted,1
measure,1
conventional,1
cooperation,1
harvesting,1
jv,1
domesticates,1
synchronie,1
programs,1
obtain,1
opportunistically,1
speciation,1
manufacturing,1
abbott,1
herders,1
using,1
mention,1
devolution,1
takeover,1
aims,1
writing,1
criticismnever,1
aspect,1
coming,1
sparked,1
autónoma,1
globoconceüa,1
our,1
drewitt,1
wholes,1
toohad,1
northeast,1
survive,1
enthusiasm,1
extension,1
until,1
spring,1
cycling,1
difference,1
reveals,1
frontiers,1
ethnobotany,1
vulgar,1
charts,1
fractious,1
stender,1
analog,1
ordering,1
finally,1
shorthand,1
rowlands,1
wish,1
nocete,1
fecundity,1
approximately,1
clades,1
operational,1
lande,1
grown,1
fatal,1
untestable,1
typically,1
ios,1
demarráis,1
proceeding,1
gleick,1
specialists,1
unified,1
smaller,1
barnes,1
christina,1
involving,1
evolutionaiy,1
attributes,1
relegate,1
seeks,1
urbana,1
programme,1
inequalities,1
materialization,1
philosophy,1
implacable,1
sánchez,1
extremely,1
typology,1
increased,1
anonymous,1
headman,1
mobilized,1
agencyas,1
offered,1
intergroup,1
aligning,1
news,1
schoeninger,1
thing,1
passages,1
exaptation,1
fluctuated,1
meaning,1
aggregations,1
ks,1
km,1
autocatalytic,1
discontinuous,1
selectiona,1
rejection,1
scholarship,1
vary,1
yesterday,1
cook,1
andes,1
càs,1
raup,1
irrelevant,1
texcoco,1
spandrels,1
orgins,1
norman,1
uncentralized,1
composing,1
asymmetry,1
evidently,1
nonhierarchical,1
predictable,1
royal,1
predisposed,1
entire,1
archeological,1
vagaries,1
systemsindeed,1
technological,1
permanent,1
nonceramic,1
unequivocal,1
fv,1
ballcourts,1
programming,1
beings,1
convergent,1
meeting,1
proponent,1
asked,1
doing,1
sameness,1
built,1
traducing,1
classifications,1
close,1
quantity,1
household,1
kautz,1
dictum,1
death,1
deeper,1
faction,1
grants,1
hypothesis,1
