WORDCOUNTS,WEIGHT
the,1443
of,1016
and,977
in,572
a,508
p,305
al,235
et,234
c,216
siberia,208
m,200
to,199
i,196
v,188
j,177
s,174
from,171
is,164
at,162
g,161
e,149
rcbp,145
with,141
lgm,140
for,130
paleolithic,130
was,126
on,123
pp,115
n,109
site,107
are,105
o,102
sites,101
l,98
were,97
that,93
by,93
northern,91
river,90
upper,87
layer,87
late,83
dates,82
kuzmin,79
cultural,75
y,74
human,70
europe,69
mammoth,69
derevianko,68
bone,62
eurasia,61
archaeol,61
table,61
res,61
springer,59
d,59
t,57
b,57
fig,56
during,55
this,54
quaternary,54
h,53
last,53
eastern,53
russian,53
age,51
radiocarbon,51
pleistocene,48
r,48
as,46
date,45
eds,45
central,44
no,44
data,44
zenin,44
found,43
f,43
ev,43
be,43
vasil,43
east,43
an,42
w,42
glacial,42
arctic,41
not,41
western,40
science,40
there,39
see,39
material,39
archaeological,39
k,39
some,38
bones,37
charcoal,37
occupation,37
siberian,37
it,36
time,36
archaeology,36
orlova,35
ed,35
climate,33
research,33
tseitlin,33
have,33
goebel,32
far,32
university,32
novosibirsk,32
also,32
press,32
ice,31
environment,31
evidence,31
remains,31
maximum,31
west,30
than,30
basin,30
or,30
new,30
artifacts,29
plain,28
glaciation,28
surface,28
these,28
ust,28
which,28
velichko,28
dolukhanov,27
palaeolithic,27
mal,27
about,27
pétrin,27
complex,26
ta,26
above,25
below,25
journal,24
chronology,24
yenisei,24
stone,23
asia,23
vegetation,23
dated,23
cores,23
presence,23
nauk,23
anthropology,23
tomsk,23
nauka,22
may,22
parts,22
pollen,22
southern,22
two,22
akademii,22
depth,22
humans,21
reviews,21
tools,21
part,21
cold,21
other,21
mainly,21
been,21
middle,21
years,21
shestakovo,20
reindeer,20
microblade,20
most,20
however,20
several,20
keates,20
more,20
assemblage,20
mochanov,19
conditions,19
excavated,19
but,19
ö,19
after,19
abramova,19
one,18
into,18
main,18
obtained,18
lisitsyn,18
people,18
medvedev,18
rossiiskoi,18
svendsen,18
z,17
van,17
astakhov,17
based,17
faunal,17
tarasov,17
weichselian,17
value,17
tundra,17
ineshin,17
although,17
area,17
sibirskogo,16
izdatelstvo,16
arkheologii,16
otdeleniya,16
peninsula,16
international,16
number,16
ulma,16
species,16
oxford,16
where,16
association,16
russia,16
early,16
north,16
large,15
studenoe,15
angara,15
possible,15
review,15
collected,15
northeastern,15
raw,15
located,15
only,15
lake,15
permafrost,15
global,15
beringia,15
trees,15
recent,15
environmental,14
conducted,14
loam,14
soffer,14
thus,14
taymyr,14
terrace,14
earlier,14
its,14
older,14
records,14
level,14
dating,14
high,14
pettitt,14
very,14
information,14
pavlov,14
kova,14
layers,14
geoarchaeological,14
woolly,13
modern,13
mogochino,13
bison,13
study,13
svezhentsev,13
sulerzhitsky,13
prehistory,13
because,13
climatic,13
published,13
present,13
region,13
konstantinov,13
today,13
novoselovo,13
sciences,13
values,13
chicago,13
studies,12
history,12
ô,12
sheet,12
severnoi,12
î,12
such,12
sample,12
landscapes,12
hoffecker,12
fedoseeva,12
periglacial,12
change,12
small,12
results,12
perhaps,12
transbaikal,12
associated,12
ui,12
current,12
world,12
numerous,12
leiden,12
ethnology,12
american,11
before,11
excavations,11
ogonki,11
even,11
â,11
near,11
paleolit,11
vasilievsky,11
siegert,11
horizon,11
settlement,11
vasilevski,11
single,11
available,11
ages,11
so,11
mangerud,11
forest,11
known,11
wood,11
oo,11
when,11
mamakan,11
sea,11
azii,11
moscow,11
valley,11
should,11
microblades,10
if,10
sources,10
existence,10
has,10
vol,10
holocene,10
tarachikha,10
gamble,10
shikaevka,10
structures,10
quite,10
span,10
water,10
including,10
top,10
shukurov,10
instituía,10
yakutia,10
european,10
antiquity,10
existed,10
series,10
cm,10
mongolia,10
steppe,10
models,10
sediments,10
include,10
between,10
does,9
mansi,9
mountains,9
roebroeks,9
andreev,9
america,9
mid,9
due,9
compared,9
environments,9
traces,9
lugovskoe,9
important,9
scale,9
used,9
geology,9
formations,9
irkutsk,9
volkov,9
second,9
materials,9
palaeoecology,9
stratigraphy,9
technology,9
locality,9
problemy,9
many,9
drozdov,9
end,9
covered,9
situated,9
lipnina,9
made,9
arkhipov,9
regions,9
grichuk,9
geography,9
perspectives,9
altai,9
u,9
type,9
cal,9
according,9
adaptation,9
original,9
sheets,9
paleolita,9
sungir,9
etnografii,9
km,9
major,9
lower,8
first,8
all,8
paleogeography,8
dynamics,8
along,8
rhinoceros,8
eurasian,8
loams,8
cave,8
boreas,8
problems,8
prehistoric,8
ocean,8
leshchinskiy,8
population,8
younger,8
directly,8
least,8
alluvial,8
up,8
south,8
identified,8
limited,8
megafaunal,8
needles,8
mammal,8
birch,8
ams,8
bar,8
street,8
academy,8
subfossil,8
buvit,8
less,8
range,8
lakes,8
co,8
dry,8
sandy,8
especially,8
horse,8
planetary,8
forests,8
did,8
institute,8
shlenka,8
larch,8
position,8
davies,8
summary,8
mostly,7
common,7
glaciers,7
northeast,7
true,7
po,7
localities,7
ii,7
might,7
seems,7
nature,7
situ,7
primary,7
petersburg,7
includes,7
andel,7
terberger,7
zelikson,7
stratigraphie,7
mussi,7
na,7
glushkova,7
baikal,7
kashchenko,7
brantingham,7
london,7
example,7
island,7
artifact,7
few,7
st,7
society,7
critical,7
horizons,7
york,7
light,7
möller,7
occupations,7
model,7
valleys,7
matrix,7
discovered,7
period,7
general,7
plant,7
sands,7
can,7
selemdzha,7
each,7
frequency,7
extent,7
praslov,7
jasper,7
sakhalin,7
paleoenvironment,6
now,6
institut,6
calibrated,6
they,6
fragment,6
analecta,6
bp,6
eye,6
different,6
reconstructions,6
yar,6
hunting,6
within,6
case,6
bader,6
throughout,6
reservoir,6
component,6
sp,6
nelson,6
belousov,6
geological,6
larichev,6
basic,6
direct,6
pitulko,6
show,6
sartan,6
hereafter,6
problem,6
could,6
further,6
recently,6
record,6
well,6
isotope,6
tributary,6
related,6
svoboda,6
beginnings,6
personal,6
krasny,6
il,6
golden,6
earth,6
radiouglerodnaya,6
industry,6
fully,6
yrs,6
using,6
sinitsyn,6
steppes,6
khronologiya,6
reconstruction,6
dwellings,6
culture,6
same,6
shahgedanova,6
kurenkova,6
channel,6
richards,6
flint,6
another,6
assemblages,6
hubberten,6
use,6
rivers,6
three,6
mountain,6
pozdny,6
hunters,6
occupied,6
we,6
who,6
hjort,6
complexes,6
colonization,6
correspond,6
tailored,6
edwards,6
through,6
quartzite,6
chukotka,6
formation,6
leidensia,6
fennema,6
given,6
much,6
praehistorica,6
jull,5
later,5
de,5
grosswald,5
represent,5
extreme,5
contradicts,5
total,5
my,5
sssr,5
latitudes,5
belong,5
evaluation,5
activity,5
powers,5
bottom,5
tables,5
lozhkin,5
drainage,5
bronk,5
communication,5
mammoths,5
kultury,5
without,5
pleniglacial,5
highlands,5
represented,5
their,5
changes,5
possibly,5
colder,5
recovered,5
sher,5
suggested,5
called,5
evraziiskogo,5
produced,5
publications,5
vo,5
instituta,5
ob,5
ten,5
reflect,5
project,5
approach,5
reliable,5
clothes,5
cool,5
latest,5
coast,5
core,5
dowdeswell,5
higham,5
populations,5
still,5
cracks,5
ermolova,5
patom,5
volume,5
melles,5
shows,5
fragments,5
patterns,5
adjacent,5
pine,5
mammalian,5
accepted,5
books,5
degree,5
discussion,5
clear,5
mammals,5
anderson,5
ago,5
aldan,5
byzovaya,5
megafauna,5
pieces,5
returned,5
es,5
analysis,5
geographic,5
ramsey,5
yamskikh,5
der,5
basins,5
destroyed,5
pooled,5
vostochnoi,5
secure,5
kulachye,5
size,5
both,5
presented,5
territory,5
conventional,5
frenzel,5
manufacture,5
evropy,5
needle,5
kara,5
zaitseva,5
mestonakhozhdenie,5
antler,4
red,4
suslov,4
source,4
schirrmeister,4
kashin,4
long,4
retouched,4
solifluction,4
sovremennye,4
yokoyama,4
suggesting,4
timing,4
typical,4
bladelets,4
context,4
papers,4
alluvium,4
account,4
vypusk,4
securely,4
hokkaido,4
x,4
jakobsson,4
colluvial,4
blades,4
since,4
elston,4
cases,4
items,4
silicified,4
paleoliticheskikh,4
reconstructed,4
reimer,4
across,4
proceedings,4
landscape,4
bifaces,4
certain,4
derived,4
spores,4
special,4
ravniny,4
support,4
determination,4
tusk,4
branch,4
section,4
solid,4
four,4
perspektivy,4
kholushkin,4
dominant,4
providing,4
decades,4
seven,4
issue,4
zone,4
rybin,4
fuel,4
novye,4
fiedel,4
appears,4
dwelling,4
overlying,4
scavenging,4
brought,4
hearth,4
beads,4
extinctions,4
precipitation,4
corresponds,4
tom,4
mediterranean,4
sibiri,4
components,4
mol,4
annual,4
generally,4
provenance,4
underlying,4
preliminary,4
macdonald,4
deer,4
periods,4
survived,4
therefore,4
anikovich,4
nagorya,4
indicates,4
edited,4
demars,4
tesa,4
ancient,4
complete,4
members,4
alexanderson,4
kamenny,4
guiot,4
dementiev,4
scholars,4
istorii,4
shelf,4
saarnisto,4
kienast,4
necessary,4
japan,4
zolnikov,4
samples,4
significant,4
kostenki,4
largely,4
assume,4
national,4
grew,4
characterized,4
spread,4
summer,4
stages,4
ikhine,4
fauna,4
article,4
tree,4
kiryak,4
adaptations,4
zabaikalya,4
provide,4
five,4
tetenkin,4
pamyatnikov,4
thick,4
stable,4
incorporated,4
southward,4
terrestrial,4
doi,4
ivory,4
particularly,4
pebbles,4
vek,4
combined,4
them,4
distribution,4
peyron,4
while,4
scavenged,4
paleosol,4
code,4
lab,4
wild,4
instead,4
uncalibrated,4
shunkov,4
gobi,4
dannym,4
smaller,4
deposits,4
temperatures,4
technological,4
observed,4
stuart,3
generated,3
per,3
achievements,3
lambeck,3
english,3
khenzykhenova,3
necessarily,3
mesolithic,3
yeniseya,3
updated,3
test,3
laricheva,3
dwarf,3
cope,3
production,3
originally,3
location,3
chalcedony,3
gosudarstvennogo,3
declined,3
height,3
zyryanka,3
sedimentation,3
warm,3
rich,3
shimkin,3
able,3
uncovered,3
okhotsk,3
polygonal,3
plicht,3
investigations,3
lena,3
occupy,3
irkutskogo,3
point,3
kolfschoten,3
implications,3
chronologies,3
corresponding,3
exposed,3
frequencies,3
cemeteries,3
peculiarities,3
development,3
run,3
demidov,3
stoyanka,3
vremya,3
elements,3
old,3
clark,3
ri,3
third,3
beginning,3
details,3
let,3
likely,3
higher,3
online,3
asiatic,3
absent,3
soviet,3
evalga,3
drevnikh,3
amirkhanov,3
radiouglerodnogo,3
nos,3
í,3
discoveries,3
cohmap,3
elsewhere,3
loess,3
articulated,3
calendar,3
too,3
additional,3
origins,3
beyond,3
polar,3
verkhnego,3
coldest,3
flakes,3
verpoorte,3
khayrgas,3
view,3
union,3
greater,3
had,3
allow,3
chikhen,3
sokoloff,3
out,3
owen,3
kageyama,3
neighboring,3
ofberingia,3
earliest,3
burial,3
determinations,3
paleolitivedeniya,3
hedges,3
almost,3
paleoenvironmental,3
tool,3
hyman,3
macrofossil,3
whole,3
overview,3
q,3
place,3
blade,3
winter,3
rodents,3
away,3
either,3
citing,3
biogeography,3
mammuthus,3
field,3
drier,3
intervals,3
multiple,3
reported,3
liu,3
finds,3
waguespack,3
lyzhin,3
he,3
maschenko,3
calibration,3
dannye,3
make,3
oledeneniya,3
etnografia,3
vicinity,3
pseudomorphoses,3
yet,3
museum,3
retreat,3
paleontological,3
paleogeografiya,3
latitude,3
specimens,3
unwin,3
olsen,3
reports,3
regional,3
geomorphology,3
simulation,3
etnografìi,3
name,3
harrison,3
toward,3
kutzbach,3
nonarboreal,3
fact,3
agui,3
appeared,3
frost,3
archaeopress,3
variation,3
depopulation,3
outside,3
do,3
monographs,3
chetvertichnogo,3
michael,3
aseev,3
evrazii,3
elevation,3
understanding,3
kolyma,3
bocquetappel,3
materialnoi,3
asian,3
skeptical,3
unfortunately,3
doubt,3
processes,3
previous,3
man,3
similar,3
urbana,3
biome,3
arkheologicheskie,3
taphonomic,3
times,3
indicate,3
lunkka,3
ural,3
oxbow,3
systems,3
evolutionary,3
murray,3
mineralogy,3
interpretations,3
shallow,3
biomes,3
obsidian,3
climap,3
slightly,3
shale,3
widely,3
consists,3
yr,3
vladivostok,3
radiouglerodnye,3
universiteta,3
pamyatniki,3
maps,3
perioda,3
tusks,3
primorye,3
nikolaev,3
volumes,3
methods,3
clovis,3
subdivided,3
occupies,3
berger,3
bezusko,3
considered,3
detail,3
kokorevo,3
school,3
cirque,3
argillite,3
issledovaniy,3
conclusion,3
kultura,3
henriksen,3
palaeogeography,3
here,3
geoarchaeology,3
over,3
continental,3
krasnoyarsk,3
vitim,3
cultures,3
sheep,3
paleoliticheskie,3
derevyagin,3
mys,3
reliability,3
spruce,3
advances,3
animal,3
dikov,3
amur,3
particular,3
arkheologiya,3
nearby,3
interval,3
waters,3
prismatic,3
geologiya,3
city,3
lies,3
kuhn,3
webb,3
come,3
survival,3
reveals,3
izvestiya,3
stratigrafiya,3
illinois,3
dinamika,3
physical,3
am,3
kuzmina,3
modeling,3
klein,3
brubaker,3
immediately,3
among,3
unequivocal,3
close,3
tube,3
fir,2
difficult,2
krenke,2
go,2
fleming,2
beringian,2
currently,2
ntl,2
chronological,2
limits,2
groups,2
shelves,2
pogrebeniya,2
laboratorii,2
logachev,2
diabase,2
anthropogene,2
gataullin,2
federation,2
distributed,2
mouth,2
rick,2
kinds,2
leningrad,2
forsström,2
nekotorykh,2
strictly,2
completely,2
former,2
decade,2
undertaken,2
prentice,2
excavation,2
rf,2
oshchepkova,2
question,2
bespaly,2
domes,2
track,2
descriptions,2
diversity,2
bahn,2
archeological,2
leads,2
sequence,2
stepanov,2
panova,2
darvill,2
bonsall,2
taken,2
disturbance,2
palynological,2
kononenko,2
marliave,2
fulbrightweb,2
molodin,2
taimyr,2
limb,2
arlington,2
hunted,2
peopling,2
studied,2
farther,2
reveal,2
take,2
real,2
help,2
bering,2
ddiine,2
state,2
marine,2
those,2
forman,2
baryshnikov,2
el,2
debitage,2
datable,2
woodlands,2
cenozoic,2
eisner,2
morían,2
laukhin,2
porter,2
determined,2
madsen,2
reply,2
bibliography,2
preceramic,2
taking,2
combination,2
indicating,2
geomorphological,2
himself,2
drevnie,2
gipotezy,2
ganapolsky,2
framework,2
ameriki,2
yakutii,2
column,2
paviland,2
sakha,2
vandenberghe,2
evolutsiya,2
poslednego,2
grooves,2
mm,2
selemdzhi,2
sediment,2
guthrie,2
characteristic,2
mixed,2
tsentr,2
grouped,2
built,2
media,2
sinclair,2
topic,2
barrier,2
urals,2
willis,2
kind,2
geophysics,2
fishhook,2
starikov,2
averaging,2
six,2
left,2
libraries,2
continuous,2
find,2
climates,2
grootes,2
industries,2
crow,2
recolonization,2
poor,2
larsen,2
zemle,2
german,2
reflects,2
summaries,2
graf,2
indrelid,2
how,2
interpretation,2
en,2
levels,2
coastal,2
hughes,2
subsistence,2
mean,2
datirovaniya,2
monsoon,2
se,2
ass,2
krivonogov,2
huijzer,2
burials,2
wedgeshaped,2
animals,2
panychev,2
arid,2
brunswick,2
redeposited,2
alekseev,2
fish,2
presumably,2
clearly,2
korea,2
shin,2
just,2
reumer,2
air,2
numbers,2
shpolyanskaya,2
bobrov,2
lithic,2
submerged,2
exceed,2
ferns,2
mix,2
utah,2
gribchenko,2
palaeoclimatology,2
arboreal,2
novykh,2
stoyanki,2
opinion,2
lokrantz,2
whereas,2
parallel,2
result,2
advance,2
disbelief,2
datirovki,2
koptyug,2
appearance,2
entering,2
search,2
discoidal,2
podobina,2
kaminnaya,2
krasnyi,2
taphonomy,2
lar,2
reki,2
diet,2
primigenius,2
zemlya,2
sapropel,2
philosophical,2
longitude,2
paleomonsoon,2
evaluate,2
academic,2
chinese,2
microquartzite,2
roe,2
rossiiskaya,2
intensity,2
absolute,2
magadan,2
wide,2
simulations,2
subdivisions,2
criteria,2
rocks,2
nine,2
future,2
concept,2
significantly,2
bladelet,2
instruments,2
vertebrae,2
revealed,2
eva,2
description,2
paleoenvironments,2
priangarya,2
contains,2
relevance,2
cluster,2
yi,2
believes,2
baikalopatomskogo,2
thornlike,2
own,2
nj,2
boulders,2
palaeoenvironmental,2
siegelt,2
giant,2
caused,2
suggest,2
stage,2
ono,2
order,2
rutgers,2
iberia,2
bank,2
around,2
hemisphere,2
shushpanova,2
mineral,2
migration,2
beyries,2
dramatic,2
distinguished,2
yuzhnogo,2
os,2
klimanov,2
correspondence,2
cycle,2
confluence,2
provided,2
mashchenko,2
llc,2
kozlowski,2
investigating,2
reduced,2
medvezhya,2
observations,2
scientific,2
hide,2
schemes,2
lysâ,2
carnivora,2
neolit,2
driest,2
nauchny,2
interactions,2
americas,2
basseiny,2
za,2
hearths,2
va,2
bratsk,2
vereshchagin,2
rs,2
communities,2
pacific,2
land,2
makes,2
under,2
gualtieri,2
us,2
boundary,2
perceived,2
compiled,2
processing,2
included,2
lowland,2
rozenbaum,2
extinction,2
ci,2
si,2
already,2
insights,2
department,2
noted,2
elevations,2
picture,2
lee,2
inhabitants,2
organizations,2
sreda,2
comparison,2
turgai,2
business,2
stated,2
death,2
put,2
geokhronologiya,2
rock,2
growth,2
peltier,2
lack,2
consideration,2
limit,2
turner,2
areas,2
minnesota,2
surfaces,2
bluff,2
minneapolis,2
figurines,2
isaeva,2
fashion,2
tikhonov,2
basseinov,2
shrubs,2
microlithization,2
preforms,2
establish,2
relevant,2
rhineland,2
markin,2
zaraisk,2
dalpress,2
remained,2
yaroslav,2
vorob,2
kuznetsova,2
atlantic,2
cambridge,2
proboscidean,2
komissii,2
drevnosti,2
blum,2
mosaic,2
findings,2
selemdga,2
faustova,2
food,2
rare,2
cwynar,2
belaya,2
states,2
rychkovo,2
nevertheless,2
described,2
nuclear,2
open,2
kvavadze,2
lacustrine,2
aldana,2
points,2
dominated,2
paleoliticheskaya,2
mongolii,2
kharinsky,2
allowed,2
him,2
features,2
markova,2
abundant,2
provides,2
exchange,2
pozdnego,2
artificial,2
eustatic,2
levallois,2
cs,2
often,2
ribs,2
become,2
relation,2
volkova,2
excluded,2
structure,2
dominance,2
gg,2
oscillations,2
paleolitovedeniya,2
chert,2
brown,2
dietary,2
erratum,2
accepting,2
penguin,2
rodent,2
circle,2
vv,2
violation,2
sealed,2
fairly,2
greve,2
france,2
dorofeyuk,2
program,2
microcores,2
pozdnepaleoliticheskoe,2
biryukov,2
burr,2
aitken,2
tekhnologyi,2
collections,2
detailed,2
gladyshev,2
millennia,2
overlap,2
icewedge,2
zhizni,2
plains,2
tobol,2
responsible,2
hi,2
united,2
solonets,2
get,2
modelling,2
gathered,2
bolshiyanov,2
anthropological,2
seriously,2
heavy,2
then,2
fifteen,2
any,2
thinking,2
kamchatka,2
aeolian,2
skeleton,2
measurements,2
extensive,2
bush,2
rotterdam,2
istoriya,2
natural,2
poslednie,2
ave,2
khronologii,2
yana,2
cemetery,2
lying,2
osipova,2
mlekopitayushchikh,2
ding,2
foundation,2
iii,2
audience,2
hundred,2
iron,2
pit,2
barents,2
edge,2
vostokovedenie,2
lagurus,2
chelovekom,2
geos,2
draw,2
johnson,2
microlithic,2
antonov,2
carefully,2
form,2
bard,2
mosses,2
covers,2
storm,2
morskikh,2
adornments,2
vnutrennikh,2
contain,2
archaeometry,2
mir,2
izucheniyu,2
org,2
preserved,2
pits,2
technologies,2
despite,2
republic,2
fossil,2
hucho,2
compilations,2
vast,2
yenisee,2
srednei,2
phenomenon,2
headwaters,2
komponentov,2
our,2
named,2
pavlova,2
ungulates,2
difference,2
average,2
copies,2
finding,2
decrease,2
temperature,2
finally,2
tekhnicheskogo,2
accept,2
nikolskaya,2
approximately,2
salt,2
rhs,2
ï,2
colleagues,2
alder,2
oldest,2
extremely,2
shift,2
supported,2
textures,2
bolshoi,2
lbova,2
consisted,2
savvinova,2
book,2
create,2
northwestern,2
interaction,2
plenum,2
ca,2
popov,2
scandinavian,1
nicholas,1
vys,1
kurtak,1
miller,1
ä,1
rann,1
kienel,1
lis,1
ja,1
sledami,1
rate,1
damon,1
done,1
vilui,1
child,1
pals,1
evolucio,1
retreated,1
horizontal,1
estimated,1
way,1
razgildeeva,1
problematike,1
indicated,1
rev,1
substances,1
warmer,1
styke,1
pmip,1
strategy,1
geograficheskaya,1
glascock,1
skeletal,1
borers,1
lednikovykh,1
separated,1
spielhagen,1
affected,1
rogovsky,1
okruzhayushchaya,1
rastitelnosti,1
episodes,1
heights,1
issledovanyi,1
uplands,1
fords,1
vikulov,1
kononov,1
bland,1
igeteiskiy,1
introduction,1
manuscript,1
deciduous,1
contemporaneous,1
skreblo,1
settlements,1
needed,1
pendants,1
bergsten,1
interior,1
integrity,1
atlases,1
conard,1
chi,1
chulym,1
manley,1
properly,1
paleontologia,1
essays,1
terminated,1
ermolaev,1
hahne,1
yamskhikh,1
live,1
wostok,1
constitutes,1
continent,1
nps,1
rounded,1
deserted,1
situation,1
mezolita,1
ïiîîî,1
rebrikov,1
paradigms,1
candidate,1
park,1
ó,1
wolf,1
petersbureskoye,1
interfluvel,1
boulder,1
kerry,1
grasslands,1
girya,1
unaudited,1
trace,1
insects,1
fixed,1
inventory,1
organic,1
harsh,1
title,1
occurred,1
bazarova,1
freeman,1
dchine,1
expressed,1
sopredelnykh,1
pinot,1
ussr,1
service,1
oos,1
paleoclimatic,1
detected,1
bark,1
aktivnosti,1
cutting,1
experience,1
fluctuations,1
accumulation,1
being,1
highlighted,1
cast,1
sterile,1
olekmy,1
arguing,1
acceptable,1
permit,1
fairbanks,1
hence,1
confident,1
vos,1
supposedly,1
selin,1
react,1
microhabitats,1
preceding,1
disagreement,1
metody,1
letters,1
sad,1
antropogena,1
setting,1
attempts,1
military,1
kilometers,1
fowl,1
tolbaga,1
utilization,1
chenopods,1
artificially,1
çj,1
postnov,1
advanced,1
regionalnaya,1
definition,1
okladnikov,1
gary,1
favlidis,1
comparatively,1
killed,1
tradition,1
daty,1
incisors,1
zi,1
coauthors,1
highland,1
îi,1
convert,1
differences,1
listvenka,1
accumulated,1
origin,1
berman,1
assembled,1
disappearance,1
geomorfologiya,1
link,1
vertebra,1
scheme,1
griva,1
composition,1
petoukhov,1
survey,1
pozdnezyryanskogo,1
evolving,1
talamo,1
fresh,1
melody,1
vostochoi,1
crucial,1
razvitie,1
chronologyof,1
blackwell,1
precisely,1
sergei,1
raised,1
decreased,1
china,1
okhrana,1
chukchi,1
faunisticheskie,1
surveys,1
dd,1
modrie,1
smirnov,1
tochnost,1
nonaccelerator,1
majority,1
system,1
northerneurasia,1
side,1
wetter,1
radiouglerognykh,1
accuracy,1
neolitu,1
krasnyyar,1
discussinig,1
verlag,1
ín,1
epilog,1
karpologicheskim,1
key,1
hr,1
luminescence,1
advice,1
weathered,1
mass,1
ovodov,1
greenland,1
great,1
notches,1
figs,1
mistakes,1
rto,1
kruglikova,1
tela,1
ç,1
prior,1
rekonstruktsiyakh,1
agenbroad,1
constraints,1
cooperation,1
interpretatsiya,1
cybp,1
elk,1
landsystem,1
paucity,1
cap,1
characterize,1
pavlidis,1
severnaya,1
feinman,1
reenen,1
mccormac,1
irtysh,1
intensively,1
emu,1
hiatus,1
crossed,1
dataset,1
goleva,1
scn,1
community,1
azonal,1
alluvialnykh,1
sporadically,1
consequent,1
zhivotnogo,1
jihim,1
reinstalled,1
ovis,1
cited,1
aurignacian,1
andersen,1
apply,1
objective,1
correlation,1
minimum,1
deinsea,1
prevented,1
prilednikovaya,1
sand,1
collection,1
palaeoecological,1
sign,1
õõuou,1
split,1
peshchere,1
reliably,1
slobodin,1
fypj,1
solovyeva,1
funded,1
pecsi,1
exist,1
lene,1
kimura,1
piedmont,1
chichagova,1
regarding,1
generalized,1
goal,1
associations,1
accumulations,1
prey,1
royal,1
willow,1
comments,1
timber,1
collapse,1
birks,1
release,1
southwestern,1
explained,1
agreement,1
inner,1
quality,1
chenopodiaceae,1
larin,1
initial,1
mazin,1
lateweichselian,1
epokhu,1
bassein,1
vyacheslav,1
assumes,1
software,1
unpublished,1
matiouchkov,1
kordis,1
terraces,1
maina,1
millennium,1
paleoliticheskoye,1
danube,1
interest,1
patchy,1
clay,1
relatively,1
ability,1
verkhnepaleoliticheskoe,1
oleneka,1
ostrich,1
quantifying,1
occurs,1
spot,1
adams,1
zapadnoi,1
tucson,1
bigelow,1
jr,1
expeditions,1
aoki,1
assessment,1
olenek,1
chikoi,1
laptev,1
dalny,1
admitted,1
kaplm,1
upotrebleniya,1
funds,1
neanderthals,1
construction,1
comment,1
concentrations,1
marlstone,1
nor,1
stored,1
david,1
perspective,1
clustering,1
zapadnaya,1
ephemeral,1
amount,1
kontrimavichus,1
afontovo,1
response,1
traditionally,1
ik,1
young,1
levchuk,1
companion,1
arheologicheskikh,1
groningen,1
suitable,1
morpholithogenesis,1
analogs,1
unchanged,1
datirovanie,1
ingóìfsson,1
zapiski,1
criterion,1
truly,1
thin,1
weakening,1
eriksson,1
selemdzhinskaya,1
biological,1
dammed,1
kokorevskaya,1
tentatively,1
osadchy,1
wet,1
belongs,1
hammarlund,1
tremula,1
ë,1
traditions,1
leadership,1
poephagus,1
pronounced,1
arheologiya,1
generation,1
transactions,1
bel,1
gates,1
skelet,1
murrey,1
patches,1
koltsova,1
depths,1
fr,1
formed,1
kiya,1
larsenj,1
izuchennosti,1
hampers,1
collagen,1
failed,1
zhidovlenko,1
meyer,1
soil,1
berelekh,1
romanenko,1
diachenko,1
simultaneously,1
felzer,1
slowed,1
îfi,1
zenm,1
microinventory,1
valdai,1
adequate,1
pendant,1
á,1
boreal,1
liparite,1
chesnokov,1
megafauny,1
pozdnem,1
soff,1
tt,1
chelovek,1
lepenski,1
centered,1
developed,1
district,1
remain,1
grateful,1
keywords,1
paths,1
breadth,1
lagerny,1
afterwards,1
stoke,1
biggest,1
ov,1
flory,1
subdivision,1
choi,1
ungulate,1
outcrop,1
stuttgart,1
deliberately,1
doklady,1
winegardner,1
reworked,1
gull,1
connected,1
farand,1
koulakov,1
à,1
importance,1
pleistotsena,1
huge,1
gowlett,1
schneider,1
assuming,1
winters,1
aquatic,1
stein,1
zwartz,1
illustrations,1
zhilishcha,1
evolution,1
upstream,1
factors,1
update,1
caps,1
consistency,1
sukachev,1
fn,1
oxides,1
means,1
eighteen,1
tooth,1
hasegawa,1
rossiisky,1
distorts,1
affect,1
rib,1
supports,1
consider,1
objects,1
wedges,1
chukotskoeo,1
mooom,1
izuchenie,1
familiar,1
osobennosti,1
grains,1
hh,1
slowly,1
emergence,1
multiplatform,1
honononoo,1
cutler,1
ì,1
ös,1
anisimov,1
impact,1
dominate,1
shelters,1
omo,1
unfavorable,1
perekhoda,1
frequently,1
dyuktai,1
commonly,1
heading,1
ludei,1
resource,1
challenged,1
housley,1
kjaeri,1
follow,1
calculations,1
bpt,1
obstacles,1
comparisons,1
definite,1
anvils,1
geometric,1
terminology,1
exploitation,1
antropologii,1
poduostrova,1
anoikin,1
og,1
tumskoy,1
flow,1
dug,1
drawing,1
subaerial,1
estimates,1
radial,1
denticulate,1
closely,1
came,1
ooo,1
orau,1
eurasiatico,1
basalt,1
llillsiaiüaliüláü,1
ethnography,1
cd,1
concentration,1
plateau,1
dateiist,1
analog,1
rahmstorf,1
eggshell,1
downstream,1
nazad,1
ostatkov,1
histories,1
acknowledgments,1
carcasses,1
ulmy,1
critically,1
ak,1
dunayev,1
sawing,1
otdelenie,1
preindustrial,1
underneath,1
lesa,1
events,1
bluffs,1
mistakenly,1
chukotki,1
ramstein,1
lick,1
longman,1
im,1
manning,1
bokarev,1
embedded,1
density,1
skoplenie,1
orhon,1
fourth,1
equally,1
furthermore,1
understood,1
omolon,1
though,1
polishing,1
wales,1
effective,1
territoriy,1
technical,1
nemkova,1
éa,1
nikolsky,1
fisher,1
province,1
viewed,1
skin,1
neither,1
cannot,1
pozanepaleoliticheskaya,1
applied,1
southon,1
hare,1
sedge,1
flaws,1
migrations,1
equip,1
kazakhstan,1
sakhalina,1
required,1
multidisciplinar,1
fox,1
tseveendorj,1
enough,1
kaminnoi,1
carbonates,1
scintillation,1
flaked,1
died,1
misrepresented,1
periodization,1
boriskovsky,1
hopkins,1
radiouglerodnoi,1
glaciated,1
possibility,1
eliminate,1
coped,1
hogg,1
rezultaty,1
pleistotsene,1
changeable,1
none,1
etogo,1
network,1
sostava,1
relief,1
hoofed,1
clarke,1
mooovorton,1
paleosols,1
antropogene,1
discarded,1
intense,1
overviews,1
bounded,1
contexts,1
chulvmyenisei,1
balkema,1
strict,1
yakor,1
clean,1
reader,1
komanova,1
maininskogo,1
wedgelike,1
soi,1
bm,1
proportions,1
knowledge,1
apparent,1
reduction,1
tumantsev,1
ustye,1
equivalent,1
kremenetski,1
friedrich,1
subregion,1
sitlivyi,1
loss,1
year,1
literature,1
purcell,1
describe,1
ispolzovanie,1
priirtyshya,1
straus,1
intermediate,1
riversi,1
issues,1
partly,1
constitute,1
actually,1
gorozhankina,1
spaces,1
focuses,1
artemisia,1
zaselenie,1
oceans,1
employed,1
klementiev,1
subprismatic,1
amerikoi,1
relyefa,1
status,1
radovanovic,1
trends,1
lithics,1
seashore,1
compositae,1
chappell,1
errors,1
foci,1
depositional,1
yak,1
twilight,1
good,1
dryas,1
social,1
radiouglerodnoe,1
pò,1
foresttype,1
troitsky,1
kultur,1
working,1
golotsene,1
questionable,1
elephants,1
chronostratigraphy,1
incisor,1
marmota,1
peshchera,1
dictionary,1
kinetics,1
prevalence,1
next,1
cerpolex,1
peruvian,1
paleoinformatika,1
elias,1
kozharinov,1
sharp,1
hole,1
hornblendite,1
specifically,1
cubelike,1
stratum,1
pishchy,1
teams,1
dried,1
conifer,1
lithological,1
separately,1
migrating,1
bridge,1
severovostok,1
aktualnye,1
lyobov,1
treeline,1
ts,1
leontiev,1
peak,1
decline,1
essentially,1
paleontologicheskikh,1
mezolit,1
portions,1
conclude,1
zubareva,1
impossible,1
hor,1
lubinski,1
kulik,1
minima,1
richness,1
scott,1
progress,1
vasily,1
method,1
baryshmkov,1
ïj,1
putorana,1
re,1
lgmrelated,1
describes,1
longitudal,1
demidenko,1
notice,1
roots,1
geel,1
bicho,1
hammerstone,1
ddcis,1
separate,1
triangular,1
versus,1
pleistotsengolotsen,1
retreating,1
claes,1
twothirds,1
azia,1
hanguk,1
insets,1
work,1
neolithic,1
sovietskaya,1
corrections,1
marresale,1
cite,1
remmele,1
portion,1
includingtransbaikal,1
gustav,1
questioned,1
shoreline,1
ana,1
noteworthy,1
coastline,1
ravsky,1
minor,1
elementy,1
gravettian,1
sensu,1
matter,1
absence,1
kitaev,1
cnrinnar,1
various,1
yamal,1
bimodal,1
ebel,1
malley,1
impacts,1
carlen,1
horoka,1
indicative,1
mamakanskogo,1
pozdnepaleoliticheskikh,1
short,1
wrote,1
synthesis,1
lag,1
acquaint,1
overall,1
plichi,1
vm,1
pozdnepleistotsenovogo,1
srednevekovye,1
fifield,1
vyatkin,1
return,1
brief,1
forward,1
kenkyu,1
nearly,1
elgakhchan,1
prevailing,1
deviation,1
mavtinskoe,1
positioned,1
sibili,1
hu,1
artemiev,1
garden,1
surviving,1
gioia,1
phvsics,1
bykova,1
ulianov,1
buck,1
movement,1
gallimore,1
surveyed,1
innovation,1
adapted,1
southeast,1
plient,1
forecast,1
corpus,1
guide,1
tutubalin,1
geoarkheologichesky,1
haustova,1
kratkie,1
arkheologicheskoe,1
od,1
pamiatniki,1
volokitin,1
realnaya,1
americans,1
examined,1
fit,1
database,1
geochronology,1
kluwer,1
serve,1
soon,1
oonoo,1
continuity,1
shilova,1
kirillin,1
restricted,1
exposure,1
populated,1
selective,1
spear,1
confidence,1
temperate,1
index,1
foronova,1
basilyan,1
semisubterranean,1
landshaftov,1
ils,1
clothing,1
paleosrede,1
assistance,1
terifauna,1
subarctic,1
seriya,1
wright,1
icedammed,1
arcom,1
andreeva,1
wisconsin,1
sevastyanov,1
replaces,1
williams,1
rome,1
kostei,1
ív,1
skeletons,1
double,1
useful,1
fill,1
alteration,1
seasonally,1
otkrytiya,1
resolution,1
guilderson,1
humérus,1
sibir,1
macphee,1
hakyeon,1
nazionale,1
iceage,1
challenge,1
technique,1
chastei,1
cavaretta,1
subcontinent,1
coupe,1
rastitelnost,1
again,1
zolotarev,1
deserves,1
ecological,1
flat,1
towards,1
projects,1
sky,1
stoianok,1
lavrushin,1
longer,1
leading,1
paleogeograftya,1
valid,1
iitîîluflîijîf,1
predaltaiskoi,1
vasifev,1
calib,1
pastoralism,1
predictably,1
broken,1
citellus,1
predominant,1
lililí,1
agree,1
soan,1
abstract,1
ooon,1
novoe,1
disturbed,1
koryak,1
mostoller,1
contradict,1
classical,1
associates,1
decreases,1
tinskoe,1
microspalls,1
aldansky,1
olekma,1
utma,1
diameter,1
jkhine,1
pattern,1
russkoi,1
oc,1
ehlers,1
dalnauka,1
terry,1
mountainous,1
consiglio,1
estestvennykh,1
never,1
conclusions,1
took,1
khronostratigrafiya,1
ground,1
progenitor,1
contextualizing,1
riding,1
claussen,1
increases,1
tir,1
sphagnum,1
discussing,1
noiret,1
landshafinykh,1
mestonakhozhdeniy,1
vostoka,1
purposes,1
coarse,1
uuuij,1
hides,1
forth,1
mamonta,1
trinkaus,1
laminated,1
osteologists,1
teeth,1
february,1
preparation,1
johnston,1
mukharramov,1
matushchenko,1
controversy,1
jj,1
doliny,1
aravena,1
going,1
free,1
microtools,1
gusskov,1
thoroughly,1
perimortem,1
metoda,1
bos,1
klinken,1
habitat,1
summers,1
predmosti,1
fauny,1
herbivores,1
iq,1
sushchestvovaniya,1
pooling,1
mice,1
extended,1
dimensions,1
vasilevsky,1
campaigns,1
averaged,1
skepticism,1
pall,1
background,1
treated,1
thanks,1
brady,1
geografii,1
ethnoarchaeological,1
maritime,1
ppillîjîmi,1
active,1
mestonakhozhdeniya,1
refining,1
shirataki,1
dobrowsky,1
tomskaya,1
nadeau,1
formal,1
affinity,1
enhanced,1
poselenii,1
liil,1
sixth,1
deserts,1
szeicz,1
sufficiently,1
foxes,1
paleolite,1
birds,1
astroarkheologiya,1
attributed,1
concern,1
era,1
outliers,1
landshaftnykh,1
illusion,1
prevailed,1
virtually,1
reconstructing,1
vozraste,1
band,1
oocsooooonoooovooqvo,1
products,1
submitted,1
denisova,1
exhibited,1
aldansk,1
verkhnetroitskaya,1
ravako,1
angary,1
razvitiya,1
gerasimov,1
examination,1
ys,1
full,1
verkhnem,1
golubaya,1
ambio,1
california,1
vu,1
nesmeyanov,1
viliuia,1
platform,1
ager,1
bayliss,1
distortion,1
low,1
modem,1
deckker,1
kazantseva,1
comprehensive,1
publication,1
cauwe,1
language,1
dikova,1
lady,1
aberrant,1
noo,1
flake,1
punning,1
impregnated,1
organicenriched,1
beaulieu,1
individual,1
removal,1
physics,1
îqooç,1
started,1
reviewers,1
collaboration,1
helpful,1
palombo,1
scraper,1
jíhl,1
overlain,1
burilov,1
vermeersch,1
kahlke,1
curve,1
brewer,1
pj,1
distinction,1
drilling,1
counted,1
geoarkheologicheskikh,1
ecology,1
palaeobotanical,1
epoch,1
connects,1
improved,1
oases,1
standard,1
vod,1
inversions,1
simakova,1
goose,1
latter,1
reuse,1
khangaya,1
repeated,1
andrieu,1
facing,1
behind,1
ouaternarv,1
evgeny,1
ovo,1
taimen,1
moist,1
arkheologicheskikh,1
groove,1
hungarian,1
ornaments,1
correction,1
effect,1
amber,1
lî,1
january,1
svete,1
rossiiskayaarkheologiya,1
regression,1
consecutive,1
tight,1
klimata,1
locales,1
volchya,1
attracted,1
splitting,1
maximal,1
destruction,1
relative,1
irex,1
joussaume,1
hakbo,1
organics,1
atlas,1
evaluated,1
caution,1
microindustry,1
baikalskoi,1
attention,1
vorobyev,1
concluded,1
gatauuin,1
otlozheny,1
hunt,1
jasperoid,1
larix,1
malta,1
issledovaniya,1
increasing,1
greenwood,1
revolution,1
ranging,1
krinner,1
carried,1
bottema,1
otf,1
indication,1
filosofii,1
unifacial,1
topography,1
zaraiskaya,1
relationship,1
preliminarily,1
modification,1
aid,1
imperatorskoi,1
flooded,1
grammar,1
coupled,1
îiliïïsi,1
tentative,1
novaya,1
checked,1
marrow,1
she,1
continued,1
bold,1
drevesiny,1
usually,1
linda,1
akimova,1
reasonable,1
cn,1
vertical,1
insufficient,1
primarily,1
bulletin,1
gnaw,1
investigators,1
poseleniy,1
worldwide,1
rayona,1
modified,1
translation,1
coniferous,1
gut,1
dalnego,1
fs,1
sigmas,1
bulleten,1
matrixes,1
began,1
twigs,1
localization,1
softer,1
clays,1
originated,1
remnants,1
length,1
fagan,1
life,1
why,1
kill,1
stiner,1
fall,1
ivanyev,1
measured,1
types,1
centuries,1
exists,1
raab,1
devoted,1
formirovaniya,1
paleofauna,1
articles,1
laplevsea,1
susan,1
prirodnaya,1
surovell,1
ash,1
weyhenmeyer,1
carpological,1
kromer,1
juncture,1
materialy,1
burned,1
daiyonki,1
dissertation,1
sections,1
berg,1
variable,1
rarely,1
flies,1
blocked,1
marks,1
beast,1
following,1
reviewing,1
dordrecht,1
abandonment,1
comes,1
lï,1
mentioned,1
version,1
changing,1
poselenie,1
kompleksa,1
deep,1
must,1
mezhdurechya,1
pickard,1
flora,1
log,1
continues,1
characteristics,1
recognizable,1
yu,1
scraping,1
dali,1
ignore,1
saks,1
symbol,1
meat,1
alps,1
extraarctic,1
maksimum,1
statistical,1
taiwan,1
emphasise,1
niessen,1
discharged,1
rerouting,1
know,1
berkeley,1
tafonomii,1
control,1
rocksheiter,1
bertrand,1
ß,1
nasledie,1
hamilton,1
paper,1
ingólfsson,1
specialized,1
northward,1
suggestions,1
filologii,1
downslope,1
paleoindian,1
extraction,1
interested,1
sampling,1
board,1
gone,1
desolate,1
best,1
ft,1
down,1
historical,1
zeya,1
agadjaman,1
ph,1
printed,1
ermakovo,1
scenario,1
domestic,1
cooling,1
report,1
baillie,1
counting,1
izotopnym,1
laarif,1
pleased,1
er,1
dat,1
hald,1
jolly,1
unburned,1
yelenev,1
debruyne,1
ritchie,1
rffi,1
banerjee,1
past,1
accepts,1
utilized,1
gneushev,1
proposed,1
sanggosa,1
prognoza,1
colinvaux,1
growing,1
populus,1
polyak,1
drop,1
discuss,1
microindustries,1
mongolian,1
tytylvaam,1
explanations,1
what,1
notable,1
affirm,1
altaya,1
investigation,1
discharge,1
stoyanke,1
mikhailov,1
lutoga,1
redeposition,1
whether,1
terms,1
list,1
namely,1
tow,1
references,1
plants,1
cause,1
mandible,1
house,1
san,1
map,1
teriofauna,1
sovremennym,1
writes,1
warn,1
debate,1
mio,1
leaving,1
predate,1
complexity,1
palynologist,1
correlates,1
presumable,1
reille,1
mama,1
produce,1
lowermost,1
delle,1
sovremennoe,1
pebble,1
minimal,1
episode,1
scenarios,1
oxygen,1
suggests,1
emphasis,1
mov,1
hundreds,1
prevent,1
port,1
anchorage,1
voprosy,1
funder,1
mai,1
aurochs,1
researchers,1
little,1
paleoclimates,1
outline,1
prilednikovykh,1
hornfels,1
cheddadi,1
aspen,1
vir,1
behling,1
attached,1
cl,1
stuiver,1
landslides,1
gattaulin,1
prevalent,1
confirm,1
became,1
subrayona,1
arkheologicheskykh,1
variability,1
giving,1
velicnjco,1
seoul,1
transition,1
tundras,1
geoarkheologicheskogo,1
sidoras,1
adrielsson,1
ããã,1
jv,1
kotov,1
obtain,1
refitted,1
mongoli,1
equipped,1
gromov,1
lserenaagva,1
efimov,1
mention,1
sb,1
fine,1
aspect,1
shcherbakov,1
coming,1
budapest,1
gornogo,1
hughen,1
mangenid,1
ibex,1
anabara,1
stoyankakh,1
sostoyanie,1
plastinki,1
fakty,1
sato,1
pikas,1
practices,1
placer,1
synopsis,1
humanenvironment,1
ig,1
chekha,1
abridged,1
paradigm,1
alfimov,1
herds,1
bredikhin,1
macrofossils,1
mamontovogo,1
frame,1
anabar,1
petersburgskoye,1
acidity,1
offer,1
hangay,1
pechora,1
kavkaza,1
faure,1
suffers,1
dense,1
paleogeographic,1
refueium,1
bear,1
archipelago,1
bulle,1
glass,1
borisova,1
moskvitin,1
lgmassociated,1
engraving,1
spectrometry,1
fulbright,1
plentiful,1
presenting,1
snrinoer,1
shrub,1
francisco,1
increased,1
classification,1
roughly,1
malaeva,1
desert,1
anonymous,1
flooding,1
respective,1
sukacheva,1
territories,1
severnogo,1
rhyolite,1
uá,1
assumed,1
valuable,1
ostatki,1
mìliti,1
beck,1
liquid,1
cook,1
lemmings,1
obstanovok,1
unstable,1
agrees,1
zapadnogo,1
uncertainty,1
views,1
problema,1
nohrina,1
mnogosloinykh,1
dental,1
traditional,1
raion,1
wellplanned,1
soobshcheniya,1
focus,1
duration,1
itogi,1
strong,1
uk,1
lllli,1
comparable,1
ss,1
taylor,1
digest,1
concise,1
overkill,1
nizhnego,1
statement,1
broader,1
doing,1
mock,1
resources,1
lia,1
manufactured,1
fur,1
quantity,1
arizona,1
martin,1
gold,1
grants,1
