WORDCOUNTS,WEIGHT
the,1662
of,1214
and,1002
in,706
a,549
to,352
rcbp,267
for,253
from,237
at,222
that,211
j,208
b,184
p,179
d,179
american,158
r,157
have,154
as,145
clovis,141
is,140
on,134
m,128
new,128
america,126
dates,126
c,123
by,122
g,121
early,121
e,119
ca,119
or,116
north,115
this,114
been,113
paleoindian,111
be,106
pp,105
et,104
l,102
are,102
were,98
al,96
s,95
an,95
with,95
it,93
site,90
world,84
about,83
not,83
has,83
points,82
human,80
press,78
sites,77
eds,75
was,73
years,71
t,70
but,66
would,66
archaeology,66
peopling,65
date,65
radiocarbon,64
evidence,63
k,63
more,62
pleistocene,61
no,58
late,58
university,58
than,56
south,56
antiquity,56
research,55
found,54
h,53
americans,53
first,52
some,52
may,50
i,50
they,49
these,49
also,48
americas,48
if,47
age,47
fiedel,47
f,47
eastern,45
w,45
between,45
man,44
lithic,43
migration,42
there,42
point,42
mammoth,42
their,40
however,40
cave,39
southern,39
monte,39
archaeological,39
ed,38
paleolithic,37
tools,37
v,37
northern,37
central,36
earlier,36
upper,36
people,36
recent,36
asia,35
paleoindians,35
other,34
haynes,34
origins,34
fluted,34
society,34
paper,34
had,33
artifacts,33
study,33
verde,33
remains,33
such,32
journal,32
prehistory,32
occupation,32
presented,32
after,32
probably,32
stone,31
old,31
could,31
only,31
science,31
even,30
meltzer,30
n,30
population,30
annual,30
center,29
one,29
into,29
anthropology,29
native,29
assemblages,29
anderson,29
earliest,29
jr,28
coast,28
populations,28
alaska,28
level,28
complex,27
initial,27
which,27
dillehay,27
dating,27
meeting,27
km,27
might,26
ice,26
material,26
asian,26
beringia,26
ancestral,26
chicago,26
east,25
west,25
nenana,25
york,25
coastal,25
dated,25
corridor,25
northeast,24
western,24
before,24
china,24
several,24
few,24
made,24
adaptations,24
bones,24
both,24
bone,23
most,23
cultural,23
yet,23
ancient,23
two,23
so,23
seems,22
blades,22
de,22
perhaps,22
region,22
siberia,22
reported,22
quaternary,22
humans,21
within,21
bonnichsen,21
bifaces,21
corvallis,21
california,21
very,21
although,21
later,20
mtdna,20
its,20
texas,20
culture,20
present,20
assemblage,20
any,20
associated,20
through,20
genetic,19
arctic,19
near,19
small,19
can,19
hunters,19
who,19
tradition,18
hunting,18
el,18
obtained,18
similar,18
steele,18
island,18
presence,18
when,18
haplotype,18
extinction,18
do,18
mexico,18
plains,18
colonization,18
now,17
modern,17
occurred,17
archaeologists,17
case,17
mastodon,17
far,17
view,17
during,17
washington,17
around,17
time,17
end,17
we,17
megafauna,17
middle,17
much,17
long,16
implications,16
all,16
folsom,16
basin,16
y,16
southeast,16
period,16
ago,16
seem,16
did,16
brazil,16
theory,16
holocene,16
archaic,16
taylor,16
should,16
river,15
older,15
settlement,15
rapid,15
still,15
pacific,15
technology,15
chronology,15
skeletons,15
turner,15
seattle,15
erlandson,15
area,15
stratified,15
waters,15
yielded,15
association,15
southeastern,15
goebel,14
lower,14
europe,14
possible,14
mongoloid,14
santa,14
charcoal,14
glacial,14
del,14
origin,14
genetics,14
known,14
over,14
industry,14
suggests,14
virginia,14
sea,14
transition,14
lake,14
microblades,13
bryan,13
dyuktai,13
homo,13
environments,13
perspective,13
four,13
based,13
big,13
least,13
suggest,13
ancestors,13
likely,13
areas,13
fishtail,13
wood,13
species,13
must,13
mongoloids,13
represent,12
large,12
route,12
broken,12
clark,12
mammoths,12
haplotypes,12
turnmire,12
northeastern,12
appear,12
cores,12
record,12
because,12
stanford,12
model,12
deposits,12
mead,12
evolution,12
meadowcroft,12
what,12
o,11
groups,11
cactus,11
great,11
faught,11
interior,11
thus,11
component,11
suggested,11
prehistoric,11
out,11
recently,11
method,11
below,11
results,11
already,11
layer,11
where,11
see,11
beginnings,11
range,11
samples,11
skeletal,11
la,11
inhabitants,11
hill,11
cambridge,11
florida,11
land,11
among,11
environmental,10
expansion,10
search,10
context,10
less,10
british,10
tankersley,10
southwestern,10
ushki,10
columbia,10
stratum,10
oxford,10
high,10
younger,10
too,10
appears,10
blade,10
london,10
extinctions,10
up,10
finds,10
pearson,10
he,10
materials,10
valsequillo,10
palaeoecology,10
movement,10
springs,10
same,10
dna,10
regional,10
use,10
times,10
derived,10
like,10
mammals,10
european,10
united,10
physical,10
cultures,10
powell,10
while,10
ohio,10
territory,10
sheets,10
states,10
dental,10
dispersals,9
fladmark,9
rate,9
along,9
toolkit,9
studies,9
history,9
nature,9
sapiens,9
raton,9
fig,9
stratigraphie,9
traits,9
industries,9
russian,9
rather,9
clearly,9
plenum,9
yesner,9
important,9
extinct,9
mcavoy,9
produced,9
future,9
horizon,9
stemmed,9
will,9
female,9
specimens,9
noted,9
quebrada,9
variation,9
fragments,9
indicate,9
martin,9
carlson,9
crc,9
rapidly,9
blood,9
claims,9
current,9
fl,9
chile,9
peru,9
fauna,9
boca,9
little,9
resulted,8
ostensibly,8
acceptance,8
sources,8
individuals,8
warm,8
analyses,8
x,8
absent,8
subsistence,8
archeological,8
decades,8
dc,8
distribution,8
appearance,8
typical,8
academic,8
chinese,8
ofberingia,8
data,8
interpreted,8
smithsonian,8
climate,8
siberian,8
wright,8
many,8
japan,8
sinodont,8
discovery,8
three,8
lakes,8
ancestry,8
paleoarctic,8
dryas,8
nashville,8
chert,8
brown,8
morrow,8
skeleton,8
rocksheiter,8
each,8
international,8
report,8
kuzmin,8
hills,8
game,8
jennings,8
contain,8
valley,8
numerous,8
pedra,8
occur,8
contemporaneous,7
endscrapers,7
replaced,7
mochanov,7
investigations,7
alabama,7
u,7
draw,7
diversity,7
comments,7
relatively,7
young,7
furada,7
sassaman,7
collagen,7
across,7
creek,7
torroni,7
fedje,7
argued,7
spiess,7
show,7
peninsula,7
flakes,7
faunal,7
ocean,7
butzer,7
kennewick,7
burial,7
cannot,7
explain,7
possibility,7
climatic,7
artifact,7
social,7
cold,7
bridge,7
maine,7
blackwater,7
moved,7
dalton,7
absence,7
goodyear,7
single,7
reference,7
investigating,7
routes,7
fell,7
fact,7
occupations,7
anthropologist,7
ages,7
jobo,7
significant,7
cranial,7
features,7
last,7
problems,7
include,7
mainly,7
institution,7
shutler,7
continued,7
analysis,7
table,7
canada,7
peoples,7
continental,7
emergence,7
mongolia,7
type,7
them,7
whether,7
problem,7
willig,7
techniques,7
bradley,7
isolated,7
shown,7
ranged,7
cone,7
adovasio,7
overkill,7
hypothesis,7
does,6
macroblades,6
common,6
warming,6
tierra,6
organic,6
calibration,6
contexts,6
neolithic,6
ii,6
rare,6
differences,6
cerro,6
vegetation,6
dincauze,6
irwinwilliams,6
hall,6
vol,6
beverly,6
orono,6
apart,6
million,6
since,6
sample,6
nelson,6
distinct,6
siegel,6
fedoseeva,6
flake,6
scrapers,6
how,6
sort,6
basic,6
process,6
tree,6
alaskan,6
possibly,6
pebble,6
hoffecker,6
surface,6
beyond,6
viewed,6
source,6
well,6
tool,6
example,6
northwest,6
contains,6
work,6
actually,6
thule,6
either,6
change,6
excavated,6
order,6
yukon,6
mal,6
county,6
credible,6
tennessee,6
above,6
biological,6
hominids,6
once,6
museum,6
toolkits,6
thought,6
soon,6
wisconsin,6
department,6
stones,6
others,6
nevada,6
valid,6
mitochondrial,6
pygmy,6
woman,6
distance,6
stoneking,6
lapa,6
demonstrated,6
upon,6
maritime,6
mousterian,6
band,6
willey,6
prédation,6
denali,6
hand,6
nami,6
lineages,6
gruhn,6
oregon,6
male,6
seen,6
sage,6
problematic,6
forest,6
environment,6
swan,6
ivory,6
erectus,6
past,6
microlithic,6
fuego,6
unique,6
da,6
adaptation,6
frison,6
until,6
models,6
accept,6
obvious,6
recognized,6
observed,6
close,6
difficult,5
tuscaloosa,5
mountains,5
crossing,5
linguistic,5
san,5
second,5
continent,5
bifacial,5
former,5
gainey,5
reanier,5
subarctic,5
retouched,5
dixon,5
puebla,5
carter,5
beynon,5
simple,5
wave,5
farther,5
bering,5
state,5
marine,5
those,5
papers,5
similarities,5
morían,5
account,5
knife,5
agenbroad,5
rosa,5
economies,5
solutrean,5
microblade,5
associations,5
relationships,5
bison,5
agate,5
regarded,5
jaguay,5
convincing,5
six,5
lineage,5
compared,5
dikov,5
crow,5
berelekh,5
remain,5
variant,5
assuming,5
bolshoi,5
lay,5
animals,5
cherts,5
entry,5
just,5
came,5
arrival,5
direct,5
hypothetical,5
almost,5
overlying,5
los,5
stafford,5
crude,5
part,5
mandryk,5
donahue,5
lithics,5
gramly,5
stage,5
southon,5
hemisphere,5
soil,5
australian,5
core,5
using,5
preliminary,5
subsequently,5
akazawa,5
van,5
goshen,5
divergence,5
short,5
josenhans,5
elgakhchan,5
examined,5
perspectives,5
complete,5
natural,5
derevianko,5
buhl,5
mcghee,5
lewis,5
available,5
similarly,5
hearths,5
rock,5
smith,5
occurrence,5
conference,5
distributions,5
pattern,5
appeared,5
schurr,5
teeth,5
another,5
diverse,5
represented,5
including,5
beringian,5
flegenheimer,5
kostenki,5
unfortunately,5
residues,5
ust,5
national,5
shelter,5
estimates,5
spread,5
plant,5
meighan,5
black,5
prous,5
evolutionary,5
horse,5
southwest,5
gillam,5
africa,5
sometimes,5
five,5
politis,5
support,5
wilson,5
quite,5
types,5
contained,5
then,5
changing,5
geographic,5
brazilian,5
colorado,5
anthropological,5
specialized,5
distinctive,5
thompson,5
special,5
living,5
bands,5
camps,5
proceedings,5
form,5
plants,5
males,5
lynch,5
northwestern,5
city,5
fossil,5
indians,5
pine,5
spring,5
argentina,5
green,5
off,5
oldest,5
johnson,5
sciences,5
comparable,5
karafet,5
major,5
miller,4
fraction,4
anthony,4
stylistic,4
pittsburgh,4
miguel,4
expect,4
envisioned,4
acosta,4
walker,4
consistent,4
way,4
wooden,4
incisors,4
belong,4
conditions,4
soffer,4
assays,4
sheet,4
ranere,4
gustafson,4
evaluation,4
side,4
suspect,4
projectile,4
bird,4
iv,4
replacement,4
prior,4
anatomically,4
cited,4
oakley,4
carolina,4
wallace,4
sand,4
exposed,4
ana,4
chatters,4
baikal,4
concentrations,4
adams,4
theorized,4
palaeolithic,4
immigrants,4
back,4
left,4
estimate,4
find,4
accelerator,4
bianchi,4
yi,4
dust,4
rates,4
orlova,4
wales,4
cobbles,4
costa,4
biface,4
interesting,4
bull,4
prince,4
landscape,4
levels,4
certain,4
cueva,4
presumably,4
elsewhere,4
traces,4
aubrey,4
underwater,4
ecuador,4
isolation,4
caribou,4
tacahuay,4
result,4
basalt,4
concentration,4
location,4
chipped,4
wormington,4
austin,4
percentages,4
excavations,4
amazon,4
density,4
unfluted,4
further,4
fish,4
sundadont,4
daisy,4
flaked,4
basis,4
makers,4
formerly,4
apparent,4
homeland,4
description,4
overview,4
trumpet,4
records,4
szathmary,4
personal,4
away,4
giant,4
correct,4
pottery,4
lowest,4
next,4
contrast,4
event,4
components,4
observe,4
en,4
posed,4
ta,4
dorn,4
roots,4
survived,4
reduced,4
various,4
indeed,4
islands,4
indicates,4
athapaskan,4
initially,4
santana,4
interpretation,4
represents,4
holmes,4
columbus,4
died,4
indian,4
hueyatlaco,4
published,4
lanceolate,4
lack,4
scholars,4
eddy,4
academy,4
strait,4
procurement,4
praslov,4
lehner,4
flint,4
really,4
valleys,4
local,4
amerinds,4
mean,4
disease,4
atlantic,4
logs,4
ustinovka,4
persisted,4
described,4
discovered,4
publication,4
archeology,4
crania,4
characterized,4
skulls,4
latter,4
exchange,4
migrants,4
riacho,4
slightly,4
occupied,4
marshalling,4
separate,4
storck,4
yr,4
caucasoid,4
relationship,4
note,4
sealed,4
laurentide,4
movements,4
usually,4
sinodonty,4
millennia,4
centuries,4
resemble,4
forests,4
kamchatka,4
temporal,4
terrestrial,4
here,4
der,4
ancestor,4
global,4
setting,4
best,4
number,4
generalized,4
proposed,4
passage,4
purdy,4
unlikely,4
making,4
howells,4
taima,4
generally,4
dentition,4
okhotsk,4
researchers,4
preserved,4
quartzite,4
atmospheric,4
became,4
variability,4
analogy,4
similarity,4
illinois,4
vance,4
review,4
cotter,4
gravel,4
salt,4
canadian,4
specialists,4
effects,4
brook,4
territories,4
reached,4
temperatures,4
maximum,4
loy,4
entire,4
technological,4
alberta,4
manis,4
arizona,4
founding,3
barbara,3
chronological,3
indicated,3
birds,3
created,3
blitzkrieg,3
intriguing,3
butchered,3
philadelphia,3
per,3
group,3
prevented,3
assessments,3
lumley,3
considerations,3
delibrias,3
patagonia,3
character,3
vermilion,3
marmes,3
moving,3
matter,3
alleged,3
topper,3
round,3
being,3
aikens,3
australia,3
fairbanks,3
certainly,3
production,3
macroband,3
kilometers,3
emerged,3
morphology,3
containing,3
parameters,3
examination,3
macneish,3
throughout,3
hundred,3
locality,3
lagoa,3
graham,3
subsequent,3
inland,3
roosevelt,3
bettinger,3
hammen,3
primitive,3
situ,3
bostrom,3
occasional,3
rim,3
ascribed,3
existence,3
anthropologists,3
mutation,3
gora,3
development,3
etc,3
crossed,3
burins,3
choppers,3
boreal,3
hudson,3
brerewood,3
postcranial,3
prey,3
includes,3
language,3
severe,3
calculated,3
due,3
against,3
elston,3
application,3
eurasian,3
assessment,3
century,3
admitted,3
given,3
morell,3
repatriation,3
santo,3
ct,3
concerning,3
butte,3
effective,3
ellis,3
geological,3
archaeologist,3
communication,3
funk,3
look,3
corrected,3
refugia,3
traditions,3
piedra,3
general,3
arqueológicas,3
field,3
mongolian,3
landscapes,3
fort,3
without,3
camp,3
eskimos,3
killing,3
front,3
shell,3
colonizing,3
preclude,3
languages,3
india,3
greenberg,3
shore,3
resource,3
campbell,3
drought,3
groundwater,3
amur,3
ranges,3
raw,3
arrived,3
pitts,3
societies,3
conservative,3
called,3
missouri,3
seven,3
habitation,3
arriaza,3
events,3
kamminga,3
continents,3
embedded,3
intervening,3
furthermore,3
aksenov,3
uptar,3
promise,3
bluefish,3
olympic,3
networks,3
simulations,3
hopkins,3
kelly,3
helm,3
jim,3
none,3
richmond,3
literature,3
fogaça,3
chesrow,3
ot,3
knowledge,3
springerverlag,3
indigenous,3
iia,3
sidescrapers,3
used,3
holliday,3
straus,3
horn,3
corals,3
feathers,3
regions,3
mass,3
caused,3
hard,3
waterfowl,3
kolman,3
edmonton,3
sharp,3
diagnostic,3
davis,3
emerging,3
investigaciones,3
kova,3
always,3
descendants,3
plausible,3
turrialba,3
sitio,3
triangular,3
gordon,3
activities,3
periods,3
critical,3
approximate,3
critics,3
onset,3
foragers,3
mesa,3
scientific,3
shields,3
bandelt,3
classic,3
brief,3
nearly,3
apatite,3
muaco,3
push,3
continuity,3
structure,3
us,3
antler,3
idaho,3
ams,3
light,3
quarries,3
japanese,3
picture,3
paul,3
inundated,3
toward,3
water,3
santos,3
lahr,3
amerind,3
minnesota,3
tuross,3
prepared,3
jantz,3
somewhere,3
rica,3
descended,3
gravers,3
pennsylvania,3
mongolians,3
channel,3
men,3
behind,3
mammalian,3
zhoukoudian,3
macrobands,3
camel,3
sediments,3
mitochondria,3
begun,3
radius,3
encountered,3
original,3
discussion,3
explanation,3
cranium,3
previously,3
khukhtuy,3
spearpoints,3
europeans,3
sampled,3
assume,3
questions,3
processes,3
actual,3
recovery,3
toca,3
theoretical,3
specimen,3
open,3
remarkably,3
refugium,3
recognize,3
dominated,3
good,3
revised,3
gardner,3
scraper,3
cache,3
stages,3
never,3
paleo,3
queen,3
somehow,3
systems,3
neumann,3
interpretations,3
respectively,3
improbable,3
residue,3
isabel,3
ranging,3
carried,3
depth,3
faster,3
geochronology,3
ostensible,3
related,3
naturally,3
eriksen,3
burr,3
broad,3
began,3
altai,3
grinding,3
why,3
changes,3
often,3
kill,3
fall,3
composed,3
get,3
taken,3
burned,3
proof,3
abandonment,3
variable,3
rarely,3
dispersed,3
hauswirth,3
colonists,3
calendrical,3
comparison,3
deep,3
recognizable,3
consensus,3
peat,3
meat,3
offers,3
set,3
correal,3
intensive,3
cm,3
compelled,3
tomb,3
deglacial,3
lying,3
assumed,3
alexander,3
allendale,3
methods,3
alternatively,3
particularly,3
themselves,3
historical,3
utilized,3
debert,3
schmitz,3
turned,3
animal,3
beginning,3
ferring,3
rockies,3
degree,3
particular,3
lopinot,3
nearby,3
proven,3
seasonal,3
artifactual,3
wilmsen,3
precursor,3
women,3
migrations,3
yield,3
huge,3
calendar,3
paleoecology,3
museo,3
size,3
asians,3
popular,3
kra,3
despite,3
alegre,3
allows,3
haplogroup,3
terminal,3
webb,3
charlie,3
lamb,3
question,3
difference,3
powers,3
frame,3
instead,3
boquete,3
contamination,3
guidon,3
extremely,3
carbon,3
charlotte,3
owsley,3
clarify,3
mason,3
butchering,3
interaction,3
seemed,3
caucasoids,3
alternative,3
resources,3
sandweiss,3
aldan,3
final,2
receded,2
sellards,2
child,2
sussex,2
convergence,2
jull,2
estimated,2
concerned,2
functional,2
haplogroups,2
affected,2
physiography,2
fleming,2
uplands,2
red,2
alone,2
ontario,2
deciduous,2
coastlines,2
stothert,2
needed,2
hot,2
mesoamerica,2
mounted,2
chard,2
tend,2
experientia,2
henderson,2
rogers,2
specialist,2
staging,2
sudden,2
hyland,2
conical,2
hair,2
polynesians,2
page,2
necessarily,2
unlike,2
eastward,2
meltwater,2
gasya,2
bark,2
credibly,2
fluctuations,2
diffusion,2
said,2
molecular,2
permit,2
dwarf,2
gibbons,2
beautifully,2
jackson,2
preceding,2
creation,2
pampas,2
worked,2
beautiful,2
dorset,2
archaeologically,2
goddard,2
sheppard,2
timing,2
exotic,2
fruits,2
reveal,2
mississippi,2
shelves,2
styles,2
nevertheless,2
mind,2
murray,2
replicated,2
emphasized,2
thermoluminescence,2
bladelets,2
complicated,2
carnivores,2
norton,2
wittkofski,2
malde,2
mesocranic,2
passable,2
contents,2
neel,2
eisele,2
woodlands,2
des,2
bogotá,2
fossils,2
advocates,2
mithen,2
steeleand,2
king,2
pluvial,2
siberians,2
calico,2
sd,2
bias,2
spruce,2
demography,2
ackerman,2
inga,2
toldos,2
colombia,2
vartanyan,2
opened,2
domingo,2
sowers,2
denver,2
significance,2
predominant,2
archipelago,2
vaguely,2
redd,2
fishing,2
prove,2
horno,2
minatogawa,2
establishment,2
indicating,2
uncertain,2
cumberland,2
bottom,2
aveleyra,2
correlation,2
mat,2
minimum,2
letter,2
melting,2
todd,2
brose,2
bravi,2
comment,2
split,2
cushing,2
doubleday,2
frequencies,2
natives,2
driskell,2
collapse,2
björck,2
explained,2
dynamics,2
run,2
varvarina,2
medio,2
dozen,2
basal,2
leaf,2
lozhkin,2
barrier,2
emigration,2
australoid,2
expected,2
z,2
sustain,2
cases,2
sanders,2
clay,2
elements,2
developments,2
items,2
tibet,2
david,2
stabilized,2
amount,2
encompass,2
traversed,2
response,2
boundary,2
reflux,2
trekked,2
shott,2
clock,2
truly,2
thin,2
price,2
identifications,2
excavator,2
apparently,2
custer,2
kentucky,2
founder,2
adult,2
jones,2
cockrell,2
sueva,2
handful,2
coal,2
competitive,2
poorly,2
rocky,2
higher,2
orr,2
seielstad,2
knoxville,2
expansions,2
berries,2
buryat,2
identification,2
acid,2
his,2
preexisting,2
leading,2
superficial,2
highlands,2
generations,2
district,2
haanas,2
irwin,2
rapids,2
titov,2
midwest,2
proboscideans,2
knotted,2
burns,2
pacitanian,2
reinhart,2
sulphur,2
vs,2
supplement,2
connected,2
à,2
importance,2
easily,2
labrador,2
lacking,2
april,2
white,2
discoveries,2
update,2
unifacial,2
supposed,2
krieger,2
modified,2
breternitz,2
nor,2
avdeikha,2
marks,2
consider,2
foothills,2
retained,2
descent,2
grains,2
tecacaxco,2
tequendama,2
colder,2
exploratory,2
frequently,2
frozen,2
opportunistic,2
presumed,2
whale,2
overstreet,2
stewart,2
bard,2
remnant,2
albuquerque,2
spirit,2
passed,2
bender,2
efficient,2
followed,2
position,2
toolmakers,2
patterning,2
exchanges,2
prototype,2
dominant,2
gwaii,2
highest,2
mainland,2
chauchat,2
greater,2
advance,2
streletskayan,2
acceptable,2
lead,2
identifying,2
thousands,2
allow,2
bearing,2
carrying,2
demise,2
variants,2
changed,2
calderón,2
issue,2
her,2
zone,2
diet,2
sungir,2
sombrero,2
stomach,2
base,2
pei,2
handbook,2
quarry,2
omolon,2
though,2
caves,2
leonard,2
donohue,2
dispersal,2
meet,2
suffered,2
erratic,2
scale,2
handaxes,2
required,2
wide,2
haury,2
adolescent,2
crawford,2
bonatto,2
impression,2
shoveling,2
directly,2
flannery,2
anzick,2
line,2
minute,2
scavenging,2
diring,2
zarate,2
andes,2
episode,2
prominent,2
characterization,2
memoir,2
muniz,2
ocher,2
merriwether,2
test,2
looking,2
tip,2
geology,2
whole,2
beetle,2
morris,2
issues,2
accidental,2
gatherers,2
cluster,2
perishable,2
winter,2
inferred,2
documented,2
rise,2
my,2
relative,2
towards,2
mcnett,2
flaking,2
citing,2
earth,2
namu,2
yakima,2
creating,2
morse,2
paintings,2
kunz,2
theoretically,2
reliable,2
kong,2
protein,2
peruvian,2
typically,2
arbitrary,2
fast,2
snarskis,2
mitchell,2
spanish,2
sufficient,2
knives,2
highly,2
meio,2
supposedly,2
edwards,2
massachusetts,2
impossible,2
widely,2
athapaskans,2
weiss,2
progress,2
behavior,2
hardy,2
hayden,2
lorenz,2
fifield,2
newly,2
displaced,2
macdonald,2
zegura,2
settle,2
gibbs,2
fiber,2
szabo,2
pope,2
vasilievsky,2
span,2
shoreline,2
situation,2
laurel,2
action,2
economic,2
synthesis,2
eva,2
located,2
observations,2
horses,2
koster,2
acknowledged,2
arta,2
bellwood,2
tropical,2
amerindian,2
aldine,2
seemingly,2
put,2
innovation,2
stothers,2
postulate,2
patches,2
gomphotheres,2
asiatic,2
fit,2
fluting,2
under,2
restricted,2
paleontological,2
cheekbones,2
kiryak,2
forays,2
included,2
jai,2
watson,2
except,2
sharply,2
skin,2
ethnographic,2
encampments,2
cooke,2
belonging,2
lindenmeier,2
confirmed,2
vermelha,2
hearth,2
increasingly,2
she,2
geologists,2
comparably,2
lee,2
street,2
simulation,2
starting,2
ameliorating,2
tuck,2
french,2
coming,2
technique,2
crucial,2
megafaunal,2
pointed,2
addition,2
clausen,2
analogous,2
campsites,2
shows,2
longer,2
admit,2
pressure,2
carbonized,2
vail,2
murphy,2
foods,2
choice,2
mummy,2
ottawa,2
arqueología,2
john,2
contemporary,2
doubt,2
reasonable,2
adjacent,2
monographs,2
keefer,2
go,2
chain,2
kipnis,2
road,2
continuing,2
salzano,2
seeman,2
ultimately,2
hides,2
ainu,2
venezuela,2
vogel,2
frequency,2
controversy,2
dunbar,2
fukui,2
day,2
thoroughly,2
zooarchaeological,2
strengthened,2
rothhammer,2
extended,2
chilean,2
rensberger,2
crudely,2
chewed,2
trajectory,2
wrangel,2
territorially,2
ethnology,2
mummified,2
selemdga,2
entirely,2
outliers,2
skeptical,2
largely,2
rivers,2
factor,2
congress,2
sequence,2
aside,2
survey,2
bed,2
continue,2
laboratory,2
hunted,2
skeptics,2
overlap,2
dismissed,2
theories,2
ai,2
roberts,2
low,2
clear,2
historic,2
remaining,2
elk,2
stress,2
peripheral,2
ray,2
comparisons,2
logic,2
ardila,2
august,2
hammer,2
provide,2
reconstructed,2
course,2
mountain,2
accurate,2
probable,2
standard,2
contributions,2
amino,2
borrero,2
inuit,2
patterns,2
interface,2
floral,2
eyes,2
become,2
narrow,2
iztapan,2
recoverable,2
correction,2
chinchorro,2
obsidian,2
raised,2
fishtails,2
equivalent,2
looked,2
oscillations,2
uncertainties,2
organics,2
caution,2
bordes,2
rockshelters,2
mil,2
hunt,2
seasons,2
yields,2
imply,2
vegas,2
prevalence,2
ecological,2
anatomical,2
bifacially,2
suggestive,2
pieces,2
averse,2
microcores,2
clues,2
andean,2
bulletin,2
slow,2
detailed,2
yale,2
effectively,2
face,2
heartland,2
sofia,2
thinning,2
life,2
shoveled,2
lowered,2
system,2
pena,2
itself,2
dent,2
lago,2
council,2
biology,2
isaac,2
haida,2
paleobiological,2
believed,2
suite,2
holman,2
gravels,2
series,2
conclusion,2
wobst,2
demonstrate,2
struck,2
hypothesized,2
geologic,2
dubious,2
howell,2
precise,2
cordilleran,2
bailliet,2
discrete,2
southward,2
schweger,2
md,2
ukraintseva,2
excess,2
rocosos,2
birdsell,2
correspond,2
prototypes,2
reversal,2
different,2
suggestions,2
ecology,2
osipova,2
tlapacoya,2
mirador,2
ubiquitous,2
down,2
etal,2
luminescence,2
hopping,2
visiting,2
expeditions,2
iii,2
dramatic,2
carlisle,2
leacock,2
plateaus,2
obviously,2
panama,2
las,2
essentially,2
masters,2
slobodin,2
weber,2
better,2
evident,2
purported,2
holton,2
lena,2
virtual,2
catastrophic,2
broster,2
rose,2
skeptically,2
list,2
ny,2
greenwich,2
thames,2
grayson,2
prismatic,2
abruptly,2
require,2
secure,2
unglaciated,2
hundreds,2
banco,2
st,2
practical,2
beijing,2
multiple,2
conclude,2
contemporaneity,2
prevalent,2
role,2
convinced,2
african,2
urrego,2
assumptions,2
went,2
organization,2
foreshafts,2
manufacturing,2
bridges,2
quids,2
khummi,2
inexplicably,2
aspect,2
think,2
recovered,2
our,2
hong,2
formation,2
layers,2
survival,2
argument,2
petersen,2
quest,2
paradigm,2
herds,2
mongols,2
sought,2
value,2
whitley,2
offer,2
uncalibrated,2
hunter,2
underhill,2
smaller,2
matthews,2
simons,2
esperança,2
defined,2
daughter,2
computer,2
traveling,2
unspecialized,2
observation,2
specific,2
supported,2
drift,2
preferred,2
searching,2
dancey,2
potential,2
junius,2
beck,2
massive,2
michigan,2
views,2
microliths,2
beaton,2
immediately,2
strong,2
profiles,2
broader,2
yamaura,2
zabel,2
tartars,2
tne,2
elias,2
yuriakh,2
spikes,1
carved,1
nonmicrolithic,1
amphibians,1
midwisconsin,1
mer,1
femora,1
uaternary,1
medicinal,1
done,1
rainforests,1
encountering,1
refinement,1
chico,1
cover,1
schanfield,1
diverged,1
nonlithic,1
sahul,1
edge,1
alley,1
stuart,1
paleobiology,1
threat,1
medieval,1
implying,1
meaning,1
commentary,1
tres,1
names,1
habitable,1
strata,1
sudamérica,1
ladson,1
tropics,1
tighter,1
scholar,1
faced,1
louis,1
designated,1
rainforest,1
ready,1
unpleasant,1
separated,1
judging,1
clams,1
explorer,1
widening,1
christy,1
expedition,1
chappell,1
conducted,1
findings,1
determine,1
offset,1
backwash,1
arslanov,1
spurred,1
introduction,1
mar,1
grasses,1
utility,1
notably,1
tïmewalkers,1
barnet,1
windover,1
horizons,1
nagpra,1
socioterritorial,1
conversion,1
corrège,1
twelfth,1
speculated,1
deepest,1
cyprus,1
drastically,1
kinds,1
rethink,1
putative,1
confidence,1
mobility,1
postglacial,1
identify,1
disappeared,1
reassessment,1
ovate,1
cephalic,1
ma,1
formed,1
uniquely,1
english,1
got,1
remnants,1
unmodified,1
phenotypic,1
marsupial,1
completely,1
unanswered,1
reason,1
bamboo,1
inconsistent,1
contend,1
nonevent,1
manmade,1
paradigms,1
honshu,1
discriminate,1
ly,1
lemdahl,1
candidate,1
dogrib,1
ardent,1
fundación,1
supervised,1
boulder,1
decade,1
gnecco,1
credulity,1
grasslands,1
oppressive,1
intermontane,1
protection,1
undertaken,1
progenitors,1
cycles,1
phenotype,1
harsh,1
presents,1
predicting,1
exciting,1
habits,1
reliably,1
amply,1
defrance,1
total,1
dchine,1
fryxell,1
accentuated,1
excavaciones,1
pots,1
limits,1
impeded,1
australians,1
knappers,1
validity,1
paleoclimatic,1
eye,1
eager,1
chief,1
carmen,1
stopping,1
alternatives,1
du,1
dunng,1
contact,1
turning,1
hints,1
credence,1
toth,1
efficacy,1
northward,1
fires,1
negative,1
experience,1
preferable,1
emigrated,1
engusn,1
attribute,1
sit,1
ideas,1
gap,1
dredged,1
explaining,1
harvard,1
cherokee,1
jesse,1
coalesced,1
barriers,1
invention,1
tantalizing,1
yanomamo,1
repeatedly,1
slaughtered,1
progressed,1
cabell,1
ways,1
malley,1
caddoan,1
klitz,1
wizard,1
preyounger,1
severely,1
adopt,1
aldenderfer,1
debating,1
equilibrium,1
concentrated,1
religions,1
disturbance,1
season,1
elin,1
corridors,1
utilization,1
holdovers,1
latitudes,1
burlington,1
rindos,1
advanced,1
permeation,1
youngest,1
departure,1
indicative,1
words,1
parties,1
dramatically,1
devore,1
resemblance,1
yokoyama,1
reach,1
displacement,1
separation,1
affinities,1
scientists,1
twenty,1
assess,1
advantage,1
daily,1
accompanied,1
yunakh,1
estimation,1
cochran,1
omoto,1
accessible,1
gradual,1
farmers,1
accumulated,1
rich,1
hideworking,1
confront,1
shimkin,1
revisions,1
able,1
cheng,1
moral,1
tulare,1
reed,1
batza,1
instantaneous,1
cwynar,1
parkalike,1
concomitant,1
strueverand,1
jingzen,1
spatial,1
ripple,1
borers,1
resulting,1
replicable,1
deemed,1
coalescence,1
help,1
angara,1
berlin,1
basins,1
watercraft,1
tangible,1
museums,1
consist,1
scenario,1
implication,1
greatly,1
migrated,1
concepts,1
wet,1
platforms,1
detection,1
link,1
somewhat,1
ambiguous,1
advances,1
ojeda,1
stratification,1
sc,1
otamid,1
extreme,1
latitudinal,1
explosive,1
debitage,1
empty,1
invasions,1
biomolecules,1
takes,1
killer,1
milner,1
java,1
greenville,1
sophisticated,1
reconstruction,1
polymorphic,1
dialect,1
edges,1
effort,1
shaken,1
plain,1
plea,1
ideological,1
druze,1
markers,1
college,1
glaciation,1
assertions,1
key,1
faint,1
task,1
patrick,1
coalescent,1
peculiarities,1
constraint,1
primary,1
levine,1
hippopotamus,1
eurasia,1
emigrant,1
wicik,1
drastic,1
jumping,1
exilis,1
figs,1
sealing,1
placement,1
felt,1
capable,1
compelling,1
constraints,1
ashiwid,1
activity,1
securely,1
borderland,1
paucity,1
ih,1
overlies,1
warrant,1
explorers,1
lends,1
wigand,1
reaction,1
deformation,1
flamboyant,1
bibliography,1
pebbles,1
moseley,1
driver,1
lin,1
rubin,1
levesque,1
perforators,1
bichos,1
hokkaido,1
dioxide,1
bit,1
interdisciplinary,1
perceived,1
seco,1
uses,1
founders,1
laws,1
anomalous,1
realistic,1
dynamic,1
kan,1
sparseness,1
glaciers,1
tertychnaya,1
constrained,1
representing,1
juvenile,1
unchecked,1
investing,1
paleoenvironment,1
jelinek,1
tehuacan,1
nondiagnostic,1
dentochronological,1
midatlantic,1
cremation,1
tor,1
anomalously,1
fragment,1
ross,1
herrera,1
congruence,1
conclusively,1
tied,1
separating,1
pelican,1
pursuing,1
redating,1
riverbank,1
colonized,1
mid,1
optimism,1
exist,1
li,1
avenues,1
segregation,1
moas,1
goal,1
beaters,1
retaining,1
retouching,1
telford,1
beveled,1
indefinite,1
daugherty,1
woods,1
typological,1
pocket,1
reservoir,1
constructed,1
dependence,1
état,1
lwô,1
equatorial,1
moraes,1
riego,1
mine,1
facts,1
surmises,1
immediate,1
mandel,1
oy,1
quality,1
counterpoint,1
inevitable,1
diets,1
herbs,1
speakers,1
aggregating,1
flying,1
alerce,1
analyzing,1
medina,1
realized,1
swamped,1
unpublished,1
neighbors,1
terraces,1
agent,1
predators,1
admixture,1
intact,1
interest,1
dips,1
arable,1
authoritative,1
killers,1
draws,1
occupancy,1
browns,1
thinned,1
heterogeneity,1
attested,1
delivered,1
eighty,1
verkhne,1
mankind,1
suitably,1
tucson,1
coexistence,1
bigelow,1
measurable,1
pig,1
noting,1
employing,1
johnsen,1
montana,1
cohen,1
vegetative,1
ashworth,1
eskimoaleut,1
squads,1
clo,1
priority,1
transitional,1
pubic,1
mixed,1
precludes,1
arc,1
suddenness,1
rukang,1
curiously,1
manifestly,1
underlying,1
places,1
divide,1
clustering,1
person,1
raises,1
averaging,1
renier,1
members,1
profound,1
causing,1
forester,1
contrary,1
herbaceous,1
body,1
ha,1
labeyrie,1
mating,1
subsistencesettlement,1
mohave,1
carnese,1
difficulty,1
rediscovering,1
trous,1
served,1
spectacular,1
suitable,1
penutian,1
argentine,1
arranged,1
continuous,1
raff,1
misleading,1
canine,1
shasta,1
camarones,1
rendezvous,1
compare,1
sanguine,1
swiss,1
drawn,1
kaolin,1
designed,1
dry,1
practically,1
details,1
redated,1
bill,1
barbados,1
deeply,1
epoch,1
palaeoenvironmental,1
wounded,1
savage,1
concentric,1
generation,1
surely,1
antropología,1
spurk,1
rchaeological,1
olympia,1
watergaps,1
diversification,1
error,1
italians,1
implementation,1
walls,1
macrophyla,1
ovoid,1
dounaary,1
mechanism,1
kept,1
penetrations,1
ridge,1
oj,1
failed,1
collecting,1
imagine,1
assessed,1
mesolithic,1
ybp,1
alexandria,1
inferences,1
unrecognized,1
larsen,1
keven,1
madden,1
intrapopulation,1
whose,1
deviations,1
templeton,1
mild,1
réévaluation,1
predicted,1
epicanthic,1
wendorf,1
genera,1
act,1
traverse,1
chernov,1
ml,1
dilemma,1
exogamous,1
subjected,1
pit,1
bring,1
destroy,1
tabulated,1
modeling,1
main,1
wohlfarth,1
vanished,1
guardina,1
judgments,1
taxonomy,1
innovated,1
db,1
edward,1
palaeoanthropology,1
shibboleth,1
adapt,1
incipient,1
weighted,1
serra,1
rockvarnish,1
stumbling,1
kashgarian,1
fair,1
longest,1
andésite,1
bs,1
nottoway,1
remote,1
baggage,1
kodiak,1
maxillary,1
birks,1
reworked,1
whyte,1
carson,1
lasted,1
quirihuac,1
legal,1
flexible,1
uster,1
georg,1
ponder,1
localidad,1
republic,1
leave,1
consensual,1
aurignacian,1
terms,1
parts,1
plausibility,1
ongoing,1
channell,1
chalcedonies,1
pools,1
mercer,1
arnold,1
signatures,1
enigmatic,1
enacted,1
selected,1
nacionales,1
illustrations,1
distant,1
mcsporran,1
burials,1
serendipitously,1
crociani,1
chindadn,1
radiating,1
factors,1
absorbed,1
happened,1
quiqche,1
troublesome,1
inserted,1
bleak,1
boreas,1
drainage,1
slope,1
palaeoenvironment,1
disappointingly,1
references,1
tissue,1
arroyo,1
accuracy,1
downward,1
vanderhoek,1
maryland,1
settled,1
escape,1
mastodonts,1
tentatively,1
redeposited,1
distantly,1
speculative,1
females,1
delegation,1
pampa,1
established,1
discouraged,1
familiar,1
disowned,1
image,1
multitiered,1
intere,1
mano,1
lima,1
collins,1
korea,1
amid,1
section,1
unmsion,1
days,1
reconstructions,1
butcher,1
nemocon,1
dena,1
numbers,1
impact,1
reexamination,1
hajic,1
guthrie,1
mosses,1
contemporaries,1
slate,1
unambiguous,1
belträo,1
fare,1
accumulating,1
advancing,1
cousins,1
orientation,1
suspiciously,1
polymorphisms,1
trace,1
favored,1
terra,1
ojibwa,1
mclnms,1
fósiles,1
submerged,1
warmed,1
expedient,1
atea,1
vitally,1
cost,1
wisconsinan,1
tveskov,1
fronts,1
painted,1
sequim,1
footprints,1
aquoll,1
dolichocranic,1
reconsideration,1
coldest,1
verdejoboid,1
shifted,1
destructive,1
index,1
danon,1
bermingham,1
buoyed,1
wyoming,1
corresponding,1
painstakingly,1
midsection,1
contaminants,1
warmer,1
strategy,1
providing,1
mammal,1
sukernik,1
advocated,1
struever,1
hairy,1
rasmussen,1
unfrozen,1
dwellers,1
radial,1
saunders,1
switzerland,1
union,1
challenges,1
nb,1
opening,1
expressed,1
troubling,1
standards,1
anda,1
closely,1
paleohunters,1
unb,1
unfold,1
walk,1
avenue,1
blamed,1
transmission,1
uiw,1
preor,1
replicate,1
rule,1
devastation,1
every,1
chernoff,1
access,1
mollusks,1
surmised,1
pulse,1
relating,1
medvedev,1
freeman,1
inaies,1
resharpened,1
lived,1
workable,1
deal,1
outcrops,1
co,1
shared,1
rooms,1
circa,1
guliya,1
nonartifactual,1
dispute,1
taphonomy,1
pioneer,1
racemization,1
biomass,1
yuha,1
ornaments,1
allakhovsk,1
aarigos,1
francisco,1
persist,1
preceramic,1
iron,1
lowlands,1
feasibility,1
philosophical,1
correlates,1
altaians,1
experts,1
representative,1
guanaco,1
undenmeier,1
gilbow,1
accurately,1
patchiness,1
meter,1
calibrating,1
lapita,1
topics,1
caldwell,1
schaefer,1
neighboring,1
understood,1
bp,1
offered,1
stippled,1
focused,1
wenner,1
buried,1
linguists,1
something,1
cfeiring,1
reviews,1
untyped,1
lethal,1
province,1
yuribey,1
ablation,1
neither,1
inches,1
hbrf,1
moss,1
kets,1
wealth,1
spectrometric,1
spree,1
pollen,1
bergen,1
confirmation,1
absolute,1
approached,1
salto,1
virus,1
magadan,1
uninhabitable,1
stonework,1
enough,1
intuitive,1
burrowing,1
periodization,1
scene,1
glaciated,1
eliminate,1
sparse,1
criteria,1
mummies,1
illustrated,1
aspects,1
pioneers,1
shape,1
contracted,1
nichols,1
weidenfeld,1
precursors,1
percent,1
paleohydrological,1
minimal,1
network,1
beards,1
shaman,1
charred,1
boldurian,1
paleoenvironmental,1
closed,1
hagan,1
sigman,1
bc,1
acha,1
preconditions,1
bolster,1
isotope,1
brantingham,1
obscure,1
investigated,1
reddened,1
cord,1
jorrea,1
paleolithichowever,1
significantly,1
brought,1
stake,1
vullo,1
interand,1
heavily,1
delaware,1
occupants,1
délier,1
explains,1
wasting,1
unbounded,1
iroquoian,1
reduction,1
italy,1
inorganic,1
editora,1
anew,1
aged,1
positions,1
crossings,1
scouting,1
woodland,1
mount,1
paleoenvironments,1
revista,1
payen,1
dozens,1
frequent,1
bloom,1
photographed,1
wiggles,1
barrantes,1
place,1
refined,1
editorial,1
inherited,1
expansive,1
easiest,1
demonstrates,1
rogaça,1
vermont,1
provenienced,1
concentrate,1
falling,1
gore,1
knees,1
twined,1
beads,1
filipinos,1
compatible,1
holdover,1
attica,1
ethnohistoric,1
lifeways,1
focuses,1
douglas,1
reflect,1
cry,1
elegant,1
beringians,1
formations,1
entered,1
il,1
tisnerat,1
nj,1
dnas,1
microcore,1
kipms,1
signature,1
dakota,1
speculatively,1
wittsite,1
withstand,1
catanesi,1
buffalo,1
dinng,1
nenanalike,1
challenging,1
typify,1
concave,1
markedly,1
benngia,1
scheduled,1
pointsa,1
extremo,1
drowning,1
mackey,1
announcement,1
relaciones,1
tompkins,1
longterm,1
errors,1
thread,1
tamaulipas,1
nonrepresentative,1
shoestring,1
arkansas,1
quarterly,1
tanged,1
bonmcnsen,1
skipped,1
kirner,1
cruxent,1
submergence,1
landmasses,1
multilinear,1
ratios,1
adaptive,1
successful,1
schmiechen,1
jon,1
reversals,1
markgraf,1
tacitly,1
ozark,1
elephants,1
kenosha,1
distances,1
tom,1
unexpected,1
seized,1
disregarded,1
coupled,1
varnish,1
josé,1
nine,1
alto,1
swedlund,1
catholic,1
mississippl,1
ward,1
chronicling,1
morphometric,1
intervals,1
byers,1
habitability,1
encompassing,1
brasilia,1
mineral,1
june,1
chromosomes,1
iransiauon,1
debatable,1
leather,1
disaster,1
intruding,1
easton,1
gene,1
troitskaya,1
attached,1
contenders,1
moriah,1
petroglyphs,1
telling,1
seeds,1
wenatchee,1
budgets,1
abra,1
optical,1
arlington,1
reportedly,1
kubacka,1
barely,1
stuiver,1
midland,1
breached,1
venezuelan,1
extracted,1
energy,1
jumps,1
landbndges,1
gillespie,1
genome,1
kiva,1
calculating,1
peculiar,1
beach,1
flammen,1
cycle,1
notes,1
reflected,1
appropriate,1
searches,1
provided,1
purified,1
ureat,1
hybrids,1
latest,1
reseña,1
eyefolds,1
traveled,1
fenton,1
nicolson,1
rigidity,1
intihuasi,1
distemper,1
input,1
lopes,1
nations,1
inspection,1
hauled,1
replacing,1
kyushu,1
marked,1
lubbock,1
voi,1
england,1
converge,1
therefore,1
scored,1
szathmáry,1
usable,1
processual,1
typified,1
vore,1
sambuughin,1
stubby,1
vertebrae,1
adhering,1
noteworthy,1
eclectic,1
interglacial,1
dogs,1
hafts,1
piano,1
coastline,1
anikovich,1
excludes,1
minor,1
ventured,1
neanderthals,1
breakage,1
folds,1
headlands,1
dickel,1
spouses,1
lending,1
attributable,1
visually,1
journey,1
fortuitously,1
synchronized,1
gracile,1
identified,1
hominidae,1
descending,1
janela,1
cipo,1
affiliations,1
overlapped,1
lag,1
labeled,1
comparative,1
plichi,1
surprisingly,1
wrenches,1
hourglass,1
stipp,1
terrestrialatmosphere,1
tuva,1
forman,1
successes,1
corporation,1
led,1
notoriously,1
forward,1
harris,1
sac,1
zindler,1
fractured,1
mound,1
lothrop,1
prevailing,1
mayle,1
shelf,1
strains,1
taxonomically,1
supplementing,1
oneota,1
allen,1
pile,1
reaffirm,1
learn,1
reappraisal,1
capacity,1
whaling,1
rash,1
make,1
garden,1
expanded,1
surviving,1
interactions,1
radically,1
incredibly,1
via,1
persimmon,1
outer,1
registered,1
modes,1
grooved,1
dongola,1
suppose,1
druffel,1
verkhoyansk,1
direction,1
sandia,1
pegs,1
rodent,1
kills,1
hosseini,1
vicinity,1
reptiles,1
pelvis,1
harihara,1
gastropods,1
taillés,1
república,1
simultaneous,1
gave,1
kuzmm,1
magellan,1
nootka,1
relied,1
nonlocal,1
megaherbivores,1
seaweed,1
unquestioning,1
makes,1
jun,1
marginal,1
retreat,1
coincidental,1
alongside,1
residence,1
acknowledgments,1
exactly,1
microbands,1
sex,1
ensuing,1
fagan,1
mobile,1
fifth,1
mostin,1
challenged,1
latitude,1
temperate,1
reanaly,1
coeval,1
demographic,1
satterlee,1
processing,1
home,1
planned,1
sauk,1
dilley,1
hnson,1
masse,1
carbonate,1
shifting,1
rectangular,1
rozanski,1
dropped,1
experimental,1
bitumen,1
outlined,1
tortoise,1
damas,1
darkened,1
reply,1
breakthrough,1
flints,1
visitors,1
touching,1
sociedad,1
metavolcanic,1
reliance,1
kostenld,1
boator,1
noble,1
molleson,1
frameworks,1
baby,1
pierson,1
lot,1
voyages,1
waco,1
double,1
inference,1
fill,1
delivery,1
rockwell,1
cucuruchu,1
party,1
seasonally,1
sedges,1
sis,1
disposition,1
oldowan,1
mixture,1
wasley,1
fire,1
macphee,1
wrapped,1
unreliable,1
impediment,1
comfortable,1
unparalleled,1
inuid,1
frederick,1
stated,1
strike,1
mark,1
tibie,1
seasonality,1
fragmentation,1
renewed,1
brain,1
tùrnmire,1
trapping,1
tx,1
amour,1
hughen,1
equable,1
growth,1
added,1
paleobotanical,1
timescale,1
succeeded,1
missing,1
interstadials,1
food,1
charting,1
lacked,1
generational,1
mmch,1
beltrâo,1
locational,1
naive,1
discussed,1
barra,1
étal,1
idea,1
marker,1
consideration,1
coincidence,1
head,1
xii,1
cumulative,1
niwot,1
saa,1
plan,1
cinqmars,1
depict,1
rugged,1
striking,1
crush,1
keatinge,1
lacks,1
pretty,1
children,1
educated,1
catalogued,1
overpeck,1
angeles,1
habitat,1
isolate,1
crescents,1
associates,1
gray,1
fallen,1
prospects,1
debates,1
slendia,1
move,1
walcolid,1
identical,1
richards,1
grahn,1
snail,1
observes,1
unifacially,1
display,1
serious,1
algonquian,1
stored,1
variations,1
minisink,1
outermost,1
forms,1
reproductive,1
sliva,1
bannock,1
inassaney,1
kit,1
drinking,1
wild,1
sayles,1
geography,1
cruz,1
handed,1
derivative,1
titmus,1
conch,1
twine,1
unit,1
chips,1
tundra,1
excavation,1
existing,1
coarse,1
bead,1
establish,1
vallada,1
relevant,1
surprises,1
axes,1
obsessive,1
boats,1
tell,1
strategies,1
ferrell,1
mammuthus,1
necessary,1
silveira,1
jsanta,1
emiliani,1
lenapid,1
schick,1
foss,1
tersak,1
bridged,1
chungara,1
carnivore,1
vast,1
olsen,1
silenced,1
reasoning,1
difficulties,1
stylistically,1
avances,1
style,1
bearers,1
gives,1
revegetation,1
counterpart,1
admittedly,1
annually,1
acquire,1
naco,1
instability,1
dietz,1
regionally,1
linked,1
cleric,1
identifiable,1
boat,1
alan,1
anticipate,1
griffiths,1
convergences,1
civilized,1
sound,1
mortars,1
entity,1
grounds,1
paleoamerican,1
acknowledgment,1
uiaciai,1
marginally,1
crown,1
okinawa,1
reese,1
craniofacial,1
paleoanthropine,1
inqua,1
coherent,1
universally,1
indiana,1
multiscalar,1
sinkhole,1
stumbled,1
cree,1
pazdur,1
thanks,1
biblioteca,1
englandmaritimes,1
organisms,1
proboscidean,1
ecologically,1
renders,1
uplift,1
koryaks,1
dongala,1
uralic,1
bischoff,1
fionda,1
swamping,1
predominates,1
kyoto,1
characterizing,1
campsite,1
strongly,1
colonize,1
fishbone,1
judge,1
streams,1
bolzan,1
pleistoceneholocene,1
mosaic,1
attributed,1
top,1
oscillation,1
empirical,1
elucidated,1
mehringer,1
traded,1
hosted,1
secondarily,1
miotti,1
prevailed,1
lotter,1
station,1
magdalenian,1
additions,1
virtually,1
refers,1
prov,1
inherently,1
immunological,1
manifestation,1
bennike,1
accommodating,1
hebior,1
circulation,1
synal,1
ethnic,1
assign,1
trend,1
real,1
norbeck,1
engaged,1
nothing,1
multicomponent,1
reproduction,1
palo,1
whitewater,1
trip,1
yearbook,1
full,1
heinrich,1
previous,1
tena,1
unstemmed,1
team,1
reconnoitering,1
voevoda,1
eight,1
mill,1
optimistic,1
knijff,1
shriver,1
markham,1
lopsided,1
nuclear,1
anangula,1
serviceable,1
trade,1
mendocino,1
deneid,1
nadene,1
strands,1
mercier,1
urbana,1
imazio,1
provoked,1
reality,1
planed,1
authors,1
hiatus,1
express,1
hammarlund,1
shawnee,1
lehman,1
chukchi,1
itel,1
pin,1
individual,1
symposium,1
controversies,1
geoarchaeological,1
methodological,1
esperanca,1
physics,1
allowed,1
zealand,1
geographically,1
lakotid,1
budding,1
clovisarchaic,1
paleontologists,1
summer,1
nonutilitarian,1
llano,1
mouton,1
collected,1
evolve,1
distinction,1
nobles,1
foremost,1
trek,1
practiced,1
anyone,1
renewal,1
enquiries,1
misunderstanding,1
preservation,1
rowold,1
warmmineral,1
provides,1
udora,1
legacy,1
adequately,1
ikhine,1
melanesians,1
winters,1
skull,1
bartlein,1
strangely,1
wan,1
levallois,1
graves,1
concluding,1
grown,1
linearbandkeramik,1
wilkins,1
article,1
falgueres,1
leaves,1
parallel,1
farthest,1
brea,1
xiv,1
trouble,1
offtakes,1
assessing,1
sluckin,1
shallow,1
incompatible,1
effect,1
revival,1
cano,1
starch,1
sobre,1
excluded,1
gamble,1
hi,1
enjoyed,1
hedges,1
scotia,1
cognitive,1
paleolimnology,1
shoshoni,1
clocking,1
unwitting,1
looks,1
madsen,1
twofold,1
peking,1
workshop,1
assesses,1
doubling,1
figures,1
ground,1
browman,1
maximal,1
invented,1
sloth,1
frazier,1
amateur,1
harding,1
découverte,1
professional,1
peterson,1
outright,1
normal,1
raman,1
controversial,1
footprint,1
vector,1
prescient,1
awaiting,1
competed,1
concluded,1
arcnaeoiogy,1
applies,1
yakutia,1
hueyaüaco,1
quade,1
covered,1
uncritical,1
dismiss,1
infants,1
paijanense,1
limiting,1
depauperate,1
increasing,1
roth,1
paredes,1
analytical,1
suspects,1
aer,1
tieszen,1
fuegopatagonia,1
diminished,1
tempo,1
consists,1
trustees,1
türnmire,1
extractive,1
arriving,1
periodic,1
topography,1
triangles,1
backflow,1
assigned,1
albans,1
machado,1
circle,1
yuri,1
undoubted,1
tested,1
scozzali,1
stems,1
procedures,1
neanderthal,1
today,1
alex,1
publishing,1
residual,1
beech,1
integration,1
processed,1
pans,1
fairly,1
hoganson,1
phytoliths,1
figure,1
refutes,1
values,1
testing,1
claimed,1
program,1
suspected,1
tech,1
strandlopers,1
dashed,1
alternate,1
parent,1
florescence,1
bibliographic,1
insufficient,1
tusks,1
widespread,1
racial,1
complicate,1
predict,1
unquestioned,1
referred,1
means,1
inviting,1
directions,1
insist,1
indiscriminate,1
deposit,1
obstacle,1
starikovskaya,1
bears,1
twigs,1
drifting,1
quadeef,1
tombl,1
importantly,1
oddly,1
sequences,1
transformation,1
originated,1
reservations,1
ochsenius,1
covering,1
wyandotte,1
paradigmatic,1
littoral,1
oefher,1
kennett,1
stuckenrath,1
introductory,1
satisfaction,1
responsible,1
dans,1
proximity,1
shed,1
existed,1
michael,1
acquisition,1
greenland,1
surprising,1
peripheries,1
mother,1
probabilistic,1
iswanid,1
stepp,1
months,1
paleocoastal,1
bonmchsen,1
inhospitable,1
caulapan,1
insight,1
arts,1
interpretive,1
pandya,1
unacceptable,1
berger,1
considered,1
exult,1
faunes,1
rightful,1
macroblade,1
kromer,1
austria,1
enigma,1
freshwater,1
dissertation,1
revolutionized,1
baseline,1
border,1
colinvaux,1
argillite,1
deposited,1
foliate,1
récy,1
blocked,1
tusk,1
right,1
choukoutien,1
reliant,1
outlier,1
practice,1
implausibly,1
wieckowski,1
inventory,1
antecedent,1
intervened,1
niño,1
guatemala,1
exemplified,1
abrupt,1
resemblances,1
incised,1
underscore,1
desiccated,1
nova,1
circumstances,1
proficient,1
bipointed,1
huns,1
predictions,1
huiming,1
simply,1
ever,1
oi,1
outils,1
continues,1
characteristics,1
pace,1
ychromosome,1
implied,1
scrutiny,1
eskimo,1
fluctuating,1
mystery,1
biryuchka,1
proposes,1
charles,1
bathwater,1
remarkable,1
occurrences,1
darwin,1
besides,1
prehuman,1
laminated,1
westview,1
pt,1
equipment,1
ila,1
incognita,1
taiwan,1
geoarchaeology,1
mutate,1
moose,1
linear,1
verify,1
haven,1
news,1
coincides,1
abstracts,1
quickly,1
archeologists,1
drowned,1
sloan,1
bladedominated,1
cross,1
plateau,1
sunnyvale,1
control,1
pleistocène,1
wetlands,1
sure,1
country,1
uowlett,1
cemetery,1
sheep,1
expanding,1
substitute,1
zemans,1
capability,1
aleutians,1
cautiously,1
sampling,1
believe,1
lztapan,1
unknown,1
specially,1
yenisei,1
appalachians,1
ingram,1
chipping,1
ph,1
mi,1
postmigration,1
disappointment,1
bahia,1
universal,1
assignments,1
wagner,1
förster,1
post,1
dennis,1
searched,1
cavity,1
wildfires,1
stretching,1
collectors,1
entering,1
eskimoforster,1
possnert,1
expresses,1
willliam,1
polynesian,1
rely,1
cautious,1
considerable,1
comptes,1
indisputably,1
constant,1
finns,1
narrowed,1
pathology,1
abrigos,1
transspecific,1
meager,1
distinguished,1
richardson,1
courinho,1
lapshina,1
rendus,1
tibia,1
merely,1
respect,1
hint,1
catalogue,1
associés,1
usual,1
growing,1
slota,1
spike,1
preston,1
drop,1
hieb,1
harbingers,1
fox,1
gorget,1
explanations,1
economy,1
crownsville,1
longestablished,1
pentagonal,1
maya,1
investigation,1
arrow,1
combined,1
implausible,1
cremations,1
vanuatu,1
adults,1
migratory,1
ones,1
orleans,1
cause,1
independently,1
mandible,1
excursions,1
jaws,1
anchovies,1
afontova,1
westward,1
casamiquela,1
validate,1
contrasting,1
skewed,1
wake,1
interval,1
ceased,1
design,1
planetary,1
brasileira,1
leaving,1
baylor,1
extent,1
consisting,1
fully,1
posukh,1
linger,1
scavenged,1
childers,1
fìnipleistocénica,1
yorker,1
indications,1
rabies,1
bureaucratic,1
dark,1
hypothesize,1
moyen,1
skillfully,1
profile,1
finale,1
pratt,1
emphasis,1
espíritu,1
michab,1
continentwide,1
bacteria,1
mats,1
art,1
welcome,1
imperialists,1
niède,1
solid,1
facial,1
dimly,1
tent,1
paleoclimates,1
noses,1
craftsmanship,1
doyens,1
offshore,1
occasionally,1
eisner,1
hokan,1
paradise,1
anse,1
recognition,1
hamelin,1
déglaciation,1
peace,1
uniform,1
canaries,1
surrounding,1
antiauitv,1
particles,1
rod,1
beer,1
interstadial,1
tethered,1
williamson,1
turns,1
tried,1
morphometrics,1
lies,1
radiation,1
goldman,1
pancontinental,1
everywhere,1
pond,1
confronted,1
exceeded,1
conventional,1
cabioch,1
cormorants,1
encounter,1
putnam,1
substantive,1
obtain,1
yao,1
pintada,1
copper,1
clothing,1
kuc,1
ravako,1
disrupted,1
resolved,1
au,1
antoniao,1
voyage,1
vino,1
waves,1
calibrated,1
intimate,1
sparked,1
drumfish,1
veins,1
iberian,1
analysts,1
connotes,1
subcontinental,1
maschner,1
burger,1
gina,1
curran,1
promoted,1
polynesia,1
calcined,1
skepticism,1
contorted,1
goslar,1
orinoco,1
buster,1
distinguish,1
instructive,1
differentiation,1
ascertain,1
biotic,1
quashed,1
justifiably,1
algae,1
ig,1
average,1
zones,1
glascock,1
hakluyt,1
alter,1
web,1
disembedded,1
temperature,1
larch,1
obliterated,1
harington,1
brésil,1
catch,1
cosmogenic,1
forster,1
mode,1
publicized,1
ventanas,1
sioux,1
shrunk,1
modelling,1
serrated,1
untestable,1
approximately,1
alluvial,1
ios,1
kitigawa,1
dense,1
consumption,1
ergaster,1
mainstays,1
convergent,1
sur,1
manufacture,1
opinions,1
ll,1
instruments,1
product,1
artefacts,1
montane,1
glass,1
oí,1
france,1
you,1
settling,1
spectrometry,1
fowler,1
steen,1
geographie,1
derive,1
attempted,1
shells,1
toolmaking,1
walking,1
quartz,1
foraging,1
classification,1
roughly,1
putting,1
desert,1
summary,1
thousand,1
wondered,1
alaskayukon,1
sinkholes,1
pioneering,1
requires,1
root,1
certainty,1
quiche,1
griffin,1
tribes,1
brubaker,1
exhaustive,1
discontinuous,1
consisted,1
vary,1
cook,1
potatoes,1
cryptocrystalline,1
uncertainty,1
pienitz,1
patrilineal,1
pulses,1
substantial,1
element,1
predisposed,1
otthe,1
abandoned,1
académie,1
gulf,1
controls,1
duration,1
roofed,1
utters,1
facile,1
unequivocal,1
rude,1
ails,1
walanus,1
indistinguishable,1
dos,1
léxica,1
swans,1
resembled,1
successive,1
proponent,1
mock,1
isostatic,1
termed,1
race,1
costly,1
recharge,1
evaluating,1
barton,1
tepexpan,1
