WORDCOUNTS,WEIGHT
the,927
of,900
and,721
in,386
to,223
a,195
ethnogenesis,179
social,137
as,130
that,123
p,117
archaeology,106
is,105
pp,97
university,90
ethnicity,78
identity,74
are,74
j,71
for,71
by,70
ethnic,70
from,66
press,64
s,61
theory,57
on,56
new,53
with,53
groups,52
or,52
culture,48
d,48
between,48
political,47
m,47
e,44
an,44
can,44
archaeological,43
how,40
primordial,40
instrumental,40
anthropology,40
be,40
different,39
not,38
historical,38
cultural,36
also,36
g,35
their,35
this,34
more,34
people,33
i,33
springer,33
archaeol,32
res,32
was,31
we,31
practices,30
ed,30
colonial,30
among,30
group,29
history,29
power,29
eds,29
have,29
american,28
seminole,28
r,28
perspectives,28
through,28
voss,27
dissertation,27
ph,27
identities,27
c,27
which,26
interaction,26
such,25
department,25
frontiers,25
scheme,24
society,24
were,24
isolationist,23
world,23
cambridge,23
at,22
tilly,22
theme,22
state,21
may,21
interactionist,21
study,21
because,21
but,21
material,20
african,20
resistance,20
other,19
florida,19
comparative,19
rise,19
weber,18
studies,18
migration,18
york,18
analysis,18
f,17
curta,17
processes,17
against,17
relations,17
even,17
journal,17
b,17
many,17
california,17
frontier,17
what,17
when,17
inequalities,17
it,16
one,16
into,16
contexts,16
london,16
example,16
spanish,16
boundaries,16
economic,16
smith,16
level,16
formation,16
if,15
first,15
framework,15
language,15
symbols,15
themes,15
change,15
abend,15
time,15
types,15
practice,15
past,15
type,15
difference,15
they,14
t,14
has,14
human,14
institutionalized,14
argued,14
most,14
well,14
methodological,14
k,14
life,14
ortman,14
certain,13
led,13
these,13
elite,13
inequality,12
there,12
process,12
organization,12
w,12
rice,12
â,12
its,12
research,12
therefore,12
about,12
interpretation,12
often,12
class,12
h,11
racial,11
resources,11
fissioning,11
stojanowski,11
like,11
origins,11
societies,11
used,11
l,11
under,11
patterns,11
examples,11
tewa,11
theoretical,11
so,11
after,11
especially,11
berkeley,11
royce,11
both,11
elites,11
early,11
should,11
common,10
way,10
legitimization,10
approaches,10
weik,10
production,10
differences,10
those,10
ad,10
bell,10
conflict,10
relationships,10
understand,10
peru,10
out,10
commoners,10
various,10
boundary,10
narratives,10
only,10
toward,10
anthropologist,10
do,10
maya,10
colonialism,10
making,10
understandings,10
showed,10
america,9
some,9
development,9
perspective,9
than,9
general,9
mexico,9
identification,9
lead,9
shared,9
knowledge,9
during,9
geographical,9
reycraft,9
second,9
communities,9
present,9
routledge,9
style,9
become,9
capitalism,9
peoples,9
over,9
paper,9
phenomena,9
bawden,9
although,9
brumfiel,8
introduction,8
all,8
normative,8
context,8
jenkins,8
along,8
conkey,8
de,8
van,8
white,8
changes,8
isolation,8
view,8
late,8
however,8
activation,8
community,8
still,8
competition,8
same,8
al,8
lack,8
bourdieu,8
where,8
see,8
another,8
israel,8
times,8
antiquity,8
internal,8
sometimes,8
anthropological,8
native,8
spatial,8
mann,8
definitions,8
states,8
gainesville,8
does,7
modern,7
review,7
old,7
pueblo,7
mechanisms,7
no,7
angeles,7
turn,7
beyond,7
dominant,7
methodology,7
population,7
record,7
data,7
et,7
los,7
sense,7
preucel,7
generally,7
scott,7
factionalism,7
san,7
indigenous,7
religious,7
us,7
salient,7
two,7
frameworks,7
others,7
contemporary,7
hastorf,7
relevant,7
emphasize,7
questions,7
similar,7
structure,7
la,7
relationship,7
been,7
who,7
barbarian,7
differentiated,7
sciences,7
control,7
did,7
leaders,7
them,7
while,7
categories,7
outline,7
city,7
role,7
liebmann,7
powers,7
themselves,7
recent,7
trace,6
occurred,6
kohl,6
leading,6
borders,6
cohesion,6
religion,6
reproduction,6
emphasized,6
concepts,6
case,6
terrell,6
due,6
millennium,6
distinct,6
jones,6
borrowing,6
n,6
important,6
character,6
basin,6
access,6
academic,6
further,6
moore,6
hierarchies,6
andes,6
concept,6
related,6
older,6
place,6
approach,6
revolution,6
jordan,6
critical,6
architecture,6
revolt,6
biological,6
sturtevant,6
contact,6
evolution,6
theories,6
stress,6
would,6
distinction,6
arizona,6
constructing,6
insularity,6
fur,6
versus,6
levy,6
affinity,6
comaroff,6
weisman,6
categorizations,6
gosden,6
latin,6
institute,6
emphasis,6
middle,6
became,6
using,6
cooper,6
increased,6
brubaker,6
chicago,6
valley,6
north,6
south,5
stylistic,5
kinds,5
english,5
being,5
archaeologists,5
europe,5
nationalism,5
shennan,5
mass,5
wilcox,5
possible,5
tracing,5
combination,5
ritual,5
central,5
farnsworth,5
dynamics,5
hierarchy,5
interest,5
century,5
ct,5
factions,5
fourquadrant,5
critique,5
traditions,5
creek,5
space,5
age,5
problems,5
whereas,5
traits,5
though,5
rousseau,5
possibility,5
unequal,5
organize,5
quadrant,5
away,5
own,5
heuristic,5
creating,5
least,5
wilkie,5
settlement,5
provided,5
exclusivity,5
southern,5
verde,5
seeing,5
rome,5
bandy,5
analytical,5
debates,5
geography,5
understanding,5
region,5
lake,5
instrumentalism,5
enduring,5
use,5
causes,5
described,5
trade,5
three,5
maintenance,5
characterized,5
why,5
science,5
movements,5
outsiders,5
hill,5
began,5
overlap,5
veen,5
responsible,5
construction,5
ethnogeneses,5
durability,5
geographic,5
reinforced,5
cotsen,5
der,5
each,5
international,5
politics,5
argue,5
consciousness,5
according,5
economy,5
terms,5
complexity,5
imperial,5
multiple,5
phenomenon,5
maintained,5
our,5
indiana,5
differentiation,5
institutional,5
canadien,5
americas,5
enlightenment,5
francisco,5
methodologies,5
rejection,5
ca,5
race,5
presidio,4
struggle,4
created,4
iowa,4
utility,4
mesoamerica,4
complex,4
identify,4
sheffield,4
ma,4
albán,4
ways,4
postprocessual,4
conscious,4
lightfoot,4
zhou,4
roman,4
interests,4
address,4
bloomington,4
latent,4
great,4
help,4
papers,4
side,4
politicized,4
ethnogenetic,4
genetic,4
behavior,4
factional,4
labor,4
segregation,4
linguistic,4
neighbors,4
tucson,4
fried,4
fig,4
third,4
find,4
hodder,4
marx,4
acculturation,4
soviet,4
ceramics,4
avksentiev,4
section,4
observations,4
stark,4
utah,4
fluid,4
conquest,4
diachronic,4
came,4
based,4
could,4
houses,4
events,4
shelach,4
struggles,4
evaluate,4
produced,4
tension,4
caused,4
useful,4
family,4
small,4
activities,4
mesa,4
dispositions,4
insiders,4
prehistoric,4
movement,4
later,4
isolationism,4
watson,4
indian,4
treatment,4
banks,4
end,4
forms,4
ages,4
outside,4
took,4
everyday,4
model,4
systematic,4
interpreting,4
africa,4
matthews,4
postclassic,4
viqueira,4
empirical,4
harvard,4
biblical,4
galindo,4
logic,4
divisions,4
period,4
postprocessualists,4
edom,4
braswell,4
relative,4
chance,4
foreign,4
emic,4
blood,4
caste,4
centuries,4
any,4
publishers,4
several,4
changing,4
must,4
claims,4
nahua,4
innovations,4
constructions,4
very,4
public,4
barth,4
particular,4
prestige,4
bentley,4
urban,4
spaces,4
emergent,4
much,4
come,4
conditions,4
salt,4
evidence,4
integration,4
diaspora,4
distinctions,4
marxist,4
now,3
medieval,3
names,3
represent,3
avoid,3
agency,3
park,3
etic,3
ideals,3
policy,3
before,3
contested,3
source,3
stressed,3
vos,3
exclusive,3
ii,3
identified,3
thus,3
georgia,3
daily,3
desire,3
wade,3
resulting,3
take,3
ancestry,3
advantages,3
favoring,3
within,3
el,3
similarities,3
primary,3
draw,3
hall,3
foreigners,3
tastes,3
laitin,3
whites,3
laws,3
mesoamerican,3
dignity,3
warfare,3
goal,3
iron,3
southwestern,3
historically,3
spectrum,3
borderlands,3
objective,3
reproduced,3
cases,3
back,3
kinship,3
ideal,3
publications,3
alliances,3
profit,3
essays,3
look,3
deeply,3
turnhout,3
civilization,3
philadelphia,3
recognized,3
rather,3
lucy,3
basic,3
levels,3
wobst,3
active,3
eriksen,3
facilitated,3
tensions,3
consider,3
swedberg,3
situations,3
show,3
had,3
subliminal,3
powerful,3
ancient,3
result,3
klaus,3
martinez,3
relate,3
luxury,3
term,3
genes,3
mertonian,3
fourth,3
furthermore,3
war,3
michigan,3
hanson,3
cannot,3
heavily,3
method,3
aluku,3
presented,3
directly,3
future,3
line,3
formerly,3
bc,3
strengths,3
framed,3
competing,3
gender,3
literature,3
discussions,3
personal,3
realms,3
stern,3
emberling,3
good,3
limes,3
theoretically,3
around,3
proximate,3
ancestors,3
results,3
brather,3
appropriate,3
newly,3
sokolovskii,3
nations,3
belgium,3
he,3
implications,3
hedstrom,3
domination,3
populations,3
separation,3
short,3
expansion,3
formative,3
interactions,3
manifest,3
hold,3
smoak,3
southeast,3
gijseghem,3
makes,3
slavic,3
revitalization,3
commoner,3
indians,3
williams,3
oral,3
french,3
areas,3
exclusion,3
manifested,3
pennsylvania,3
honor,3
v,3
begin,3
moche,3
less,3
strategies,3
andean,3
epistemologies,3
explicitly,3
degree,3
demonstrated,3
canadiens,3
made,3
previously,3
mortuary,3
glazer,3
ö,3
lowe,3
combining,3
variation,3
ideas,3
continue,3
rejected,3
lakes,3
genetics,3
geographically,3
tribal,3
played,3
favored,3
migrants,3
iche,3
hierarchical,3
ethnohistory,3
tishkov,3
northern,3
haven,3
yanow,3
bioarchaeology,3
groupings,3
emulation,3
continued,3
lines,3
instrumentalization,3
institutions,3
dimensions,3
merton,3
directions,3
yale,3
transformation,3
legitimacy,3
dynamism,3
boulder,3
methods,3
sage,3
then,3
ever,3
symbolic,3
membership,3
territories,3
set,3
school,3
integrative,3
highly,3
edomite,3
mutually,3
colonization,3
connection,3
clan,3
current,3
regard,3
goods,3
chesapeake,3
believed,3
form,3
distancing,3
information,3
art,3
given,3
brepols,3
despite,3
variability,3
transition,3
ultimately,3
similarity,3
national,3
vernacular,3
aware,3
slavs,3
instead,3
land,3
moynihan,3
physical,3
freire,3
metz,3
specific,3
point,3
little,3
trigger,3
resist,3
southeastern,3
taste,2
final,2
difficult,2
go,2
syntax,2
kluwer,2
indonesian,2
deny,2
quimby,2
californios,2
govers,2
adopt,2
ethnomorphosis,2
engendered,2
extreme,2
environmental,2
resulted,2
college,2
originate,2
seibert,2
settlements,2
likely,2
authority,2
asserted,2
di,2
bias,2
conical,2
western,2
classify,2
evaluating,2
pots,2
regime,2
silberman,2
siblings,2
arguing,2
women,2
leads,2
formalize,2
highlight,2
guamán,2
explaining,2
barriers,2
invention,2
specifically,2
gothenburg,2
creation,2
originally,2
motivations,2
attempt,2
rational,2
gellner,2
nature,2
words,2
definition,2
possibilities,2
principles,2
tradition,2
advantage,2
simple,2
confusion,2
analyses,2
narrative,2
able,2
disappearance,2
renfrew,2
greatly,2
subsequent,2
integrate,2
ô,2
blackwell,2
richmond,2
discrete,2
colonies,2
hostile,2
berdan,2
alignments,2
system,2
epistemological,2
british,2
takes,2
maroon,2
epstein,2
anthropologists,2
king,2
continuum,2
pilaklikaha,2
custom,2
account,2
uneven,2
implies,2
pogodin,2
edelstein,2
prehispanic,2
drive,2
feinman,2
tipping,2
dynamic,2
creatively,2
interact,2
marginalized,2
overlaps,2
ljubljana,2
exist,2
perpetuating,2
collapse,2
component,2
run,2
since,2
danube,2
becoming,2
santa,2
heightened,2
uniformity,2
employing,2
westport,2
parable,2
castas,2
willems,2
marshalltown,2
maintaining,2
plantation,2
sibling,2
ngwenyama,2
fission,2
places,2
towner,2
clustering,2
intercourse,2
profound,2
response,2
oxford,2
overdetermination,2
emphases,2
lifestyles,2
cohen,2
salomon,2
compare,2
overarching,2
schortman,2
drawn,2
ny,2
fusion,2
gaining,2
without,2
card,2
garvey,2
main,2
across,2
highlands,2
emans,2
hydroxide,2
unit,2
conflation,2
coastal,2
dietz,2
sabloff,2
equinox,2
earlier,2
connected,2
strands,2
importance,2
derived,2
classic,2
appropriateness,2
peeples,2
arbor,2
awareness,2
jargon,2
karner,2
organized,2
imposed,2
emergence,2
consolidate,2
presumably,2
driven,2
just,2
represented,2
house,2
commonly,2
superior,2
additional,2
albuquerque,2
putting,2
vieja,2
plenum,2
kopytoff,2
deetz,2
suggested,2
drawing,2
trajectories,2
oppositional,2
iconography,2
union,2
greater,2
uses,2
gregory,2
advance,2
fesler,2
opposing,2
found,2
called,2
strength,2
amsterdam,2
giddens,2
zone,2
emerge,2
informed,2
stressing,2
schafarik,2
treat,2
excellent,2
wealth,2
primordialist,2
fowler,2
fox,2
sackett,2
tracking,2
near,2
orser,2
memory,2
improve,2
sites,2
having,2
flannery,2
distinctiveness,2
mobilization,2
pugh,2
work,2
holloman,2
scope,2
tool,2
alconini,2
integrates,2
spoehr,2
poststructuralist,2
part,2
explains,2
calls,2
commonalities,2
nation,2
description,2
policies,2
beginnings,2
actually,2
focuses,2
surrounding,2
employed,2
va,2
interpreted,2
chappell,2
traders,2
successful,2
field,2
distances,2
tempe,2
dissatisfaction,2
guatemala,2
politically,2
order,2
contrast,2
interacting,2
involved,2
long,2
encompasses,2
het,2
archaeologies,2
revisited,2
sufficient,2
bridge,2
temporary,2
borgstede,2
isajiw,2
ancestral,2
texas,2
cladistic,2
always,2
annual,2
visible,2
progress,2
st,2
roots,2
value,2
breakthroughs,2
periods,2
barbara,2
will,2
analytic,2
gruzinski,2
outsider,2
academia,2
habitus,2
action,2
unification,2
gradual,2
synthesis,2
overall,2
oppressed,2
comments,2
innovation,2
durable,2
colonialist,2
museum,2
suited,2
represents,2
serve,2
hegemonic,2
coevolution,2
cipolla,2
demographic,2
unwin,2
sociological,2
arutiunov,2
rajnovich,2
outlined,2
accelerated,2
wisconsin,2
gary,2
noted,2
foucault,2
shows,2
subjective,2
his,2
multidirectional,2
gain,2
name,2
heritage,2
sensu,2
again,2
postcolonial,2
renewed,2
preferences,2
slavery,2
domains,2
sutter,2
conduct,2
scholars,2
herder,2
appeared,2
insular,2
together,2
inherently,2
chiapas,2
golden,2
segmentation,2
agree,2
hand,2
seminóles,2
attarian,2
metaphors,2
governing,2
empire,2
michael,2
necessary,2
hu,2
belief,2
hamilton,2
number,2
free,2
mcguire,2
multidisciplinary,2
status,2
birth,2
tulane,2
true,2
inscription,2
looking,2
manifestations,2
kincaid,2
europeans,2
colonoware,2
largely,2
microlevel,2
survey,2
trend,2
salvador,2
franklin,2
full,2
previous,2
ties,2
low,2
navajo,2
significance,2
meanings,2
points,2
co,2
architectural,2
creolization,2
engels,2
improved,2
exchange,2
inscribed,2
random,2
behind,2
arise,2
ann,2
effect,2
hardy,2
probably,2
deagan,2
sociopolitical,2
subjugated,2
attention,2
division,2
increasing,2
fueled,2
aid,2
stems,2
primordialism,2
ciudad,2
nasca,2
foster,2
widespread,2
becomes,2
means,2
colonizers,2
pokshishevskiy,2
seen,2
detailed,2
rethinking,2
establish,2
effectively,2
rapidly,2
lucas,2
existed,2
surprising,2
table,2
education,2
roma,2
fields,2
bergin,2
resemble,2
tribe,2
biology,2
considered,2
meskell,2
spinhuis,2
poma,2
sections,2
rarely,2
storia,2
constant,2
following,2
comes,2
demonstrate,2
fluctuating,2
constructed,2
perhaps,2
inclusivity,2
cahill,2
disdain,2
vermeulen,2
natural,2
books,2
cemetery,2
cultures,2
expanding,2
assumed,2
setting,2
exploration,2
seem,2
believe,2
universal,2
inquiry,2
foundation,2
spaniards,2
infer,2
pitfall,2
going,2
distinctive,2
roosens,2
utilized,2
emerges,2
better,2
evident,2
person,2
feminist,2
clarity,2
ayala,2
beginning,2
hillier,2
ethnically,2
explanations,2
catastrophic,2
whether,2
rising,2
orleans,2
metaphor,2
maintain,2
map,2
problem,2
inka,2
cusick,2
fully,2
migrations,2
suggests,2
virginia,2
pluto,2
size,2
socioeconomic,2
careful,2
four,2
disparate,2
subject,2
activity,2
possessions,2
programs,2
maroons,2
politicallegal,2
goals,2
categorization,2
instrumentalized,2
question,2
models,2
chiribaya,2
bush,2
entity,2
generate,2
lands,2
paradigm,2
naunapper,2
internally,2
integrated,2
define,2
product,2
wiessner,2
defined,2
philosophy,2
area,2
salience,2
association,2
respective,2
insider,2
titicaca,2
quadrants,2
debate,2
x,2
northwestern,2
abandoned,2
traditional,2
focus,2
processualists,2
fissions,2
building,2
sunseri,2
unconquered,2
customs,2
household,2
major,2
occur,2
bce,2
verdery,2
nicholas,1
emulate,1
resolve,1
traxler,1
intimately,1
allocation,1
wolfel,1
battlefield,1
sharpe,1
duckworth,1
currently,1
produces,1
merovingian,1
appropriation,1
o,1
dominating,1
paralleled,1
stubbornly,1
uncorrupted,1
lozada,1
instrumentalize,1
representing,1
generated,1
altamira,1
systematization,1
cues,1
correlations,1
prompts,1
concern,1
winds,1
locale,1
archeologia,1
extend,1
legitimate,1
intriguing,1
dissolution,1
propagation,1
adoption,1
intersect,1
fragmented,1
differentiating,1
notably,1
systemic,1
expect,1
engelmann,1
nagpra,1
village,1
likewise,1
center,1
large,1
globalization,1
perceive,1
altshul,1
nonkin,1
melting,1
director,1
denied,1
breakup,1
jews,1
tervingi,1
effective,1
tend,1
refused,1
closure,1
facilitative,1
atlanta,1
neighborhoods,1
live,1
tsuda,1
constitutes,1
postmodernist,1
solidarity,1
tallahassee,1
strictly,1
centrifugal,1
done,1
contend,1
marcus,1
favor,1
macrolevel,1
spirit,1
unmaking,1
reasonably,1
acceptance,1
pojoh,1
devices,1
position,1
cycles,1
recreation,1
excavation,1
necessarily,1
allies,1
burn,1
encourage,1
freeman,1
interpersonal,1
cornell,1
analecta,1
guise,1
nineteenth,1
something,1
lowlands,1
taggart,1
edu,1
newbury,1
variety,1
distinctness,1
dovetails,1
leipzig,1
territorial,1
chief,1
helm,1
journeys,1
negative,1
indexes,1
diffusion,1
lower,1
warburton,1
tiwanaku,1
consistent,1
highlighted,1
yoruba,1
dissension,1
upland,1
decidedly,1
transitions,1
institūti,1
sources,1
reconstructions,1
winning,1
markt,1
preceding,1
pulque,1
mateo,1
scientific,1
repertoire,1
eā,1
attempts,1
chaos,1
military,1
sampling,1
culturally,1
spencer,1
kings,1
rapid,1
plateau,1
darkness,1
nahuaization,1
humans,1
pluralist,1
rostafinski,1
england,1
departure,1
sustainable,1
asia,1
drinking,1
heated,1
comparatively,1
reach,1
contextual,1
scientists,1
skills,1
pragmatic,1
agrarian,1
canaan,1
holl,1
menahem,1
hisyam,1
thank,1
tarcov,1
exotic,1
rich,1
rule,1
manassas,1
atlantic,1
farther,1
generalizations,1
quantified,1
imperatives,1
real,1
nevertheless,1
incaism,1
achieved,1
spectacular,1
persistence,1
last,1
mind,1
say,1
influences,1
situ,1
mexicon,1
routines,1
contrasting,1
regularized,1
investigations,1
china,1
alike,1
discipline,1
remote,1
return,1
cuenca,1
backlash,1
nomadic,1
triggered,1
depends,1
cracow,1
nowhere,1
employs,1
evaluation,1
nativistic,1
acknowledged,1
inclusive,1
occasional,1
forum,1
alto,1
habitual,1
depending,1
governmental,1
existence,1
suspect,1
botanical,1
projectile,1
isolationistinteractionist,1
alterthiimer,1
plain,1
verlag,1
missouri,1
eastern,1
gaps,1
effros,1
key,1
israelite,1
unaware,1
draws,1
inca,1
sought,1
conditioned,1
incorporate,1
sexual,1
rests,1
dualities,1
march,1
pueblito,1
miccosukee,1
pye,1
constructivist,1
egyptians,1
polity,1
microdifferentiation,1
capable,1
marked,1
compelling,1
cooperation,1
authentic,1
recommendations,1
pierwotnych,1
condition,1
illustrate,1
zuni,1
relational,1
characterize,1
beverly,1
establishing,1
anarchist,1
functions,1
exclusiveness,1
bibliography,1
mobilizing,1
moseley,1
structurally,1
siedzihach,1
fruhsorge,1
ayllus,1
rid,1
petersburg,1
jure,1
mullins,1
conceptual,1
begay,1
treating,1
establishment,1
familial,1
classifications,1
cited,1
radical,1
bottom,1
above,1
haida,1
surged,1
decreasing,1
señorío,1
identifies,1
letter,1
tied,1
categorized,1
crystallized,1
localized,1
corresponding,1
tribute,1
relies,1
regarding,1
frequencies,1
natives,1
inhabits,1
phase,1
includes,1
constitutive,1
accessible,1
throughout,1
owian,1
domesticating,1
differential,1
structuration,1
sakha,1
cemeteries,1
randsborg,1
coexistent,1
homecoming,1
explained,1
eventual,1
casitas,1
facts,1
immediate,1
representations,1
ethical,1
quality,1
reject,1
savages,1
incas,1
sandstrom,1
longevity,1
durée,1
precipitating,1
stavropol,1
stakes,1
implicating,1
disconnect,1
lectures,1
forgotten,1
ut,1
relatively,1
regarded,1
brother,1
acta,1
gendered,1
ricans,1
raises,1
cerna,1
occurs,1
redeployed,1
encyclopedia,1
living,1
materially,1
ability,1
media,1
ilkhamov,1
emigration,1
extensively,1
industrial,1
interprets,1
fusions,1
thing,1
unity,1
oracles,1
adam,1
drainage,1
items,1
underlying,1
czasach,1
parker,1
gabbert,1
severed,1
gospodarstwie,1
marriage,1
ithaca,1
serving,1
haughtily,1
columbia,1
wares,1
difficulty,1
gauge,1
wholly,1
allowing,1
dates,1
egypt,1
noncolonial,1
coronado,1
databases,1
undertaking,1
semantic,1
explore,1
fieldiana,1
deceased,1
communication,1
emblemic,1
istituti,1
apparently,1
propositions,1
stagnation,1
bioarcheology,1
chinese,1
webs,1
casella,1
generation,1
hausa,1
nuanced,1
blog,1
competitive,1
rates,1
conceptually,1
continuity,1
scholarly,1
faust,1
slavianskikh,1
grasp,1
mechanism,1
crossroads,1
perfect,1
purer,1
higher,1
gravitate,1
failed,1
site,1
landscapes,1
opposed,1
mouton,1
online,1
interesting,1
colour,1
high,1
normalcy,1
wilmington,1
avoids,1
manipulated,1
simplified,1
governed,1
whose,1
subordination,1
deerskin,1
ably,1
exact,1
act,1
legible,1
sets,1
revitalizjation,1
redress,1
centered,1
repič,1
essence,1
adds,1
remain,1
adapt,1
particularistic,1
organizing,1
appreciation,1
conundrum,1
pinpoint,1
neatly,1
christine,1
tanudirjo,1
ce,1
adopted,1
abstraction,1
dp,1
toff,1
winona,1
persistent,1
republic,1
expelled,1
talk,1
homogenization,1
supersede,1
dell,1
ongoing,1
intertribal,1
contributions,1
special,1
revelation,1
thereof,1
matched,1
adversaries,1
scales,1
lay,1
feel,1
potawatomi,1
imperialist,1
consequences,1
kopy,1
saramaka,1
bonds,1
reason,1
accounts,1
presaged,1
susceptibility,1
perceptions,1
colonizing,1
moquegua,1
perpetuation,1
affect,1
ensure,1
postmodern,1
plural,1
prehistory,1
reinforcement,1
sorts,1
established,1
physically,1
image,1
descent,1
intensive,1
arcta,1
vindicated,1
rejecting,1
elsewhere,1
columbus,1
former,1
numbers,1
equilibrium,1
midian,1
exploratory,1
vitality,1
upper,1
saraguro,1
hair,1
ossified,1
pedagogical,1
motivates,1
democratic,1
lithic,1
encouragement,1
organisation,1
delegitimize,1
surge,1
buffalo,1
favorable,1
tribalization,1
exploitation,1
injustice,1
endemic,1
negroes,1
psychoanalytical,1
strategy,1
strengthen,1
differently,1
constitution,1
myths,1
categorical,1
shun,1
nebraska,1
bahamian,1
honduras,1
behaviour,1
distribution,1
remembered,1
acceptable,1
paynter,1
aftermath,1
opposition,1
location,1
alienation,1
kegan,1
histories,1
guns,1
here,1
plot,1
canaanites,1
kalahari,1
schloen,1
mapping,1
young,1
panhandle,1
strongly,1
behavioral,1
seven,1
centers,1
changed,1
demands,1
her,1
austin,1
querechos,1
endeavor,1
accompany,1
rostafìnski,1
ethnohistorical,1
acquiring,1
embedded,1
density,1
ceases,1
italians,1
focused,1
wishing,1
reviews,1
chicama,1
buikstra,1
keywords,1
yucatán,1
recently,1
legitimizations,1
reinforce,1
dispersal,1
journals,1
biases,1
intertwined,1
otherwise,1
contiguous,1
xvii,1
emulating,1
rupture,1
approached,1
networks,1
premise,1
wide,1
marxists,1
naturalism,1
brothertown,1
creates,1
si,1
tease,1
affair,1
briefly,1
warriors,1
alamanni,1
ethnonyms,1
christianity,1
none,1
relatives,1
distinguish,1
mapped,1
artifacts,1
bolster,1
maneuvers,1
nuances,1
carry,1
decisions,1
commoditization,1
unless,1
characterization,1
wabash,1
bells,1
clearer,1
actors,1
anachronisms,1
irish,1
precondition,1
predominantly,1
childe,1
eurocentric,1
loss,1
repertoires,1
continuation,1
realm,1
gave,1
jamieson,1
kiva,1
nubian,1
cibola,1
iz,1
issues,1
archeology,1
collective,1
records,1
relevance,1
enforce,1
structures,1
jockey,1
rallying,1
lanham,1
device,1
rituals,1
compass,1
hellenicity,1
uncharted,1
forces,1
regional,1
plurality,1
robbers,1
participate,1
canari,1
showing,1
missions,1
project,1
stanford,1
paraphrase,1
artifact,1
breakdown,1
militarism,1
strengthened,1
universally,1
concurrent,1
strongest,1
escalated,1
attributed,1
contradictions,1
naturalized,1
amazonia,1
manifestation,1
lurie,1
métisse,1
thread,1
quito,1
situational,1
remake,1
diversion,1
solution,1
legacy,1
permissiveness,1
punctuated,1
transculturation,1
normally,1
comprises,1
fostered,1
things,1
raiding,1
reliable,1
protohistorical,1
next,1
exclusionary,1
peruvian,1
complicate,1
theater,1
mediterranean,1
emphasizes,1
sharp,1
precontact,1
preserves,1
titles,1
quantification,1
skar,1
shirts,1
autonomy,1
influence,1
characteristics,1
leone,1
accomplished,1
straightening,1
peredvizhenii,1
feelings,1
allegheny,1
revealing,1
components,1
legitimize,1
eighth,1
resolution,1
folk,1
crystallization,1
comfort,1
facility,1
decolonizing,1
niches,1
kernels,1
protect,1
villages,1
jerusalem,1
seeds,1
tended,1
coast,1
germans,1
vein,1
up,1
posed,1
castilianization,1
philistines,1
odor,1
disconnected,1
faraway,1
regardless,1
citations,1
altogether,1
lansing,1
ghost,1
preliminary,1
lincoln,1
pot,1
passive,1
propriety,1
moved,1
settle,1
actions,1
promising,1
longue,1
teyas,1
battles,1
conducts,1
input,1
subsequently,1
cleland,1
mess,1
degli,1
integrating,1
uncommon,1
naming,1
copyediting,1
processual,1
highlights,1
swantek,1
units,1
impermeable,1
situation,1
business,1
casta,1
demand,1
senselessness,1
saw,1
ingredients,1
absence,1
laurel,1
rivalries,1
nativism,1
utmost,1
hints,1
correlating,1
logically,1
doctoral,1
hide,1
birthing,1
limited,1
ethnonym,1
play,1
uzbek,1
schemes,1
manipulate,1
motivated,1
onward,1
theorizing,1
ethnos,1
penchant,1
textually,1
poor,1
oneota,1
allen,1
grande,1
establishes,1
judgment,1
gillett,1
stalemates,1
make,1
dismissals,1
jealousies,1
experiences,1
standing,1
lb,1
potassium,1
modes,1
aldine,1
conquerors,1
contra,1
settings,1
strategic,1
penguin,1
communist,1
selection,1
positive,1
structural,1
vicinity,1
percentage,1
guide,1
coherence,1
communications,1
flowerdew,1
kent,1
relied,1
unintended,1
sympathies,1
violence,1
reference,1
franks,1
externally,1
circus,1
revealed,1
happened,1
residence,1
acknowledgments,1
mission,1
unidirectional,1
east,1
borrowed,1
saladoid,1
god,1
formally,1
challenged,1
official,1
amidst,1
signaling,1
specimens,1
jakarta,1
psychocultural,1
assimilation,1
home,1
editorial,1
raise,1
light,1
abandon,1
shifting,1
formalized,1
ethnographic,1
experimental,1
biodistance,1
memories,1
bourbon,1
silk,1
belonging,1
insights,1
increasingly,1
bárbaros,1
revenge,1
umberger,1
sector,1
avoided,1
published,1
babic,1
declining,1
spatially,1
schwaben,1
ceramic,1
simulation,1
disappearing,1
members,1
organizations,1
paul,1
rodseth,1
challenge,1
externalization,1
punish,1
danici,1
ecological,1
similarly,1
towns,1
addition,1
projects,1
nakladem,1
dwars,1
dissertations,1
usefulness,1
hiller,1
speciation,1
fact,1
unifying,1
longer,1
creativity,1
idea,1
consideration,1
manifesto,1
chiriguanos,1
perceptible,1
occupations,1
departments,1
creative,1
utilizing,1
beliefs,1
documents,1
armonk,1
abstract,1
ogundiran,1
developed,1
choice,1
reasoning,1
break,1
larger,1
diverse,1
decreases,1
incorporation,1
nucleated,1
conceptualized,1
istorii,1
prospects,1
viceroyalty,1
underpin,1
fashion,1
functionally,1
pattern,1
saurwein,1
habit,1
external,1
men,1
invigorated,1
conclusions,1
mestizo,1
remade,1
dominion,1
burning,1
drove,1
oppressors,1
increases,1
clusters,1
theorya,1
tupac,1
continuing,1
orderly,1
equate,1
subordinating,1
inhabit,1
inside,1
timer,1
surveillance,1
ontological,1
confrontation,1
coincided,1
imaginary,1
fennell,1
eisenbrauns,1
spoke,1
conviction,1
deep,1
arawakan,1
distills,1
producing,1
sturtevanťs,1
teeth,1
begun,1
frequency,1
stager,1
distance,1
threats,1
gareth,1
ixtatan,1
contemporarily,1
shifts,1
compete,1
encountered,1
historiographical,1
violent,1
cosmologies,1
palestine,1
indomitable,1
years,1
local,1
grounds,1
original,1
grouping,1
aggregation,1
analyzed,1
interrelated,1
private,1
technologies,1
exploring,1
meaningful,1
discussion,1
churches,1
rio,1
coherent,1
survive,1
skepticism,1
considering,1
comprise,1
assemblages,1
reversed,1
range,1
helps,1
onto,1
formal,1
arose,1
desperate,1
pelota,1
mosel,1
ruling,1
sovremennosti,1
bourbons,1
worship,1
varying,1
asian,1
austronesian,1
expression,1
unfortunately,1
religiously,1
disconnects,1
force,1
assumption,1
refers,1
dress,1
romana,1
aesthetics,1
collaborative,1
sequence,1
dances,1
intellectual,1
variables,1
styles,1
laboratory,1
examination,1
untaming,1
grounding,1
hyman,1
sees,1
interethnic,1
reinforcing,1
dismissed,1
paseos,1
contribution,1
arguably,1
versions,1
falola,1
militaristic,1
open,1
barnard,1
mayan,1
pļeople,1
diachronically,1
historic,1
etnicheskie,1
emphasizing,1
adding,1
authors,1
urbanism,1
health,1
internazionale,1
essay,1
foodways,1
counter,1
symposium,1
reviewers,1
helpful,1
summer,1
vintage,1
combs,1
diversity,1
diasporas,1
serves,1
stages,1
crafted,1
counted,1
proximity,1
ethnicgroups,1
ecology,1
fragility,1
misunderstanding,1
black,1
provides,1
computer,1
disasters,1
construct,1
creole,1
pedagogy,1
include,1
coercive,1
systems,1
trying,1
eyes,1
evolutionary,1
reconstitution,1
craft,1
relation,1
palo,1
grave,1
references,1
overcome,1
gillet,1
bureaucracies,1
consciously,1
quincentennary,1
displayed,1
intrasite,1
categorize,1
attendant,1
seattle,1
assigning,1
james,1
seeking,1
ausec,1
fruition,1
analyze,1
differ,1
spain,1
nazi,1
tendency,1
dogmatism,1
destruction,1
overdetermined,1
hanover,1
mestizaje,1
embodied,1
labradores,1
cruz,1
isolating,1
hague,1
stability,1
pastoralism,1
widely,1
yakutia,1
decision,1
puerto,1
separate,1
incisive,1
genesis,1
european,1
factors,1
carried,1
simanjuntak,1
racialization,1
binghamton,1
christian,1
archipelago,1
powerand,1
imply,1
modification,1
today,1
vington,1
provide,1
segregated,1
segments,1
danubian,1
crucial,1
usually,1
linda,1
five,1
nh,1
amaru,1
opératoire,1
vision,1
practical,1
bound,1
arabia,1
suspected,1
ironically,1
exacerbated,1
foreword,1
male,1
primarily,1
bags,1
lost,1
experimenting,1
castes,1
dihu,1
worse,1
subconscious,1
lawrence,1
proposition,1
interplay,1
suggestions,1
deals,1
ogbum,1
brigham,1
plains,1
wilhelm,1
ramses,1
settled,1
intend,1
introductory,1
finkelstein,1
cease,1
continually,1
tapped,1
philosophies,1
united,1
transferring,1
dead,1
charlottesville,1
enforced,1
ozymandias,1
heightens,1
emerging,1
get,1
imperialism,1
ecofacts,1
bundled,1
worlds,1
arts,1
viejas,1
interpretive,1
susan,1
israelites,1
rigorous,1
fought,1
thick,1
vigor,1
matters,1
dutton,1
echoes,1
ady,1
meant,1
neatness,1
abandonment,1
seriously,1
arte,1
exercised,1
shadow,1
singular,1
conclusion,1
ethnological,1
kultura,1
mentioned,1
homogeneity,1
bartulovič,1
founded,1
ethnoarchaeology,1
lopukhina,1
provo,1
pensée,1
framing,1
economically,1
damaging,1
forgetting,1
bioarchaeological,1
borrows,1
lambayeque,1
bronze,1
masses,1
vacant,1
carbondale,1
md,1
griffin,1
doi,1
palka,1
exemplifies,1
sweden,1
organizational,1
offers,1
drew,1
sustained,1
colorado,1
methodologically,1
quickly,1
drowned,1
cauldron,1
extant,1
tendencies,1
sure,1
thwart,1
enlightenmentinspired,1
endurance,1
correspond,1
shares,1
migrate,1
share,1
novel,1
depression,1
sizes,1
punching,1
coevolve,1
chaîne,1
activating,1
milwaukee,1
best,1
unknown,1
half,1
preclassic,1
sachse,1
vicious,1
unione,1
proportional,1
rivalry,1
ideological,1
particularly,1
leacock,1
compliance,1
deconstruction,1
reliability,1
contradictory,1
gravitates,1
huamanga,1
hundred,1
ordered,1
naco,1
steppe,1
associations,1
hostilities,1
u,1
ethos,1
scores,1
oversimplification,1
lipi,1
oliver,1
archival,1
interactive,1
merely,1
charged,1
eļthnogenesis,1
bullfights,1
dismissal,1
born,1
game,1
kivas,1
reproduce,1
hidden,1
communicate,1
proceedings,1
investigation,1
combined,1
restali,1
rose,1
aiding,1
nonwhite,1
ones,1
maryland,1
want,1
californio,1
independently,1
sociology,1
add,1
attitudes,1
fissioned,1
repulsive,1
adaptation,1
abroad,1
ethnography,1
getting,1
foundations,1
periphery,1
extract,1
bureaucratic,1
obsheniya,1
require,1
explored,1
yield,1
rationality,1
vol,1
patience,1
skillfully,1
interazioni,1
don,1
rally,1
grand,1
popular,1
conference,1
radically,1
transplanted,1
mesoamericana,1
classes,1
mezhnatsionavnogo,1
far,1
recognition,1
ill,1
attachments,1
edwards,1
met,1
reproducible,1
ohio,1
kin,1
prevalent,1
activated,1
perpetuates,1
easy,1
giving,1
prophetic,1
hapsburg,1
administration,1
step,1
everywhere,1
territory,1
adapted,1
pervades,1
contribute,1
proper,1
clothing,1
equipped,1
stavig,1
breakthrough,1
motivate,1
evidenced,1
diverged,1
aspect,1
faculty,1
remarks,1
przedhistorycznych,1
webb,1
diagram,1
enthusiasm,1
hornborg,1
schlanger,1
proved,1
environmentally,1
survival,1
drafts,1
argument,1
invasion,1
reveals,1
deftly,1
killebrew,1
intensified,1
finding,1
illinois,1
imagine,1
rļrather,1
washington,1
finally,1
accept,1
mode,1
publishing,1
explanation,1
crisis,1
parallels,1
chad,1
offer,1
applicable,1
usa,1
need,1
unified,1
disruption,1
functionalist,1
scalar,1
madison,1
already,1
reenactment,1
kush,1
relegate,1
sexuality,1
synergy,1
measured,1
permeable,1
remains,1
shift,1
epiphenomenon,1
classification,1
wretched,1
roughly,1
indices,1
petén,1
roles,1
estranged,1
anonymous,1
intergroup,1
potential,1
modeling,1
yel,1
paracas,1
valuable,1
meaning,1
tribes,1
crisscross,1
justify,1
hills,1
upbringing,1
reached,1
obligation,1
predicaments,1
slawische,1
impedes,1
pescadores,1
create,1
uncertainty,1
texts,1
acrimonious,1
seek,1
prison,1
ends,1
ideologically,1
anton,1
beings,1
problémy,1
virtue,1
ga,1
successive,1
doing,1
built,1
sodium,1
marxism,1
close,1
perception,1
deeper,1
increase,1
faction,1
capitalistic,1
