WORDCOUNTS,WEIGHT
the,1626
of,1429
and,1123
in,674
a,431
to,331
archaeology,328
historical,227
that,172
s,164
for,154
as,153
new,147
m,139
p,139
is,129
pp,127
press,122
world,122
gender,118
on,118
e,117
with,112
from,111
by,107
an,106
r,101
university,95
american,94
social,94
class,93
j,87
this,85
york,82
america,80
women,79
g,75
race,74
eds,72
are,71
production,68
these,67
c,67
at,66
century,65
culture,65
material,63
north,62
relations,61
l,60
d,60
ed,58
their,56
capitalist,55
capitalism,53
african,53
history,51
consumption,50
work,49
be,49
studies,48
power,48
life,47
have,47
t,46
it,45
native,45
paynter,44
between,44
b,42
cultural,42
more,42
not,42
has,42
w,41
people,41
h,40
into,39
labor,39
society,39
were,39
family,38
anthropology,38
study,37
its,37
racial,36
such,36
also,36
archaeological,36
which,35
state,35
england,34
or,34
european,34
white,32
practices,32
industrial,32
plantation,32
families,32
one,31
cambridge,31
how,30
beaudry,29
consumer,29
journal,29
most,29
massachusetts,29
leone,29
than,28
was,28
systems,28
working,28
men,28
see,28
political,27
ferguson,27
k,27
different,27
colonial,27
early,27
processes,26
anthropological,26
through,26
other,25
those,25
but,25
economy,25
archaeologists,24
south,24
community,24
domestic,24
states,24
all,23
some,23
et,23
economic,23
about,23
use,23
been,23
formation,23
patriarchy,23
singleton,23
review,22
origins,22
forms,22
period,22
public,22
n,22
oxford,21
patterson,21
research,21
theory,21
slavery,20
orser,20
mcguire,20
classes,20
united,20
yentsch,20
within,19
rather,19
out,19
academic,19
london,19
forces,19
resistance,19
al,19
many,19
associated,19
form,19
virginia,19
miller,18
plantations,18
sanjek,18
i,18
system,18
international,18
dynamics,18
development,18
well,18
various,18
communities,18
washington,18
market,17
they,17
inequality,17
blackwell,17
based,17
ideology,17
past,17
boston,17
modern,16
coontz,16
basil,16
dc,16
ceramics,16
mrozowski,16
workers,16
especially,16
colonization,16
wall,16
problem,16
little,16
jr,15
developed,15
plenum,15
late,15
archeology,15
revolution,15
scott,15
shackel,15
f,15
present,15
perspectives,15
middle,15
argues,15
wolf,14
instance,14
concept,14
spanish,14
amherst,14
distinctive,14
rural,14
urban,14
crisis,14
evidence,14
slave,13
racism,13
americans,13
process,13
deetz,13
result,13
societies,13
structures,13
bulletin,13
home,13
only,13
local,13
institution,13
construction,13
cultures,13
commodities,13
much,13
meaning,12
ways,12
case,12
household,12
human,12
critique,12
his,12
landscapes,12
lives,12
ideologies,12
had,12
gregory,12
found,12
though,12
status,12
approach,12
change,12
smithsonian,12
separation,12
end,12
elite,12
theoretical,12
would,12
black,12
can,12
henry,12
we,12
praetzellis,12
chesapeake,12
mckendrick,12
what,12
among,12
recent,12
routledge,11
way,11
english,11
western,11
great,11
there,11
california,11
west,11
owners,11
modes,11
perspective,11
races,11
landscape,11
traces,11
important,11
histories,11
spheres,11
artifacts,11
part,11
up,11
will,11
he,11
southern,11
sex,11
two,11
department,11
husband,11
understanding,11
identity,11
so,11
contact,11
who,11
alternative,11
over,11
making,11
delle,11
despite,11
themselves,11
documentary,11
baker,10
accumulation,10
historians,10
mass,10
conkey,10
supremacy,10
no,10
wurst,10
changes,10
objects,10
colonialism,10
lowell,10
moore,10
record,10
own,10
annual,10
biological,10
issues,10
indian,10
areas,10
patterns,10
made,10
households,10
often,10
key,10
living,10
particular,10
both,10
our,10
shift,10
domesticity,9
position,9
pipes,9
du,9
origin,9
issue,9
eastern,9
mullins,9
very,9
domain,9
tucson,9
site,9
verso,9
general,9
special,9
impact,9
problems,9
matthaei,9
color,9
line,9
related,9
during,9
regional,9
ethnicity,9
order,9
them,9
silberman,9
variety,9
note,9
everyday,9
strategies,9
another,9
africanamerican,9
amott,9
ethnic,9
brewer,9
relationship,9
independent,9
institutions,9
here,9
control,9
did,9
u,9
feminist,9
orlando,9
interaction,9
should,9
introduction,8
group,8
complex,8
experience,8
first,8
nature,8
europe,8
concepts,8
framework,8
thus,8
may,8
notion,8
coffee,8
brunswick,8
clearly,8
gero,8
dominant,8
sites,8
los,8
place,8
formations,8
rutgers,8
around,8
brought,8
practice,8
activities,8
periods,8
comparative,8
allen,8
consuming,8
under,8
rise,8
volume,8
members,8
documents,8
reform,8
debates,8
discussion,8
father,8
mies,8
hidden,8
theories,8
trade,8
structure,8
bograd,8
attention,8
separate,8
she,8
provide,8
settlement,8
centuries,8
changing,8
set,8
europeans,8
global,8
goods,8
identities,8
just,8
places,8
sexual,8
investigation,8
maryland,8
handsman,8
kin,8
city,8
nuclear,8
sexuality,8
roles,8
arizona,8
o,7
potter,7
large,7
approaches,7
lightfoot,7
contexts,7
every,7
dd,7
context,7
morgen,7
globe,7
takes,7
king,7
hall,7
politics,7
point,7
conflict,7
throughout,7
interest,7
traditions,7
town,7
links,7
angeles,7
annapolis,7
productive,7
means,7
notions,7
ancient,7
lead,7
however,7
colonies,7
method,7
patriarchal,7
because,7
invisible,7
bois,7
literature,7
project,7
division,7
using,7
value,7
gordon,7
architecture,7
toward,7
expansion,7
subject,7
spencerwood,7
settings,7
yet,7
same,7
jamaica,7
whelan,7
ground,7
where,7
less,7
blakey,7
books,7
spector,7
empirical,7
authors,7
times,7
industrialization,7
fitts,7
brown,7
dual,7
male,7
seen,7
understand,7
transformation,7
categories,7
peoples,7
transition,7
indians,7
harrison,7
understandings,7
land,7
need,7
cook,7
major,7
common,6
schuyler,6
creation,6
shaped,6
epperson,6
feminism,6
studied,6
reproduction,6
mills,6
dynamic,6
economies,6
funari,6
hierarchy,6
raton,6
even,6
jones,6
factors,6
prehistory,6
walby,6
house,6
too,6
situations,6
exploitation,6
her,6
carolina,6
struggles,6
crc,6
recently,6
produced,6
used,6
boca,6
data,6
commercialization,6
garman,6
articulation,6
transforming,6
boott,6
identified,6
make,6
movement,6
kluwer,6
ia,6
increasingly,6
domains,6
rubertone,6
time,6
variation,6
savulis,6
free,6
private,6
birth,6
assemblages,6
ruling,6
points,6
like,6
labour,6
mining,6
deagan,6
space,6
africa,6
seifert,6
analysis,6
itself,6
any,6
ph,6
linked,6
suggests,6
art,6
role,6
trigger,6
mode,6
cooper,6
effects,6
seeks,6
tobacco,6
johnson,6
debate,6
focus,6
dissertation,5
struggle,5
if,5
view,5
engendering,5
identify,5
essays,5
paper,5
before,5
nonetheless,5
brashler,5
came,5
wallerstein,5
long,5
impacts,5
bloomington,5
differences,5
vanishing,5
take,5
harvey,5
investigations,5
agnew,5
porter,5
marked,5
etienne,5
resources,5
radical,5
along,5
moral,5
identifies,5
behavior,5
goal,5
relationships,5
de,5
z,5
distinct,5
back,5
island,5
hyman,5
eisenstein,5
groover,5
ongoing,5
tensions,5
scale,5
continuity,5
organized,5
emergence,5
wealth,5
commonly,5
experienced,5
oppression,5
periphery,5
war,5
reviews,5
benes,5
tension,5
jim,5
basis,5
leedecker,5
positions,5
northern,5
jamieson,5
sense,5
presented,5
archaeologies,5
concerns,5
hardesty,5
when,5
jordan,5
gibb,5
finds,5
tea,5
critical,5
play,5
racialized,5
domination,5
religious,5
jaimes,5
technology,5
us,5
thesis,5
abel,5
unwin,5
williams,5
fawcett,5
harper,5
others,5
georgian,5
man,5
anthropologist,5
v,5
model,5
innovative,5
developing,5
wood,5
investigated,5
upon,5
region,5
holt,5
colonoware,5
significant,5
food,5
recovery,5
meanings,5
gailey,5
caribbean,5
spread,5
armory,5
latter,5
increasing,5
support,5
lines,5
wives,5
stratified,5
association,5
considered,5
mcdonald,5
drake,5
each,5
capital,5
ideological,5
leacock,5
beginning,5
institute,5
level,5
larsen,5
became,5
organization,5
come,5
indiana,5
camps,5
national,5
contributed,5
arenas,5
offered,5
klein,5
mystery,5
traditional,5
built,5
does,4
brumfiel,4
fathers,4
calgary,4
groups,4
corporate,4
created,4
emerson,4
deserve,4
articulating,4
situation,4
done,4
husbands,4
buffer,4
source,4
sources,4
taken,4
asia,4
seems,4
boyhood,4
together,4
indeed,4
plumb,4
analyses,4
products,4
murray,4
richmond,4
markers,4
anthropologists,4
east,4
bases,4
agriculture,4
consumers,4
variations,4
central,4
since,4
characteristic,4
preparation,4
marxism,4
old,4
better,4
salisbury,4
subjects,4
kinship,4
third,4
find,4
mcewan,4
crow,4
rights,4
poor,4
simultaneously,4
act,4
interpretation,4
affective,4
active,4
analyzes,4
importance,4
wages,4
familiar,4
without,4
age,4
beyond,4
conquest,4
uses,4
my,4
prehistoric,4
habits,4
demise,4
access,4
markets,4
understood,4
focused,4
burial,4
binghamton,4
near,4
hierarchies,4
participation,4
sphere,4
future,4
intense,4
example,4
civil,4
nation,4
southwest,4
realm,4
emancipation,4
documented,4
dakota,4
towards,4
field,4
involved,4
hemisphere,4
folk,4
methodological,4
always,4
visible,4
notes,4
roediger,4
tasks,4
second,4
action,4
sargent,4
structural,4
southeast,4
arrangements,4
mission,4
morgan,4
seeing,4
transformations,4
layton,4
paul,4
factory,4
fact,4
ceramic,4
manifested,4
break,4
algonkians,4
howson,4
do,4
unearthing,4
necessary,4
woman,4
ryan,4
children,4
gives,4
thoroughly,4
slaves,4
including,4
manifestations,4
concern,4
geismar,4
harvard,4
sees,4
significance,4
historic,4
wylie,4
features,4
antiquity,4
thomas,4
constructing,4
interpretations,4
dominance,4
quarterly,4
wage,4
homesite,4
vision,4
referred,4
linking,4
frontier,4
charlottesville,4
face,4
articles,4
centre,4
springfield,4
rarely,4
then,4
growing,4
version,4
bonded,4
mercantile,4
must,4
symbolic,4
temporal,4
dining,4
winterthur,4
berkeley,4
monthly,4
cutlery,4
malone,4
interested,4
argue,4
current,4
sought,4
works,4
concrete,4
william,4
spatial,4
agricultural,4
while,4
studying,4
thereby,4
prevalent,4
diversity,4
went,4
results,4
models,4
negro,4
difference,4
finding,4
conditions,4
move,4
americas,4
chicago,4
create,4
euroamerican,4
seek,4
meeting,4
gentility,3
unpaid,3
go,3
winant,3
edge,3
concerned,3
commentary,3
affected,3
oddity,3
resulted,3
village,3
needed,3
character,3
presents,3
contested,3
monograph,3
materials,3
lower,3
being,3
minneapolis,3
feudalism,3
cope,3
hence,3
invention,3
identifying,3
setting,3
give,3
culturally,3
might,3
spencer,3
rational,3
company,3
agrarian,3
broken,3
atlantic,3
praeger,3
handler,3
styles,3
calvert,3
persistence,3
dincauze,3
china,3
discipline,3
behind,3
seminar,3
british,3
existence,3
draws,3
prior,3
activity,3
condition,3
bibliography,3
obvious,3
regards,3
whites,3
ritual,3
unhappy,3
kristiansen,3
includes,3
differential,3
traders,3
mandel,3
due,3
against,3
relatively,3
gendered,3
santa,3
forced,3
ai,3
bay,3
response,3
africans,3
houses,3
profit,3
details,3
savage,3
influence,3
acknowledge,3
horsman,3
lesser,3
whose,3
played,3
smedley,3
sets,3
growth,3
proceedings,3
housing,3
levels,3
population,3
brauner,3
genocide,3
servants,3
mary,3
upper,3
show,3
zimmerman,3
methods,3
powerful,3
linkage,3
victorian,3
marriage,3
whom,3
reckner,3
agenda,3
conservative,3
relate,3
emerge,3
materiality,3
further,3
babson,3
schneider,3
brenner,3
calloway,3
negotiated,3
aspects,3
keeping,3
seeking,3
ideal,3
tributary,3
irish,3
gave,3
intersections,3
realms,3
blue,3
creating,3
shaping,3
suggest,3
next,3
small,3
piersen,3
enslaved,3
shapes,3
few,3
industry,3
breaking,3
motherhood,3
philip,3
majority,3
wife,3
filling,3
displaced,3
heritage,3
nassaney,3
sons,3
capitalists,3
direction,3
colonialist,3
confronting,3
makes,3
happened,3
subservient,3
management,3
merchant,3
folklife,3
property,3
complete,3
shifting,3
dialectical,3
baltimore,3
begins,3
coming,3
similarly,3
addition,3
fundamental,3
minnesota,3
segregated,3
essay,3
diverse,3
personal,3
john,3
contemporary,3
considerable,3
kelso,3
real,3
jacobs,3
number,3
tilley,3
interpreting,3
connell,3
range,3
bear,3
writings,3
deposits,3
detailed,3
purser,3
complexities,3
oral,3
varying,3
crosby,3
theorization,3
asian,3
shopping,3
ideas,3
questions,3
logics,3
individuals,3
previous,3
roberts,3
versions,3
crises,3
three,3
health,3
decorated,3
logic,3
fitzhugh,3
individual,3
keene,3
after,3
martin,3
why,3
reproductive,3
facing,3
enlightenment,3
settler,3
become,3
ann,3
blanton,3
effect,3
saw,3
relative,3
greenwood,3
continued,3
science,3
movements,3
crucial,3
contraction,3
andean,3
becomes,3
dimensions,3
colonizers,3
began,3
recognize,3
worlds,3
wegars,3
table,3
interpretive,3
hautaniemi,3
logging,3
meant,3
exemplified,3
agents,3
divisions,3
offers,3
gran,3
school,3
know,3
natural,3
dominated,3
cemetery,3
down,3
capacity,3
cities,3
elites,3
kowaleskiwallace,3
dominate,3
unique,3
degree,3
baudrillard,3
produce,3
information,3
freedom,3
st,3
whiteness,3
simply,3
contribute,3
writing,3
ecuador,3
structured,3
contract,3
strikingly,3
grant,3
rowlands,3
armstrong,3
unified,3
brighton,3
off,3
area,3
remains,3
classification,3
russo,3
needs,3
am,3
observation,3
blacks,3
potential,3
marxist,3
massive,3
bower,3
mix,3
given,3
cunzo,3
beings,3
hilton,3
gutman,2
now,2
dominating,2
child,2
objectification,2
amin,2
till,2
separated,2
darwinism,2
northeast,2
red,2
apache,2
afroamerican,2
differentiating,2
philadelphia,2
survival,2
pushed,2
becoming,2
settlements,2
womanhood,2
enduring,2
jews,2
mobility,2
nostalgia,2
sheffield,2
ma,2
constitutes,2
continent,2
weiner,2
respectability,2
environment,2
park,2
trace,2
style,2
devices,2
cycles,2
pantheon,2
necessarily,2
francis,2
regime,2
service,2
nineteenth,2
predominantly,2
kohl,2
consumptive,2
exclusive,2
implications,2
military,2
address,2
terrain,2
worked,2
paternalism,2
containing,2
rhode,2
principles,2
least,2
tradition,2
leading,2
kegan,2
farmers,2
mcbride,2
thanks,2
hundred,2
nekola,2
expressions,2
composition,2
lowenthal,2
antipathy,2
crockery,2
nm,2
written,2
influences,2
contrasting,2
reading,2
visibility,2
tell,2
cuenca,2
cruxent,2
zaretsky,2
banton,2
task,2
money,2
design,2
struggling,2
account,2
felt,2
possible,2
cressy,2
rotman,2
strains,2
feinman,2
insight,2
professionals,2
fine,2
nonplantation,2
askins,2
cole,2
above,2
negotiation,2
mountains,2
spain,2
engage,2
omi,2
childbearing,2
collection,2
surplus,2
pulsipher,2
colonized,2
dublin,2
exist,2
kulikoff,2
segregation,2
extinct,2
natives,2
liverani,2
appalachia,2
timber,2
merchants,2
historically,2
barbados,2
component,2
quality,2
cott,2
accommodation,2
deserving,2
objective,2
sacramento,2
noel,2
angloamerican,2
ability,2
raises,2
excavations,2
learning,2
ware,2
kind,2
big,2
clay,2
elements,2
maintaining,2
clark,2
freed,2
differently,2
inclusion,2
hartmann,2
young,2
served,2
compared,2
publications,2
archaeologist,2
constructs,2
secular,2
discovering,2
chinese,2
traits,2
unobservable,2
hernstein,2
master,2
develops,2
van,2
interesting,2
knoxville,2
recognized,2
essential,2
air,2
teaching,2
philpin,2
managers,2
bring,2
across,2
raber,2
mountain,2
subsistence,2
bond,2
feder,2
conceptions,2
abstraction,2
earlier,2
legal,2
republic,2
direct,2
symbols,2
evolution,2
animals,2
aptheker,2
ferry,2
reason,2
category,2
theorists,2
immigrant,2
marks,2
kelly,2
center,2
conceptualization,2
descent,2
workplace,2
latin,2
producers,2
consciousness,2
edition,2
shaker,2
griggs,2
numbers,2
welfare,2
weinstein,2
frequently,2
reviewed,2
four,2
millennium,2
follow,2
defeat,2
defines,2
shop,2
stark,2
requires,2
destructive,2
internal,2
strategy,2
faced,2
decades,2
methodology,2
greater,2
raw,2
upperand,2
arrival,2
could,2
rule,2
entered,2
search,2
homogenizing,2
relating,2
county,2
scaling,2
clear,2
fishing,2
destined,2
agendas,2
mesoamerican,2
worker,2
harrington,2
initial,2
base,2
pots,2
embedded,2
left,2
syncretism,2
informed,2
walde,2
cannot,2
energy,2
russell,2
outside,2
claassen,2
approached,2
fox,2
numerous,2
james,2
silver,2
technical,2
eurocentrism,2
shape,2
underlie,2
having,2
shopkeepers,2
received,2
leisure,2
decisions,2
denial,2
overview,2
describe,2
fit,2
records,2
fruitful,2
lifeways,2
surrounding,2
lange,2
stanford,2
museum,2
connections,2
contradictions,2
transatlantic,2
earth,2
good,2
exemplary,2
legacy,2
socialist,2
homogenous,2
imposition,2
emphasizes,2
owned,2
zinn,2
contingency,2
autonomy,2
la,2
migration,2
wider,2
highly,2
australian,2
texas,2
boundaries,2
workforce,2
redefinition,2
core,2
postcolumbian,2
hayden,2
florida,2
appropriate,2
laroche,2
newly,2
preliminary,2
interests,2
moved,2
rest,2
tennessee,2
concomitant,2
fredrickson,2
nations,2
therefore,2
processual,2
boardinghouses,2
san,2
investigating,2
indigenous,2
müller,2
demand,2
matter,2
mcdavid,2
scientific,2
schmidt,2
grand,2
short,2
synthesis,2
appearances,2
experiencing,2
schemes,2
corporation,2
brief,2
islands,2
female,2
exception,2
sahlins,2
reconstruction,2
interactions,2
comments,2
manifest,2
cracks,2
single,2
continuation,2
flowerdew,2
competition,2
elaboration,2
thought,2
childcare,2
assimilation,2
generalized,2
hess,2
kowalewski,2
algonkian,2
wright,2
middleand,2
insights,2
odds,2
provocative,2
illustrated,2
noted,2
maintained,2
possibilities,2
regardless,2
goals,2
lewis,2
bushman,2
nanepashemet,2
available,2
towns,2
motifs,2
added,2
smith,2
pont,2
scholars,2
drinnon,2
call,2
pluralities,2
abstract,2
appiah,2
crop,2
larger,2
doubt,2
ignatiev,2
discussed,2
honor,2
took,2
begin,2
mutual,2
ontological,2
epistemologies,2
colony,2
deep,2
belief,2
bragdon,2
impoverished,2
assemblage,2
mill,2
desires,2
responded,2
analyzed,2
impacted,2
meaningful,2
simple,2
link,2
robertson,2
mcmullen,2
farming,2
values,2
true,2
previously,2
cabins,2
largely,2
persisted,2
virtually,2
robinson,2
sacks,2
engaged,2
benin,2
pattern,2
low,2
open,2
similar,2
directed,2
trap,2
publication,2
language,2
ottoman,2
folks,2
ireland,2
foodways,2
rationalized,2
architectural,2
collaboration,2
function,2
vintage,2
stewartabernathy,2
high,2
cache,2
synchronie,2
structuring,2
lie,2
practiced,2
provides,2
exchange,2
carlson,2
sandy,2
construct,2
craft,2
hand,2
emphasized,2
tactics,2
anderson,2
looks,2
deloria,2
slightly,2
hume,2
versus,2
destruction,2
sugar,2
pottery,2
regimes,2
pequot,2
decision,2
haunts,2
hasenstab,2
things,2
midcentury,2
bassett,2
today,2
mckee,2
tenant,2
assert,2
usually,2
bleier,2
imperatives,2
recognizes,2
primarily,2
independence,2
bonds,2
gathercole,2
vargas,2
force,2
shanty,2
overlap,2
responsible,2
expectations,2
norton,2
fe,2
baron,2
mashpee,2
drax,2
dead,2
biology,2
matters,2
starbuck,2
multiple,2
differentiated,2
exercised,2
impulse,2
conjunction,2
bill,2
ve,2
tenancy,2
geographic,2
constituted,2
continues,2
theme,2
known,2
totality,2
hueda,2
constructed,2
sacred,2
levi,2
willows,2
earle,2
mccracken,2
persisting,2
cheyenne,2
intellectual,2
albeit,2
gone,2
stack,2
unknown,2
leaders,2
acts,2
cyclical,2
oilman,2
epistemological,2
particularly,2
reproduces,2
contradictory,2
rely,2
far,2
build,2
explicitly,2
prospects,2
advances,2
bronze,2
redefined,2
subordinate,2
following,2
witch,2
doughton,2
fuller,2
staten,2
differing,2
aston,2
whether,2
selected,2
cause,2
sociology,2
attitudes,2
cult,2
tightly,2
penetration,2
extent,2
supplemented,2
fully,2
extract,2
divide,2
encounters,2
phenomena,2
incorporated,2
spaces,2
yeoman,2
code,2
daughters,2
technologies,2
revolutions,2
mangan,2
easy,2
wrought,2
bourgeois,2
techniques,2
extended,2
encounter,2
arguments,2
clothing,2
gain,2
waves,2
think,2
stine,2
brodkin,2
eric,2
question,2
until,2
presence,2
commercial,2
argument,2
frontiers,2
report,2
deftly,2
vance,2
finally,2
accept,2
publishing,2
dangerous,2
include,2
although,2
socially,2
eighteenth,2
physical,2
housewifization,2
negotiable,2
simons,2
politicians,2
you,2
playing,2
inequalities,2
diaspora,2
want,2
profits,2
specific,2
interdisciplinary,2
era,2
reflecting,2
texts,2
exclusively,2
divergent,2
kuhn,2
alberta,2
broader,2
connor,2
close,2
choice,2
otto,2
cited,2
antiracist,2
hypothesis,2
arlene,1
gentlewoman,1
resolve,1
pikirayi,1
residing,1
trajectory,1
democracy,1
superiority,1
abolition,1
battlefield,1
transportation,1
stimuli,1
mostly,1
mute,1
takarazuka,1
ville,1
page,1
flow,1
limits,1
prostitution,1
heroic,1
fertile,1
chalk,1
later,1
obfuscation,1
hfeways,1
names,1
michilimackinac,1
tyranny,1
sequestered,1
cloaked,1
wonder,1
levers,1
stockers,1
everyone,1
consume,1
extend,1
dubliin,1
college,1
jeppson,1
monumenta,1
determine,1
fences,1
dissolution,1
adoption,1
poorer,1
considerably,1
totally,1
utility,1
distributed,1
connecticut,1
blackburn,1
disregard,1
systemic,1
foremen,1
germany,1
iroquoia,1
passing,1
nagpra,1
bickford,1
employees,1
reflection,1
obsolete,1
unsure,1
summarizing,1
disclose,1
factories,1
dislocation,1
conquering,1
drastically,1
sketched,1
agency,1
ample,1
fed,1
consumptions,1
pacing,1
tend,1
closure,1
potosi,1
produces,1
linkages,1
likely,1
live,1
schools,1
library,1
homelots,1
patriarchies,1
brigandage,1
solidarity,1
surround,1
bias,1
lighthouse,1
mit,1
impetuses,1
steve,1
interweave,1
dialectically,1
unnamed,1
station,1
spirit,1
grove,1
biocultural,1
deviants,1
resistances,1
policy,1
protection,1
rationalization,1
resurgence,1
clement,1
hegemony,1
concretized,1
carroll,1
occurred,1
pasture,1
amply,1
overturning,1
cornell,1
detailing,1
exceptions,1
weik,1
ethnocide,1
edu,1
englewood,1
corresponding,1
reich,1
turning,1
themes,1
masterful,1
debilitating,1
arms,1
test,1
diasporic,1
factional,1
diffusion,1
ine,1
hurry,1
uprising,1
warns,1
compression,1
brightened,1
arguing,1
coast,1
prominently,1
explaining,1
monogamous,1
earning,1
languedoc,1
humble,1
nonwage,1
collusion,1
destroying,1
suburbs,1
supposedly,1
localities,1
connection,1
krass,1
zimbabwe,1
voices,1
pervasive,1
derives,1
piedmont,1
hood,1
introduce,1
ii,1
individualist,1
attempts,1
enables,1
diego,1
rush,1
attempt,1
refusal,1
expectation,1
deriving,1
articulate,1
allow,1
font,1
retreat,1
freely,1
discerned,1
departure,1
malleable,1
revival,1
ranching,1
words,1
definition,1
heated,1
dramatically,1
rchitecture,1
layout,1
able,1
deal,1
scientists,1
continue,1
dissects,1
assess,1
advantage,1
neal,1
parameters,1
suggesting,1
conceptualized,1
highland,1
appearance,1
despotic,1
protest,1
oppress,1
wave,1
rich,1
narrative,1
senses,1
admittedly,1
ephemeral,1
revived,1
sometime,1
housewife,1
concludes,1
preordained,1
liii,1
providence,1
expense,1
scheme,1
functional,1
evolving,1
lasting,1
wealthy,1
help,1
integrate,1
bering,1
roosevelt,1
zed,1
berlin,1
cc,1
professionalism,1
staski,1
boardinghouse,1
last,1
mind,1
date,1
fullest,1
stand,1
filigree,1
principal,1
robert,1
alike,1
somewhat,1
hopkins,1
intelligence,1
spirituality,1
avakian,1
daniel,1
tendrils,1
worldwide,1
rethinking,1
dinners,1
inquiry,1
caregiving,1
concealed,1
documenting,1
disdained,1
meal,1
mercantilism,1
frazer,1
forum,1
depending,1
maroon,1
correlated,1
prosper,1
unmediated,1
inquire,1
westview,1
sekgarametso,1
conquests,1
formulation,1
motion,1
constraint,1
bones,1
sociohistorically,1
conditioned,1
me,1
newcomers,1
treasuries,1
separating,1
muckets,1
addresses,1
daddy,1
representations,1
economics,1
retain,1
jack,1
genocidal,1
gardens,1
vol,1
suicide,1
samford,1
burke,1
hermitage,1
capable,1
implies,1
salem,1
bottomore,1
promise,1
realignment,1
speculation,1
arcaheology,1
functions,1
reduce,1
literary,1
dinner,1
vital,1
minutia,1
invited,1
combination,1
say,1
conceptual,1
ignores,1
establishment,1
conception,1
laws,1
realistic,1
chart,1
redefining,1
representing,1
promises,1
purisma,1
workplaces,1
melting,1
wallace,1
handbuilt,1
leveling,1
sign,1
overlaps,1
realizing,1
garden,1
phenomenal,1
controlled,1
doctors,1
hygiene,1
internationaljournal,1
tribute,1
associations,1
postmedieval,1
dommelen,1
phase,1
woods,1
typological,1
domesticated,1
shacks,1
collapse,1
affiliation,1
dependence,1
surely,1
strife,1
pot,1
angles,1
credentialing,1
montreal,1
ziesing,1
explained,1
difficulties,1
immediate,1
boy,1
basque,1
analyzing,1
intensifying,1
fatherlands,1
realized,1
immaculate,1
magic,1
parsimonious,1
unpublished,1
silent,1
machine,1
catalonian,1
bodily,1
neighbors,1
forgotten,1
regarded,1
moment,1
dia,1
headway,1
alienation,1
mutable,1
honest,1
elegantly,1
lancashire,1
price,1
application,1
encyclopedia,1
emerges,1
affluence,1
smells,1
pay,1
rooted,1
topic,1
counter,1
awl,1
parable,1
publishes,1
nazis,1
wiley,1
turn,1
occasioned,1
abstractions,1
retailing,1
sustain,1
thereof,1
candidates,1
mixed,1
job,1
ct,1
immigrants,1
underlying,1
david,1
segmented,1
infrequently,1
deforest,1
withdraw,1
ithaca,1
props,1
modernity,1
healer,1
abortion,1
homelands,1
moving,1
crowell,1
suitable,1
kiriwina,1
elaborated,1
rpaynter,1
gaseo,1
folkways,1
truly,1
vanish,1
wobst,1
weight,1
ladies,1
revised,1
birmingham,1
hafertepe,1
orni,1
innovators,1
takers,1
pueblo,1
tenants,1
communication,1
bottles,1
pilgrim,1
resolutions,1
olive,1
propositions,1
precapitalist,1
deeply,1
mohegans,1
conceive,1
lens,1
consumerism,1
tableware,1
generation,1
cottons,1
nuanced,1
stanley,1
poorly,1
depths,1
narragansett,1
constriction,1
anglo,1
kept,1
crossroads,1
worst,1
industries,1
fishy,1
jean,1
ideals,1
higher,1
oj,1
media,1
surprisingly,1
civilization,1
steps,1
operation,1
soil,1
libidinal,1
displacement,1
steal,1
alexandria,1
essentialisms,1
colour,1
knife,1
fayola,1
aborigines,1
avoids,1
manipulated,1
evaluates,1
adequate,1
bull,1
ably,1
heads,1
mathibidi,1
identification,1
westport,1
camp,1
principally,1
rchaeology,1
carrollton,1
residence,1
aimed,1
federal,1
arising,1
majorities,1
dominica,1
morrison,1
foucault,1
debated,1
smoking,1
worldly,1
sort,1
basic,1
posits,1
influential,1
ela,1
explicit,1
fastest,1
vestige,1
hold,1
diviner,1
treat,1
subdivision,1
neatly,1
hothouses,1
adopted,1
hthnicity,1
goes,1
fulcrum,1
deprived,1
risk,1
alabama,1
associate,1
persistent,1
andren,1
manages,1
progressive,1
developments,1
thing,1
humanity,1
leave,1
adjustments,1
parts,1
disintegration,1
therapists,1
dialogue,1
references,1
sanctuary,1
preservation,1
scales,1
commemorating,1
course,1
himmer,1
persons,1
reconsidered,1
antithesis,1
polite,1
glass,1
moreover,1
expressing,1
az,1
divided,1
underline,1
pleasures,1
serfs,1
mcgovern,1
ordeal,1
gcuire,1
privy,1
involvement,1
broome,1
bosses,1
mrs,1
favor,1
battlefields,1
freedmen,1
colonizing,1
presidents,1
subordinated,1
romantic,1
reconceptualization,1
proving,1
postmodern,1
females,1
consider,1
capitalization,1
religion,1
needless,1
entry,1
torchbooks,1
occupational,1
mahican,1
breeds,1
image,1
indentured,1
peasants,1
intertwined,1
den,1
fish,1
collins,1
leaves,1
liberal,1
warren,1
underlines,1
receiving,1
placed,1
quoted,1
articulated,1
displays,1
remaking,1
objectified,1
argued,1
exhortation,1
accumulating,1
russ,1
oppressive,1
magdalen,1
acknowledges,1
underwater,1
discusses,1
exploited,1
recovered,1
resource,1
additional,1
textile,1
contemplates,1
dialectic,1
uaicoia,1
peru,1
tourism,1
bacon,1
evaluation,1
putting,1
enmeshed,1
tribalization,1
beef,1
archeological,1
willing,1
firmly,1
injustice,1
mainstay,1
growers,1
semiotically,1
care,1
conceptualizations,1
believed,1
opinion,1
coincide,1
providing,1
saucers,1
appear,1
myths,1
paragraph,1
umass,1
lemuels,1
lewelling,1
union,1
catawba,1
unproductive,1
experimentation,1
opening,1
benny,1
expressed,1
theft,1
incomplete,1
cradle,1
merging,1
columbia,1
thousands,1
shrews,1
encased,1
formulations,1
lepore,1
harder,1
wares,1
medicine,1
entering,1
underwriting,1
strength,1
critically,1
attack,1
piine,1
caveat,1
lived,1
thurston,1
energetic,1
vulnerability,1
demands,1
shared,1
tradesman,1
criticisms,1
hawai,1
toothbrushes,1
herding,1
barry,1
kettles,1
colono,1
persist,1
eat,1
insularity,1
captured,1
haven,1
reactionary,1
montserrat,1
herman,1
volmar,1
butch,1
term,1
evaluate,1
danger,1
companion,1
cups,1
sword,1
histonc,1
sharecropping,1
oklahoma,1
codification,1
fishermen,1
affirms,1
seizing,1
performed,1
omnipresence,1
michigan,1
skilled,1
pursued,1
textaided,1
agreements,1
tools,1
residential,1
constraining,1
meet,1
track,1
skunk,1
gilded,1
wresting,1
appearing,1
otherwise,1
contesting,1
emulating,1
concentrated,1
anecdote,1
spiritual,1
shepard,1
debunks,1
brooklyn,1
networks,1
necessities,1
hay,1
wide,1
tracking,1
naturalism,1
periodization,1
encroachment,1
stations,1
scene,1
sales,1
evangelism,1
impression,1
experiment,1
watershed,1
syria,1
uuter,1
chinatown,1
gained,1
directly,1
feeding,1
cheers,1
expansionary,1
network,1
distinguish,1
believable,1
degrees,1
seminal,1
nineteenthcentury,1
journals,1
tablesetting,1
planning,1
overviews,1
residents,1
vincent,1
organize,1
postmodemity,1
responding,1
tool,1
hemispheres,1
carry,1
framed,1
ku,1
lords,1
imagined,1
india,1
significantly,1
leads,1
heavily,1
stances,1
divides,1
tarly,1
hebrides,1
ort,1
competing,1
watts,1
norm,1
planter,1
curriculum,1
reduction,1
farmstead,1
pulls,1
blath,1
lays,1
patterning,1
danish,1
pasts,1
thoughts,1
caught,1
looked,1
sole,1
texture,1
got,1
homeplaces,1
egalitarian,1
insert,1
whole,1
established,1
trenchant,1
baskets,1
consistently,1
fail,1
intermediate,1
redrew,1
size,1
northwest,1
overtly,1
tablesettings,1
demonstrates,1
marge,1
reduces,1
beginnings,1
colley,1
falling,1
viola,1
beads,1
winter,1
zierden,1
rituals,1
organizing,1
music,1
translated,1
rhythms,1
consistent,1
nazi,1
away,1
legislation,1
complemented,1
wrenching,1
overseas,1
differentially,1
entails,1
predominance,1
sun,1
sociopolitics,1
alan,1
visions,1
disasters,1
muller,1
visiting,1
trends,1
supported,1
manifestation,1
cults,1
either,1
regions,1
aí,1
arkansas,1
contests,1
viewing,1
preceded,1
undeveloped,1
permit,1
reid,1
solution,1
freeholding,1
considers,1
punctuated,1
apess,1
hang,1
upheavals,1
ghostwriters,1
hanover,1
quarter,1
manners,1
useful,1
wilkie,1
responsibility,1
meggers,1
ozark,1
armories,1
redman,1
tom,1
occasionally,1
stage,1
involve,1
musseling,1
dictionary,1
welburn,1
swedlund,1
barrington,1
contrast,1
sweeney,1
mediterranean,1
discourse,1
standpoint,1
excavation,1
quite,1
woodbury,1
claim,1
acted,1
night,1
emerging,1
orient,1
jardine,1
openly,1
proximate,1
characteristics,1
transport,1
contextualizmg,1
revealing,1
migrating,1
components,1
bridge,1
masking,1
resolution,1
transfer,1
temporary,1
catalonia,1
mi,1
homogenization,1
insulate,1
ton,1
traitor,1
adhere,1
shadows,1
decline,1
distinguished,1
ancestors,1
dowry,1
villages,1
seeds,1
exercising,1
widely,1
degradation,1
preceding,1
vein,1
trailing,1
proletarians,1
basse,1
bemoans,1
rapp,1
paid,1
estates,1
cotton,1
distinguishing,1
roots,1
cycle,1
plausible,1
persuasions,1
dairying,1
alienated,1
blindspots,1
provided,1
dam,1
armorers,1
humanistic,1
establishments,1
landlords,1
geographical,1
stephens,1
chronological,1
postmodernity,1
flourished,1
contender,1
analytic,1
secret,1
handle,1
uncommon,1
node,1
challenge,1
statuses,1
led,1
referent,1
adhering,1
transform,1
units,1
banana,1
business,1
delineating,1
myth,1
reduced,1
anew,1
conforming,1
discriminatory,1
holds,1
mexico,1
disciplining,1
perilous,1
noble,1
bringing,1
aim,1
pushes,1
marketplace,1
populations,1
britain,1
worldview,1
gradual,1
motivations,1
tlingit,1
whitewares,1
return,1
unconscious,1
acknowledged,1
inclusive,1
forward,1
amityville,1
anthrodoloeical,1
fractured,1
debbie,1
reorganization,1
object,1
etc,1
positioned,1
convince,1
still,1
precolonial,1
shopkeeping,1
tor,1
says,1
presently,1
expanded,1
several,1
enoch,1
experiences,1
precedes,1
buck,1
interrelations,1
reforming,1
recreating,1
perennial,1
materialistic,1
rebellions,1
seemingly,1
thailand,1
abrupt,1
strategic,1
inhabited,1
va,1
parker,1
acculturation,1
assigned,1
goldberg,1
pervades,1
oneida,1
gilbert,1
surrounds,1
decorative,1
cheap,1
forts,1
outlets,1
ineffective,1
kent,1
bloodat,1
edited,1
sciences,1
laboring,1
incipient,1
nonhuman,1
violence,1
peregrine,1
revealed,1
sociologists,1
represents,1
read,1
barker,1
acknowledgments,1
hegemonic,1
precolumbian,1
array,1
discussions,1
columbus,1
mobile,1
restricted,1
challenged,1
uje,1
neither,1
differentiate,1
temperate,1
minders,1
index,1
brooks,1
kelley,1
mayfield,1
participants,1
prehistorians,1
falls,1
railroad,1
experiments,1
orders,1
intersects,1
assistance,1
raper,1
trobriand,1
undergird,1
choices,1
dropped,1
sharply,1
essentialist,1
repercussions,1
broad,1
pandora,1
russian,1
silk,1
costs,1
contempt,1
visitors,1
internalizing,1
motivate,1
reports,1
disrupted,1
herod,1
learns,1
gentlemen,1
frameworks,1
entwined,1
intersection,1
enterprises,1
sometimes,1
suzanne,1
picture,1
hoffman,1
hallmark,1
disciplinary,1
lack,1
infrastructural,1
outbreak,1
balancing,1
inhabitants,1
corporations,1
organizations,1
starting,1
name,1
buckles,1
eschews,1
splendidly,1
paraguay,1
french,1
aspect,1
genteel,1
houston,1
suit,1
commodification,1
dichotomies,1
locust,1
delinks,1
jamaican,1
penetrating,1
mark,1
hollow,1
garrison,1
again,1
death,1
racisms,1
pointed,1
whaling,1
deserves,1
varies,1
put,1
nevada,1
projects,1
uncasville,1
andeans,1
generously,1
water,1
estabrook,1
comparison,1
analytical,1
artiîacts,1
investigates,1
efforts,1
joyce,1
abilities,1
shows,1
happening,1
marker,1
consideration,1
stories,1
underwrote,1
treatment,1
device,1
overwhelming,1
pigtoes,1
conduct,1
maternal,1
foods,1
creative,1
plundering,1
highlands,1
agree,1
match,1
wine,1
indies,1
regulation,1
viuage,1
euroamericans,1
segobye,1
daily,1
anthro,1
pacific,1
wasters,1
reductionist,1
granting,1
remain,1
deleterious,1
identical,1
golden,1
guard,1
fashion,1
clearing,1
munster,1
bell,1
fragments,1
battery,1
rhetoric,1
urla,1
rejuvenation,1
conclusions,1
enough,1
klan,1
praetzellises,1
racist,1
kit,1
wild,1
assimilationist,1
employment,1
iii,1
proletariat,1
bruchac,1
cruz,1
impinge,1
cambodia,1
covered,1
operating,1
manner,1
informing,1
metaphors,1
understudied,1
purposes,1
foneswolf,1
empire,1
seventeenth,1
jobs,1
renaissance,1
michael,1
achieving,1
surveillance,1
coincided,1
forth,1
decorse,1
reshaped,1
appropriating,1
decorations,1
farmsteads,1
òtuaies,1
sell,1
chicano,1
literatures,1
grave,1
ladder,1
follows,1
shifts,1
imputed,1
angele,1
ecology,1
mormons,1
polities,1
aims,1
widow,1
charleston,1
years,1
ethnocidal,1
original,1
acknowledgment,1
crystals,1
exhibit,1
balance,1
exploring,1
vast,1
clients,1
excluding,1
examples,1
knopf,1
twoedged,1
politicaleconomic,1
accompanying,1
implicated,1
legitimation,1
sides,1
servant,1
discrimination,1
formal,1
handmaiden,1
mississippi,1
borjeson,1
criollo,1
desperate,1
distinctly,1
enormous,1
realities,1
manufactured,1
depended,1
merge,1
clustered,1
illumination,1
honeychurch,1
findings,1
reburial,1
facades,1
lecture,1
profitable,1
waste,1
complement,1
childrearers,1
transferable,1
kinks,1
omnipresent,1
anyway,1
lycett,1
refers,1
aesthetics,1
perception,1
morality,1
manipulation,1
engaging,1
dissolving,1
vortices,1
survey,1
labourers,1
pleasure,1
outcasts,1
resulting,1
commodity,1
exhibited,1
trend,1
resolved,1
services,1
laboratory,1
examination,1
franklin,1
voice,1
full,1
raising,1
write,1
office,1
privies,1
dismissed,1
unwanted,1
necessitated,1
sound,1
pennsylvania,1
involves,1
described,1
vii,1
maid,1
negotiating,1
ties,1
sequences,1
urbana,1
reality,1
applied,1
emphasizing,1
bondage,1
institutionalization,1
profession,1
metaphysics,1
battalion,1
ufe,1
chocolate,1
galways,1
ancestry,1
madagascar,1
syncretisms,1
resultant,1
symposium,1
determinist,1
blend,1
allowed,1
characterized,1
creolization,1
reformers,1
acquiescence,1
responses,1
causally,1
curve,1
farms,1
variance,1
stages,1
entitled,1
foucauldian,1
tangible,1
joined,1
managerial,1
adequately,1
legitimating,1
never,1
creole,1
valued,1
cup,1
probe,1
sentiment,1
realist,1
coercive,1
article,1
disclosed,1
qualities,1
imaginative,1
lesbian,1
nicely,1
nonpatriarchal,1
newspapers,1
industrially,1
spreads,1
viewpoint,1
awakening,1
mare,1
malleability,1
overcome,1
mainly,1
washboards,1
thoughtfully,1
foramtion,1
attendant,1
lowcountry,1
éd,1
cognition,1
priests,1
reordered,1
artisans,1
spatiality,1
ethnohistory,1
analyze,1
story,1
embeds,1
pergamon,1
locales,1
pipe,1
dividing,1
interpenetrate,1
slipping,1
assesses,1
contending,1
slowdown,1
forefront,1
y,1
baywood,1
joint,1
ron,1
woodsplint,1
basically,1
arbor,1
universality,1
theorize,1
opposite,1
immigration,1
practicing,1
specialties,1
competed,1
etiquette,1
theorizing,1
anatomy,1
dietary,1
reinventing,1
unexpected,1
farm,1
dealing,1
individualism,1
outreach,1
simpler,1
extractive,1
suggestion,1
negotiations,1
escaping,1
penguin,1
beset,1
homes,1
declaration,1
magid,1
iroquois,1
perry,1
road,1
belonged,1
selma,1
coopted,1
shakers,1
george,1
segments,1
broadened,1
attributes,1
apprentices,1
johns,1
flourish,1
foreign,1
hegemonies,1
untied,1
bound,1
claimed,1
unwarranted,1
resistant,1
parent,1
ruhl,1
oppressions,1
fewer,1
manly,1
modernism,1
widespread,1
homemakers,1
substitution,1
success,1
palestinian,1
directions,1
collections,1
yale,1
faces,1
establish,1
destiny,1
multivalent,1
jar,1
philosophy,1
parsons,1
clays,1
contribution,1
interplay,1
lhe,1
arguement,1
legitimacy,1
rapidly,1
storytellers,1
plains,1
frames,1
dynamism,1
testifies,1
file,1
quiet,1
continually,1
yamin,1
existed,1
caste,1
education,1
supporting,1
courage,1
rath,1
instances,1
get,1
aboriginal,1
canada,1
propelling,1
francisco,1
respite,1
paying,1
provocatively,1
resemble,1
rigorous,1
pogroms,1
earliest,1
lobago,1
tribe,1
dickinson,1
ecosystem,1
articulations,1
addressed,1
margolis,1
circumscribed,1
cannon,1
backcountry,1
reciprocal,1
share,1
derry,1
wars,1
deposited,1
sexes,1
flies,1
proceed,1
montblanc,1
resisting,1
manifesting,1
crazie,1
dispersed,1
civilizations,1
ontologies,1
series,1
complexity,1
mentioned,1
australia,1
webster,1
cataloging,1
founded,1
japan,1
extending,1
dishonest,1
demonstrate,1
ever,1
accounts,1
oi,1
democracies,1
extension,1
implied,1
detail,1
indicate,1
precise,1
schaghticoke,1
wideranging,1
proposes,1
reserving,1
manitou,1
syncretic,1
kingdom,1
sherds,1
affirmative,1
starr,1
minerals,1
survivals,1
sold,1
hutching,1
knives,1
cliffs,1
kolb,1
defining,1
dimension,1
ran,1
teas,1
deficiencies,1
dairy,1
tendencies,1
country,1
illuminate,1
paradigm,1
gazette,1
equipage,1
parental,1
proponents,1
perceptive,1
neglected,1
novel,1
expanding,1
schiffer,1
malagasy,1
building,1
sizes,1
goodwin,1
innovations,1
archaeologica,1
fertilizer,1
believe,1
nets,1
best,1
walks,1
discloses,1
externalization,1
half,1
fearless,1
knowledgeable,1
unacknowledged,1
vicious,1
eugenics,1
post,1
insecure,1
alternatively,1
spaniards,1
hispanic,1
kowaleski,1
thoreau,1
enforcing,1
benefit,1
constant,1
reflected,1
ritchie,1
theorized,1
allocated,1
examining,1
elsewhere,1
gi,1
innumerable,1
forks,1
assessment,1
apparel,1
incorporate,1
cautions,1
hose,1
integrates,1
drop,1
augustine,1
malaysia,1
staffordshire,1
scholarly,1
constrain,1
mormon,1
reproduce,1
damping,1
implicit,1
kevin,1
rose,1
terms,1
labrador,1
stability,1
namely,1
twisted,1
ones,1
rebellion,1
degenerate,1
lane,1
pertinent,1
males,1
proven,1
baroque,1
map,1
earthenware,1
rejuvenates,1
shall,1
reveiw,1
noncapitalist,1
abroad,1
inscriptions,1
dream,1
appropriated,1
wanpeton,1
pwiti,1
correlates,1
interlinkage,1
consumptively,1
kingsmill,1
colonists,1
require,1
kaufman,1
cloth,1
embeddedness,1
yield,1
perlman,1
domiciles,1
skillfully,1
belknap,1
generally,1
observations,1
transmutation,1
descendants,1
alcohol,1
emphasis,1
afrojamaican,1
bounds,1
presumptions,1
millions,1
qua,1
mohegan,1
popular,1
vessels,1
reminds,1
conference,1
practical,1
unseen,1
radically,1
abundantly,1
buren,1
incommenserability,1
uniting,1
owner,1
exploitative,1
circumstances,1
probing,1
incorporating,1
paradise,1
recognition,1
logical,1
furniture,1
bray,1
edwards,1
refinement,1
uniform,1
consumerist,1
courses,1
blanchard,1
beer,1
ken,1
propertied,1
williamson,1
apartheid,1
tswana,1
plans,1
disciplines,1
lies,1
cash,1
assumptions,1
situated,1
rigid,1
happens,1
territory,1
oî,1
impulses,1
putnam,1
screen,1
temperance,1
summarizes,1
manufacturing,1
izard,1
ranks,1
phenomenon,1
challenges,1
mention,1
exploit,1
evidenced,1
dispensed,1
definitions,1
postcolonial,1
buttons,1
leap,1
farmingdale,1
legends,1
femme,1
klux,1
nonessentialist,1
determinism,1
ian,1
westfield,1
devoted,1
voluminous,1
breaks,1
stagnant,1
recording,1
lewelhng,1
friendships,1
charlottes,1
philippines,1
generate,1
lands,1
disappear,1
advent,1
charts,1
genders,1
undergoing,1
illinois,1
tarapaya,1
ushered,1
internally,1
piracy,1
submerged,1
hiring,1
manufacturers,1
prolonged,1
actively,1
richard,1
whiten,1
represa,1
define,1
periodizing,1
ghost,1
canadian,1
hispaniola,1
specialists,1
green,1
manufacture,1
product,1
smaller,1
tract,1
disruption,1
landed,1
mobilization,1
celibacy,1
conquered,1
already,1
nonvalue,1
await,1
dena,1
explicate,1
extremely,1
quartz,1
fermented,1
increased,1
ranged,1
roughly,1
showed,1
vanished,1
anonymous,1
charles,1
endeavors,1
tillage,1
pertain,1
substitute,1
assumed,1
root,1
reductionism,1
bonding,1
mccarthy,1
pathways,1
broadening,1
patten,1
deployment,1
straw,1
rejection,1
consisted,1
jeff,1
dickens,1
th,1
sharing,1
jason,1
norman,1
cahokian,1
gourd,1
valley,1
northwestern,1
utah,1
develop,1
corn,1
baram,1
images,1
racially,1
strong,1
champion,1
worshipping,1
mechanization,1
avoid,1
oí,1
doing,1
nonmarket,1
ca,1
societalwide,1
burghardts,1
predicated,1
occur,1
pearson,1
row,1
illuminated,1
deeper,1
looking,1
gold,1
god,1
faction,1
jackie,1
thorough,1
