WORDCOUNTS,WEIGHT
the,574
in,449
of,405
and,339
a,135
der,109
to,93
that,87
age,86
iron,86
as,79
at,76
europe,73
from,71
on,63
pp,62
s,61
settlement,61
m,57
central,56
late,55
und,54
h,53
b,53
j,52
die,52
is,46
with,46
for,45
c,44
sites,43
period,42
la,42
ritual,41
von,41
were,40
bronze,40
settlements,39
early,38
r,34
such,31
eds,31
o,30
activity,30
an,30
stuttgart,29
new,29
during,28
f,28
are,28
this,27
ed,27
many,27
roman,26
by,26
objects,26
have,26
social,25
been,25
d,25
other,24
aus,24
l,24
research,24
tene,24
was,23
prehistoric,23
das,23
konrad,23
theiss,23
economy,23
archäologie,22
archaeological,22
evidence,22
zur,21
archäologisches,21
hallstatt,21
models,21
e,20
i,20
g,20
w,20
p,20
recent,20
they,19
bohemia,19
k,19
most,19
manching,19
oppida,19
wells,19
pottery,19
korrespondenzblatt,19
herrmann,19
production,18
some,18
communities,18
or,18
des,18
be,18
study,17
has,17
germania,17
am,17
about,17
studies,16
zu,16
im,16
small,16
keltische,16
more,16
urnfield,16
century,15
n,15
centers,15
economic,15
v,15
celtic,15
both,15
large,14
than,14
oxford,14
gebhard,14
important,14
et,14
southern,14
graves,14
changing,14
archäologische,14
germany,13
u,13
vol,13
ausgrabungen,13
similar,13
part,13
oppidum,13
but,13
also,13
region,13
which,13
not,13
waldhauser,13
archeologické,13
final,12
it,12
bei,12
site,12
tène,12
reports,12
end,12
patterns,12
cult,12
transition,12
ein,12
mainz,12
much,12
deutschen,11
bavaria,11
their,11
republik,11
demokratischen,11
zabern,11
trade,11
philipp,11
northern,11
goods,11
between,11
t,10
british,10
international,10
bouzek,10
untersuchungen,10
archaeology,10
show,10
had,10
found,10
den,10
these,10
men,10
where,10
often,10
series,10
suggests,10
coins,10
major,10
böhmen,9
groups,9
into,9
those,9
within,9
eisenzeit,9
excavations,9
metal,9
change,9
dem,9
müller,9
materials,9
identified,9
památky,9
germanen,9
earlier,9
thomas,9
especially,9
can,9
vessels,9
smaller,9
occur,9
fortified,8
complex,8
women,8
sources,8
throughout,8
recovered,8
cultural,8
near,8
well,8
example,8
dog,8
several,8
he,8
culture,8
al,8
two,8
less,8
peoples,8
middle,8
through,8
role,8
archaeologica,8
north,8
gold,8
siedlung,7
date,7
steiner,7
závist,7
represented,7
burials,7
changes,7
franz,7
burial,7
its,7
keltischen,7
status,7
eine,7
kultur,7
finds,7
jockenhövel,7
same,7
shows,7
time,7
made,7
horst,7
three,7
played,7
abundant,7
jahrtausend,7
systems,7
usually,7
indicate,7
frey,7
makiewicz,7
cizmár,7
beginning,7
distribution,7
locations,7
planck,7
glass,7
common,6
berlin,6
one,6
zwischen,6
first,6
long,6
salac,6
rich,6
political,6
development,6
de,6
fischer,6
fig,6
beginn,6
york,6
no,6
württemberg,6
special,6
vorgeschichte,6
conquest,6
character,6
societies,6
sword,6
explain,6
apparent,6
structures,6
lausitzer,6
regions,6
enclosures,6
suggest,6
around,6
pare,6
periods,6
second,6
thought,6
chronology,6
bemerkungen,6
only,6
elbe,6
considerable,6
pattern,6
years,6
understanding,6
deposits,6
including,6
times,6
antiquity,6
structure,6
european,6
see,6
types,6
over,6
different,6
half,6
krüger,6
investigation,6
terms,6
northwestern,6
manufacturing,6
include,6
area,6
enclosure,6
remains,6
roles,6
substantial,6
bericht,5
represent,5
offerings,5
stone,5
western,5
military,5
all,5
zeit,5
hoards,5
religion,5
investigations,5
case,5
eastern,5
viereckschanzen,5
peschel,5
phase,5
handel,5
stradonice,5
swords,5
van,5
wagons,5
geselowitz,5
organization,5
dannheimer,5
circulation,5
hessen,5
bayern,5
quernstones,5
neue,5
unfortified,5
weapons,5
activities,5
interactions,5
graphite,5
germans,5
larger,5
kreis,5
material,5
grave,5
local,5
situated,5
discovery,5
use,5
seyer,5
attention,5
maier,5
life,5
map,5
yield,5
contain,5
became,5
world,5
hilltop,5
our,5
frühgeschichte,5
drda,5
zum,5
need,5
increased,5
km,5
forschungen,4
conducted,4
mit,4
lovosice,4
practices,4
academiae,4
lower,4
being,4
based,4
hungaricae,4
tiefenau,4
principal,4
celts,4
quantities,4
roymans,4
information,4
cemeteries,4
since,4
prague,4
abels,4
acta,4
ergebnisse,4
rybová,4
perspective,4
find,4
austriaca,4
may,4
developed,4
support,4
means,4
university,4
upper,4
hoard,4
plenum,4
lusatian,4
chronologie,4
amsterdam,4
zone,4
kommission,4
occupation,4
jahr,4
recently,4
population,4
work,4
even,4
used,4
place,4
archaeologists,4
il,4
hungary,4
mähren,4
working,4
mediterranean,4
involved,4
kellner,4
results,4
vorgeschichtsblätter,4
voi,4
motyková,4
outfitted,4
indicates,4
single,4
restricted,4
rectangular,4
um,4
bopfingen,4
ceramic,4
coinage,4
areas,4
moscati,4
model,4
ironworking,4
engaged,4
dating,4
open,4
radovesice,4
rozhledy,4
features,4
ornaments,4
biel,4
horse,4
occupied,4
we,4
greek,4
carried,4
vorrömischen,4
widespread,4
buchsenschutz,4
unserer,4
centuries,4
steuer,4
known,4
oppidums,4
fügöd,4
bayerische,4
current,4
spatial,4
kelten,4
urnenfelderkulturen,4
press,4
formation,4
bronzezeit,4
vessel,4
zeitrechnung,4
ä,3
now,3
if,3
kimmig,3
resulted,3
considerably,3
identifies,3
funde,3
méditerranée,3
kr,3
du,3
contexts,3
thuringia,3
keltischer,3
bodendenkmalpflege,3
active,3
zeitschrift,3
archaeologically,3
wooden,3
suggesting,3
great,3
analyses,3
reveal,3
context,3
along,3
lorentzen,3
implements,3
hessens,3
interest,3
relations,3
saxony,3
ehrenbürg,3
ai,3
cases,3
third,3
für,3
y,3
traditions,3
his,3
remain,3
landscape,3
rescue,3
proportion,3
after,3
europa,3
parts,3
wagon,3
bogs,3
les,3
proposed,3
traces,3
scientiarum,3
four,3
hrazany,3
appear,3
raw,3
arrival,3
appearance,3
called,3
kossack,3
typical,3
out,3
further,3
understood,3
though,3
spiegel,3
tools,3
salzburg,3
symbols,3
data,3
megaw,3
celtique,3
start,3
purpose,3
latènezeitlichen,3
climatic,3
schubert,3
reflect,3
systematic,3
vorund,3
mitteleuropa,3
published,3
commerce,3
sense,3
below,3
stare,3
szabó,3
fröhlich,3
villages,3
widely,3
yielded,3
when,3
germanischen,3
notes,3
will,3
republic,3
situation,3
viereckschanze,3
bis,3
jewelry,3
object,3
urund,3
yet,3
interpretation,3
continuity,3
celtes,3
ancient,3
rieckhoff,3
increasingly,3
krause,3
provide,3
grindstones,3
similarly,3
water,3
main,3
verkehr,3
bauchhenss,3
observes,3
everyday,3
paris,3
developing,3
über,3
einer,3
reflected,3
raftery,3
investigators,3
examples,3
assemblages,3
gediga,3
elite,3
significant,3
largely,3
einem,3
numerous,3
bez,3
dl,3
clear,3
so,3
high,3
exchange,3
probably,3
gedl,3
processed,3
hallstattund,3
volumes,3
settled,3
princes,3
tribe,3
austria,3
anthropological,3
then,3
believed,3
extensive,3
rizzoli,3
equipment,3
kruta,3
specialized,3
miron,3
heuneburg,3
geschichte,3
respect,3
growing,3
stöffling,3
circles,3
particular,3
agricultural,3
while,3
categories,3
finished,3
must,3
reported,3
jüngeren,3
besiedlung,3
shown,3
argues,3
schweiz,3
lands,3
conditions,3
hradisko,3
land,3
range,3
enclosed,3
euregio,3
weber,3
among,3
wieland,3
broader,3
manchmg,3
manufactured,3
does,2
oberstreu,2
vor,2
überlegungen,2
imported,2
market,2
küster,2
wissenschaften,2
rhine,2
mittelund,2
group,2
center,2
kinds,2
rethink,2
hachmann,2
universiteit,2
neues,2
position,2
excavation,2
senke,2
regensburg,2
before,2
rosenstock,2
moravia,2
offering,2
audouze,2
jansová,2
vandenhoeck,2
switzerland,2
mitteleuropas,2
loom,2
explores,2
alz,2
latènezeit,2
schierer,2
thank,2
kuna,2
rhineland,2
uncovered,2
survey,2
review,2
there,2
greatly,2
erforschung,2
grasselt,2
gibson,2
system,2
laténského,2
heege,2
hallstattzeit,2
verlag,2
nad,2
east,2
key,2
velemszentvid,2
bones,2
lkr,2
waffen,2
possible,2
bohemian,2
functions,2
west,2
resources,2
golling,2
beneath,2
todd,2
keramik,2
während,2
historical,2
keiling,2
southwestern,2
danube,2
characteristic,2
relatively,2
te,2
occurs,2
jahrbuch,2
extensively,2
z,2
interprets,2
willems,2
items,2
latenezeitliche,2
syracuse,2
dates,2
compare,2
bronzeund,2
blue,2
bittel,2
siebenlinden,2
apparently,2
landkreis,2
walls,2
phases,2
eines,2
german,2
bog,2
tarodunum,2
lt,2
operations,2
links,2
principally,2
zürn,2
basic,2
cremation,2
befestigung,2
connected,2
whether,2
importance,2
leave,2
ongoing,2
eggert,2
produced,2
otte,2
summarized,2
michalek,2
river,2
emergence,2
troops,2
elsewhere,2
numbers,2
record,2
dürrnberg,2
additional,2
origins,2
schwarz,2
beyond,2
comprising,2
pannonia,2
dominant,2
calgary,2
suggested,2
decades,2
nsf,2
ersten,2
result,2
closely,2
concentration,2
gesellschaft,2
transmission,2
fitzpatrick,2
fireplaces,2
hochdorf,2
farmsteads,2
changed,2
kytlicová,2
lebens,2
density,2
akademie,2
moosleitner,2
focused,2
circular,2
czechoslovakia,2
reviews,2
fundgruppen,2
française,2
persons,2
pins,2
absolute,2
vehicles,2
wide,2
hahn,2
silver,2
distinguishes,2
hässler,2
basis,2
sozialen,2
literature,2
imports,2
comprises,2
weitere,2
indigenous,2
patterning,2
uniwersytetu,2
laténské,2
urnenfelderkultur,2
horn,2
hearth,2
köhler,2
densely,2
tschechoslowakischen,2
beads,2
mitteldeutsche,2
proliferation,2
peto,2
lippert,2
regional,2
ament,2
polity,2
sperber,2
stämme,2
good,2
excavated,2
harke,2
reichenberger,2
drier,2
reinecke,2
bischofshofen,2
göttingen,2
barbaricum,2
habitation,2
few,2
grabungen,2
rind,2
applies,2
ot,2
them,2
value,2
society,2
subsequently,2
institut,2
pertaining,2
led,2
poland,2
nováki,2
zeitler,2
südwestdeutschland,2
oberfranken,2
oberrhein,2
expansion,2
horses,2
alba,2
daubigney,2
osnabrück,2
frühgeschichtlichen,2
studien,2
bogucki,2
csfr,2
springs,2
gassmann,2
badenwürttemberg,2
under,2
koch,2
pf,2
ruprecht,2
paetzold,2
walled,2
denkmalpflege,2
boritov,2
kulturen,2
others,2
praehistorische,2
smith,2
nordeuropa,2
head,2
minnesota,2
buch,2
appeared,2
hallein,2
marzahn,2
daily,2
diverse,2
becker,2
focuses,2
weichering,2
fragments,2
outside,2
do,2
cnrs,2
gräber,2
kylix,2
confrontation,2
nördlichen,2
perhaps,2
rösch,2
analyzed,2
investigated,2
pohlody,2
auswertung,2
kruger,2
crafts,2
pleiner,2
endert,2
rivers,2
geburt,2
kultplätze,2
questions,2
nikolausberg,2
auf,2
fer,2
deggendorf,2
ö,2
spätbronzezeitlichen,2
theoretical,2
significance,2
landscapes,2
authors,2
bonn,2
peter,2
interpret,2
co,2
coblenz,2
okr,2
belongs,2
filled,2
procurement,2
csav,2
niedersachsen,2
craft,2
become,2
narrow,2
amber,2
warszawskiego,2
niedererlbach,2
cliffs,2
fonctionnement,2
basta,2
frühen,2
continued,2
chomutov,2
ideology,2
hill,2
regia,2
quarrying,2
dehn,2
kelheim,2
analysis,2
markgräfler,2
barbarians,2
earliest,2
goldberg,2
contained,2
any,2
associated,2
struktur,2
practice,2
kohnke,2
prehistory,2
ludwigsburg,2
älteren,2
complexity,2
version,2
parzinger,2
circumstances,2
beitrag,2
physical,2
latènezeitlicher,2
urnenfelderzeit,2
altenburg,2
removed,2
petres,2
each,2
anthropology,2
cm,2
cemetery,2
verbreitung,2
connection,2
seem,2
zeugnisse,2
kult,2
venclová,2
wall,2
lakeshore,2
sievers,2
number,2
aubstadt,2
past,2
just,2
places,2
animal,2
according,2
südlichen,2
vorläufer,2
what,2
dabrowski,2
theory,2
niederösterreich,2
kemenczei,2
kirchzarten,2
overbeck,2
migrations,2
simon,2
wydawnictwa,2
urban,2
beziehungen,2
irlinger,2
spurensicherung,2
schwellnus,2
späten,2
reim,2
urbanek,2
osídlení,2
subject,2
ldkr,2
schlüter,2
trappings,2
images,2
isolated,2
budapest,2
engelhardt,2
question,2
commercial,2
differentiation,2
coated,2
hart,2
warsaw,2
documentation,2
course,2
latenezeitlicher,2
although,2
dense,2
manufacture,2
regular,2
latènezeitliche,2
quartz,2
sklenar,2
christi,2
specific,2
potential,2
bern,2
maute,2
geilenbrügge,2
traditional,2
marburger,2
richly,2
scandinavian,1
problem,1
zeugnis,1
dangeror,1
siedlungsbebauung,1
difficult,1
bedeutung,1
lochner,1
amulets,1
biskupin,1
letzten,1
halbhöhle,1
siedlungswesen,1
oriented,1
mitteilungen,1
edge,1
polish,1
inaciueoen,1
distribuée,1
grobschmiedes,1
chabarovicích,1
concerned,1
medieval,1
later,1
religions,1
meaning,1
strategy,1
names,1
waldshut,1
karlstadt,1
till,1
broadest,1
bemerkenswerte,1
reevaluate,1
peaceful,1
fouilles,1
opferbräuche,1
introductions,1
cech,1
goldsmith,1
uplands,1
fences,1
licht,1
mystification,1
kelheimer,1
alone,1
enclosing,1
introduction,1
gem,1
booty,1
distributed,1
necessitates,1
hohenasperg,1
bronzebeschlägen,1
gellérthegy,1
becoming,1
frûhlatènezeit,1
boca,1
bebauungsplan,1
kunétická,1
screening,1
currently,1
guillaumet,1
identify,1
arrowheads,1
breclav,1
handles,1
forschungsbericht,1
sets,1
strictly,1
grundlagen,1
graphitlagerstätten,1
jahrzehnten,1
massenfund,1
former,1
trace,1
mittleren,1
policy,1
protection,1
helvetii,1
gräberfelder,1
committee,1
lakeshores,1
history,1
tübingen,1
occurred,1
praehistonsche,1
prittwitz,1
total,1
blansko,1
haffher,1
exceptions,1
ideologie,1
spätlatenezeitlicher,1
revision,1
source,1
frühe,1
forgeschrittenen,1
themes,1
northward,1
experience,1
jutland,1
grubenöfen,1
accumulation,1
goldenem,1
defeated,1
hellenistischer,1
frûhlatènezeitlichen,1
cornaux,1
vergleichende,1
wrong,1
hence,1
every,1
knvimgerund,1
nordens,1
selin,1
befestigte,1
deren,1
urgeschichte,1
biei,1
tochówkow,1
neolithic,1
researched,1
mainzer,1
fund,1
processes,1
taken,1
tumulus,1
zarten,1
sonthofen,1
aristocratie,1
pferdegeschirrfund,1
fundmünzen,1
fragmentary,1
stnikture,1
ausbeutung,1
nature,1
experiments,1
kemenzcei,1
words,1
tion,1
damaged,1
tnbal,1
reach,1
principles,1
marburg,1
tradition,1
textiles,1
secondary,1
uppidum,1
warm,1
together,1
display,1
watchdog,1
origin,1
fürsten,1
spätkeltischen,1
studied,1
horath,1
wyss,1
hachette,1
sometime,1
scheme,1
ol,1
theuws,1
sievcrs,1
take,1
neoutmscher,1
subsequent,1
febu,1
help,1
heiligtum,1
psów,1
garvie,1
patterned,1
sidlistë,1
last,1
jerem,1
written,1
murray,1
blackwell,1
sacred,1
situ,1
plötzin,1
signs,1
spätkeltischer,1
sheet,1
threshold,1
frauengrab,1
rethinking,1
papers,1
kizyckiej,1
seminar,1
similarities,1
nomadic,1
side,1
wetter,1
invasions,1
halstatského,1
tó,1
ltd,1
plain,1
graberfeld,1
meiningen,1
bird,1
task,1
anthropologischen,1
ambush,1
podkrusnohorí,1
agriculture,1
hall,1
totenbrauchtum,1
march,1
disseminated,1
fruheisenzeithche,1
frühhallstattzeithches,1
account,1
lends,1
opened,1
diskshaped,1
crc,1
goldschmiedekunst,1
outlying,1
betrachtungen,1
fl,1
seeufersiedlungen,1
beschlag,1
bibliography,1
insight,1
weihegabe,1
vital,1
jahrtausends,1
ovens,1
skythischer,1
gewinnung,1
schlackenabstich,1
point,1
x,1
uses,1
paving,1
rybova,1
diffused,1
quantity,1
cited,1
pardubice,1
gegossenes,1
hascherkeller,1
above,1
representing,1
ramsau,1
bestattungswesen,1
economies,1
sorund,1
fragment,1
ross,1
prune,1
znaczenie,1
analyse,1
collection,1
behavior,1
seme,1
hudson,1
framework,1
expertise,1
jüchsen,1
pingen,1
thus,1
centralized,1
berichte,1
collapse,1
schultze,1
scabbards,1
spectrum,1
representations,1
inner,1
illustrates,1
stierplastik,1
attesting,1
stakes,1
integral,1
terraces,1
kuhury,1
randgruppen,1
rottenburg,1
koutecky,1
viewing,1
ow,1
vehacik,1
raises,1
südimports,1
application,1
wroclaw,1
témenos,1
convention,1
struktura,1
webstuhlbefund,1
tmsqu,1
sample,1
treasure,1
regionu,1
oparno,1
comprised,1
späthallstatt,1
estimates,1
oracles,1
cumberpatch,1
clay,1
elements,1
developments,1
tends,1
immigrants,1
underlying,1
strachotín,1
serensés,1
canal,1
eisenverhüttungsanlage,1
vom,1
concerning,1
zürichwollishofen,1
etruscan,1
highest,1
serwert,1
houses,1
rotfígurigen,1
served,1
attests,1
namen,1
compared,1
bone,1
kinship,1
fourth,1
publications,1
whorls,1
schiek,1
drawn,1
ny,1
journal,1
spätkeltische,1
polz,1
gewerbesiedlung,1
looms,1
gurina,1
ë,1
guard,1
general,1
catalogues,1
späthaüstattund,1
sigmaringen,1
südwestslowakei,1
wiesbaden,1
ze,1
aim,1
mechanisms,1
düwel,1
simultaneously,1
ohne,1
recognized,1
leidort,1
outbuildings,1
whose,1
reflects,1
keltenwirtschaft,1
heads,1
taoert,1
identification,1
rather,1
growth,1
portrayed,1
fundberichte,1
reinheim,1
gstrein,1
arising,1
ethnogenese,1
letky,1
na,1
sizable,1
explicit,1
westphalia,1
radius,1
centralization,1
process,1
subsistence,1
römersberg,1
environments,1
jeselowitz,1
edelmetallschalen,1
determining,1
stufe,1
certain,1
fittings,1
ceramics,1
spatkeltischen,1
romischer,1
tree,1
mittellatènezeitlichen,1
wasserburg,1
distant,1
lay,1
eme,1
discoveries,1
scattered,1
chronologischen,1
addressing,1
spätbronzezeitliche,1
keltské,1
keltü,1
understand,1
gerlach,1
category,1
arminius,1
urossromsteater,1
bad,1
attisch,1
hallstattkultur,1
cause,1
dnnaky,1
skeleton,1
kulturhistorischen,1
früheisenzeit,1
intensive,1
bellenberg,1
dated,1
expectancy,1
clearly,1
botanische,1
driven,1
latène,1
squares,1
house,1
kyrmdssion,1
reviewed,1
accumulating,1
crops,1
commonly,1
democratic,1
vorgeschichtliches,1
wire,1
surface,1
urnenielderkultur,1
wydawnictwo,1
defines,1
notions,1
comparisons,1
bökonyi,1
gemeinde,1
painted,1
jszinhn,1
stránce,1
ackerbau,1
neustupny,1
portrays,1
je,1
required,1
dug,1
eisenverhüttung,1
polskiej,1
view,1
myths,1
éwietle,1
methodology,1
imperialism,1
steffgen,1
centra,1
greater,1
entwicklung,1
arrived,1
salvage,1
firühgeschichtlichen,1
pastoral,1
glasscherbe,1
gemeinsamkeiten,1
allow,1
declined,1
public,1
stammesgebiete,1
krämer,1
slowakei,1
überganges,1
omèrice,1
erzgebirggebietes,1
rudolf,1
vorbilder,1
erzgebirgsvorland,1
agendas,1
arched,1
identied,1
krempenfaleren,1
emerge,1
manchtng,1
nachahmung,1
nordischer,1
thames,1
base,1
späteisenzeithchen,1
representative,1
term,1
uibson,1
kultbaumchen,1
porphyry,1
gaul,1
dannheuner,1
spatiatenezeit,1
spichtig,1
frauen,1
furthermore,1
donaugebietes,1
oder,1
buried,1
caves,1
war,1
westböhmen,1
sammelfunde,1
appears,1
viewed,1
vlcková,1
alpenpasse,1
prähistorischen,1
wealth,1
placed,1
cechách,1
mayen,1
metals,1
ford,1
denkmäler,1
pawhkowski,1
dwelling,1
austausch,1
microregional,1
éd,1
longetass,1
method,1
gods,1
corners,1
crawford,1
strachotína,1
coin,1
sparse,1
criteria,1
receive,1
because,1
warriors,1
aspects,1
usti,1
thorbecke,1
jungereisenzeithche,1
having,1
siedlungen,1
glasschmuck,1
sudwestdeutschland,1
interface,1
future,1
marsh,1
religioznawczych,1
egalitarian,1
romans,1
sog,1
rotary,1
jockenhovel,1
provinzialrömischen,1
received,1
pliny,1
uannneimer,1
ringand,1
writers,1
forchheim,1
anfänge,1
repetition,1
bíeclav,1
significantly,1
brought,1
differ,1
tuchomysl,1
discusses,1
zeüschrift,1
calls,1
zwei,1
symbolism,1
coalmining,1
marketplace,1
gender,1
spätlatenezeitliche,1
tomerdingen,1
migrated,1
intentionally,1
quellheiligtum,1
loss,1
whole,1
year,1
overview,1
realm,1
sk,1
aj,1
refined,1
spätlateneziet,1
issues,1
partly,1
accidental,1
jjie,1
westund,1
werkzeugdepot,1
ü,1
neugebauer,1
berücksichtigung,1
timpe,1
nálezu,1
rituals,1
transported,1
documented,1
campagne,1
forces,1
personal,1
produktionsund,1
funktionanalyse,1
surrounding,1
voda,1
stembuhr,1
employed,1
sakralne,1
zotz,1
showing,1
loitzerdorf,1
voigt,1
interpreted,1
own,1
my,1
trends,1
teutoni,1
following,1
hidden,1
sídlusté,1
bujna,1
approach,1
either,1
tonschnabelkanne,1
rekonstruktionsversuch,1
foci,1
sudgrenze,1
gag,1
probleme,1
exemplary,1
hut,1
siedlungsreste,1
least,1
interregional,1
legions,1
becken,1
thirteenth,1
cizmáf,1
strachotin,1
lowest,1
buildings,1
anßnge,1
trading,1
biediungsvernalten,1
order,1
le,1
siedlungsund,1
sydow,1
emphasizes,1
kempten,1
ological,1
emerging,1
event,1
amidst,1
labem,1
mittelgebirgsraum,1
leaves,1
characteristics,1
mediterrane,1
driving,1
migration,1
südliche,1
highly,1
migrating,1
components,1
jahresschrift,1
presence,1
portions,1
beiträge,1
sculptures,1
kankowo,1
hallstattzeitlichen,1
core,1
nordostbayern,1
fully,1
up,1
majority,1
disagreement,1
nachrichten,1
cereals,1
using,1
vix,1
franconia,1
away,1
appropriate,1
steppes,1
stöckli,1
preliminary,1
tacitus,1
fortsetzung,1
inform,1
urbanisierungsprozesse,1
actions,1
questioning,1
hora,1
oesterwmd,1
tsronzepmde,1
szabo,1
zwanych,1
jh,1
msecke,1
cite,1
chronological,1
south,1
statistischen,1
hradiste,1
portion,1
battle,1
critical,1
bemalter,1
bedrock,1
mecklenburg,1
statuses,1
ana,1
approximate,1
arrangement,1
ceremonial,1
implications,1
neuwieder,1
gräberfeld,1
variety,1
diskussion,1
architecture,1
bauliche,1
bringing,1
oddziafywan,1
meduna,1
populations,1
osterreich,1
action,1
seventh,1
gradual,1
positions,1
labeled,1
haffner,1
techniques,1
play,1
juchsen,1
plans,1
corporation,1
notoriously,1
sdnnruein,1
brief,1
munifunde,1
vyvoj,1
kolloquium,1
gift,1
community,1
slag,1
reconstruction,1
bastová,1
make,1
garden,1
expanded,1
nortnwest,1
comments,1
wheels,1
unprecedented,1
rohstoffgewinnung,1
outer,1
raton,1
kleinaspergle,1
niederrhein,1
raum,1
abrupt,1
ware,1
religious,1
structural,1
späthallstattund,1
ambs,1
prispëvky,1
vyrobního,1
fcurope,1
contributing,1
chr,1
akademieverlag,1
urntield,1
campagnes,1
reference,1
archeolozické,1
romische,1
examined,1
represents,1
sachkultur,1
acknowledgments,1
serve,1
zentralmuseums,1
arbeitsund,1
predhradí,1
ring,1
technology,1
anliegende,1
challenged,1
us,1
antler,1
temperate,1
annihilated,1
demographic,1
schild,1
schildbuckel,1
tn,1
zelezársrví,1
included,1
mansel,1
modestly,1
raise,1
light,1
complete,1
popelnicovych,1
sharply,1
fremdfunde,1
einige,1
joins,1
ornamental,1
largest,1
already,1
department,1
problemy,1
luzické,1
handling,1
she,1
otalaúka,1
stones,1
picture,1
investigating,1
metrologische,1
ipf,1
fill,1
schwaben,1
herkunft,1
kaiserzeit,1
starting,1
frühgermanischen,1
leader,1
sogenannten,1
mineralogical,1
book,1
leitformen,1
inundated,1
fundplatz,1
südbohmen,1
request,1
ojd,1
accompanies,1
christ,1
herzen,1
ask,1
slavery,1
towns,1
angeschichts,1
motifs,1
opferplätze,1
eisenverarbeitung,1
addition,1
metallverarbeitung,1
bracelets,1
rtuxd,1
kulturze,1
erkenntnisse,1
votive,1
remarks,1
pojudniowych,1
occurrence,1
clarendon,1
stöllner,1
striking,1
mlyny,1
importation,1
strabo,1
beliefs,1
mountainous,1
nne,1
höhensiedlung,1
vendra,1
gaffon,1
gräberanalyse,1
àc,1
füstensitze,1
austrìaca,1
break,1
habitat,1
leidorf,1
substantially,1
distributions,1
succeeding,1
discussed,1
bouloumié,1
steinmetzerei,1
germanic,1
spätlatenezeit,1
forms,1
ages,1
readers,1
took,1
nauk,1
hand,1
precinct,1
present,1
ground,1
siedlungsformen,1
hammaburg,1
increases,1
riesentumuli,1
jastorfkultur,1
keys,1
srodkowoeuropejskiego,1
bockius,1
spatbronzeund,1
armed,1
unterfranken,1
symposion,1
unclear,1
urnfields,1
saale,1
jud,1
theoretische,1
answer,1
siedlungsprobleme,1
siems,1
jahrhundert,1
industriegebiet,1
jtrtbach,1
minneapolis,1
mittelgebirge,1
niederbayern,1
bügeln,1
native,1
conquer,1
somogyi,1
lyvz,1
ltc,1
poli,1
thoroughly,1
barrett,1
degree,1
remained,1
allgäu,1
querns,1
interpreting,1
another,1
pnttwitz,1
zehrovice,1
spätlatenezeitlichen,1
meetings,1
amulett,1
classes,1
behaviors,1
siedlungsgrabung,1
fruhlatenezeit,1
schneidjoch,1
dubnik,1
background,1
comprise,1
upon,1
hundred,1
grabenwerk,1
längenmass,1
boheme,1
liga,1
ernovù,1
erlbach,1
dobrá,1
previously,1
bayerns,1
sixth,1
mosel,1
increase,1
contacts,1
warrior,1
skeletal,1
europeans,1
gaffron,1
food,1
lccdon,1
pozdnë,1
ungewöhnliches,1
graphittonkeramik,1
grossromstedt,1
products,1
teoretyczne,1
resulting,1
attic,1
karst,1
rare,1
recovery,1
peskar,1
trachtschmuck,1
pagan,1
gefässappliken,1
joachim,1
tkonstrukt,1
relegated,1
verarbeitung,1
prophyry,1
cimbri,1
städtischen,1
wikingerzeit,1
sochanging,1
accoutrements,1
okrouhlé,1
fibulae,1
urbanizacyjne,1
laténskému,1
neuwied,1
stämmen,1
tempelbezirk,1
scandinavia,1
publication,1
nortenhardenberg,1
points,1
spearheads,1
maintenance,1
poznání,1
osttor,1
ciety,1
defense,1
vegetationsgeschichtliche,1
flam,1
brandenberg,1
badán,1
started,1
characterized,1
mitterfeld,1
buchau,1
helpful,1
would,1
geographically,1
burgen,1
benutzung,1
function,1
optimum,1
plant,1
fibula,1
waldhhiser,1
mines,1
dry,1
ended,1
administrative,1
unsettled,1
kramer,1
probable,1
novych,1
wajdfcmser,1
gliederung,1
standard,1
schlüssel,1
provides,1
lusacien,1
latter,1
why,1
jaulerling,1
facing,1
behind,1
szakály,1
caesar,1
article,1
aufsätze,1
burgwall,1
caldrons,1
methods,1
sobiejuchy,1
hungarian,1
relation,1
schweizerische,1
engehalbinsel,1
contact,1
examine,1
posnaniensia,1
influences,1
hi,1
availability,1
possendorf,1
burnett,1
priests,1
oak,1
minting,1
possendorfjahresschrift,1
socialni,1
slightly,1
dominance,1
socially,1
italy,1
przeglad,1
ascribe,1
südbayern,1
dannheiraer,1
save,1
lyw,1
connections,1
engagement,1
waffenbeigaben,1
oebhara,1
bewertung,1
immigration,1
inhumation,1
microregions,1
penultimate,1
weimar,1
examines,1
jankuhn,1
schnurbein,1
varusschlacht,1
siedlungsobjekten,1
separate,1
rarity,1
suebi,1
harty,1
aer,1
eisenerzverhüttung,1
hoxter,1
waterbird,1
soziale,1
distributionssysteme,1
relationship,1
sacral,1
bronzebecken,1
circle,1
hefte,1
abundance,1
kultfund,1
bevölkerungen,1
latènezeitliches,1
today,1
publishing,1
note,1
wischenbarth,1
richest,1
distributionszentrum,1
distribuendo,1
reviewer,1
pans,1
involving,1
inhabitants,1
mixture,1
science,1
movements,1
foil,1
foreign,1
gewichtgeldwirtschaften,1
groves,1
smiths,1
spindle,1
lovosicích,1
begin,1
archäologischen,1
ascribing,1
inside,1
terenie,1
noncentralized,1
fewer,1
recognizes,1
oberdorla,1
male,1
sozialorganisation,1
otalazka,1
directions,1
collections,1
deposit,1
kanalarchaologie,1
returned,1
basel,1
kunst,1
gestalt,1
schichtung,1
traunstein,1
transformation,1
length,1
observation,1
figurine,1
linking,1
einwirkungen,1
class,1
chabarovice,1
construction,1
hodmoos,1
palisade,1
existed,1
spätbronzezeit,1
krata,1
cr,1
svétle,1
ascribes,1
extremely,1
instances,1
csermenyi,1
itself,1
articles,1
unusual,1
wanderung,1
mounds,1
aryballos,1
karaten,1
regularly,1
ie,1
erzgebirge,1
wheeled,1
schmid,1
westrand,1
cheruchanging,1
rise,1
differentiated,1
tibeln,1
share,1
uenze,1
deposited,1
rarely,1
thinking,1
deutung,1
comes,1
conclusion,1
tirol,1
mentioned,1
intensification,1
õizmáí,1
hohmichele,1
phonolith,1
innerhalb,1
ve,1
complexes,1
locally,1
dresdencoschütz,1
simply,1
constituted,1
wilzenberg,1
rhein,1
zentralmuseum,1
southward,1
temple,1
offers,1
here,1
tak,1
set,1
gstrem,1
folia,1
shamans,1
know,1
heiligtümer,1
drehmühlen,1
gellértberg,1
principle,1
readily,1
paper,1
cultures,1
tomb,1
expanding,1
bronzezeitücher,1
extraction,1
sfr,1
interested,1
multiperiod,1
did,1
best,1
bronzene,1
agglomeration,1
argue,1
nuber,1
wagner,1
report,1
post,1
cardinal,1
foundation,1
particularly,1
typs,1
rotacní,1
kultgerat,1
unter,1
linked,1
grabeneid,1
gde,1
boii,1
nouvelles,1
very,1
cognitive,1
driberg,1
tal,1
examining,1
scientarum,1
placing,1
psnátky,1
passage,1
davidson,1
advances,1
vbrburg,1
better,1
jahrhundrt,1
boiohaemum,1
ditch,1
sì,1
alpenvorland,1
quellen,1
boundaries,1
íeskych,1
frühlatenezeitlichen,1
diversified,1
kunsthandwerks,1
dispersed,1
imitation,1
redfigure,1
latenekultur,1
mirón,1
sächsischen,1
závisti,1
hradistë,1
íí,1
nördlich,1
õsfr,1
form,1
ones,1
schnabelkanne,1
references,1
supports,1
kamenictví,1
uraouna,1
climatological,1
fragmente,1
landshut,1
her,1
weights,1
prestige,1
vehicle,1
studying,1
spàtkeltischer,1
neuer,1
fighters,1
produce,1
villes,1
textual,1
bonner,1
huge,1
gleirscher,1
symbolgut,1
emphasis,1
opfer,1
mahren,1
port,1
abundantly,1
bodies,1
settlementsbegan,1
ekonomice,1
craftsmanship,1
level,1
wilbertz,1
gatherings,1
preserved,1
determined,1
marked,1
pits,1
podknisnohorského,1
varas,1
given,1
gräberfeldes,1
decisive,1
ìeaiungsrunae,1
introduced,1
macinnes,1
kaufmann,1
rieses,1
content,1
metzler,1
fibelspektrum,1
siedlungsstruktur,1
archaeologia,1
intended,1
õssr,1
bronzes,1
akademii,1
regularities,1
akropolis,1
commodities,1
contribute,1
pferdeplastik,1
copper,1
families,1
phenomenon,1
habelt,1
exceptionally,1
maintained,1
aspect,1
eberplastik,1
weinheim,1
varied,1
jan,1
contrasts,1
northeim,1
come,1
shards,1
devoted,1
archeologii,1
until,1
survival,1
sediments,1
fi,1
herzogenburg,1
disposal,1
average,1
observed,1
deutschland,1
snnaait,1
lyoo,1
nitncou,1
overrated,1
national,1
frühlatenezeií,1
grant,1
hecht,1
archeologiczny,1
stufen,1
helvetier,1
applicable,1
instead,1
efficient,1
integrated,1
cian,1
strakonice,1
constructed,1
sur,1
südwestdeutschlands,1
ûzmar,1
chabafovice,1
france,1
eiserne,1
sflrensen,1
defined,1
spatlatènezeitlichen,1
trierer,1
measured,1
association,1
hellenistische,1
roughly,1
summary,1
thüringen,1
anonymous,1
comparison,1
vi,1
treats,1
supported,1
wien,1
schifferstadt,1
religionswissenschaftlichen,1
assumed,1
valuable,1
withdrew,1
regularity,1
entrepreneurship,1
jahren,1
procesy,1
sigelkapseln,1
edf,1
damp,1
views,1
deposition,1
bilderwelt,1
niedersachsens,1
valley,1
entire,1
little,1
interaction,1
supplementary,1
abandoned,1
focus,1
duration,1
strong,1
technological,1
comparable,1
taylor,1
networks,1
polen,1
livestock,1
zones,1
famous,1
pnspevek,1
arnold,1
limes,1
should,1
building,1
pn,1
aumuhlial,1
späthallstattzeit,1
pillars,1
römer,1
römischen,1
close,1
perception,1
praehistorica,1
continuously,1
ende,1
