WORDCOUNTS,WEIGHT
the,1165
of,898
and,775
in,443
copan,391
a,332
to,236
at,176
that,163
d,163
maya,158
is,144
as,141
by,111
was,107
from,105
honduras,102
s,101
on,99
were,96
with,94
have,94
webster,87
for,86
group,85
university,83
de,82
or,80
pp,79
are,74
classic,73
this,73
archaeology,71
it,67
been,67
valley,67
about,66
but,64
main,63
e,59
an,58
w,57
some,56
r,55
l,53
their,53
population,52
royal,50
fash,50
not,50
j,48
such,48
g,47
its,47
ruler,47
en,46
urban,46
el,45
copán,45
other,44
dates,44
m,44
more,44
there,43
history,42
has,42
b,42
all,39
no,39
p,39
many,39
c,39
be,39
late,38
we,38
research,38
early,38
century,37
ed,37
also,37
new,37
collapse,36
most,36
ancient,36
elite,36
la,36
press,36
political,35
sites,35
people,35
schele,34
these,34
eds,34
settlement,33
i,33
archaeological,33
washington,33
buildings,32
core,32
et,32
obsidian,32
his,31
had,30
cultural,30
between,30
stuart,29
t,29
fréter,29
than,29
structures,29
long,29
inscriptions,29
del,28
monuments,28
quiriguá,27
dc,27
probably,27
large,26
one,26
state,26
after,26
polity,26
so,26
y,26
center,25
central,25
phase,25
dynasty,25
few,25
time,25
which,25
american,24
lowlands,24
might,24
great,24
willey,24
structure,24
although,24
much,24
k,23
centers,23
well,23
hydration,23
al,23
only,23
they,22
even,22
baudez,22
tegucigalpa,22
f,22
he,22
project,22
kings,22
turismo,21
very,21
sanders,21
secretaría,21
residential,21
schortman,21
estado,21
regional,21
coner,21
anthropology,21
our,21
evidence,21
now,20
court,20
region,20
associated,20
despacho,20
major,20
later,19
yax,19
excavations,19
dynastic,19
excavated,19
department,19
ceramic,19
reign,19
groups,18
first,18
acropolis,18
least,18
small,18
several,18
two,18
pennsylvania,18
dissertation,18
ph,18
sharer,18
mesoamerica,17
house,17
zone,17
however,17
pocket,17
gonlin,17
harvard,17
period,17
earlier,17
construction,17
east,17
studies,16
household,16
site,16
plaza,16
n,16
found,16
sculpture,16
architecture,16
excavaciones,16
especially,16
viel,16
known,16
over,16
them,16
building,16
preclassic,15
vol,15
jr,15
parts,15
dumbarton,15
could,15
because,15
oaks,15
see,15
leventhal,15
rulers,15
if,14
modern,14
arqueología,14
relationships,14
ceramics,14
out,14
cambridge,14
introducción,14
social,14
lowland,14
projects,14
do,14
architectural,14
antiquity,14
temple,14
rural,14
recent,14
residences,13
into,13
seems,13
last,13
bacabs,13
fig,13
journal,13
elsewhere,13
buried,13
place,13
tikal,13
during,13
field,13
around,13
pasah,13
museum,13
polities,13
stairway,13
institution,13
according,13
park,12
abrams,12
since,12
southeast,12
possibly,12
important,12
near,12
part,12
gordon,12
above,12
demographic,12
larger,12
present,12
impressive,12
know,12
rue,12
ranks,12
among,12
smoke,11
tradition,11
carnegie,11
those,11
king,11
ball,11
conflict,11
how,11
marcus,11
study,11
organization,11
used,11
implications,11
historia,11
death,11
whittington,11
instituto,11
where,11
assemblages,11
dating,11
occupied,11
río,11
began,11
any,11
las,11
both,11
sheets,11
years,11
texas,11
remains,11
southeastern,11
test,10
mosaics,10
sepulturas,10
possible,10
destroyed,10
communication,10
ma,10
austin,10
scale,10
freidel,10
work,10
hirth,10
longyear,10
below,10
located,10
still,10
chronology,10
guatemala,10
floor,10
largest,10
continued,10
end,10
patterns,10
hieroglyphic,10
would,10
mexico,10
things,10
analysis,10
extensive,10
did,10
elites,10
periphery,10
through,10
built,10
h,9
before,9
military,9
reed,9
copador,9
activity,9
antropología,9
thus,9
apparently,9
hondureno,9
may,9
york,9
latin,9
show,9
war,9
away,9
chronological,9
populations,9
short,9
southern,9
already,9
accession,9
pottery,9
frontier,9
itself,9
series,9
different,9
seem,9
far,9
beginning,9
what,9
form,9
agricultural,9
until,9
km,9
zones,9
western,8
urbana,8
certainly,8
outlying,8
soils,8
stratigraphy,8
reconstruction,8
mesoamerican,8
lineage,8
effective,8
civilization,8
high,8
landscape,8
distant,8
burials,8
prehistoric,8
occupation,8
pitting,8
recently,8
final,8
artifacts,8
los,8
heavily,8
acbi,8
data,8
rituals,8
influence,8
alluvial,8
up,8
world,8
economic,8
thought,8
under,8
culture,8
increasingly,8
forms,8
adjacent,8
v,8
altar,8
postclassic,8
samples,8
sequence,8
low,8
stelae,8
three,8
david,8
general,8
mathews,8
destruction,8
pohl,8
carried,8
note,8
façade,8
área,8
control,8
information,8
middle,8
strong,8
grube,8
storey,8
courts,7
carved,7
archaeologists,7
upland,7
reasons,7
principal,7
report,7
side,7
along,7
times,7
back,7
sedat,7
direct,7
river,7
inomata,7
just,7
powerful,7
distribution,7
called,7
diet,7
founder,7
mainly,7
revealed,7
demarest,7
example,7
whole,7
personal,7
reflect,7
decline,7
hohmann,7
same,7
useful,7
cheek,7
name,7
residence,7
outside,7
less,7
understanding,7
inscription,7
evolution,7
andrews,7
exchange,7
land,7
today,7
who,7
ejar,7
unknown,7
particularly,7
distinctive,7
nearby,7
wingard,7
suggests,7
art,7
despite,7
little,7
peabody,7
estimated,6
imported,6
kinds,6
contexts,6
production,6
originally,6
comparatively,6
available,6
date,6
ad,6
case,6
agurcia,6
agriculture,6
pockets,6
obvious,6
west,6
beneath,6
human,6
fact,6
items,6
old,6
rather,6
dated,6
albuquerque,6
nobles,6
burial,6
hendon,6
wealth,6
aoyama,6
themes,6
tombs,6
q,6
honduran,6
ago,6
involved,6
smithsonian,6
generally,6
south,6
second,6
detected,6
jaguar,6
simulation,6
houston,6
others,6
efforts,6
paine,6
shown,6
naco,6
process,6
made,6
including,6
epigraphic,6
radiocarbon,6
dominated,6
amounts,6
internal,6
elaborate,6
can,6
independent,6
often,6
each,6
assumed,6
then,6
william,6
city,6
extended,6
copón,6
include,6
extremely,6
texts,6
ethnology,6
should,6
entrada,5
o,5
valle,5
represent,5
patio,5
maize,5
stone,5
occurred,5
being,5
ii,5
rich,5
survey,5
nevertheless,5
raised,5
investigations,5
signs,5
surveys,5
within,5
system,5
issue,5
eastern,5
bones,5
u,5
demography,5
exchanges,5
ritual,5
labor,5
development,5
sample,5
kind,5
ai,5
elements,5
town,5
whose,5
growth,5
contributions,5
produced,5
popol,5
ashmore,5
clearly,5
upper,5
gerstle,5
poor,5
excavation,5
conspicuous,5
focused,5
lords,5
tributary,5
related,5
year,5
calakmul,5
believes,5
own,5
culbert,5
either,5
soil,5
peak,5
ancestors,5
epigraphers,5
sheehy,5
reigns,5
identified,5
interactions,5
competition,5
tèotihuacan,5
rabbit,5
intense,5
turner,5
external,5
remained,5
original,5
strongly,5
use,5
individuals,5
imagery,5
deforestation,5
clear,5
features,5
abundant,5
methods,5
enemies,5
foreign,5
institutions,5
effectively,5
area,5
pac,5
quite,5
polychrome,5
types,5
forest,5
perspective,5
fertility,5
mentioned,5
set,5
boone,5
past,5
table,5
prestige,5
local,5
size,5
vessels,5
role,5
sesesmil,5
restored,5
themselves,5
belize,5
common,4
uplands,4
succession,4
notably,4
complex,4
likely,4
centuiy,4
territorial,4
sources,4
specifically,4
restoration,4
concentrated,4
nature,4
sometime,4
emblem,4
cerro,4
eash,4
influences,4
papers,4
environmental,4
sophisticated,4
recorded,4
open,4
intensively,4
except,4
genetic,4
exposed,4
includes,4
against,4
santa,4
extensively,4
rank,4
concerning,4
developed,4
eight,4
moreover,4
amarillo,4
shell,4
foothills,4
reconstructions,4
numbers,4
traxler,4
opinion,4
view,4
appear,4
ha,4
location,4
erosion,4
mapping,4
vigorous,4
rosalila,4
braswell,4
record,4
public,4
throne,4
directly,4
lamanai,4
occupants,4
knowledge,4
dynasties,4
issues,4
actually,4
systematic,4
conjunto,4
showing,4
good,4
suggest,4
politically,4
contrast,4
wider,4
eighth,4
dedicated,4
productivity,4
results,4
ceren,4
provided,4
stephens,4
rené,4
insights,4
noted,4
power,4
shows,4
scholars,4
areas,4
doubt,4
variation,4
pattern,4
mayanists,4
necessary,4
deep,4
perhaps,4
tunneling,4
another,4
formal,4
contacts,4
salvador,4
significance,4
mayan,4
course,4
latter,4
hierarchical,4
northern,4
cassie,4
washed,4
five,4
program,4
palenque,4
dimensions,4
seen,4
quiligua,4
changes,4
successor,4
responsible,4
centuries,4
when,4
mitochondrial,4
vaulted,4
bench,4
burned,4
sections,4
guatemalan,4
abandonment,4
highly,4
masonry,4
paper,4
setting,4
acrópolis,4
half,4
current,4
domestic,4
climate,4
type,4
places,4
altars,4
motagua,4
whether,4
particular,4
map,4
extent,4
almost,4
spaces,4
level,4
deities,4
national,4
approximately,4
dense,4
typology,4
yaxkin,4
debate,4
views,4
abandoned,4
images,4
north,4
enclave,4
close,4
miller,3
given,3
does,3
currently,3
edge,3
suggested,3
locale,3
affected,3
extreme,3
expedition,3
northeast,3
spink,3
alone,3
evans,3
expect,3
village,3
designed,3
sets,3
mexican,3
easily,3
largely,3
flows,3
reasonably,3
something,3
lower,3
consistent,3
else,3
processes,3
rapid,3
season,3
advantage,3
suggesting,3
highland,3
differences,3
farmers,3
hundred,3
kingdom,3
devised,3
somewhat,3
context,3
nowhere,3
burning,3
reached,3
functions,3
apart,3
lentz,3
variations,3
establishment,3
uncertain,3
himself,3
warfare,3
controlled,3
factional,3
canteada,3
throughout,3
publication,3
review,3
blades,3
mm,3
consumed,3
ability,3
relations,3
spans,3
refer,3
compared,3
arranged,3
estimate,3
shall,3
poorly,3
phases,3
ruins,3
authority,3
remain,3
sabloff,3
similar,3
derived,3
special,3
productive,3
consequences,3
understand,3
monumental,3
precolumbian,3
overall,3
reviewed,3
retrospective,3
origins,3
surface,3
undertaken,3
kirker,3
iconography,3
irrigation,3
result,3
closely,3
came,3
based,3
concentration,3
commoner,3
method,3
begun,3
effort,3
lived,3
iconographie,3
events,3
str,3
widmer,3
difficult,3
hanson,3
appears,3
cannot,3
applied,3
sacrifice,3
influenced,3
aspects,3
none,3
participation,3
inferred,3
teotihuacan,3
london,3
symbolism,3
henderson,3
loss,3
palaces,3
northwest,3
partly,3
sculptural,3
surrounding,3
floors,3
memoirs,3
ringle,3
change,3
sense,3
correct,3
inference,3
order,3
ixtepeque,3
intervals,3
workshops,3
erected,3
presence,3
potent,3
visible,3
periods,3
will,3
approximate,3
minor,3
whatever,3
once,3
yet,3
violence,3
restricted,3
ams,3
complete,3
experimental,3
joyce,3
published,3
skeletons,3
lack,3
members,3
participated,3
hodell,3
again,3
addition,3
petapilla,3
together,3
discussed,3
question,3
took,3
essentially,3
accepted,3
corte,3
exotic,3
material,3
woman,3
pendergast,3
cosmos,3
glyphs,3
awil,3
analyzed,3
greatest,3
investigated,3
farther,3
sides,3
persisted,3
achiotes,3
causes,3
submitted,3
maturation,3
vogrin,3
reconstructed,3
stages,3
shortly,3
configurations,3
households,3
black,3
causeway,3
systems,3
mesas,3
enjoyed,3
larios,3
figures,3
maximal,3
johnson,3
factors,3
relationship,3
abundance,3
inhabitants,3
figure,3
ecological,3
usually,3
ideology,3
reasonable,3
widespread,3
detailed,3
importantly,3
lineages,3
mother,3
fields,3
environment,3
border,3
protracted,3
following,3
complexity,3
grand,3
simply,3
summit,3
palace,3
diets,3
here,3
región,3
my,3
believe,3
constructions,3
foundation,3
linked,3
enemy,3
cultivation,3
enlarged,3
mass,3
living,3
penn,3
rayo,3
volcanic,3
ones,3
problem,3
explored,3
bey,3
epiclassic,3
must,3
marked,3
slopes,3
kin,3
simulations,3
became,3
subject,3
reconstruct,3
families,3
isolated,3
think,3
comparable,3
curtis,3
initiated,3
finally,3
evolución,3
constructed,3
involving,3
increased,3
roughly,3
respective,3
thousand,3
specific,3
supported,3
glyph,3
interaction,3
traditional,3
uk,3
famous,3
cited,3
countryside,2
mortuary,2
dominant,2
done,2
personally,2
cover,2
rudy,2
way,2
created,2
career,2
personnel,2
episodes,2
cut,2
extends,2
caches,2
berlin,2
per,2
needed,2
envisioned,2
formed,2
live,2
asserted,2
merriwether,2
postdate,2
coalition,2
metaphorically,2
position,2
emphasize,2
presents,2
total,2
ambitious,2
princeton,2
diversity,2
limestone,2
wley,2
lateral,2
titles,2
disagreement,2
interests,2
derives,2
interested,2
rita,2
palynological,2
rare,2
beaudry,2
worked,2
brujo,2
prestigious,2
experiments,2
confirmed,2
agricultura,2
pusilhá,2
affinities,2
attractive,2
crops,2
assess,2
room,2
assertion,2
display,2
maudslay,2
indeed,2
origin,2
studied,2
accommodated,2
government,2
personages,2
reveal,2
tx,2
yucatan,2
riese,2
nm,2
stand,2
california,2
scenario,2
paleodemographic,2
checked,2
behind,2
sq,2
occasional,2
depending,2
existence,2
botanical,2
geochemical,2
conquests,2
gerry,2
cu,2
bijac,2
demands,2
prior,2
cooperation,2
paucity,2
epigraphy,2
fine,2
graz,2
resources,2
dynamic,2
bottom,2
undoubtedly,2
mat,2
localized,2
sediment,2
exist,2
centralized,2
accessible,2
jade,2
affiliation,2
surely,2
immediate,2
quality,2
bosque,2
interior,2
integral,2
characteristic,2
overt,2
expected,2
concentrations,2
drainage,2
nor,2
speculative,2
evident,2
document,2
serving,2
difficulty,2
young,2
assertive,2
left,2
fowler,2
austria,2
application,2
purposefully,2
critique,2
dwindling,2
traditions,2
chan,2
claude,2
costa,2
unlikely,2
caves,2
foot,2
fort,2
philadelphia,2
recognized,2
simplified,2
reflects,2
played,2
economy,2
privilege,2
act,2
traverse,2
patron,2
centered,2
sort,2
astronomy,2
square,2
resident,2
levels,2
subsistence,2
remote,2
sacrificed,2
ongoing,2
huge,2
ix,2
von,2
support,2
subroyal,2
developments,2
vastly,2
cause,2
occupational,2
nitrogen,2
established,2
imposing,2
specialization,2
intensive,2
section,2
down,2
ì,2
impact,2
god,2
weak,2
age,2
four,2
commonly,2
recovered,2
resource,2
chronometrie,2
rice,2
permanent,2
founding,2
mo,2
believed,2
expressed,2
wiseman,2
declined,2
moon,2
basin,2
demise,2
traditionally,2
access,2
changed,2
shared,2
interpretations,2
struggles,2
base,2
collectively,2
density,2
equally,2
understood,2
though,2
prismatic,2
arqueológico,2
yucatán,2
brenner,2
dna,2
pollen,2
subcomplex,2
enough,2
wide,2
gods,2
possibility,2
impression,2
scribe,2
briefly,2
pedro,2
basis,2
line,2
mapped,2
ethnohistory,2
palacio,2
future,2
significantly,2
anthropological,2
purpose,2
tomos,2
literature,2
overview,2
streams,2
seated,2
pachuca,2
revisited,2
agree,2
artifact,2
interpreted,2
status,2
diverted,2
connections,2
nj,2
approach,2
researchers,2
renovated,2
garb,2
creating,2
trik,2
smith,2
presented,2
stage,2
tested,2
bone,2
murdy,2
wrong,2
stimulated,2
cacao,2
mahood,2
isotopes,2
latest,2
methodological,2
sculptors,2
coe,2
notes,2
reflected,2
preliminary,2
society,2
aguilar,2
barbara,2
cite,2
benches,2
ruinas,2
confined,2
san,2
indicated,2
situation,2
ceremonial,2
vanderbilt,2
various,2
energetics,2
distorted,2
gradual,2
techniques,2
tropical,2
hammond,2
nakbe,2
indicates,2
sponsored,2
builders,2
unprecedented,2
collapsed,2
schüler,2
ceilings,2
ware,2
direction,2
single,2
peten,2
timemotion,2
interpretation,2
postmonumental,2
marginal,2
rain,2
vlcek,2
sky,2
included,2
tuffs,2
quarries,2
ethnographic,2
accelerated,2
words,2
unusually,2
cerámica,2
functioned,2
picture,2
chose,2
provide,2
funerary,2
poole,2
reeds,2
morley,2
put,2
added,2
cultivated,2
longer,2
courtyards,2
idea,2
preserve,2
temples,2
compound,2
appeared,2
children,2
habitat,2
identity,2
john,2
rica,2
serious,2
schwartz,2
anthropologist,2
antropologia,2
kit,2
yucatecan,2
stromsvik,2
model,2
developing,2
purposes,2
unclear,2
council,2
caracol,2
distance,2
assemblage,2
valleys,2
degree,2
thousands,2
examples,2
alliance,2
brady,2
upon,2
refining,2
deposits,2
deliberately,2
previously,2
warrior,2
controlling,2
significant,2
virtually,2
refers,2
aside,2
actual,2
laboratory,2
previous,2
falconer,2
complicated,2
described,2
ties,2
trade,2
explorations,2
meanings,2
importance,2
stress,2
monkey,2
estructura,2
agreement,2
decorated,2
america,2
faces,2
catherwood,2
like,2
function,2
dry,2
mountain,2
accurate,2
losing,2
preservation,2
standard,2
segment,2
martin,2
mesoamenca,2
conclusions,2
coercive,2
duration,2
consumption,2
southwest,2
too,2
impressed,2
summarized,2
nashville,2
widely,2
complicates,2
separate,2
oxford,2
consists,2
seasons,2
dawn,2
speculate,2
tests,2
undoubted,2
perspectives,2
testing,2
pe,2
lines,2
independence,2
referred,2
health,2
transformed,2
force,2
plumbate,2
sequences,2
rapidly,2
indicate,2
why,2
fe,2
fall,2
supporting,2
event,2
unusual,2
mounds,2
morrow,2
beans,2
earliest,2
stable,2
considered,2
addressed,2
stephen,2
school,2
heavy,2
eventually,2
monument,2
tbk,2
abrupt,2
version,2
patios,2
founded,2
chicago,2
geographic,2
concordance,2
characteristics,2
symbolic,2
theme,2
ll,2
carbondale,2
text,2
excess,2
dimension,2
flow,2
rainfall,2
nah,2
cultures,2
tomb,2
worth,2
key,2
sampling,2
mallory,2
capital,2
best,2
appendix,2
intrusive,2
rivalry,2
alternatively,2
obviously,2
precoiumbian,2
plazas,2
houses,2
number,2
historical,2
suddenly,2
tunnels,2
better,2
turned,2
delineated,2
investigation,2
terms,2
references,2
degradation,2
supports,2
character,2
firmly,2
cementerios,2
exposures,2
densities,2
her,2
inich,2
yield,2
balance,2
agreed,2
hundreds,2
adorned,2
travel,2
radically,2
portraits,2
preserved,2
predecessor,2
ancestral,2
variability,2
predecessors,2
die,2
ecology,2
went,2
using,2
disrupted,2
terminal,2
named,2
tlaloc,2
layers,2
ultimately,2
average,2
ancillary,2
illinois,2
materials,2
contributed,2
instead,2
range,2
need,2
butz,2
manufacture,2
smaller,2
states,2
photograph,2
defined,2
tobacco,2
association,2
sculptured,2
potential,2
carbon,2
caverns,2
point,2
diamanti,2
focus,2
immediately,2
broader,2
ca,2
occur,2
arizona,2
hypothesis,2
tourists,1
scepter,1
goggle,1
basing,1
explosion,1
bute,1
waysmost,1
revisionist,1
refinement,1
isotopie,1
líticos,1
prefer,1
destroying,1
epicenter,1
concerned,1
garcía,1
serpent,1
generated,1
commemorated,1
strategy,1
names,1
stairways,1
tropics,1
fase,1
investigaciones,1
mimeo,1
go,1
chabij,1
substructure,1
sweeny,1
extend,1
mollisols,1
drought,1
resulted,1
arrive,1
seríes,1
sculpting,1
resided,1
dulau,1
ultimate,1
mountains,1
introduction,1
collapsenot,1
distributed,1
debris,1
former,1
passing,1
entirely,1
summarizing,1
conflicts,1
partner,1
juego,1
identify,1
tend,1
colonization,1
situationally,1
mapa,1
word,1
referring,1
informative,1
headland,1
carpenter,1
personage,1
usefully,1
constitutes,1
summaries,1
ways,1
populationespecially,1
strictly,1
peaks,1
item,1
investigating,1
desarollo,1
loomed,1
sudden,1
grupos,1
paradigms,1
ly,1
ballcourt,1
pusilha,1
supervised,1
giants,1
diffuse,1
continuity,1
trace,1
intermontane,1
scribner,1
relative,1
cycles,1
wares,1
preliminares,1
necessarily,1
debacle,1
pasture,1
variants,1
cit,1
cornell,1
sr,1
fragile,1
detailing,1
finely,1
siblings,1
induced,1
politicalpowerful,1
chief,1
interestingly,1
contact,1
asociated,1
turning,1
leads,1
guadalupe,1
cutting,1
fluctuations,1
horizontal,1
shells,1
anything,1
inhibited,1
ideas,1
widens,1
conjunctive,1
pasan,1
etapas,1
modest,1
every,1
li,1
topographic,1
preceding,1
fortified,1
comprehensively,1
tok,1
exaggerated,1
affiliated,1
give,1
ttie,1
taken,1
meters,1
vols,1
diego,1
ears,1
astronomical,1
humans,1
script,1
artificially,1
beautiful,1
gone,1
fragmentary,1
advanced,1
diseases,1
reestablish,1
joins,1
definition,1
sculpted,1
preeminence,1
immense,1
rossum,1
valleywide,1
route,1
exceptionally,1
daily,1
accompanied,1
featuring,1
analyses,1
assembled,1
rule,1
neighbors,1
geopolitical,1
incident,1
recruit,1
kingship,1
closer,1
entered,1
exalted,1
procedure,1
imix,1
uncovered,1
religion,1
connection,1
monograph,1
lowered,1
americans,1
faunal,1
haivard,1
vegetation,1
marine,1
regression,1
robert,1
classified,1
platforms,1
alike,1
discipline,1
ash,1
gratified,1
designs,1
contents,1
reduced,1
kingdoms,1
partners,1
harbottle,1
reclaim,1
crystal,1
remainsa,1
dissemination,1
valleylos,1
alfred,1
badly,1
symbolizing,1
protoclassic,1
historians,1
incompatable,1
crosscurrents,1
money,1
waterlily,1
weathered,1
constraint,1
primary,1
me,1
proxies,1
cated,1
contemporary,1
exception,1
negras,1
alluvium,1
colombia,1
account,1
indirectly,1
quantities,1
holocene,1
opened,1
militaristic,1
fitting,1
methodologies,1
determined,1
logical,1
politics,1
eas,1
fl,1
approx,1
prehispanic,1
exports,1
conerlike,1
popenoe,1
operaciones,1
bibliography,1
preceramic,1
magazine,1
maximally,1
amicable,1
esculpida,1
headed,1
say,1
adoption,1
x,1
crypts,1
bailey,1
horticulturists,1
mundane,1
deducing,1
eroded,1
biodiversity,1
deserted,1
overlaps,1
behavior,1
bolsas,1
vaillant,1
signal,1
hudson,1
framework,1
gravity,1
estudio,1
squash,1
macaw,1
differential,1
cemeteries,1
ttade,1
harcourt,1
colluvial,1
southwestern,1
influx,1
weakened,1
invaders,1
severe,1
mah,1
neighbor,1
inevitable,1
farrell,1
piperno,1
borderlands,1
visited,1
analyzing,1
reset,1
grupo,1
bolonk,1
hierarchy,1
unpublished,1
silent,1
astronomers,1
patched,1
corner,1
millennium,1
sierra,1
intact,1
ceramicist,1
glorifying,1
logic,1
wellwhich,1
brother,1
mixed,1
chacs,1
attested,1
occurs,1
grouped,1
systemparticularly,1
adduced,1
regarded,1
significanceparticularly,1
unwilling,1
snake,1
affairs,1
funds,1
guided,1
weaknesses,1
turn,1
occasioned,1
inhabited,1
interim,1
displays,1
systematically,1
anthropogenically,1
tempranas,1
convincing,1
agrícola,1
jones,1
marriage,1
pothesis,1
ofaguateca,1
highest,1
ithaca,1
response,1
columbia,1
completing,1
six,1
recalls,1
allowing,1
spotty,1
brace,1
continuous,1
twice,1
witnessed,1
jacob,1
publications,1
admixtures,1
replicative,1
coincidentally,1
died,1
tempranos,1
accelerator,1
mosaic,1
cauac,1
factions,1
flg,1
look,1
affiliationwhich,1
practically,1
architects,1
patrons,1
details,1
wet,1
deeply,1
staircase,1
nonarchaeologists,1
adult,1
xukpi,1
pronounced,1
handful,1
acknowledge,1
unskilled,1
quiet,1
impressions,1
evenly,1
aftermath,1
adversary,1
intercepts,1
arqueológicas,1
capitals,1
celebrating,1
walls,1
let,1
kept,1
cobbles,1
van,1
higher,1
navigable,1
necessaiy,1
collagen,1
drained,1
affiliations,1
lintel,1
hierogfyphics,1
opposed,1
chamelecón,1
builder,1
domicile,1
advancement,1
manipulated,1
société,1
air,1
aveni,1
costs,1
identification,1
predicted,1
centerpiece,1
palacelike,1
bring,1
drainages,1
skilled,1
principally,1
superficial,1
across,1
generations,1
behaviorally,1
angeles,1
paths,1
incipient,1
basic,1
na,1
serra,1
longest,1
centralization,1
coastal,1
tb,1
calculation,1
peninsula,1
knew,1
active,1
ce,1
galloy,1
excavators,1
signaled,1
suffer,1
kardatzke,1
tbmbs,1
formally,1
titled,1
undercut,1
associate,1
architekture,1
supplement,1
earthquake,1
wellpreserved,1
sponsor,1
humanity,1
estimates,1
ah,1
viewed,1
statussanta,1
assuming,1
cave,1
í,1
inn,1
illustrations,1
managerial,1
lay,1
lth,1
persons,1
upstream,1
animals,1
scattered,1
space,1
front,1
outnumber,1
supposed,1
beaudiy,1
making,1
means,1
reason,1
modified,1
brunswick,1
monuarchaeology,1
parentheses,1
temprano,1
worshipped,1
plus,1
wanted,1
hydraöon,1
cherts,1
monolithic,1
jl,1
locally,1
fagan,1
florescences,1
enscripciones,1
extrapolating,1
benefits,1
image,1
organized,1
emergence,1
balam,1
presumably,1
specify,1
proved,1
weather,1
elevated,1
receiving,1
placed,1
traces,1
gradually,1
sheer,1
plaster,1
sobolik,1
argued,1
observations,1
profile,1
periodically,1
presumed,1
basalts,1
superior,1
shorter,1
santley,1
biotic,1
stripping,1
postdating,1
orange,1
beyond,1
defeat,1
indications,1
procedures,1
followed,1
weaver,1
facing,1
obstacles,1
arrayed,1
disintegrating,1
painted,1
mix,1
utah,1
plenum,1
yes,1
shifted,1
destructive,1
essays,1
care,1
helped,1
projected,1
export,1
dug,1
providing,1
decades,1
management,1
differently,1
pilas,1
misconceived,1
thrust,1
mayas,1
charcoal,1
conquest,1
thinks,1
union,1
experimentation,1
greater,1
ranges,1
raw,1
uses,1
leaving,1
humblest,1
fry,1
tèrminal,1
herald,1
whom,1
krueger,1
underrepresented,1
cd,1
asserts,1
bearing,1
spacesthe,1
transmission,1
societies,1
harder,1
fortunes,1
histories,1
carrying,1
derivatives,1
hands,1
chipped,1
ak,1
chamelecon,1
laterabout,1
attack,1
paleonutrition,1
pulse,1
jovanovich,1
seven,1
preindustrial,1
deal,1
akademische,1
î,1
rooms,1
circa,1
pass,1
criticisms,1
relate,1
reiterate,1
mythical,1
neft,1
symbolically,1
luxury,1
deciphering,1
captured,1
shield,1
thames,1
longitude,1
coalitions,1
term,1
extracting,1
academic,1
accurately,1
chayóte,1
handbook,1
companion,1
fourth,1
syncretism,1
dressed,1
furthermore,1
traced,1
informed,1
pulled,1
diamante,1
rhyolitic,1
biologia,1
hinterland,1
buikstra,1
lethal,1
indirect,1
simple,1
tools,1
projection,1
symbols,1
venue,1
intertwined,1
pubarchaeology,1
kolata,1
hostilities,1
outlined,1
intervalthe,1
absolute,1
trinkhaus,1
facilities,1
fox,1
gasp,1
overpopulation,1
exploration,1
dependents,1
claimants,1
stratigraphie,1
subdivisions,1
vo,1
ascucion,1
silver,1
warriors,1
kitchen,1
undermined,1
chiapas,1
failure,1
outstanding,1
weight,1
hierarchies,1
products,1
having,1
oak,1
ostuman,1
diminution,1
unexcavated,1
correctly,1
decipherment,1
formerly,1
updated,1
scope,1
rocks,1
bolster,1
isotope,1
steep,1
rainy,1
imports,1
blue,1
kosakowsky,1
nine,1
odds,1
zapote,1
debatable,1
attacked,1
danforth,1
nation,1
routinely,1
ten,1
bols,1
coresidents,1
uc,1
gave,1
refined,1
postulated,1
demonstrates,1
accidental,1
records,1
termsi,1
chorti,1
sacked,1
cluster,1
bat,1
coyol,1
bar,1
call,1
documented,1
mathematical,1
bishop,1
focuses,1
hydraulic,1
overviews,1
complemented,1
rise,1
chiquimula,1
il,1
compact,1
genealogies,1
monopoly,1
spectrometer,1
polychromes,1
strengthened,1
kimbell,1
enthusiastic,1
strongest,1
markedly,1
attributed,1
clearance,1
errors,1
regions,1
deoartment,1
terest,1
aa,1
stylized,1
codirected,1
interregional,1
ratios,1
commerce,1
stela,1
caused,1
hard,1
working,1
lowest,1
nonroyal,1
distances,1
ascended,1
wished,1
reliable,1
involve,1
tempe,1
bath,1
josserand,1
unton,1
rutgers,1
resultados,1
nearest,1
allusions,1
family,1
jaral,1
endured,1
code,1
sufficient,1
consensus,1
revealing,1
bottle,1
scattering,1
partitions,1
industry,1
irrigate,1
supposedly,1
dramatic,1
recipients,1
bellicose,1
fire,1
met,1
protect,1
distinguished,1
attached,1
oklahoma,1
telling,1
follow,1
corridor,1
yielded,1
occasions,1
managed,1
error,1
ek,1
descendants,1
progress,1
cosmology,1
moist,1
preliminar,1
waterlity,1
cattle,1
mountainsides,1
pays,1
wife,1
proper,1
tuff,1
robicsek,1
factionalism,1
plausible,1
structured,1
mouths,1
feasible,1
regal,1
patrones,1
dam,1
salvadoran,1
passive,1
am,1
ninth,1
sporadic,1
championed,1
unfinished,1
casts,1
seemed,1
objected,1
squirrel,1
composición,1
apparent,1
subsequently,1
afieldfor,1
community,1
critical,1
bedrock,1
led,1
indigenous,1
demographically,1
outsider,1
advocate,1
saw,1
matter,1
archaeolosy,1
bringing,1
stairs,1
scientific,1
cosmological,1
regrowth,1
quantified,1
sylvanus,1
sous,1
expansion,1
intrusions,1
limited,1
plans,1
corporation,1
return,1
acknowledged,1
fruit,1
diagnostic,1
merits,1
nearly,1
disturbance,1
semideciduous,1
international,1
lothrop,1
driest,1
make,1
presently,1
glypho,1
surviving,1
domination,1
anthrodoloev,1
manifest,1
standing,1
movement,1
territory,1
roads,1
spate,1
surveyed,1
tends,1
parker,1
antagonisms,1
spectacular,1
kaminaljuyu,1
sponsorship,1
corpus,1
scarcity,1
ulua,1
hohman,1
patches,1
depicted,1
inception,1
ineffective,1
pivotal,1
reference,1
retainers,1
arrangements,1
lloyd,1
suited,1
recommendation,1
read,1
paradox,1
happened,1
heaviest,1
esoteric,1
detectable,1
sex,1
array,1
wearing,1
noncopán,1
warners,1
latitude,1
selective,1
us,1
termination,1
neither,1
parsimonious,1
reposition,1
thesis,1
mayfield,1
constant,1
copân,1
home,1
extravagant,1
falls,1
une,1
baxter,1
nutritionally,1
lord,1
olsen,1
façades,1
refine,1
depopulated,1
inferences,1
hay,1
indian,1
desultory,1
resounding,1
puh,1
preeminent,1
visitors,1
damaged,1
reports,1
begins,1
mention,1
typed,1
verlagsanstalt,1
monopolized,1
comprehensible,1
unspecified,1
declining,1
double,1
fill,1
volume,1
enclaves,1
routes,1
mound,1
topographically,1
science,1
kiln,1
skyband,1
frederick,1
hieroglyphics,1
mark,1
agronomy,1
waterlilyjaguar,1
similarly,1
deterioration,1
towns,1
motifs,1
adobe,1
complementary,1
zeleznik,1
incorporates,1
lengthy,1
simpler,1
unparalleled,1
uiase,1
fundamental,1
head,1
occupations,1
foods,1
extrapolates,1
plan,1
quirguá,1
trips,1
rugged,1
striking,1
exclusion,1
rotated,1
sitesthat,1
disturbed,1
dilapidated,1
educated,1
staples,1
really,1
commemorate,1
associates,1
proceeds,1
incorporation,1
becker,1
demonstrating,1
complementing,1
debates,1
estimation,1
distributions,1
man,1
madrugada,1
dependencies,1
ubah,1
waxaklahun,1
masoniy,1
copando,1
depict,1
honor,1
flowed,1
puzzling,1
never,1
readers,1
fits,1
laríos,1
precinct,1
sweat,1
promoted,1
likelihood,1
frailty,1
lenca,1
pinula,1
teeple,1
jane,1
contemporaiy,1
formation,1
covered,1
ballinger,1
compounds,1
continuing,1
orderly,1
superimposed,1
equate,1
muster,1
nance,1
celebrated,1
constricting,1
answer,1
tell,1
paleoethnobotanical,1
vertical,1
spoke,1
homenaje,1
themperhaps,1
controversy,1
magnificently,1
remarked,1
burdened,1
pears,1
ignoring,1
fanning,1
predynastic,1
argument,1
compete,1
encountered,1
remarkably,1
regionally,1
outgrowth,1
convenient,1
redesigned,1
dragged,1
postdynastic,1
reconocimiento,1
disappearance,1
mats,1
emanating,1
technologies,1
exhibit,1
shapiro,1
meaningful,1
situated,1
spousesyax,1
discussion,1
certain,1
campaigns,1
clients,1
copàn,1
rio,1
father,1
disease,1
minimizing,1
survive,1
skepticism,1
birth,1
observable,1
treated,1
discovery,1
explanation,1
width,1
farming,1
implicated,1
incidents,1
squabbles,1
exporting,1
copañecos,1
concurrent,1
enormous,1
pelota,1
trends,1
hob,1
scriptions,1
ruling,1
arquitectónico,1
recover,1
expand,1
skeletal,1
europeans,1
findings,1
thriving,1
cropping,1
hidden,1
food,1
unfortunately,1
mortar,1
seriation,1
residues,1
coürt,1
tiilane,1
brumfiel,1
dress,1
conditions,1
reconstructing,1
congress,1
hydrographically,1
numbered,1
resulting,1
questions,1
ethnic,1
archaeomagnetic,1
pafynological,1
nothing,1
examination,1
dediarchaeology,1
connected,1
observed,1
theories,1
embellishment,1
theoretical,1
stratification,1
involves,1
discontinuities,1
sacrificing,1
vii,1
clearing,1
versions,1
rejected,1
perimeter,1
shrine,1
effigies,1
okamura,1
landscapes,1
inconspicuous,1
peast,1
authors,1
oc,1
uncontrollable,1
comprehensive,1
peripheral,1
language,1
points,1
rebecca,1
interpret,1
roof,1
jy,1
held,1
individual,1
symposium,1
started,1
characterized,1
ny,1
plant,1
cache,1
depiction,1
curve,1
collected,1
reassessment,1
interacted,1
provides,1
adequately,1
sorionomic,1
avocado,1
inscribed,1
copanin,1
valued,1
carlson,1
annually,1
probe,1
written,1
somehow,1
conspicuously,1
eyes,1
parallel,1
grip,1
become,1
epartment,1
sula,1
successors,1
confidently,1
smacks,1
exactly,1
charles,1
displayed,1
deliberate,1
accordingly,1
sacred,1
asi,1
january,1
claiming,1
deforested,1
monumentsexactly,1
costume,1
translate,1
guess,1
dominance,1
blood,1
locales,1
attracted,1
terracing,1
anchored,1
beam,1
evaluated,1
professional,1
mens,1
tenuous,1
embodied,1
outright,1
sociopolitical,1
kice,1
defaced,1
delineate,1
convincingly,1
sonsel,1
offspring,1
take,1
derivative,1
visit,1
dietary,1
said,1
genesis,1
yields,1
suggestion,1
topography,1
artifactos,1
assigned,1
informs,1
behaviors,1
looted,1
publishing,1
tentative,1
window,1
camotan,1
wisdom,1
she,1
indicators,1
recall,1
bulk,1
invasion,1
next,1
maps,1
potteiy,1
fully,1
cenen,1
hill,1
unchanging,1
wyllys,1
parent,1
florescence,1
primarily,1
regalia,1
lost,1
deposit,1
establish,1
embodying,1
clásico,1
parsons,1
elevationsabout,1
overlap,1
monopolize,1
relevant,1
remaining,1
length,1
linking,1
life,1
sharply,1
variably,1
anncorinne,1
perceptions,1
mortality,1
acquisition,1
gonhn,1
british,1
speciesan,1
exists,1
instances,1
feedback,1
face,1
intermittent,1
served,1
vigor,1
definitive,1
supply,1
proof,1
seriously,1
wars,1
deposited,1
exercised,1
fifteen,1
risers,1
forma,1
reviewing,1
broke,1
corazón,1
prehistory,1
comes,1
conclusion,1
ethnological,1
comparison,1
circumstances,1
dispacho,1
stomper,1
demonstrate,1
ever,1
detect,1
milpas,1
continues,1
scrutiny,1
byproduct,1
founders,1
irrigable,1
rival,1
physical,1
intermittently,1
jaguars,1
reconnaissance,1
eleven,1
md,1
funding,1
agricultores,1
palka,1
appealing,1
alternative,1
geoarchaeology,1
quaternary,1
der,1
coincides,1
downfall,1
defining,1
undertook,1
intellectual,1
fcuey,1
components,1
reexamination,1
monthly,1
rear,1
cemetery,1
blind,1
descriptions,1
faulty,1
december,1
quetzal,1
albeit,1
accommodate,1
expertly,1
argue,1
wall,1
chaan,1
intrusion,1
capacity,1
allied,1
ideological,1
boasted,1
uir,1
perfectly,1
goods,1
xxii,1
taube,1
americanistas,1
aerial,1
presentation,1
useless,1
associations,1
works,1
overgrown,1
porotic,1
subgroup,1
obfuscated,1
animal,1
cal,1
cautions,1
ipinich,1
depredations,1
scholarly,1
superstates,1
emblema,1
explanations,1
catastrophic,1
heads,1
achaeological,1
answered,1
notable,1
dominate,1
month,1
depicts,1
spatial,1
rose,1
cattail,1
stability,1
list,1
plants,1
lane,1
lished,1
add,1
covers,1
hoped,1
esoamerican,1
piedras,1
depopulation,1
vigorously,1
vf,1
fanners,1
haviland,1
supplemented,1
consisting,1
predate,1
fachada,1
while,1
attachment,1
foundations,1
correlates,1
fedick,1
densest,1
studying,1
abruptly,1
vegetational,1
divide,1
textual,1
minimal,1
lowerabout,1
mew,1
emphasis,1
entisols,1
capitalized,1
threat,1
generous,1
library,1
spondylus,1
finished,1
integrating,1
stabilize,1
conveniently,1
conference,1
socioeconomic,1
magnificent,1
phasethat,1
xtlit,1
kim,1
son,1
mesoamericana,1
entrance,1
os,1
portraying,1
transport,1
tbllan,1
ruled,1
ill,1
prerogative,1
coverage,1
conclude,1
respect,1
ohio,1
sea,1
atmospheric,1
content,1
unaffected,1
convinced,1
williamson,1
durable,1
intended,1
honuduras,1
transition,1
lies,1
sitting,1
cash,1
harvested,1
rash,1
commissioned,1
therefore,1
pi,1
adapted,1
exceeded,1
institute,1
recounts,1
gifford,1
lesson,1
underestimate,1
summarizes,1
vognn,1
indians,1
headwaters,1
writing,1
gain,1
oceanic,1
aguada,1
calibrated,1
teeth,1
varied,1
contrasts,1
mature,1
analogy,1
predassic,1
ina,1
false,1
polityso,1
wild,1
pine,1
students,1
nuclear,1
nutritional,1
spring,1
sediments,1
commercial,1
contextsone,1
locations,1
mita,1
priviliged,1
background,1
reveals,1
caloric,1
plowing,1
lands,1
metates,1
unexpectedly,1
intensified,1
tfemple,1
substela,1
undergoing,1
scribes,1
numerous,1
swampy,1
temperature,1
recovering,1
iconografía,1
grant,1
druck,1
accept,1
trauma,1
aware,1
crisis,1
tulane,1
ended,1
americas,1
fauna,1
salt,1
correlated,1
constable,1
consolidated,1
native,1
scraping,1
green,1
colleagues,1
disintegrated,1
cì,1
thoughtful,1
nacional,1
proyecto,1
france,1
clues,1
derive,1
tributaries,1
paraphernalia,1
peripheries,1
defer,1
operación,1
practiced,1
summary,1
intergroup,1
spines,1
settled,1
pioneering,1
removed,1
trader,1
obtrusiveness,1
departamento,1
quirigua,1
root,1
seventeenth,1
recounted,1
combination,1
redolent,1
massive,1
bioanthropologists,1
symarchaeology,1
hills,1
sherds,1
negotiate,1
lake,1
afield,1
era,1
hieroglyphicit,1
enterprise,1
norman,1
uncertainty,1
deposition,1
substantial,1
element,1
ownership,1
develop,1
aguateca,1
stair,1
danien,1
mountainview,1
lu,1
champion,1
familial,1
dos,1
pope,1
robecsik,1
successive,1
oí,1
amarilloare,1
primera,1
rubble,1
draft,1
preconceptions,1
wilk,1
gourd,1
costly,1
gold,1
hyperostosis,1
links,1
