WORDCOUNTS,WEIGHT
and,1514
in,1018
the,932
of,732
archaeology,513
a,499
eds,329
j,313
pp,311
archaeological,303
computer,299
applications,267
s,250
methods,247
to,221
quantitative,195
for,189
e,188
p,188
m,185
k,181
gis,171
no,169
information,156
g,150
oxford,135
series,132
d,125
international,122
university,115
w,110
bar,109
computing,106
past,102
london,101
t,101
data,99
b,97
an,96
systems,93
r,90
new,89
l,88
h,86
c,83
on,82
archeologia,81
calcolatori,81
n,79
i,77
national,76
lock,72
rahtz,72
aarhus,70
et,66
lockyear,63
have,63
sites,62
is,62
york,61
as,60
with,60
that,59
has,57
been,57
analysis,57
from,57
ed,56
francis,55
at,54
perspective,54
taylor,54
al,53
f,52
museum,52
by,52
fennema,51
modeling,51
kamermans,50
sydney,50
use,50
newsletter,50
leidensia,49
interfacing,49
z,47
praehistorica,47
space,46
database,46
reilly,45
monuments,45
wilcock,44
press,44
analecta,43
system,43
using,43
madsen,42
age,42
project,42
q,42
european,42
moffett,40
huggett,40
ryan,40
richards,39
andresen,39
scollar,39
geographical,37
imaging,37
technology,37
global,36
site,36
zubrow,36
di,35
de,34
also,34
visualization,34
are,34
papers,33
v,33
allen,32
u,32
records,31
be,30
this,29
publication,29
green,29
paper,29
it,28
interpreting,28
excavation,27
there,27
such,27
graphics,27
lang,27
electronic,27
archaeologists,26
landscape,26
larsen,26
world,26
one,25
management,25
within,24
stani,24
denmark,24
model,24
number,24
un,24
johnson,23
british,22
copenhagen,22
development,22
journal,22
van,22
routledge,22
communication,21
main,21
study,21
record,21
computers,21
survey,20
approach,20
field,20
techniques,20
mountains,19
internet,19
view,19
reconstruction,19
museums,19
recording,19
occasional,18
ross,18
application,18
scientific,18
processing,18
higgins,18
sciences,18
center,17
some,17
impact,17
prehistoric,17
its,17
research,17
harris,17
or,17
but,17
volume,17
geographic,17
spatial,17
models,17
forte,17
per,16
design,16
databases,16
leusen,16
their,16
was,16
ancient,16
predictive,16
teaching,16
more,16
la,16
program,16
kvamme,16
not,16
proceedings,16
uk,16
they,15
multimedia,15
developed,15
image,15
these,15
europe,15
projects,15
science,15
expert,15
roman,15
case,14
most,14
example,14
interpretation,14
towards,14
time,14
united,14
although,14
now,13
american,13
historical,13
resource,13
gaffney,13
location,13
context,13
used,13
centre,13
were,13
can,13
henderson,13
through,13
recent,13
between,13
committee,12
haigh,12
monograph,12
england,12
review,12
sensing,12
remote,12
social,12
settlement,12
will,12
regional,12
classification,12
aerial,12
computerized,11
software,11
archaeologist,11
en,11
tools,11
tool,11
buildings,11
ot,11
about,11
simulation,11
many,11
wheatley,11
congress,11
historic,11
artificial,11
voorrips,11
digital,11
interactive,11
urban,11
conference,11
potential,11
images,11
miller,10
polish,10
anthropology,10
cad,10
based,10
applied,10
future,10
knowledge,10
issues,10
del,10
finds,10
do,10
see,10
autocad,10
integrated,10
north,10
way,9
history,9
intelligence,9
human,9
della,9
barceló,9
solid,9
cultural,9
martlew,9
ottaway,9
poland,9
heritage,9
academy,9
smith,9
ine,9
including,9
which,9
dell,9
environment,9
theory,9
caa,9
area,9
introduction,8
approaches,8
studies,8
into,8
wolle,8
kingdom,8
lantada,8
shennan,8
clubb,8
bibliography,8
resources,8
southampton,8
djindjian,8
virtual,8
zarzosa,8
mapping,8
structure,8
ruggles,8
le,8
informatica,8
ana,8
service,8
reports,8
mathematical,8
john,8
archive,8
netherlands,8
graphical,8
photographs,8
over,8
particularly,8
antiquity,8
ibm,8
art,8
level,8
representation,8
sistema,8
france,8
dati,8
booth,8
early,8
valley,8
building,8
major,8
terrain,7
all,7
other,7
relational,7
o,7
dei,7
publications,7
than,7
how,7
hansen,7
winchester,7
oi,7
surface,7
late,7
public,7
work,7
il,7
trends,7
up,7
southern,7
areas,7
patterns,7
present,7
pastcomputer,7
where,7
tne,7
ic,7
reality,7
fletcher,7
documentation,7
problems,7
become,7
greece,7
widely,7
chapman,7
current,7
report,7
dallas,7
both,7
city,7
role,7
years,7
warsaw,7
integration,7
chalmers,7
stoddart,6
hypertext,6
complex,6
likely,6
western,6
first,6
great,6
display,6
neural,6
relationships,6
excavations,6
sinclair,6
radar,6
ai,6
developments,6
old,6
may,6
rather,6
levels,6
landscapes,6
method,6
further,6
durham,6
however,6
artifacts,6
progetto,6
archéologie,6
uleberg,6
viewshed,6
mediterranean,6
describes,6
integrating,6
therefore,6
second,6
east,6
two,6
plan,6
surfaces,6
developing,6
material,6
pastelectronic,6
info,6
would,6
so,6
earlier,6
herzog,6
spain,6
continued,6
maps,6
then,6
practice,6
bronze,6
ozawa,6
chartrand,6
video,6
doran,6
lille,6
svdnev,6
land,6
states,6
develop,6
traditional,6
entities,5
group,5
large,5
modern,5
ms,5
experience,5
being,5
behrens,5
reconstructions,5
ii,5
simple,5
nevertheless,5
investigations,5
discipline,5
guillot,5
eastern,5
primary,5
america,5
hall,5
possible,5
arcnaeoiogicai,5
adoption,5
apply,5
stratigraphie,5
y,5
generation,5
implementation,5
growth,5
learning,5
una,5
lagrange,5
importance,5
perkins,5
visualizations,5
dalla,5
heyworth,5
geophysical,5
upper,5
beyond,5
important,5
limp,5
beni,5
because,5
literature,5
island,5
spicer,5
italy,5
structures,5
williams,5
personal,5
brown,5
annual,5
implications,5
tor,5
make,5
published,5
analytical,5
reasoning,5
ground,5
strategies,5
matrix,5
studio,5
made,5
collections,5
stennis,5
significant,5
exchange,5
pottery,5
me,5
particular,5
seen,5
wiemer,5
education,5
conservation,5
complexity,5
nasa,5
text,5
satellite,5
dimension,5
nouvelles,5
wood,5
automatic,5
form,5
données,5
boast,5
geo,5
november,5
examples,5
sever,5
cooper,5
need,5
given,5
archives,4
undergraduate,4
universite,4
environmental,4
distributed,4
scottish,4
settlements,4
ways,4
esri,4
brandt,4
du,4
commission,4
advanced,4
possibilities,4
semeraro,4
cacaly,4
displays,4
mind,4
state,4
date,4
murray,4
gibson,4
visibility,4
recorded,4
king,4
activity,4
bell,4
framework,4
central,4
accessible,4
royal,4
quality,4
since,4
relatively,4
beex,4
individual,4
enhancement,4
allowing,4
archeologica,4
massagrande,4
general,4
tutorials,4
across,4
contributions,4
means,4
desktop,4
river,4
tltp,4
og,4
hardware,4
strategy,4
providing,4
had,4
palmer,4
allow,4
begun,4
out,4
scotland,4
abbey,4
base,4
archaeofaunal,4
archéodata,4
nel,4
fish,4
blake,4
package,4
aspects,4
hybrid,4
network,4
powlesland,4
overview,4
during,4
statistics,4
reflect,4
hypermedia,4
employed,4
hungary,4
visualizing,4
good,4
startin,4
small,4
und,4
provided,4
variety,4
rome,4
britain,4
romano,4
object,4
single,4
culturali,4
coverage,4
under,4
index,4
humanities,4
anakcta,4
experiment,4
department,4
only,4
lewis,4
lack,4
documents,4
classical,4
distributions,4
forms,4
outside,4
english,4
reconstructing,4
ipson,4
quesada,4
blasco,4
suhajda,4
technologies,4
cheetham,4
region,4
lake,4
arizona,4
questions,4
variables,4
historiques,4
described,4
immagini,4
three,4
aided,4
cartographic,4
vitali,4
passe,4
architectural,4
period,4
structuring,4
provides,4
graphic,4
bona,4
provide,4
gestione,4
practical,4
gillings,4
attempted,4
paesaggio,4
boaz,4
types,4
alternative,4
each,4
iii,4
far,4
iron,4
discuss,4
what,4
investigation,4
terms,4
distribution,4
credo,4
topographical,4
des,4
bath,4
recognition,4
multiple,4
laflin,4
ac,4
plans,4
maschner,4
underwater,4
thesis,4
ein,4
stine,4
cambridge,4
web,4
archeologico,4
evidence,4
specific,4
among,4
palumbo,4
programming,4
should,4
meeting,4
ca,4
verhart,3
modelling,3
concerned,3
later,3
arias,3
groups,3
ackerly,3
germany,3
metadata,3
designed,3
library,3
investigating,3
park,3
decade,3
protection,3
bullas,3
gamble,3
système,3
tecniche,3
ostir,3
production,3
neolithic,3
conceiçao,3
link,3
take,3
last,3
sacred,3
dissemination,3
eiteljorg,3
key,3
incorporate,3
march,3
italian,3
tracing,3
stratigraphy,3
wansleeben,3
description,3
baena,3
campbell,3
dynamics,3
analyzing,3
interest,3
ray,3
palaeolithic,3
biskowski,3
http,3
networks,3
explore,3
dublin,3
jr,3
savage,3
interesting,3
fort,3
links,3
managing,3
tomlinson,3
illustration,3
basic,3
corinth,3
presentation,3
process,3
walker,3
redo,3
acquisition,3
biswell,3
informatique,3
statistical,3
scale,3
warren,3
driven,3
just,3
house,3
norway,3
modeler,3
banning,3
problem,3
could,3
search,3
events,3
peterman,3
ceramica,3
barroca,3
artefact,3
hinterland,3
photography,3
reviews,3
burial,3
amenable,3
produce,3
wide,3
well,3
basis,3
interface,3
planning,3
scope,3
concept,3
part,3
user,3
nella,3
tombs,3
thoughts,3
editorial,3
dobson,3
sablatnig,3
mallet,3
popular,3
stead,3
change,3
presented,3
stage,3
gabrielli,3
next,3
involved,3
castle,3
shapes,3
progress,3
jordan,3
guidazzoli,3
structured,3
preliminary,3
valuable,3
champion,3
led,3
matter,3
architecture,3
workbench,3
hinge,3
expansion,3
limited,3
wetland,3
archeologiche,3
still,3
standing,3
rchme,3
guermandi,3
edited,3
azzena,3
calcolatore,3
une,3
informatiche,3
visualize,3
maytom,3
picture,3
matrices,3
technique,3
didattica,3
toward,3
others,3
flat,3
idea,3
csáki,3
inevitably,3
end,3
discussed,3
analyses,3
japan,3
fieldwork,3
hvar,3
explicitly,3
another,3
able,3
demonstrated,3
understanding,3
exploring,3
extended,3
roorda,3
discovery,3
deposits,3
medium,3
ageing,3
orientated,3
robinson,3
processes,3
gafmey,3
op,3
bonn,3
ireland,3
economou,3
rains,3
times,3
japanese,3
plant,3
high,3
pompeii,3
thomas,3
northern,3
cognition,3
wroxeter,3
leroy,3
publishing,3
alla,3
shepton,3
meffert,3
testing,3
bulletin,3
predict,3
torevell,3
directions,3
countries,3
often,3
examine,3
construction,3
bones,3
fields,3
aboriginal,3
evaluation,3
archeologici,3
victoria,3
any,3
changing,3
athens,3
les,3
temporal,3
carbondale,3
temple,3
funding,3
delooze,3
set,3
der,3
news,3
sygraf,3
cemetery,3
different,3
archéologues,3
menard,3
pour,3
works,3
assessment,3
making,3
ordinateurs,3
mathematics,3
imperial,3
intarch,3
emphasis,3
thereby,3
little,3
archeologìa,3
centro,3
geophysics,3
unit,3
mccall,3
programs,3
reconstruct,3
archéologiques,3
arcneoiogia,3
bradley,3
survival,3
commercial,3
solids,3
illinois,3
wadi,3
cognitive,3
usa,3
algorithms,3
sur,3
retrieval,3
defined,3
programme,3
elaborazione,3
ziqlab,3
digging,3
rold,3
mcadam,3
archäologische,3
normale,2
does,2
revue,2
geografski,2
analisi,2
computerbased,2
go,2
represent,2
drawing,2
college,2
schoenbrun,2
aberg,2
red,2
extends,2
informazioni,2
evans,2
disc,2
methodology,2
prediction,2
guio,2
stone,2
drawings,2
ior,2
brodsworth,2
runnymede,2
specialist,2
true,2
miall,2
kl,2
easily,2
postprocessual,2
country,2
considerations,2
ginouvès,2
policy,2
mikkelsen,2
dolukhanov,2
presents,2
total,2
kokonya,2
before,2
exceptions,2
huerta,2
contexts,2
par,2
anaiecta,2
test,2
diffusion,2
file,2
lower,2
bopladser,2
either,2
verso,2
sources,2
ui,2
rozoy,2
taken,2
might,2
rush,2
osteoarchaeology,2
exhibition,2
agenda,2
fugawiland,2
nature,2
experiments,2
handling,2
reach,2
principles,2
scientifique,2
societies,2
available,2
scientists,2
continue,2
wooden,2
spans,2
rensdyrjagt,2
theoiy,2
government,2
mississippi,2
vikings,2
renfrew,2
idet,2
gestion,2
lupone,2
inland,2
batchelor,2
course,2
emphasized,2
stanôié,2
concepts,2
primitive,2
those,2
mars,2
tapia,2
detection,2
dora,2
relations,2
guo,2
issue,2
side,2
cullen,2
arctos,2
thangka,2
iv,2
pisa,2
aenal,2
capable,2
arcelin,2
vandal,2
rodrigues,2
dynamic,2
genetic,2
undoubtedly,2
ritual,2
michaels,2
analyse,2
behavior,2
gaffhey,2
funded,2
canyon,2
redlands,2
archäologie,2
verhagen,2
converting,2
boland,2
tolba,2
dew,2
southwestern,2
madrid,2
archaeolo,2
pavlü,2
eisner,2
difficulties,2
representations,2
mm,2
initial,2
harrison,2
klassiskarkaeologi,2
adopted,2
salisbury,2
digitizer,2
price,2
conducted,2
media,2
creamer,2
cases,2
elements,2
horemheb,2
interim,2
document,2
raises,2
cohen,2
effective,2
engineering,2
aim,2
schenk,2
look,2
tucson,2
sommella,2
ais,2
jones,2
influence,2
parks,2
higher,2
employ,2
mechanisms,2
desachy,2
virtuale,2
caso,2
mesolithic,2
town,2
reflects,2
ontario,2
siliotti,2
lucy,2
furness,2
influential,2
hie,2
capture,2
feder,2
kark,2
proportion,2
à,2
modelers,2
generally,2
lavender,2
pmehistorica,2
computine,2
molyneaux,2
offering,2
evolution,2
rcahms,2
claxton,2
stantìo,2
references,2
archeologi,2
morimoto,2
objects,2
waarden,2
established,2
frauenkirche,2
francfort,2
section,2
numbers,2
dominate,2
exploratory,2
accessibility,2
advancing,2
stewart,2
follow,2
fagan,2
microcomputer,2
zack,2
dries,2
putting,2
baths,2
prototype,2
motonaka,2
suggested,2
appear,2
conquest,2
experimentation,2
greater,2
uses,2
standards,2
came,2
lead,2
photorealistic,2
atkin,2
carmichael,2
found,2
photogrammetric,2
access,2
seven,2
deal,2
iconographie,2
criticisms,2
monitoring,2
baxevani,2
caple,2
territorio,2
term,2
academic,2
density,2
compute,2
focused,2
institute,2
simulate,2
stock,2
rectification,2
intrasite,2
recently,2
moore,2
fulfill,2
catacchio,2
gottarelli,2
steele,2
fowler,2
conferences,2
simulations,2
engine,2
line,2
journals,2
gebauer,2
updated,2
institut,2
castleford,2
su,2
discusses,2
training,2
penetrating,2
oikawa,2
tale,2
prinke,2
people,2
relevance,2
saskatchewan,2
makkuni,2
artifact,2
rendered,2
dresden,2
courseware,2
visualizzazione,2
tilbury,2
statutory,2
painting,2
sense,2
below,2
peterson,2
milligan,2
langouet,2
byrne,2
tascio,2
anni,2
tibetan,2
long,2
around,2
coping,2
industry,2
louhivuori,2
latest,2
boundaries,2
villages,2
pétrie,2
koebenhavns,2
core,2
briuer,2
scott,2
st,2
marciniak,2
dependent,2
results,2
vikkula,2
appropriate,2
value,2
nadb,2
phil,2
gordon,2
scuola,2
input,2
pattern,2
omission,2
south,2
haas,2
various,2
logiciel,2
polygons,2
routledce,2
populations,2
imagery,2
subject,2
intended,2
flag,2
cistercian,2
life,2
traps,2
universitet,2
parker,2
guide,2
once,2
springs,2
yet,2
od,2
reference,2
makes,2
read,2
thought,2
den,2
tradizione,2
classroom,2
included,2
koss,2
perspectives,2
culture,2
watson,2
middleton,2
same,2
vrml,2
medici,2
broad,2
gazella,2
aid,2
hydrological,2
ruggio,2
antica,2
organizations,2
christoffersen,2
palm,2
again,2
put,2
rock,2
tremendous,2
goodrick,2
ieee,2
blocks,2
villa,2
cumulative,2
clarendon,2
designing,2
choice,2
grave,2
aasivissuit,2
informationen,2
tm,2
daniels,2
informativo,2
cti,2
meuse,2
italia,2
precinct,2
polders,2
paris,2
jaskanis,2
road,2
purposes,2
computerizing,2
archaeobotanical,2
maplnfo,2
answer,2
leech,2
ducasse,2
perhaps,2
als,2
applying,2
trifonov,2
papailiopoulos,2
local,2
greatest,2
videodiscs,2
alvey,2
background,2
zarifis,2
upon,2
range,2
tutorial,2
formal,2
simulating,2
combining,2
yorkshire,2
trend,2
aree,2
rare,2
recovery,2
services,2
laboratory,2
full,2
advantages,2
students,2
roberts,2
berkshire,2
significance,2
similar,2
computational,2
ricerche,2
modem,2
oc,2
dominated,2
arc,2
methodological,2
gardin,2
creating,2
mexico,2
collected,2
distinction,2
preservation,2
heslerton,2
bekiari,2
circaea,2
graves,2
internal,2
leuven,2
parallel,2
easy,2
hungarian,2
wise,2
topics,2
effect,2
hasek,2
fur,2
cuyo,2
jakobs,2
analyze,2
looked,2
wildlife,2
professional,2
greek,2
arcnaeoiogy,2
hunt,2
hasenstab,2
factors,2
condah,2
topography,2
lo,2
lucet,2
society,2
binney,2
raise,2
kotsakis,2
select,2
podobnikar,2
who,2
biro,2
team,2
visual,2
gli,2
wilson,2
plains,2
html,2
tisza,2
pipeline,2
antiquities,2
table,2
itself,2
winstanley,2
anthropological,2
archéometrie,2
variable,2
rarely,2
mathias,2
woodwark,2
growing,2
kleefeld,2
mentioned,2
measurements,2
manual,2
simply,2
burnard,2
integrato,2
known,2
beagrie,2
kemp,2
palace,2
garlandini,2
ricerca,2
offers,2
troy,2
control,2
cox,2
sheep,2
anaresen,2
extraction,2
setting,2
exploration,2
reynoso,2
half,2
universal,2
amberweb,2
enhancements,2
patrimonio,2
manchester,2
collins,2
lancaster,2
recherche,2
pallares,2
rural,2
advances,2
forhistorisk,2
für,2
animal,2
cal,2
integrates,2
sysand,2
unique,2
them,2
traces,2
storage,2
pact,2
englands,2
agricultural,2
stanòié,2
map,2
microcosm,2
zur,2
oo,2
superiore,2
almost,2
contain,2
marozas,2
howard,2
outline,2
digitized,2
rylands,2
content,2
publishers,2
african,2
die,2
administration,2
koetje,2
fissure,2
allows,2
computerization,2
iberian,2
come,2
locations,2
clogg,2
generate,2
crumley,2
similarity,2
canouts,2
hadzilacos,2
ulb,2
americas,2
include,2
define,2
cornforth,2
altschul,2
effects,2
seeks,2
leiden,2
mountain,2
increased,2
madry,2
indices,2
davenport,2
needs,2
offered,2
west,2
territories,2
searching,2
removing,2
third,2
sperimentazione,2
focus,2
much,2
technological,2
intelligent,2
cross,2
southeastern,2
built,2
conception,2
lemmens,2
inventories,2
perception,2
increase,2
stoumbou,2
plunkett,2
agresti,2
tidmus,1
ñ,1
difficult,1
bianchimani,1
regione,1
palaeoeskimoisk,1
intricate,1
syntax,1
programmer,1
smoke,1
battlefield,1
instituto,1
currently,1
cartografico,1
produces,1
rate,1
automatisierte,1
lywj,1
resnick,1
esquivel,1
validation,1
child,1
page,1
ägyptische,1
oriented,1
liminal,1
dann,1
bookshelf,1
edge,1
common,1
implemented,1
ainaiysor,1
uark,1
photographic,1
asm,1
if,1
medieval,1
raab,1
meda,1
meaning,1
commentary,1
democracy,1
names,1
broadest,1
arches,1
investigaciones,1
toolkit,1
dangers,1
decades,1
residencial,1
credibility,1
affected,1
interventions,1
inexpensive,1
castro,1
tierra,1
hazendonk,1
prospection,1
ordination,1
ump,1
mcglade,1
ofhvar,1
natural,1
prairie,1
aboveground,1
obiets,1
northumbria,1
designer,1
mcclung,1
continental,1
depostional,1
connecticut,1
forcing,1
identifies,1
registering,1
cattani,1
partially,1
achievements,1
doom,1
modellistico,1
arcneoiogici,1
mtarch,1
veit,1
projectan,1
confidence,1
bailiff,1
identify,1
gualandi,1
altägyptischer,1
linkages,1
stratigraphische,1
registra,1
trueman,1
sets,1
continent,1
nps,1
rounded,1
islands,1
ufcopnysicai,1
cadd,1
bias,1
locators,1
postdepositional,1
jonathan,1
tós,1
cryptic,1
seriation,1
basilique,1
favor,1
knoerl,1
ti,1
former,1
researcn,1
abrams,1
doubts,1
acceptance,1
neues,1
position,1
andria,1
laboriously,1
erstellung,1
predicting,1
unlike,1
oxbow,1
evaluating,1
sonar,1
tells,1
geospan,1
pipes,1
nipigon,1
ussr,1
interpretative,1
arcnive,1
digitali,1
edu,1
indicating,1
mexican,1
source,1
actuality,1
diversity,1
annals,1
carmen,1
pérez,1
tei,1
contact,1
properties,1
romanian,1
rehearsed,1
women,1
aujourd,1
miegraiea,1
cutting,1
decisiva,1
complutense,1
predominantly,1
fiora,1
automated,1
fabric,1
somers,1
terramara,1
cast,1
witft,1
gap,1
explaining,1
permit,1
www,1
geosoft,1
australia,1
cope,1
textual,1
revisited,1
sectorthe,1
jackson,1
preceding,1
universitv,1
creation,1
hillslopes,1
bérard,1
om,1
biró,1
mrormauon,1
handle,1
deterministic,1
steady,1
attempts,1
aldenderfer,1
computere,1
historians,1
sampling,1
culturally,1
concentrated,1
drandaki,1
antropiche,1
viewer,1
attempt,1
telerilevate,1
progression,1
utilization,1
vanished,1
actual,1
arcinfo,1
ipotesi,1
syndney,1
anu,1
leach,1
hazy,1
editions,1
relativi,1
words,1
containing,1
zeitschrift,1
regrettable,1
regionale,1
buildup,1
copy,1
geographie,1
avec,1
secondary,1
aids,1
wainwright,1
siculus,1
together,1
vestgroenlandske,1
tours,1
undertake,1
uzee,1
adelsbergerová,1
differences,1
euespendes,1
kuna,1
peopling,1
messmer,1
imaginary,1
rich,1
admittedly,1
rule,1
inherent,1
ephemeral,1
knowable,1
live,1
substantive,1
mandibles,1
characterizing,1
tertiary,1
locality,1
httpv,1
photonet,1
picardie,1
scavi,1
evolving,1
pirot,1
subsequent,1
help,1
iroject,1
integrate,1
carta,1
bettinger,1
devised,1
nm,1
commercialism,1
newell,1
cheshire,1
manipulating,1
thessaloniki,1
remainder,1
conserve,1
proprietary,1
staff,1
contrasting,1
political,1
adventures,1
surely,1
alike,1
somewhat,1
signs,1
édition,1
sermon,1
surveys,1
soace,1
behind,1
rrom,1
computerprogramm,1
lecturer,1
fraternity,1
el,1
filozofske,1
ad,1
depends,1
trasformazioni,1
employs,1
mavfield,1
klinglberg,1
con,1
inclusive,1
counting,1
méxico,1
maasen,1
accuracy,1
museology,1
plain,1
verlag,1
polese,1
linear,1
animi,1
koger,1
fernando,1
liebercomputer,1
sunken,1
assertions,1
tutoring,1
formulation,1
component,1
capacity,1
burani,1
motion,1
constraint,1
sought,1
bases,1
mass,1
gm,1
firm,1
papailiopouios,1
bonerec,1
ventures,1
lim,1
newman,1
solving,1
bandwagon,1
bonestack,1
tivity,1
fairbaim,1
centuriation,1
chapter,1
aladino,1
account,1
vol,1
informatise,1
bitzou,1
opened,1
probing,1
determined,1
tsude,1
uesign,1
pets,1
magnetic,1
illustrate,1
soils,1
wünsch,1
sale,1
systèmes,1
peña,1
levitan,1
reaction,1
solely,1
functions,1
integrata,1
videography,1
julian,1
tentative,1
potok,1
informatico,1
pilot,1
landsat,1
mercaturae,1
barry,1
apart,1
mental,1
visualized,1
narbonnaise,1
topografia,1
chronaki,1
x,1
very,1
designto,1
establishment,1
archéologiearchivage,1
uncertain,1
cited,1
algorithm,1
requirements,1
due,1
above,1
negli,1
constrained,1
avebury,1
explorer,1
horticulturalists,1
recillas,1
campo,1
catajogazione,1
sequenze,1
irrespective,1
rayward,1
verwaal,1
meadow,1
warfare,1
cotswolds,1
stanéiô,1
collection,1
numismatica,1
ricostruzione,1
harmony,1
visits,1
interestingly,1
hudson,1
usage,1
modelled,1
expertise,1
regarding,1
ttnon,1
specifically,1
matériau,1
calafeu,1
restos,1
thus,1
auckland,1
chapters,1
multidimensional,1
examining,1
typological,1
systemi,1
applicazioni,1
language,1
historically,1
guinea,1
modify,1
spectrum,1
lakes,1
inevitable,1
run,1
countless,1
mycenae,1
longevity,1
fundgegenständen,1
tables,1
sediment,1
holdaway,1
unpublished,1
machine,1
loro,1
corner,1
millennium,1
stapeley,1
compilers,1
thompson,1
patchy,1
domain,1
bommeljé,1
schipunov,1
ut,1
regarded,1
trench,1
czechoslovak,1
bridging,1
aiatsis,1
esperienze,1
inazione,1
photographies,1
club,1
pm,1
raisonnement,1
vanguard,1
cf,1
handbooks,1
encyclopedia,1
ibenan,1
ranters,1
theoretic,1
fabrics,1
geometry,1
employing,1
stratigrafianalyse,1
treasure,1
kais,1
century,1
manager,1
dudley,1
montana,1
arkéoplan,1
acao,1
forced,1
kind,1
exercise,1
arheologija,1
vestgroenjandske,1
chive,1
economical,1
oxfordshire,1
archaeologyan,1
wail,1
arroux,1
bay,1
informáticas,1
gafihey,1
pokrejine,1
antropológicas,1
refer,1
thornes,1
polo,1
hui,1
santa,1
bibliographie,1
speed,1
agility,1
response,1
quantifying,1
mphil,1
calomirakis,1
offerings,1
wares,1
inclusion,1
nistory,1
output,1
moving,1
firth,1
afford,1
grundlagenvermessung,1
flood,1
illustrator,1
vyner,1
libraries,1
baviera,1
misleading,1
aninropoiogy,1
walter,1
giacomo,1
compare,1
leese,1
perseus,1
scripta,1
culturan,1
pausanias,1
sgml,1
farley,1
stanöiö,1
ceramigrafo,1
even,1
student,1
charcoals,1
excavator,1
ivccuiu,1
rauuiuu,1
critique,1
rilievo,1
shading,1
storica,1
caruso,1
datenbank,1
demonstration,1
citizen,1
spread,1
deeply,1
longterm,1
banca,1
recherches,1
neustupn,1
niagara,1
malaysia,1
overfladefiind,1
hervé,1
thesaurus,1
dust,1
staffordshire,1
dolenjska,1
formats,1
romania,1
rczkowski,1
incidental,1
sabine,1
walls,1
oberlin,1
carstens,1
glen,1
morphometric,1
oj,1
failed,1
gaining,1
downright,1
iinmiü,1
via,1
reconstructed,1
assistée,1
colin,1
attività,1
manipulated,1
verzetteln,1
whose,1
cerri,1
veiy,1
greffier,1
laserdisc,1
templeton,1
espa,1
derevianko,1
identification,1
czechoslovakia,1
act,1
his,1
subjected,1
ascea,1
lianos,1
principally,1
lniorraauon,1
expanding,1
mes,1
compatible,1
perceiving,1
ennancemem,1
primitives,1
meneses,1
delrinfromatica,1
astronomy,1
potentials,1
nominal,1
tancy,1
fantasies,1
informatisation,1
explicit,1
af,1
katsaridis,1
rcd,1
fusions,1
archaic,1
hughes,1
aplicaciones,1
peninsula,1
knew,1
represented,1
conoscenza,1
ljubljana,1
opportunity,1
axboe,1
determining,1
bildhafte,1
nsw,1
risk,1
integriertes,1
fakultete,1
legal,1
flexible,1
connected,1
ex,1
dbms,1
generalised,1
filmate,1
otlett,1
republic,1
exemple,1
disegno,1
branch,1
revelation,1
novice,1
jm,1
nicot,1
verbruggen,1
polytechnic,1
ordinateur,1
salutary,1
rules,1
burials,1
discoveries,1
arbor,1
awareness,1
stancié,1
archéoutils,1
harmonization,1
update,1
fudlic,1
belcher,1
uue,1
moves,1
superhighway,1
multivariate,1
lagogianni,1
support,1
projet,1
viewfinder,1
vaunted,1
giacomini,1
eighteen,1
teegen,1
centuriate,1
suppression,1
maryland,1
peebles,1
vue,1
stanòiò,1
altertumskunde,1
ueograpmc,1
bad,1
consultation,1
plus,1
operates,1
cyprus,1
creates,1
civilizations,1
consider,1
underdeveloped,1
pasv,1
possibly,1
sabo,1
benefits,1
specialization,1
intensive,1
spiliopoulou,1
ashmore,1
emergence,1
dated,1
otiaherty,1
archnet,1
comune,1
internationale,1
linked,1
semantics,1
byzantine,1
murcia,1
edition,1
safe,1
thirty,1
hilder,1
luff,1
genevriez,1
without,1
arqueología,1
tampan,1
hefce,1
northeastern,1
argued,1
frequently,1
reviewed,1
uaia,1
uve,1
unavoidable,1
retrospective,1
milan,1
initiative,1
colosi,1
projectthe,1
horizontally,1
arthaeobgy,1
larkin,1
romanesque,1
statt,1
tried,1
cunliffe,1
wauonai,1
peru,1
fueawuand,1
linkage,1
followed,1
defines,1
idealized,1
obstacles,1
iakovleva,1
comprising,1
cost,1
sll,1
perform,1
hoard,1
traitments,1
caribou,1
futato,1
exploitation,1
engines,1
plenum,1
centrale,1
permanent,1
answers,1
jomputer,1
salerno,1
ogleby,1
care,1
animations,1
tecnologie,1
syntheses,1
sangiorgio,1
photos,1
required,1
popova,1
processor,1
modellatone,1
mer,1
cut,1
oblique,1
lor,1
numerical,1
zoetbrood,1
archaeologische,1
rickmrds,1
reflections,1
rugghi,1
matching,1
changes,1
challenges,1
whereas,1
strategiesy,1
slimpac,1
souris,1
worries,1
expressed,1
stanòio,1
ou,1
tipo,1
uttice,1
closely,1
advance,1
antiquaries,1
jadis,1
whom,1
identifying,1
khorushkin,1
ethnography,1
intervisible,1
contributo,1
tra,1
martinez,1
túnel,1
appearance,1
encoding,1
holds,1
basin,1
called,1
color,1
traditionally,1
archäologisches,1
explanatory,1
ägyptologisches,1
sequel,1
young,1
nypermeaia,1
effort,1
users,1
jonnson,1
format,1
scenes,1
systemtowards,1
cigarralejo,1
rooms,1
insula,1
koman,1
hough,1
relate,1
upgrading,1
zone,1
wiicock,1
aloof,1
sistemi,1
constantly,1
hackness,1
ricci,1
funérairespexample,1
thames,1
czech,1
sluckin,1
embedded,1
wallis,1
unions,1
logiciste,1
fourth,1
znanstveni,1
videodisco,1
sulla,1
accessing,1
multimédia,1
understood,1
wales,1
war,1
mainly,1
ravello,1
preistorica,1
massari,1
treat,1
viewed,1
ceramics,1
kato,1
produced,1
sul,1
politics,1
cannot,1
priorities,1
promise,1
mentita,1
jefferson,1
excellent,1
ureen,1
thin,1
appearing,1
videomicroscopy,1
migrations,1
burgess,1
universidad,1
your,1
quartermaine,1
pias,1
saving,1
absolute,1
vehicles,1
taught,1
uxiora,1
lizee,1
denholm,1
gps,1
beaker,1
january,1
animated,1
papoudas,1
petrova,1
coin,1
criteria,1
technical,1
gili,1
fcrtassung,1
servizio,1
shape,1
abuse,1
watershed,1
stantie,1
zanello,1
tavernor,1
gained,1
tutela,1
aging,1
uispp,1
keeping,1
compact,1
figurative,1
methode,1
idées,1
gains,1
romans,1
korinthia,1
bc,1
aetolia,1
giasone,1
hinsheiwood,1
dbase,1
industrial,1
udnyttelse,1
start,1
ideal,1
teotihuacan,1
ouuaing,1
archaeoio,1
writers,1
nine,1
stafford,1
palaeopathology,1
scenary,1
nyhedsbrev,1
brought,1
terrer,1
interand,1
characterization,1
crude,1
waldron,1
civil,1
neolithization,1
goodson,1
curriculum,1
formalisation,1
reduction,1
padula,1
southwest,1
patterning,1
gandont,1
tenure,1
routinely,1
minority,1
constantonopoulos,1
year,1
seniemeni,1
lunburg,1
gave,1
longstaff,1
describe,1
archaeologywhy,1
discussions,1
place,1
urbs,1
atreus,1
groenewoudt,1
demonstrates,1
cnaa,1
iwx,1
hm,1
decipherment,1
contains,1
archaeologystudies,1
représentation,1
actually,1
moments,1
middle,1
pan,1
mise,1
andreou,1
antike,1
compoter,1
sts,1
focuses,1
away,1
yerkes,1
hampshire,1
overseas,1
gonzález,1
intersections,1
systematic,1
dinn,1
participate,1
achieving,1
rovner,1
showing,1
indianapolis,1
waten,1
mortals,1
lau,1
steckner,1
obliques,1
lakehead,1
combine,1
kota,1
iille,1
sensuous,1
whither,1
scheduled,1
indexed,1
lithics,1
presentations,1
redressement,1
perfido,1
delgiovine,1
count,1
computerzeichnungçn,1
dalmatia,1
chinea,1
positioning,1
annotated,1
archeology,1
nike,1
catchments,1
mathers,1
arkansas,1
bibliographies,1
lucci,1
holmen,1
terramarra,1
statistically,1
solution,1
stanéiò,1
eine,1
successful,1
describing,1
kultur,1
hard,1
working,1
vinosk,1
cataloguing,1
inference,1
responsibility,1
assendelvers,1
digitizing,1
sachsenanhalt,1
parish,1
computerizzato,1
affreschi,1
tempe,1
mound,1
relating,1
applicability,1
order,1
trie,1
contrast,1
irish,1
interacting,1
medievale,1
jacobson,1
discourse,1
ieds,1
baeur,1
quite,1
dintis,1
características,1
jonkers,1
iberia,1
sake,1
dobbs,1
altay,1
ârhus,1
codifica,1
several,1
allison,1
iyy,1
habitation,1
eda,1
began,1
initiating,1
soil,1
teoria,1
vince,1
dewerra,1
driving,1
treetext,1
wider,1
replace,1
vector,1
compatibility,1
califano,1
county,1
romney,1
dodo,1
civic,1
devices,1
observe,1
invaluable,1
australian,1
peak,1
shadows,1
herz,1
climate,1
stanéiè,1
visitor,1
zamboni,1
idrisi,1
lavell,1
impossible,1
machina,1
dedicated,1
spence,1
fully,1
cremaschi,1
mythological,1
overemphasized,1
when,1
beacon,1
nationalmuseets,1
universities,1
majority,1
réorientation,1
valenza,1
bietti,1
protostorici,1
relevé,1
bollettino,1
girardot,1
landscapesapproaches,1
environmentally,1
notes,1
üionograpny,1
barceió,1
computation,1
cairn,1
increments,1
sj,1
contributory,1
remota,1
informational,1
verola,1
preysler,1
arasa,1
brad,1
accomputer,1
nations,1
subsequently,1
fonti,1
lozère,1
chronological,1
degli,1
battle,1
register,1
testi,1
navigazione,1
microwear,1
saccoccio,1
he,1
transform,1
habitats,1
goriachev,1
lieberman,1
situation,1
studia,1
demand,1
gandon,1
metodologia,1
exeter,1
lit,1
fukasawa,1
unaerwaier,1
catchment,1
aspinall,1
jovols,1
molina,1
economic,1
spennemann,1
insediamenti,1
located,1
illuminating,1
saqqara,1
testimonianze,1
bolsover,1
ferrari,1
decker,1
playground,1
concentrations,1
nenov,1
play,1
cartography,1
corporation,1
koyenta,1
forward,1
emilia,1
novosibirsk,1
rodriguez,1
constraints,1
etc,1
heijo,1
krist,1
community,1
pictorial,1
romagna,1
trux,1
harry,1
mainstream,1
interactions,1
collegiate,1
studien,1
anderitum,1
humans,1
lockhart,1
recreating,1
movement,1
intervisibility,1
roads,1
hitherto,1
surveyed,1
idba,1
assendelver,1
siti,1
decisions,1
direction,1
isknd,1
measure,1
disegna,1
conventional,1
nubia,1
kamerraans,1
prance,1
irom,1
calculate,1
palamedeapplication,1
reportsa,1
screen,1
wortbesprechungen,1
antiquarian,1
auspices,1
vila,1
quebec,1
vs,1
etat,1
rrojeci,1
represents,1
deiristituto,1
deus,1
meo,1
rhodes,1
serve,1
outile,1
ajiiot,1
plough,1
ring,1
funinteractive,1
fifth,1
restricted,1
manor,1
manzanilla,1
winding,1
perceived,1
demographic,1
dé,1
uobera,1
assimilation,1
archaeobotanic,1
ucko,1
macintosh,1
schwerdtner,1
burgundy,1
murgalé,1
complete,1
hadnan,1
bloomington,1
arcs,1
rectangular,1
stoll,1
rising,1
obzomik,1
every,1
cementum,1
ägyptologische,1
kardulias,1
tomba,1
hyperdocument,1
trattamento,1
stando,1
largest,1
vers,1
kambouris,1
algebraic,1
damaged,1
finnish,1
stanèié,1
aériennes,1
noted,1
increasingly,1
hadrian,1
contesto,1
tavlor,1
locational,1
krause,1
independent,1
hoffman,1
territoriale,1
knapp,1
argeles,1
muy,1
ceramic,1
routes,1
awakened,1
kéhler,1
members,1
corinthia,1
topographically,1
denkmalpflege,1
holosverlag,1
pd,1
quattriri,1
name,1
successfully,1
california,1
french,1
mineralogical,1
paul,1
sistematico,1
book,1
participated,1
longhouse,1
challenge,1
interpretazione,1
scan,1
fragmentation,1
death,1
locating,1
pointed,1
preferences,1
rompeil,1
ecological,1
similarly,1
freedom,1
troia,1
towns,1
domains,1
revealed,1
lime,1
conduct,1
water,1
dalle,1
sui,1
skills,1
registration,1
multimediali,1
arawe,1
fact,1
envarch,1
unifying,1
longer,1
gruel,1
distribución,1
consideration,1
preserve,1
fundamental,1
blur,1
scholars,1
informationssystem,1
departments,1
bonetto,1
proposal,1
euesperides,1
environs,1
appeared,1
match,1
abstract,1
sprache,1
nunez,1
uec,1
lombardia,1
layer,1
enable,1
winterhaider,1
larger,1
header,1
examinations,1
lamprell,1
district,1
demonstrating,1
ivw,1
quelques,1
ror,1
chohfi,1
potes,1
tridimensionale,1
chs,1
variation,1
sheen,1
considerable,1
proofing,1
nuclear,1
man,1
worn,1
kelationshtp,1
bradford,1
httpy,1
foreseeable,1
quattrin,1
anthropologist,1
acequia,1
never,1
readers,1
selinunte,1
comprehensive,1
hand,1
determinism,1
monographs,1
ivy,1
gaule,1
covered,1
leeds,1
thou,1
sz,1
altägyptischen,1
sadly,1
intersite,1
kluckhow,1
existing,1
urls,1
establish,1
marzi,1
hinterlands,1
mural,1
zacearía,1
slovenia,1
less,1
parent,1
council,1
irwin,1
necessary,1
til,1
agencies,1
pierobon,1
deep,1
aldi,1
isostatically,1
tsetween,1
schick,1
rebuilding,1
kentucky,1
consultant,1
native,1
teeth,1
aldenderder,1
ferretti,1
exceeds,1
flint,1
buildingswith,1
jj,1
museumsindexan,1
alle,1
fundamentals,1
topográfica,1
argument,1
kurchin,1
schofield,1
midwest,1
eminently,1
computeranwendung,1
remained,1
troica,1
microsoft,1
raposso,1
entity,1
systemsthe,1
resmck,1
von,1
numic,1
krinzinger,1
innovazione,1
classes,1
fejes,1
meaningful,1
activities,1
investment,1
elevations,1
divided,1
conjunto,1
banche,1
brault,1
sherman,1
atlantic,1
plowing,1
indiana,1
success,1
wessex,1
suera,1
own,1
comprise,1
pujana,1
graph,1
pendragon,1
multimediale,1
values,1
limitations,1
israel,1
sides,1
lukesh,1
realities,1
looking,1
adjacency,1
sonware,1
scala,1
archaeologicajly,1
concern,1
karegamunene,1
arkaeologi,1
keyhole,1
inquadrati,1
photorealism,1
uien,1
hypotheses,1
soitware,1
largely,1
assumption,1
magdalenian,1
decreed,1
pompei,1
exciting,1
risch,1
factor,1
andrefsky,1
ecotechnology,1
majid,1
orlandi,1
archéologique,1
sequence,1
consortium,1
products,1
net,1
programma,1
assign,1
engineers,1
ubsrcollection,1
maintains,1
marmara,1
gruffydd,1
individuals,1
steppe,1
trust,1
radiocarbon,1
prelude,1
raising,1
office,1
alphanumeric,1
theories,1
dating,1
stutt,1
karel,1
theoretical,1
prospects,1
vii,1
mellars,1
finally,1
trade,1
anasazi,1
cdrom,1
scanning,1
open,1
martiew,1
appraisal,1
clear,1
englandpast,1
biblical,1
ruvo,1
reproccomputer,1
emphasizing,1
authors,1
stress,1
inadequate,1
nora,1
points,1
damage,1
edb,1
aicoiaion,1
uia,1
mofíétt,1
interpret,1
august,1
voronin,1
held,1
symposium,1
haunted,1
informacijski,1
allowed,1
democratizing,1
started,1
zealand,1
epigrafia,1
indexing,1
bringing,1
ely,1
pincevent,1
puno,1
vermeersch,1
mount,1
features,1
memorable,1
linking,1
stresses,1
paths,1
résultats,1
suirambra,1
practiced,1
spirits,1
keen,1
spam,1
fruizione,1
peer,1
black,1
standard,1
procuring,1
primer,1
stanziò,1
adequately,1
permitting,1
excavating,1
antico,1
men,1
quick,1
stanèïo,1
promotion,1
winder,1
archeograf,1
procurement,1
integers,1
educational,1
jerem,1
geografico,1
ekimov,1
article,1
commentators,1
trying,1
imaginative,1
miles,1
aegean,1
reconstitution,1
craft,1
kit,1
torarkaeologien,1
interpretations,1
assessing,1
archaeozoology,1
exactly,1
anderson,1
proceeding,1
rectiîication,1
availability,1
burnett,1
contextualism,1
geoplot,1
thirteenth,1
situ,1
probably,1
cinque,1
looks,1
white,1
story,1
competer,1
copyright,1
attracted,1
pala,1
préliminaires,1
versus,1
saw,1
frankish,1
we,1
lyw,1
tendency,1
thunder,1
catalogatone,1
relative,1
seduction,1
lopata,1
viewsheds,1
greca,1
buropean,1
reynolds,1
steps,1
mytum,1
instituti,1
rigopoulos,1
compiutimi,1
inventaire,1
virtuality,1
division,1
justice,1
ufcuar,1
visit,1
federal,1
china,1
valdés,1
scientica,1
dealing,1
dreidimensionale,1
tracker,1
noisy,1
bon,1
tests,1
arcnaeoiogie,1
diodorus,1
cumbria,1
poscolieri,1
relationship,1
gardermoen,1
rakatoarisoa,1
datenbanksystem,1
pro,1
archis,1
stems,1
iroquois,1
catia,1
today,1
note,1
africa,1
klassifikation,1
già,1
evolve,1
eidologia,1
mixture,1
tsigourakos,1
transport,1
fornvännen,1
popularity,1
macrobotanicos,1
maini,1
usually,1
direct,1
pauly,1
nachlese,1
nara,1
imbalance,1
barley,1
recuero,1
vision,1
gilmour,1
impressive,1
raçzkowski,1
geoarchaeologìa,1
kipaa,1
hill,1
issuel,1
begin,1
archäologischen,1
scienze,1
inside,1
confronto,1
foreword,1
computervision,1
lines,1
surveying,1
discard,1
widespread,1
buchsenschutz,1
primarily,1
bohemia,1
ea,1
segeth,1
transformed,1
anomalies,1
deposit,1
detailed,1
vargas,1
force,1
ipermediale,1
cadastre,1
hopeful,1
dirt,1
determination,1
grinding,1
contribution,1
palimpsest,1
rapidly,1
mississippl,1
try,1
stimulated,1
essing,1
tjomputer,1
why,1
safest,1
literacy,1
introductory,1
responsible,1
romanisation,1
hayles,1
continually,1
fe,1
existed,1
parra,1
understand,1
gilraan,1
grundlage,1
setti,1
dead,1
ruff,1
stratified,1
supporting,1
roma,1
suisse,1
chirica,1
esperto,1
canada,1
parkin,1
dales,1
arts,1
migliore,1
problematic,1
generator,1
multisensor,1
investigate,1
méthode,1
blurred,1
secolo,1
earliest,1
bowyer,1
matters,1
feihl,1
probabalistic,1
nacional,1
nemage,1
chiribiquete,1
motten,1
school,1
shaw,1
meant,1
publicly,1
graphs,1
share,1
contained,1
heavy,1
monument,1
going,1
beast,1
trackways,1
historian,1
uiò,1
fluny,1
inventory,1
archaeologia,1
prehistory,1
sorting,1
authoring,1
conclusion,1
rievaulx,1
caretsou,1
version,1
conjunction,1
incorporated,1
vestgroenlandskeindland,1
ultimate,1
exhibitions,1
must,1
founded,1
extending,1
demonstrate,1
zoo,1
extensive,1
carr,1
concordance,1
thiessen,1
roas,1
speculating,1
pompeo,1
symbolic,1
serafín,1
korrespondenzblatt,1
precise,1
alphanumerics,1
postscriptgis,1
excel,1
reconnaissance,1
llobera,1
teotihuacano,1
velia,1
pt,1
bruce,1
servi,1
moscatelli,1
perry,1
colorado,1
comparative,1
cover,1
smr,1
oztoyahualco,1
drafting,1
pringle,1
defining,1
kilmartin,1
kirkinen,1
glifford,1
meachan,1
salvia,1
ofpinon,1
vy,1
colonization,1
karaermans,1
gyftodimos,1
monteiro,1
sure,1
belli,1
feature,1
readily,1
tara,1
aei,1
parmegiani,1
tomb,1
ancestor,1
specialized,1
giampietri,1
novel,1
attribute,1
alistic,1
gegerun,1
innovations,1
believe,1
sm,1
capital,1
stack,1
did,1
best,1
lapp,1
contextual,1
straightforward,1
casi,1
delfi,1
print,1
instantaneous,1
ph,1
printed,1
nuggcu,1
stressed,1
wall,1
unina,1
inquiry,1
authorware,1
foundation,1
yoshinogari,1
impiego,1
mone,1
tu,1
denver,1
wilkinson,1
turkey,1
losi,1
encouraging,1
build,1
hypotheticodeductive,1
arcfteojogico,1
reiliy,1
pictures,1
paffenholz,1
mnonai,1
occupation,1
essentially,1
sql,1
rickards,1
davidson,1
drum,1
better,1
sistematizzazione,1
maltese,1
automation,1
subterranean,1
avancement,1
following,1
beginning,1
kopteva,1
knows,1
uomputers,1
sygrafresource,1
nederiandse,1
according,1
worid,1
foolhardy,1
apain,1
inortn,1
midlands,1
heads,1
geograpnic,1
bfc,1
eulogia,1
notable,1
sorieelli,1
discharge,1
fuego,1
circles,1
traitement,1
iy,1
aarfius,1
ones,1
degree,1
dem,1
proven,1
olà,1
statement,1
mere,1
poviglio,1
penetration,1
wiseman,1
extent,1
inscriptions,1
nautical,1
bennink,1
höhnen,1
getting,1
iyw,1
gissen,1
foundations,1
charting,1
classificazione,1
dissecting,1
landesamt,1
serratore,1
studying,1
divide,1
mull,1
fieldiana,1
explored,1
delle,1
influenced,1
apartment,1
cgal,1
redato,1
suggests,1
instilled,1
pislary,1
enncned,1
aguas,1
universe,1
compuienzca,1
lawler,1
beazley,1
anatomia,1
merinsky,1
paintings,1
boldly,1
kirkstall,1
esperienza,1
preserved,1
entrance,1
portraying,1
ill,1
guiilot,1
protected,1
reported,1
conclude,1
ohio,1
somerset,1
sea,1
eas,1
despite,1
marble,1
metnoas,1
practices,1
pdms,1
frescoes,1
lauder,1
courses,1
marquardt,1
predictions,1
englandtheory,1
deacon,1
transition,1
disciplines,1
rendering,1
step,1
agents,1
archeozoologia,1
re,1
vertically,1
sion,1
investigated,1
unbiasing,1
scavo,1
bloomfield,1
bruschini,1
ukl,1
resistance,1
contreras,1
gisiger,1
treasury,1
citations,1
topografía,1
stevenson,1
mention,1
maintained,1
snow,1
schoenfelder,1
au,1
writing,1
da,1
goals,1
oeuvre,1
kiln,1
milles,1
fiume,1
possibile,1
autónoma,1
seccacini,1
bomba,1
our,1
generale,1
reprocessing,1
palmyra,1
prospettive,1
rogger,1
elib,1
haak,1
question,1
moscati,1
promoted,1
informationa,1
nyt,1
formation,1
ulò,1
cba,1
until,1
kellington,1
underworld,1
museogratìa,1
lists,1
sellafield,1
croatia,1
databasenew,1
difference,1
restrictions,1
arcnaeotogicat,1
average,1
zones,1
advent,1
provenance,1
cropper,1
easier,1
argentina,1
camps,1
numerous,1
katharinen,1
bertranpetit,1
zum,1
chemical,1
nikopolis,1
immersive,1
accept,1
óztoyanualco,1
isles,1
vaerktoej,1
zations,1
stantìe,1
brain,1
revolutionize,1
bolletino,1
instead,1
sues,1
grown,1
deltos,1
realism,1
investigator,1
enabling,1
dular,1
gaffaey,1
physical,1
preliminare,1
esperimento,1
cautionary,1
barnes,1
uncontrolled,1
reflexive,1
modules,1
pâmai,1
antonini,1
photograph,1
waves,1
docs,1
arbeidsmark,1
hypercard,1
measured,1
sysiems,1
préhistoriques,1
recalling,1
débat,1
afarkaeologiske,1
dutch,1
gower,1
summary,1
papua,1
doubtless,1
ied,1
moved,1
vi,1
nsora,1
supported,1
vessel,1
removed,1
espaciales,1
buffalo,1
francovich,1
det,1
tri,1
lanter,1
coyere,1
comunità,1
defunct,1
stanoiò,1
strutturazione,1
strategic,1
scholarship,1
point,1
graphiques,1
archiviazione,1
chicago,1
nuova,1
reached,1
sériations,1
era,1
conceptual,1
michigan,1
gritzapi,1
ruby,1
rocky,1
create,1
uncertainty,1
crompton,1
stanctf,1
arcneoiogw,1
shropshire,1
spectral,1
ownership,1
northwestern,1
charging,1
newsletters,1
bridger,1
observed,1
messika,1
profiles,1
performance,1
broader,1
oí,1
daughter,1
cjlà,1
urns,1
cartografia,1
lyyuj,1
churchyard,1
htmi,1
bacino,1
deeper,1
