WORDCOUNTS,WEIGHT
the,1704
of,1056
and,924
in,626
a,417
o,260
that,248
is,241
to,239
from,227
j,222
c,221
s,190
de,158
for,154
with,144
are,139
d,127
as,127
i,125
m,124
by,124
human,122
at,116
et,114
modern,111
bp,108
ka,98
paleolithic,97
aurignacian,94
g,91
f,90
e,88
evidence,87
early,87
la,85
h,84
level,83
l,80
europe,78
upper,77
this,77
or,77
p,73
al,71
ornaments,71
on,71
pp,69
middle,68
it,67
r,67
an,65
not,65
b,64
humans,63
cave,63
neandertals,61
have,57
springer,56
were,55
be,55
archaeol,54
res,54
site,52
du,52
two,52
art,51
journal,50
which,50
n,49
errico,48
cultural,47
t,47
archaeological,47
such,46
eds,46
africa,46
been,46
also,45
beads,44
near,44
between,44
their,43
evolution,43
levels,42
age,42
time,42
protoaurignacian,41
x,40
en,40
neandertal,40
was,39
however,39
dated,38
perforated,38
anthropology,38
zilhão,38
bone,37
only,37
ed,35
remains,35
one,34
east,34
w,34
but,34
these,34
where,34
k,34
same,33
new,33
radiocarbon,33
earliest,33
they,32
late,32
dating,32
grotte,32
dates,31
after,31
found,31
v,31
paléolithique,31
sites,30
châtelperronian,30
le,29
chronology,29
all,28
fig,28
grooved,28
iup,28
les,27
shell,27
more,27
material,27
symbolic,27
african,27
those,26
central,26
palaeolithic,26
southern,26
european,26
france,26
yielded,26
because,25
personal,25
both,25
if,24
before,24
ii,24
eastern,24
fact,24
ahmarian,24
des,24
sequence,23
implications,23
context,23
than,23
no,23
origins,23
supérieur,23
species,23
science,23
shells,23
current,23
ivory,23
fossil,23
stone,22
nature,22
university,22
well,22
years,22
use,22
der,22
different,22
some,22
el,21
most,21
pleistocene,21
south,21
neanderthals,21
latter,21
arqueologia,21
given,21
among,21
into,20
press,20
recovered,20
trinkaus,20
q,20
research,20
first,19
other,19
marine,19
cu,19
behavior,19
y,19
lithic,19
vanhaeren,19
its,19
made,19
cambridge,19
range,19
conard,18
later,18
western,18
diffusion,18
transitional,18
people,18
results,18
paris,18
renne,18
points,18
msa,18
transition,18
kuhn,18
case,17
thus,17
stratigraphie,17
similar,17
direct,17
emergence,17
charcoal,17
further,17
record,17
used,17
documented,17
evolved,17
three,17
préhistoire,17
has,17
ksar,16
moderns,16
international,16
may,16
akil,16
uluzzian,16
consistent,16
least,16
clear,16
stringer,16
could,16
must,16
technocomplexes,16
large,15
contact,15
production,15
germany,15
canine,15
white,15
had,15
behavioral,15
part,15
explanation,15
deposits,15
mellars,15
features,15
any,15
rocksheiter,15
concerned,14
contexts,14
henshilwood,14
date,14
anatomically,14
point,14
ostrich,14
biombos,14
eggshell,14
out,14
burial,14
populations,14
oxford,14
fragments,14
teeth,14
can,14
northern,14
neanderthal,14
boker,14
associated,14
now,13
asia,13
bead,13
notion,13
à,13
marks,13
cannot,13
fox,13
del,13
london,13
incisor,13
ochre,13
single,13
technology,13
abstract,13
modem,13
taborin,13
pierced,13
reindeer,12
fragment,12
slabs,12
aurignacien,12
prehistory,12
skeleton,12
levant,12
shape,12
svoboda,12
regions,12
below,12
small,12
when,12
die,12
biological,12
continuity,12
culture,12
layer,12
present,12
israel,12
samples,12
co,12
obtained,12
bulletin,12
considered,12
lisboa,12
come,12
deer,12
instituto,11
represent,11
hublin,11
york,11
valladas,11
português,11
review,11
even,11
industries,11
esr,11
section,11
suggested,11
ferrassie,11
figurative,11
during,11
ü,11
archaeology,11
involved,11
world,11
above,11
smith,11
complete,11
préhistorique,11
identical,11
model,11
chauvet,11
would,11
so,11
series,11
sciences,11
bordes,11
type,11
animal,11
through,11
dentalium,11
although,11
cognitive,11
region,11
nassarius,11
affinities,10
available,10
simple,10
basin,10
there,10
fossils,10
bones,10
red,10
sapiens,10
modernity,10
whose,10
instance,10
occupation,10
tools,10
artifacts,10
blade,10
overlying,10
lower,10
social,10
mediterranean,10
fully,10
absence,10
trabalhos,10
dna,10
ph,10
assemblage,10
proceedings,10
piece,10
assemblages,10
significant,10
national,10
delluc,10
earlier,10
evolutionary,10
italy,10
figures,10
millennia,10
comes,10
known,10
particular,10
interval,10
size,10
until,10
hypothesis,10
either,9
long,9
origin,9
last,9
key,9
possible,9
very,9
uppermost,9
leveque,9
items,9
excavations,9
société,9
modified,9
four,9
wadley,9
broglio,9
brooks,9
marean,9
excavated,9
revolution,9
prehistoric,9
liège,9
regional,9
bovid,9
entirely,9
mochi,9
greece,9
dans,9
innovations,9
did,9
u,9
poland,9
association,9
technological,9
recent,9
grün,8
pettitt,8
former,8
fortea,8
body,8
gibbosula,8
homo,8
di,8
moreover,8
clearly,8
result,8
recently,8
directly,8
significantly,8
symbolism,8
bar,8
industry,8
und,8
bohunician,8
stratigraphies,8
academy,8
rock,8
poort,8
figurines,8
another,8
bear,8
mcbrearty,8
tubes,8
patterns,8
often,8
excluded,8
five,8
pieces,8
moravia,8
over,8
oase,8
sitlivy,8
oo,8
suggests,8
ring,8
therefore,8
usa,8
manufacture,8
canines,8
area,8
archaic,8
much,8
tachtit,8
does,7
groups,7
american,7
ma,7
history,7
emerged,7
eurasia,7
genetic,7
corresponding,7
framework,7
bailey,7
perspective,7
putative,7
left,7
interpretation,7
represented,7
cueva,7
tooth,7
objects,7
moyen,7
view,7
distribution,7
base,7
engraved,7
dispersal,7
explain,7
tool,7
horse,7
fumane,7
apparent,7
parure,7
horizon,7
several,7
society,7
nearby,7
van,7
indeed,7
museum,7
ams,7
contemporary,7
geography,7
markings,7
top,7
empirical,7
mousterian,7
wolpoff,7
pattern,7
mercier,7
individual,7
times,7
characterized,7
figurine,7
black,7
exchange,7
probably,7
cnrs,7
lines,7
analysis,7
stiner,7
face,7
biology,7
border,7
then,7
thinking,7
anthropologie,7
occurrences,7
quaternary,7
natural,7
unknown,7
cq,7
admixture,7
what,7
conclusion,7
information,7
archéologiques,7
kebara,7
sur,7
contamination,7
should,7
howieson,6
ä,6
mania,6
way,6
morphology,6
ritual,6
continent,6
behaviour,6
gamble,6
reliably,6
cross,6
bahn,6
preceding,6
au,6
definition,6
hunting,6
subsequent,6
mind,6
bladelets,6
sesselfelsgrotte,6
belgique,6
securely,6
language,6
koztowski,6
hahn,6
bronk,6
rather,6
unit,6
process,6
parts,6
burials,6
uçagizli,6
bordeaux,6
bachokirian,6
actes,6
painted,6
based,6
française,6
teyssandier,6
basis,6
data,6
related,6
hovers,6
wendt,6
quite,6
qafzeh,6
up,6
finds,6
ancien,6
object,6
bon,6
still,6
willendorf,6
vandermeersch,6
once,6
parsimonious,6
ancient,6
french,6
morin,6
motifs,6
demographic,6
occupations,6
argument,6
ö,6
open,6
tl,6
decorated,6
gurioli,6
provides,6
systems,6
www,6
perspectives,6
independent,6
support,6
table,6
types,6
dissertation,6
extensive,6
ramsey,6
physical,6
particularly,6
ff,6
far,6
them,6
amud,6
kaufman,6
reported,6
iberian,6
fi,6
études,6
product,6
haesaerts,6
potential,6
dordogne,6
interaction,6
major,6
miller,5
complex,5
züchner,5
studies,5
favor,5
diversity,5
containing,5
incisors,5
broadly,5
suggesting,5
argue,5
feature,5
situ,5
marshack,5
right,5
replacement,5
terminus,5
spain,5
throughout,5
royal,5
escutenaire,5
madrid,5
joris,5
sample,5
cases,5
underlying,5
apollo,5
stratum,5
romania,5
gallia,5
vindija,5
derevianko,5
exact,5
ml,5
across,5
developed,5
blanks,5
í,5
recherches,5
geissenklösterle,5
acquisition,5
river,5
proposed,5
air,5
argued,5
reviewed,5
surface,5
whereas,5
santander,5
lakonis,5
italian,5
possibility,5
rybin,5
cores,5
traits,5
europa,5
population,5
younger,5
tabun,5
congrès,5
rink,5
reduction,5
place,5
issues,5
reportedly,5
we,5
change,5
suggest,5
settlement,5
few,5
presence,5
latest,5
cl,5
annual,5
deacon,5
reviews,5
chronological,5
institut,5
likely,5
gravettian,5
indicates,5
barham,5
about,5
quern,5
extinction,5
si,5
hearth,5
données,5
many,5
gastropod,5
shows,5
bednarik,5
viii,5
ages,5
stránská,5
distance,5
number,5
behaviors,5
ce,5
including,5
manufactured,5
assume,5
processes,5
vii,5
sobczyk,5
revised,5
levallois,5
capabilities,5
crayons,5
controversial,5
applies,5
separate,5
negev,5
who,5
diagnostic,5
contained,5
following,5
extension,5
cm,5
baffier,5
pit,5
places,5
explanations,5
bristol,5
mandible,5
molecular,5
thousands,5
infant,5
observed,5
finally,5
approximately,5
need,5
requires,5
dental,5
close,5
currently,4
mostly,4
rothschild,4
indicated,4
meaning,4
montes,4
mouth,4
ram,4
wolf,4
aus,4
excavation,4
necessarily,4
hominid,4
total,4
eye,4
princeton,4
homalopoma,4
fairbanks,4
sources,4
invention,4
might,4
featuring,4
soffer,4
analyses,4
venus,4
yearbook,4
shennan,4
piage,4
opposite,4
designs,4
jq,4
kraussianus,4
vol,4
ornamentation,4
development,4
activity,4
since,4
resources,4
technocomplex,4
interior,4
nowell,4
uispp,4
southwestern,4
blades,4
representations,4
z,4
developments,4
bay,4
freeman,4
http,4
levantine,4
belongs,4
traditions,4
jones,4
aterían,4
pendant,4
á,4
german,4
his,4
peyrony,4
scrapers,4
how,4
mammoth,4
bergman,4
mémoires,4
republic,4
ix,4
brno,4
symbols,4
otte,4
changes,4
superior,4
beyond,4
followed,4
ornament,4
important,4
cut,4
artistic,4
greater,4
appearance,4
micoquian,4
color,4
initial,4
czech,4
buried,4
pitch,4
produced,4
scale,4
cö,4
aspects,4
los,4
láctea,4
ten,4
older,4
berekhat,4
work,4
being,4
lithics,4
paleolítico,4
eine,4
working,4
contrast,4
richter,4
ill,4
julien,4
met,4
bayania,4
impossible,4
sinitsyn,4
geographical,4
blanchard,4
lsa,4
higham,4
calibration,4
scientific,4
identified,4
musée,4
brassempouy,4
provenience,4
oooo,4
cavallo,4
competition,4
quina,4
skala,4
makes,4
under,4
antler,4
finlayson,4
lot,4
engravings,4
rings,4
decoration,4
tribolo,4
again,4
cape,4
end,4
discussed,4
do,4
see,4
isturitz,4
widespread,4
wynn,4
differentiation,4
understanding,4
technologies,4
beaumont,4
chronostratigraphic,4
conceivable,4
asian,4
rustica,4
shea,4
actual,4
individuals,4
faces,4
period,4
am,4
collected,4
especially,4
problems,4
xvi,4
deliberate,4
slab,4
ago,4
ambrose,4
covered,4
caucasus,4
provide,4
lithiques,4
suggestive,4
reasonable,4
seen,4
stratified,4
exists,4
mitochondrial,4
itself,4
nacional,4
foliate,4
practice,4
université,4
simply,4
zieba,4
rigaud,4
alternative,4
school,4
flint,4
genus,4
report,4
pigment,4
antiquity,4
beginning,4
yonne,4
carefully,4
bacho,4
skhul,4
ücagizli,4
sacchi,4
problem,4
predate,4
uthmeier,4
utilitarian,4
prismatic,4
discussion,4
weninger,4
contemporaneity,4
sea,4
abri,4
kozlowski,4
became,4
conventional,4
soft,4
shown,4
elongated,4
klisoura,4
im,4
coolidge,4
klein,4
altmiihlian,4
traditional,4
immediately,4
comparable,4
un,4
carved,3
entities,3
child,3
polish,3
implying,3
separated,3
heights,3
molar,3
bosinski,3
ultimate,3
ois,3
deciduous,3
expect,3
churchill,3
pendants,3
kinds,3
food,3
unmodified,3
completely,3
ti,3
tübingen,3
occurred,3
akazawa,3
hudson,3
taxa,3
revisited,3
connection,3
riparo,3
è,3
echegaray,3
sculpted,3
shaped,3
oval,3
õ,3
stratigraphically,3
leading,3
littorina,3
gherase,3
differences,3
wave,3
caune,3
composition,3
functional,3
das,3
moderno,3
ancestry,3
signs,3
ash,3
system,3
turq,3
issue,3
verlag,3
bird,3
iv,3
tubular,3
discuss,3
asturias,3
ç,3
west,3
bottom,3
correlation,3
juvenile,3
minimum,3
exist,3
hombre,3
neritea,3
phalange,3
vogelsang,3
cupules,3
against,3
rhinoceros,3
danube,3
characteristic,3
basal,3
mixed,3
terberger,3
eurasian,3
aoki,3
templeton,3
kind,3
gl,3
precludes,3
old,3
nonshell,3
harvati,3
concerning,3
six,3
networks,3
geological,3
critique,3
cantabria,3
deeply,3
lejeune,3
adult,3
panagopoulou,3
phases,3
acculturation,3
reflects,3
without,3
main,3
absent,3
remain,3
ebro,3
peninsula,3
environments,3
probability,3
damblon,3
lacking,3
means,3
organization,3
established,3
image,3
intensive,3
ì,3
imitation,3
field,3
document,3
profile,3
sibudu,3
isolation,3
intentional,3
exploitation,3
inhabited,3
koumouzelis,3
pääbo,3
raw,3
came,3
provenanced,3
cd,3
bearing,3
mollusks,3
amsterdam,3
relating,3
philosophical,3
thames,3
academic,3
transactions,3
caves,3
vermeersch,3
périgord,3
methodist,3
supplément,3
universidad,3
numerous,3
cognition,3
package,3
acheulian,3
makers,3
brantingham,3
carry,3
distancia,3
example,3
paleoenvironments,3
status,3
own,3
mitteleuropa,3
roebroeks,3
good,3
painting,3
sense,3
corresponds,3
educación,3
showed,3
migration,3
xnème,3
ancestors,3
core,3
cesnola,3
st,3
skrdla,3
ensemble,3
roots,3
königsaue,3
provided,3
preliminary,3
survived,3
unquestionable,3
resides,3
economic,3
located,3
expansion,3
intrusions,3
nearly,3
rois,3
stratigraphy,3
mesolithic,3
study,3
innovation,3
interstratifications,3
gastropods,3
thought,3
counterparts,3
coeval,3
performed,3
ethnographic,3
reports,3
noted,3
mobilier,3
kalicki,3
picture,3
lee,3
street,3
extracted,3
toward,3
others,3
diepkloof,3
growth,3
tradition,3
speciation,3
lack,3
head,3
villa,3
our,3
broken,3
unidentified,3
documents,3
exclusion,3
quaternaire,3
classical,3
variation,3
technique,3
external,3
golan,3
klasies,3
likelihood,3
sidrón,3
layers,3
purposes,3
aquitaine,3
belvis,3
arbor,3
books,3
reasoning,3
carinated,3
ethiopia,3
wood,3
multidisciplinary,3
local,3
îâ,3
institute,3
grotta,3
clottes,3
uf,3
alb,3
identity,3
tx,3
largely,3
milota,3
géologie,3
described,3
pendo,3
low,3
landscapes,3
authors,3
amounts,3
genetics,3
kerns,3
cabrera,3
galgenberg,3
martin,3
suroeste,3
oxbow,3
become,3
ann,3
belemnite,3
hedges,3
implication,3
relative,3
immigration,3
châtelperron,3
von,3
mladec,3
consists,3
dead,3
modification,3
trench,3
felgenhauer,3
defleur,3
testing,3
claimed,3
hathaway,3
vertical,3
effectively,3
contribution,3
indicate,3
why,3
es,3
methods,3
existed,3
enamel,3
lineages,3
instances,3
jungpaläolithikum,3
clark,3
thick,3
austria,3
differentiated,3
anthropological,3
moldovan,3
köln,3
öß,3
tí,3
homogeneity,3
normand,3
wear,3
temporal,3
supported,3
here,3
ilsenhöhle,3
rodrigo,3
my,3
praehistoria,3
capability,3
seem,3
best,3
intrusive,3
wall,3
awls,3
post,3
eventually,3
iii,3
obviously,3
cantabrian,3
associations,3
hülle,3
las,3
past,3
closest,3
living,3
pyrénées,3
demography,3
für,3
according,3
sculptures,3
ferring,3
form,3
ones,3
suffices,3
dallas,3
aldène,3
secure,3
subunit,3
récentes,3
lowermost,3
museo,3
trivia,3
kim,3
marked,3
rightmire,3
origen,3
wild,3
arguments,3
conversely,3
phenomenon,3
isolated,3
representation,3
rynchonella,3
kiro,3
question,3
texier,3
palma,3
difference,3
similarity,3
instead,3
castanet,3
defined,3
forming,3
farming,3
increased,3
altaï,3
comparison,3
retouch,3
egbert,3
wien,3
piekary,3
dufour,3
abandoned,3
plenum,3
serre,3
boomplaas,2
européen,2
final,2
oû,2
nationales,2
studiu,2
along,2
edge,2
humankind,2
horizontal,2
common,2
arias,2
designated,2
fouilles,2
kharitonov,2
wrinn,2
burke,2
mountains,2
introduction,2
stands,2
península,2
cuevas,2
notably,2
fontyves,2
group,2
center,2
mitteilungen,2
replaced,2
funde,2
moreau,2
mobility,2
identify,2
spears,2
second,2
chiotti,2
specialist,2
true,2
ways,2
arrangement,2
rt,2
easily,2
analyse,2
markina,2
predating,2
mutabilis,2
refutes,2
position,2
qj,2
unlike,2
rf,2
valencia,2
lenses,2
typologically,2
zollikofer,2
test,2
cutting,2
abrasion,2
said,2
incomplete,2
gap,2
explaining,2
hence,2
certainly,2
multilevel,2
richards,2
polished,2
originally,2
analogies,2
england,2
youngest,2
seems,2
ambert,2
archaeologically,2
debénath,2
européene,2
uuo,2
concludes,2
eggins,2
koller,2
götherström,2
products,2
genomics,2
evolving,2
blackwell,2
rockshelters,2
plicht,2
behind,2
within,2
namibia,2
papers,2
quneitra,2
episodes,2
ê,2
portugal,2
luminescence,2
legitimate,2
histoire,2
mass,2
homme,2
gora,2
design,2
abundantly,2
implies,2
fl,2
andré,2
functions,2
lalueza,2
ringer,2
crossed,2
combination,2
perceived,2
biogeography,2
establishment,2
apply,2
representing,2
monographs,2
romanova,2
columbella,2
strengthens,2
yates,2
collection,2
split,2
li,2
technologically,2
phase,2
therein,2
disc,2
gaudzinski,2
cortical,2
karavanic,2
reject,2
inevitable,2
mm,2
tostevin,2
due,2
din,2
oued,2
rosas,2
madariaga,2
sp,2
gilman,2
artist,2
adams,2
castelperronien,2
assessment,2
media,2
sf,2
wits,2
turn,2
iy,2
objets,2
convincing,2
ante,2
tournai,2
young,2
served,2
lineage,2
egypt,2
continuous,2
spin,2
communication,2
look,2
spite,2
hominids,2
león,2
neandertales,2
hardly,2
flints,2
westlichen,2
moncel,2
callander,2
unlikely,2
hérault,2
rights,2
preaurignacian,2
awash,2
sinclair,2
recognized,2
adequate,2
square,2
maroto,2
sum,2
mchenry,2
avdat,2
subsistence,2
excavators,2
se,2
certain,2
derived,2
terms,2
tan,2
leaves,2
scattered,2
space,2
supposed,2
suffice,2
tissue,2
understand,2
unité,2
javier,2
hawks,2
lagar,2
étude,2
bernaldo,2
pales,2
shapes,2
parkington,2
elsewhere,2
tata,2
squares,2
azé,2
traces,2
calendar,2
steatite,2
hoffecker,2
vialou,2
additional,2
generally,2
majority,2
consequence,2
ponce,2
chronometrie,2
lunates,2
tuffreau,2
reconsideration,2
archeological,2
peabody,2
david,2
uaurignacien,2
mer,2
appear,2
ha,2
kenya,2
candamo,2
expressed,2
ooo,2
chronologie,2
neander,2
location,2
arrival,2
complexes,2
szeleta,2
loiyangalani,2
paleoliticul,2
charente,2
traditionally,2
item,2
micoquien,2
relation,2
relate,2
continents,2
fo,2
big,2
memory,2
michigan,2
confined,2
laouza,2
dujardin,2
plos,2
representatives,2
pilbeam,2
centrale,2
required,2
bow,2
lincombian,2
szeletian,2
vo,2
weidenfeld,2
interface,2
line,2
mezoliticul,2
limestone,2
role,2
carries,2
preferred,2
future,2
concept,2
striking,2
thieme,2
bladelet,2
ibérique,2
tip,2
overview,2
realm,2
holliday,2
ses,2
broad,2
climatic,2
records,2
shackleton,2
actually,2
xlvème,2
music,2
zoomorphic,2
aar,2
spalled,2
away,2
paléolithiques,2
corollary,2
cat,2
il,2
gonzález,2
realms,2
aval,2
artifact,2
niveaux,2
strengthened,2
cologne,2
sampled,2
approach,2
cths,2
feruglio,2
moustérien,2
lithological,2
cold,2
questionable,2
stage,2
speculations,2
parietal,2
hole,2
event,2
niekerk,2
antiquités,2
knives,2
hafting,2
ls,2
modernes,2
depression,2
verona,2
grootes,2
recipients,2
australian,2
wojtal,2
climate,2
suddenly,2
coast,2
asfaw,2
visible,2
osteoarchaeology,2
carmel,2
genome,2
appropriate,2
bairstowi,2
grateful,2
golovanova,2
mittelpaläolithischen,2
rest,2
activities,2
jaubert,2
facies,2
prehistóricas,2
hopkinson,2
îî,2
critical,2
horizons,2
tasks,2
underlies,2
units,2
situation,2
strokes,2
io,2
nicholson,2
stuttgart,2
variability,2
overall,2
return,2
nummulite,2
female,2
espitalié,2
poor,2
standardization,2
humains,2
bolus,2
ovchinnikov,2
gioia,2
interactions,2
ice,2
bucharest,2
settings,2
put,2
interstratification,2
gilbert,2
xb,2
depictive,2
penecontemporaneous,2
yet,2
bulletins,2
schmider,2
ile,2
trou,2
chiù,2
paleontological,2
remnant,2
index,2
included,2
ci,2
pariétal,2
suwa,2
russian,2
reply,2
belonging,2
already,2
insights,2
artists,2
gg,2
algeria,2
beginnings,2
strata,2
stones,2
published,2
fill,2
volume,2
récent,2
nicholas,2
wobst,2
layton,2
paul,2
révillion,2
shunkov,2
journey,2
pointed,2
backed,2
unierlangen,2
decorative,2
cellier,2
skills,2
provincia,2
stay,2
scholars,2
blocks,2
areas,2
prepared,2
plan,2
appeared,2
behaviorally,2
disturbed,2
grave,2
krivoshapkin,2
travaux,2
diverse,2
denisova,2
dentaliwn,2
mobiliary,2
worn,2
anthropologist,2
hand,2
altai,2
adjacent,2
remarkable,2
clusters,2
taphonomy,2
artefacts,2
strategies,2
début,2
necessary,2
elwad,2
morocco,2
bilan,2
deep,2
survival,2
woman,2
vast,2
mésolithique,2
karkanas,2
ecology,2
weniger,2
original,2
analyzed,2
situated,2
atlantic,2
pazdur,2
surfaces,2
scheme,2
séquence,2
unquestionably,2
contours,2
blattspitzen,2
karavanié,2
nemours,2
ethnology,2
scatter,2
previously,2
uerpmann,2
manifestations,2
perforation,2
péninsule,2
skeletal,2
ethnography,2
bears,2
cranial,2
kostenki,2
kunst,2
magdalenian,2
virtually,2
excavaciones,2
vc,2
ranis,2
real,2
discontinuity,2
visual,2
laboratory,2
mezmaiskaya,2
full,2
markers,2
importantly,2
maureille,2
significance,2
earth,2
oc,2
mt,2
anniversary,2
agreement,2
comparisons,2
flake,2
soressi,2
taphonomic,2
plains,2
tavoso,2
muierii,2
general,2
function,2
cache,2
châtelperronien,2
meets,2
dell,2
spa,2
standard,2
abundant,2
quirós,2
never,2
sanguino,2
consist,2
combe,2
graphic,2
internal,2
parallel,2
hungarian,2
narrow,2
technologique,2
respectively,2
marmot,2
wedged,2
slightly,2
differ,2
morphologically,2
equivalent,2
ludwig,2
separates,2
premiers,2
adaptive,2
palevol,2
concluded,2
widely,2
labrot,2
anatomy,2
vogelherd,2
triangles,2
slender,2
arc,2
frühen,2
coffing,2
mittelpaläolithische,2
note,2
continued,2
regular,2
hommes,2
lorblanchet,2
practical,2
conus,2
scienze,2
inside,2
cn,2
vertut,2
agir,2
oooooo,2
rethinking,2
iul,2
nj,2
overlap,2
biunivocal,2
sequences,2
reservations,2
lucas,2
thinning,2
hi,2
fall,2
frontier,2
cracow,2
british,2
monigal,2
quinquennal,2
kaczanowski,2
meiler,2
detail,2
claims,2
goldberg,2
sections,2
anthropomorphic,2
arte,2
józefa,2
girona,2
complexity,2
extending,2
jerzmanovician,2
geographic,2
ever,2
granger,2
htm,2
iä,2
ila,2
seven,2
resonance,2
dimension,2
bulgaria,2
evokes,2
continental,2
commonplace,2
correspond,2
cultures,2
roc,2
pãunescu,2
sizes,2
down,2
jacobs,2
khater,2
patronato,2
ginter,2
reminiscent,2
flutes,2
obtusata,2
dörölj,2
mcdonald,2
nouvelles,2
mollusk,2
better,2
velho,2
schmitz,2
gravina,2
sì,2
champagne,2
economy,2
césaire,2
investigation,2
barriers,2
combined,2
circles,2
unique,2
aurignacienne,2
whether,2
adults,2
independently,2
add,2
kultur,2
austrian,2
housley,2
theory,2
adaptation,2
marquet,2
magrite,2
almost,2
too,2
oxygen,2
laurent,2
hundreds,2
cluster,2
finished,2
conference,2
marking,2
paintings,2
conclude,2
manganese,2
introduced,2
johannesburg,2
rasilla,2
publishers,2
techniques,2
quinçay,2
james,2
vocal,2
aspect,2
ã,2
hughen,2
floss,2
precision,2
relates,2
eswaran,2
pataud,2
peña,2
models,2
barge,2
argues,2
average,2
conditions,2
sud,2
churinga,2
accept,2
zephyrus,2
burnt,2
warsaw,2
brain,2
aqev,2
monografie,2
include,2
demars,2
involving,2
you,2
derive,2
conde,2
moravian,2
root,2
km,2
themselves,2
butchering,2
subtype,2
exclusively,2
valley,2
nazlet,2
académie,2
token,2
images,2
ss,2
north,2
exchanges,2
unexpectedly,2
unequivocal,2
arnold,2
davies,2
ca,2
ontañón,2
increase,2
reticulata,2
praehistorica,2
sa,1
sufficiently,1
vulva,1
dispersals,1
difficult,1
mimic,1
go,1
paleoenvironment,1
aspes,1
kluwer,1
cw,1
dederyieh,1
ja,1
duckworth,1
éd,1
kontext,1
mute,1
cahen,1
dins,1
parole,1
parrenin,1
deny,1
flow,1
terrain,1
oriented,1
limits,1
poinar,1
phallic,1
facultat,1
pakendorf,1
estimated,1
surficial,1
adriatic,1
paleobiology,1
swabian,1
statuette,1
stylistic,1
delagnes,1
materia,1
storâ,1
altamira,1
drafting,1
öinotoio,1
felids,1
menschenreste,1
vienna,1
mcdougall,1
rhythmical,1
javelins,1
rubicon,1
spall,1
europeans,1
paléontologie,1
decades,1
ccccccc,1
duller,1
affected,1
holmlund,1
géologiques,1
superiority,1
memorie,1
extracts,1
wissenschaften,1
foraging,1
willi,1
oüüo,1
miguel,1
curved,1
eliminated,1
mortlock,1
gravettien,1
fundamenta,1
gustav,1
beveled,1
kuelka,1
reinach,1
baumer,1
contemporaneous,1
bei,1
likewise,1
wanek,1
geisteskraft,1
spoor,1
örschiedt,1
integrity,1
carsac,1
odontológica,1
summaries,1
agency,1
semicircles,1
junta,1
laminar,1
alvarez,1
essays,1
mankind,1
kaczor,1
hohle,1
rhône,1
reflections,1
competitions,1
formed,1
rogers,1
evocative,1
sets,1
nodule,1
nio,1
salzgitter,1
bifacial,1
abry,1
hindquarters,1
smm,1
seeberger,1
mit,1
environment,1
sirakov,1
microliths,1
ó,1
undetected,1
feine,1
boulder,1
ms,1
cañaveras,1
felines,1
spektrum,1
perlés,1
balzi,1
acceptance,1
ceremonial,1
cavernes,1
equated,1
tween,1
vestiges,1
variants,1
individually,1
cusp,1
neugebauermaresch,1
helvenston,1
bachner,1
estuarine,1
acheuléenne,1
veröffentlichungen,1
exceptions,1
postcrania,1
oos,1
osyo,1
tart,1
lib,1
aurignaciennes,1
claire,1
pioneers,1
bark,1
fischer,1
beaumes,1
cottage,1
spit,1
arraya,1
northward,1
willerslev,1
thévenin,1
member,1
blocs,1
cast,1
hofreiter,1
sterile,1
robertson,1
cslcr,1
transitions,1
interpersonal,1
poggenpoel,1
beneficial,1
jb,1
derniers,1
languedoc,1
fundstelle,1
global,1
nosed,1
commission,1
nv,1
topographic,1
pech,1
urgeschichte,1
andalucía,1
retouched,1
germania,1
tradtion,1
entailed,1
controlled,1
adopt,1
taken,1
eggshells,1
tera,1
culturally,1
diego,1
cyclope,1
spencer,1
viewer,1
disturbance,1
kyklos,1
elusive,1
undocumented,1
expectation,1
anywhere,1
iiiit,1
productions,1
xxi,1
djebanna,1
monographie,1
advanced,1
machado,1
wonderful,1
eden,1
uncovering,1
okladnikov,1
stworzewicz,1
resemblance,1
skála,1
transilvan,1
regionale,1
comparatively,1
archäologie,1
displacement,1
mienis,1
interred,1
latitudes,1
wooden,1
assess,1
belong,1
sedimentation,1
together,1
paleontology,1
entorno,1
latium,1
sovo,1
remark,1
display,1
astonishingly,1
wn,1
wilder,1
cecee,1
kälte,1
rich,1
torres,1
heim,1
essai,1
colloque,1
typologique,1
follows,1
spaced,1
aesthetic,1
lili,1
disappearance,1
aping,1
skhufs,1
hundred,1
armand,1
biconvex,1
vaurignacien,1
uncovered,1
squid,1
velika,1
renfrew,1
äx,1
kingdom,1
beadworks,1
invalidate,1
éléments,1
achieved,1
cypsela,1
speth,1
harpoons,1
bß,1
affiliation,1
gol,1
strength,1
nm,1
skull,1
relatives,1
zu,1
modems,1
trouble,1
stand,1
sacred,1
henry,1
raised,1
suspension,1
china,1
attribuées,1
reading,1
somewhat,1
ambiguous,1
graphiques,1
giileç,1
intelligence,1
multiple,1
construe,1
strätzing,1
reisch,1
curtis,1
daniel,1
wait,1
peuplement,1
salle,1
splitbased,1
ejopsup,1
similarities,1
zaf,1
debitage,1
triggered,1
chronometrically,1
akin,1
prehistórico,1
erosional,1
documenting,1
side,1
postdepositional,1
occasional,1
campanian,1
dearth,1
sophisticated,1
spherical,1
spriggs,1
castelcivita,1
projectile,1
abbreviated,1
westview,1
plain,1
liolios,1
inadequate,1
aporrhaïs,1
mithen,1
recorded,1
glaciation,1
attribute,1
felid,1
recurrence,1
capacity,1
hatje,1
abrams,1
primary,1
bases,1
dune,1
me,1
firm,1
où,1
naturel,1
great,1
lautsch,1
flash,1
reanalysis,1
paleogeography,1
leur,1
trade,1
figs,1
dynamics,1
mastering,1
investigations,1
inverse,1
unter,1
felt,1
admix,1
ccccccs,1
laville,1
omissions,1
mandibular,1
dessins,1
fels,1
alpaleolític,1
labs,1
characterize,1
slight,1
vaguely,1
zones,1
patterned,1
marian,1
establishing,1
etc,1
consciousness,1
plaque,1
bibliography,1
prove,1
geografie,1
sampietro,1
advantageous,1
occupy,1
busked,1
turritela,1
cadre,1
öo,1
arenas,1
sánchez,1
fine,1
rudolf,1
trabajos,1
invited,1
mental,1
except,1
reflecting,1
xxvm,1
portrait,1
orfioocncmooioocso,1
burins,1
selecting,1
uncertain,1
laws,1
cited,1
herbivore,1
compares,1
excavating,1
francisais,1
himself,1
protocol,1
avdatlaqev,1
bruxelles,1
benefited,1
reality,1
anomalously,1
plenty,1
todd,1
datierten,1
paleolitico,1
âge,1
conclusively,1
sand,1
cuezva,1
make,1
òc,1
redating,1
electromagnetic,1
facets,1
write,1
grabados,1
exposed,1
bonani,1
coincident,1
abraded,1
segregation,1
ïï,1
archaïque,1
fleagle,1
weiter,1
della,1
ends,1
million,1
innumerous,1
rougier,1
colonizations,1
baena,1
collapse,1
ústav,1
electron,1
andel,1
angles,1
technologie,1
ihr,1
influx,1
medio,1
explained,1
dotted,1
acquaintances,1
component,1
locations,1
bildwelt,1
immediate,1
bison,1
geochron,1
grooves,1
inner,1
pockets,1
lombard,1
thinner,1
pretreatment,1
patient,1
oüüüü,1
halting,1
surrounded,1
ooc,1
barton,1
adema,1
accross,1
targeted,1
geoarchaeolozy,1
tables,1
cachet,1
quaternaiy,1
sediment,1
zcomorphic,1
beliefs,1
assumes,1
laboratoire,1
dei,1
langbroek,1
anciennes,1
contemporanéité,1
menschen,1
scarce,1
millennium,1
intact,1
cosgrove,1
desbrosses,1
eo,1
pour,1
dozen,1
dents,1
néandertaliens,1
adopted,1
acta,1
hid,1
thinned,1
portray,1
te,1
lasts,1
sondages,1
mating,1
leaf,1
pm,1
application,1
colomer,1
works,1
dominique,1
endscrapers,1
denote,1
concentric,1
emerges,1
rooted,1
urals,1
bertrán,1
extensively,1
expected,1
thank,1
ey,1
abrading,1
ai,1
hillaire,1
wiley,1
estimates,1
flasks,1
filili,1
fiedler,1
eve,1
farizy,1
bulls,1
decided,1
distinct,1
par,1
inicio,1
bohuslav,1
silicified,1
desmond,1
evident,1
keep,1
blank,1
hão,1
uncontroversial,1
klissoura,1
vom,1
mollusc,1
infrequently,1
back,1
fm,1
removals,1
nouveaux,1
ofneandertals,1
novosibirsk,1
soler,1
compared,1
méditerranéenne,1
yotnpj,1
coquillage,1
third,1
misleading,1
thin,1
compare,1
cal,1
quadruped,1
weight,1
cnmmcncommco,1
fraizy,1
forster,1
consequently,1
faune,1
gyllensten,1
salt,1
mortimer,1
marital,1
millennial,1
glycymerys,1
krakow,1
tobias,1
hornos,1
ë,1
humano,1
mammoths,1
stephen,1
gruneisen,1
chronostratigraphy,1
conceded,1
umwelt,1
elope,1
whichever,1
acknowledge,1
ochred,1
rates,1
landkreis,1
error,1
hammer,1
paleogenetics,1
incidental,1
plant,1
mechanism,1
geißenklösterle,1
ofdenisova,1
origine,1
lini,1
pastoors,1
aaaoo,1
oj,1
enkapune,1
archiv,1
attribution,1
tierras,1
estratigráfica,1
sze,1
münzel,1
opposed,1
deviation,1
online,1
via,1
backdirt,1
grandchildren,1
aborigines,1
chamfered,1
plotted,1
century,1
üb,1
portrayed,1
kamen,1
identification,1
dellucs,1
acid,1
bulte,1
tsogtbaatar,1
unretouched,1
ccj,1
bring,1
ardèche,1
performance,1
grid,1
ili,1
refitting,1
spiritualità,1
paéolithique,1
froget,1
adds,1
ehi,1
chatelperronian,1
db,1
monge,1
molars,1
ââshb,1
jarry,1
trapeze,1
basic,1
anot,1
între,1
mobasher,1
chauvethtml,1
parures,1
avor,1
approche,1
orsi,1
transmitted,1
camargo,1
coastal,1
presentation,1
escobedo,1
unanimously,1
cyprea,1
remote,1
howell,1
demonstration,1
una,1
ills,1
veronese,1
js,1
survives,1
gì,1
arrangements,1
singing,1
burdukiewicz,1
malina,1
lasted,1
technoculturelles,1
luxembourg,1
zebra,1
ns,1
thing,1
madella,1
eocene,1
marchai,1
ooocrsvo,1
referente,1
janusz,1
roseman,1
anthropic,1
iüa,1
calpal,1
schicht,1
restes,1
économique,1
scales,1
päabo,1
apulia,1
ibèrica,1
lille,1
devoid,1
productive,1
boyle,1
animals,1
overlooked,1
castelperronienne,1
consequences,1
unifacial,1
departement,1
consistency,1
addressing,1
francine,1
ralf,1
downward,1
pedina,1
puncture,1
vorgeschichte,1
goren,1
nor,1
guendon,1
paleontológica,1
arcillaría,1
sevilla,1
fonctions,1
muto,1
relethford,1
zonneveld,1
hematite,1
negative,1
possibly,1
tanning,1
comparaisons,1
neuropsychological,1
retained,1
sä,1
replications,1
organized,1
weltalter,1
yellow,1
caveat,1
considerations,1
prähistorischen,1
hyland,1
vindicated,1
intrinsically,1
artificial,1
driven,1
loess,1
révision,1
geophysical,1
placed,1
gradually,1
articulated,1
displays,1
arqueología,1
halle,1
venetian,1
northeastern,1
erkenntnisjäger,1
listed,1
mémoire,1
xi,1
undated,1
paleo,1
show,1
schist,1
porat,1
favored,1
acknowledges,1
preponderance,1
academia,1
variously,1
mvo,1
ej,1
powerful,1
postdating,1
palaeoart,1
inconsistencies,1
kislev,1
indications,1
epimerization,1
notions,1
filtered,1
üüüü,1
isaia,1
favorable,1
zii,1
fixed,1
answers,1
lue,1
neighbours,1
maison,1
kerry,1
faria,1
wearing,1
dominant,1
osa,1
verpoorte,1
hardware,1
duly,1
article,1
interpretado,1
antunes,1
drawing,1
myths,1
trajectories,1
trnka,1
garrod,1
dc,1
alan,1
gutierrez,1
joao,1
challenges,1
technologiques,1
ranges,1
opening,1
fainter,1
troubling,1
ranisithüringen,1
standards,1
salles,1
closely,1
advance,1
tims,1
bl,1
ïl,1
whom,1
access,1
mytochondrial,1
comprises,1
basalt,1
plient,1
breuil,1
culturelle,1
curve,1
habelt,1
societies,1
route,1
martinez,1
neuessing,1
holds,1
interconnectedness,1
temprino,1
demise,1
dubalen,1
cao,1
faunal,1
search,1
laplace,1
une,1
freilandstation,1
krainitzki,1
brd,1
ambiguity,1
garralda,1
oosow,1
lived,1
generates,1
deal,1
metacarpal,1
estudios,1
shared,1
û,1
cioclovina,1
koben,1
events,1
belcayre,1
oh,1
arched,1
projekte,1
veneto,1
racemization,1
lawson,1
ignimbrite,1
extinct,1
configuration,1
dani,1
emerge,1
uomo,1
caramelli,1
eat,1
thome,1
pitture,1
approximation,1
experts,1
österreichischen,1
glacial,1
representative,1
collectively,1
term,1
ksiecia,1
genes,1
braun,1
arranged,1
schwarcz,1
meter,1
akademie,1
intervening,1
autriche,1
standardized,1
traced,1
ceases,1
landesamt,1
polishing,1
preistoria,1
entre,1
jolly,1
blow,1
crc,1
thurin,1
backwell,1
circular,1
herring,1
langaney,1
studying,1
arqueológico,1
keywords,1
desde,1
indirect,1
antropologiaarkeologia,1
sssa,1
default,1
resurrected,1
sarcinä,1
constraining,1
refits,1
applied,1
serie,1
appearing,1
grounds,1
outside,1
barbs,1
archaeoloeia,1
xvii,1
geoarqueológicos,1
quinif,1
rossi,1
absolute,1
ivb,1
truncations,1
nö,1
smoothing,1
wide,1
valencianas,1
minichillo,1
acknowledgments,1
flaked,1
oí,1
accelerated,1
depictions,1
condemi,1
vegetal,1
sparse,1
conveyors,1
bältean,1
lamellaires,1
mtdna,1
underlie,1
having,1
syria,1
harpending,1
sezione,1
stringere,1
garrigan,1
ocu,1
almazán,1
none,1
uà,1
malacologique,1
replacements,1
anna,1
designation,1
lebanon,1
rare,1
conduit,1
praehistoriae,1
dog,1
vdi,1
débuts,1
douglas,1
nederlands,1
isotope,1
abstracts,1
viu,1
archéologie,1
revision,1
forbes,1
predesigned,1
sijcjzjsjcjsjsxi,1
archaeometry,1
taurodont,1
stratzing,1
brought,1
nc,1
stalactite,1
tens,1
su,1
purpose,1
galerie,1
jungpaläolithische,1
watts,1
chromosome,1
nella,1
juveniles,1
unfinished,1
blaubeuren,1
zwei,1
actors,1
ck,1
confirms,1
revealed,1
vicinity,1
shogren,1
gender,1
iggiijj,1
asamblea,1
woodland,1
konrad,1
onõnõn,1
intentionally,1
osl,1
sidescrapers,1
whole,1
osteuropa,1
literature,1
bloom,1
gave,1
accord,1
fit,1
consistently,1
intermediate,1
horn,1
castillo,1
corals,1
egyptian,1
sííjr,1
inherited,1
cabrières,1
skuhl,1
contains,1
imitations,1
grain,1
sartina,1
neue,1
director,1
thereafter,1
ostfildern,1
ßr,1
rodents,1
somewhere,1
reflect,1
mcculloch,1
surrounding,1
heidelberg,1
coco,1
girard,1
entered,1
xviii,1
kostienki,1
sachsenanhalt,1
schöningen,1
showing,1
baumeisters,1
project,1
extinctions,1
sun,1
morcillo,1
quarry,1
elephant,1
meignen,1
washington,1
runnels,1
accepts,1
memoirs,1
aurochs,1
trends,1
markedly,1
minds,1
viña,1
count,1
manifestation,1
errors,1
em,1
pyrenees,1
ev,1
uomini,1
hungary,1
djebbana,1
atlas,1
cococococococo,1
leroyer,1
lenguaje,1
castro,1
statistically,1
opératoires,1
hallmark,1
legacy,1
interregional,1
soria,1
strict,1
giant,1
correct,1
composite,1
xxvi,1
presented,1
aggiornamenti,1
hard,1
sas,1
jankovié,1
älteste,1
php,1
mussi,1
shaping,1
firenze,1
reliable,1
tested,1
coupled,1
next,1
investigación,1
géographie,1
steier,1
croatian,1
precedents,1
europaea,1
grooving,1
stimulated,1
southon,1
reaches,1
exclude,1
kolesnyk,1
apparently,1
wedge,1
atmosphere,1
lletres,1
feldhofer,1
around,1
family,1
encompasses,1
wrist,1
gravures,1
habitation,1
mocchi,1
characteristics,1
mimics,1
sufficient,1
consensus,1
lljliiliji,1
highly,1
components,1
settelement,1
compatibility,1
goodwin,1
catalonia,1
cocococococococococococo,1
csf,1
mi,1
arcularia,1
dramatic,1
underestimated,1
gene,1
daten,1
platform,1
boundaries,1
eooo,1
tended,1
copying,1
dem,1
brown,1
muséum,1
nooooonono,1
mythological,1
mannet,1
progress,1
finishing,1
news,1
laterally,1
decisive,1
haplotype,1
antiauity,1
clamlike,1
proper,1
describes,1
jürgen,1
correspondence,1
ica,1
connet,1
mammuthelfenbeinflöte,1
cycle,1
colwnbella,1
geneste,1
rhone,1
value,1
codrea,1
frontal,1
katanda,1
moved,1
evoked,1
triangular,1
boë,1
européenne,1
nmntonnhmnhn,1
massive,1
manuel,1
ingman,1
fiocchi,1
strangers,1
piercing,1
monkeys,1
crossroads,1
periods,1
brachiopods,1
advertised,1
cleland,1
hunley,1
glen,1
boisserie,1
llc,1
bedrock,1
optically,1
pertaining,1
reorganizations,1
led,1
he,1
san,1
uuuuuuuuuuuu,1
feline,1
cesseras,1
fa,1
burg,1
sons,1
chronostratigraphiques,1
flev,1
proxy,1
reduced,1
learning,1
comment,1
mettmann,1
materials,1
behavioural,1
èssr,1
eiszeit,1
colunibella,1
boards,1
gabriel,1
öd,1
egiïn,1
pontd,1
penetrating,1
separation,1
evaluate,1
hare,1
tune,1
comienzos,1
exploring,1
paunovié,1
océan,1
périgordien,1
julià,1
observations,1
limited,1
thermoluminescence,1
play,1
crâne,1
öjq,1
iü,1
laminaires,1
bochenski,1
brief,1
forward,1
edges,1
crinoid,1
merits,1
camalhot,1
tillier,1
cachier,1
exception,1
belgium,1
percées,1
taxonomically,1
reassessment,1
tisneratlaborde,1
dawn,1
thresholds,1
harry,1
goethite,1
testable,1
garden,1
expanded,1
manifest,1
precedes,1
blending,1
initially,1
logical,1
contra,1
christian,1
ooononon,1
pyrenae,1
hold,1
religious,1
iiibf,1
pleistocène,1
lidén,1
amo,1
roof,1
humaine,1
qq,1
success,1
postdates,1
soressié,1
hyaena,1
dateiist,1
europea,1
elapsed,1
ofgorny,1
fragmentary,1
relied,1
fetus,1
punctuations,1
wintle,1
violence,1
tnnoeooo,1
externalized,1
eyzies,1
vs,1
wake,1
represents,1
interment,1
loose,1
requiring,1
logistically,1
happened,1
aubry,1
alongside,1
olga,1
albert,1
exactly,1
archeologicky,1
soon,1
secuencia,1
unidirectional,1
message,1
dichotomic,1
juli,1
restricted,1
bflgãr,1
mittelund,1
deviations,1
challenged,1
latitude,1
cylindrical,1
supplied,1
isoleucine,1
birch,1
phallus,1
mammal,1
processing,1
poblamiento,1
bayern,1
assimilation,1
epigravettian,1
archäologisches,1
cooper,1
willendoifin,1
sanguinea,1
valéry,1
roches,1
lacombe,1
rectangular,1
amphibolic,1
hart,1
unproven,1
xxxiv,1
ionization,1
paint,1
imitating,1
ornamental,1
jaw,1
bastir,1
confirmed,1
maroc,1
department,1
reliance,1
ji,1
muro,1
theiss,1
stefani,1
cortes,1
lev,1
guilderson,1
cy,1
milo,1
krause,1
evolve,1
skeletons,1
inference,1
fix,1
unconformity,1
sb,1
resultados,1
illaidii,1
studie,1
jjj,1
disposition,1
birthplace,1
fire,1
mittelpaläolithikum,1
sédimentologiques,1
geometries,1
ministère,1
precocious,1
correspondences,1
law,1
gss,1
tt,1
book,1
nonmodern,1
business,1
request,1
geológicos,1
mentions,1
hofteiter,1
erik,1
fin,1
shpaeronassa,1
pastes,1
trois,1
eruption,1
preferences,1
cortex,1
flat,1
villaverde,1
towards,1
hinia,1
water,1
sinthesys,1
rohland,1
lacked,1
civico,1
oûoooomooclomo,1
athreya,1
sergeac,1
expose,1
longer,1
rupestre,1
avec,1
guise,1
consideration,1
coincidence,1
preserve,1
knecht,1
fundamental,1
abilities,1
carbonized,1
pressure,1
razzai,1
minia,1
monograph,1
tuto,1
alonso,1
dunäre,1
lililí,1
agree,1
nathan,1
stichting,1
carpali,1
aaos,1
regulation,1
ruispp,1
choice,1
children,1
tianyuandong,1
naturale,1
really,1
gómez,1
break,1
zilhao,1
crossing,1
sphaeronassa,1
incorporation,1
genese,1
legs,1
enlarging,1
distal,1
misconceptions,1
midi,1
deleterious,1
doubt,1
yp,1
interstratified,1
humming,1
prémices,1
considerable,1
nuclear,1
fossilize,1
persons,1
typological,1
noirs,1
bavaria,1
maker,1
vih,1
possession,1
splinter,1
procurement,1
conclusions,1
enough,1
took,1
throwing,1
italia,1
evoke,1
oooooooooo,1
steinbearbeitung,1
currat,1
centre,1
increases,1
geht,1
bresson,1
operating,1
cryoclastic,1
secrets,1
puder,1
homogène,1
landesmuseum,1
noiret,1
severson,1
road,1
zambia,1
superimposed,1
systematic,1
coarse,1
timing,1
humâtes,1
establish,1
unclear,1
gleri,1
saale,1
chech,1
böhlauverlag,1
less,1
ivor,1
maíllo,1
english,1
ycores,1
aliya,1
hides,1
paleoclimate,1
containers,1
individu,1
ahead,1
digging,1
pretreated,1
zeitstellung,1
niederbayern,1
carnivore,1
perhaps,1
vogel,1
beta,1
radius,1
stylistically,1
jj,1
style,1
inconsistency,1
reconciled,1
stoneking,1
remplissages,1
nucella,1
pawlikowski,1
day,1
overpeck,1
últimos,1
elevation,1
naturelle,1
naturelles,1
buk,1
remained,1
scant,1
interpreting,1
bowles,1
connell,1
demonstrated,1
rj,1
ornées,1
jifí,1
beholder,1
crown,1
ibérica,1
displace,1
retaining,1
reese,1
rabinovich,1
undiagnostic,1
proves,1
extended,1
lozengic,1
prehistoria,1
cuprins,1
enclume,1
pulex,1
lost,1
skepticism,1
turkey,1
background,1
mandibles,1
alliance,1
cantz,1
grossly,1
discovery,1
gif,1
upon,1
accompanying,1
renders,1
istituto,1
desert,1
pertain,1
hillgruber,1
yo,1
systematics,1
pesterà,1
thickness,1
marín,1
enhanced,1
deposit,1
gesellschaft,1
strongly,1
trimmed,1
mortuary,1
totalement,1
ballistics,1
fontugne,1
rsp,1
transformations,1
concern,1
computers,1
ooosoo,1
waste,1
expression,1
ya,1
paläolitische,1
kulturpumpe,1
assumption,1
corbey,1
httpv,1
ramón,1
carvalho,1
mta,1
ideas,1
prominently,1
underestimates,1
resulting,1
questions,1
spiritualité,1
ethnic,1
protoaurignacianaurignacian,1
lurida,1
saá,1
arièee,1
auf,1
llssli,1
paleolitic,1
diagnosed,1
iâ,1
tangier,1
ältere,1
heinrich,1
kunstwerke,1
propositions,1
taxon,1
congo,1
california,1
oqoo,1
vu,1
chronotypology,1
curiosa,1
obliterated,1
seva,1
prospects,1
perforations,1
versions,1
vigilant,1
haale,1
built,1
tallerman,1
sépultures,1
compositions,1
ventral,1
evidência,1
humanity,1
delpech,1
lari,1
jose,1
treignes,1
frayer,1
comprehensive,1
honor,1
incisions,1
ah,1
taurodontism,1
eiszeitkunst,1
damage,1
taxonomic,1
lagerplatz,1
bonn,1
paleoesthetique,1
kozîowski,1
rjp,1
munibe,1
témoins,1
papionin,1
osteoarchaeolosx,1
lebanese,1
variant,1
like,1
geographically,1
spread,1
brussels,1
overlain,1
him,1
sought,1
taphonomique,1
nqo,1
aurignaciens,1
panels,1
mountain,1
aligned,1
filled,1
mammals,1
channel,1
kramer,1
spilling,1
sociofacts,1
preservation,1
sanguineum,1
dainat,1
nucleotide,1
adequately,1
puzzling,1
amino,1
inversion,1
kleine,1
kuch,1
inscribed,1
gallery,1
oppenheimer,1
unambiguous,1
finite,1
fauna,1
wasn,1
fluviatilis,1
special,1
chasseurs,1
intrusion,1
smoldering,1
catalunya,1
cs,1
conspicuously,1
je,1
spatiale,1
aurignaziane,1
tumbull,1
kimbel,1
vasu,1
indicator,1
lio,1
viable,1
crayon,1
thacker,1
ciências,1
epistemology,1
ctiaîne,1
propos,1
shallow,1
garcia,1
microlithique,1
ggí,1
lilis,1
facts,1
attendant,1
amber,1
spectrometric,1
availability,1
january,1
concepts,1
geografia,1
turritella,1
abracadabra,1
séries,1
primeros,1
statue,1
limpopo,1
southwest,1
astonishing,1
liguria,1
oscillations,1
workshop,1
allegiance,1
authorship,1
mutation,1
ìlio,1
invented,1
hind,1
sonoiniooonîwm,1
découverte,1
balkans,1
remainder,1
caution,1
quarter,1
anomaly,1
pleniglacial,1
andreas,1
pelegrin,1
ukrainian,1
uíspp,1
unrelated,1
convincingly,1
paleoanthropology,1
tanzanian,1
merger,1
tomek,1
seaside,1
infants,1
já,1
datierung,1
dispersing,1
september,1
israeli,1
sage,1
ras,1
lenoble,1
factors,1
carried,1
musikalische,1
depth,1
indication,1
fifty,1
panel,1
arriving,1
suggestion,1
straight,1
kaplan,1
discussing,1
environs,1
nationale,1
ancients,1
assigned,1
illusory,1
cr,1
primi,1
imply,1
untenable,1
abundance,1
bíèb,1
justus,1
übergang,1
belonged,1
fossellone,1
pilona,1
chimpanzees,1
volcanism,1
arti,1
joão,1
sealed,1
angular,1
pubert,1
bulk,1
figure,1
gathering,1
porr,1
hominin,1
paleoneurology,1
edgar,1
opératoire,1
lends,1
siberia,1
naturally,1
schwäbischen,1
ntinou,1
archaeologica,1
saved,1
hebler,1
rocheux,1
pe,1
exfoliated,1
refuted,1
mueble,1
alternate,1
quarrying,1
contributi,1
thermal,1
südwestafrika,1
ordinary,1
male,1
primarily,1
slow,1
becomes,1
ía,1
predatory,1
ascherslebener,1
dimensions,1
excluding,1
oooüü,1
cantábrico,1
execution,1
ululili,1
nadeau,1
collections,1
paola,1
percussion,1
detailed,1
aude,1
méditerranéen,1
destiny,1
arid,1
doubts,1
beyene,1
embodying,1
oow,1
belfercohen,1
datings,1
transformation,1
grenoble,1
gonzalez,1
executive,1
expert,1
paradigmatic,1
littoral,1
contexto,1
linking,1
spanning,1
settled,1
unsupported,1
hongrie,1
kelheim,1
responsible,1
expectations,1
pristine,1
belemnites,1
rak,1
united,1
inferior,1
conséquences,1
horan,1
greenland,1
chamber,1
expanses,1
peripheries,1
lip,1
degusta,1
meilars,1
composed,1
approaches,1
monaco,1
centuries,1
donnés,1
howiesons,1
história,1
xxix,1
mirror,1
nowhere,1
phytolith,1
sound,1
legitimately,1
kotjabopoulou,1
meant,1
sí,1
stable,1
ottinoofof,1
matters,1
cyclonassa,1
questioning,1
eurekalert,1
regularly,1
spectrum,1
suggestions,1
stratigraphic,1
paléorient,1
kaessmann,1
grèce,1
storia,1
liss,1
cscsooc,1
dispersed,1
datations,1
bohemia,1
francesco,1
remplissage,1
exemplified,1
jägerstation,1
vulvas,1
incised,1
letourneux,1
genetical,1
gibraltar,1
lhomme,1
primates,1
sealy,1
munson,1
bonnes,1
measurements,1
graveyard,1
manual,1
échanges,1
mittelzum,1
outils,1
chauvetvenus,1
discrepancy,1
byproduct,1
precise,1
convicts,1
bronze,1
notches,1
humboldt,1
proposes,1
tsartsidou,1
advantage,1
solved,1
biogeographic,1
griffin,1
doi,1
sums,1
asturies,1
cromañones,1
set,1
viewed,1
peçtera,1
oooooou,1
carbon,1
concurs,1
particulars,1
replace,1
know,1
outra,1
lakarra,1
excess,1
lamellaire,1
contextual,1
marina,1
stadt,1
nná,1
anthropomorph,1
colonization,1
proof,1
mugharet,1
spreading,1
each,1
eurasiatic,1
miskovsky,1
paper,1
grayson,1
specialized,1
lying,1
expanding,1
extraction,1
sculpté,1
unambiguously,1
unhinged,1
bilzingsleben,1
böhner,1
hays,1
ample,1
ft,1
alexander,1
altana,1
equivocal,1
angelucci,1
etal,1
dalén,1
half,1
afrikas,1
scenario,1
domestic,1
kibish,1
ts,1
proportional,1
flageolet,1
ics,1
foundation,1
ideological,1
evidenze,1
patrimonio,1
continuum,1
alternatively,1
ultrafiltration,1
possnert,1
requirand,1
conceivably,1
guy,1
disperse,1
perfectly,1
recherche,1
edible,1
comptes,1
leuven,1
abrigo,1
xxxrv,1
choosing,1
geschichte,1
jg,1
historical,1
adler,1
erectus,1
placing,1
anomalous,1
utilized,1
découvertes,1
just,1
passage,1
jahre,1
rendus,1
tibia,1
datation,1
usual,1
transmitting,1
problemas,1
cautions,1
systematik,1
landes,1
lens,1
game,1
arqueológicas,1
mongolian,1
crummett,1
ofer,1
lehman,1
inédites,1
pleistoceno,1
trance,1
receiving,1
award,1
fedele,1
placement,1
rose,1
preface,1
stability,1
selected,1
ion,1
caminade,1
namely,1
twisted,1
landscape,1
voor,1
making,1
references,1
austríaca,1
soares,1
character,1
grotto,1
disciplinary,1
thirty,1
chain,1
bernhard,1
ssa,1
signature,1
mere,1
urgeschichtliches,1
tsanova,1
calafell,1
moderni,1
sublevei,1
tightly,1
exosomatic,1
mennecier,1
extent,1
thissen,1
whither,1
exposures,1
incompetence,1
halflevels,1
foundations,1
correlates,1
mentioned,1
santonja,1
partir,1
antónio,1
require,1
stages,1
improvements,1
mongolie,1
décembre,1
stìner,1
sibérie,1
postestilística,1
nesting,1
property,1
pebble,1
superiore,1
encounters,1
micromousterian,1
agreed,1
bãltean,1
ideal,1
holocene,1
catherine,1
antedating,1
travel,1
thematically,1
unreasonable,1
belege,1
robock,1
vivent,1
dialogues,1
outline,1
uniting,1
enlarges,1
problèmes,1
john,1
trees,1
org,1
circumstances,1
preserved,1
cronocultural,1
morawski,1
beijing,1
excoffier,1
recognition,1
ruled,1
biologically,1
uzbekistan,1
esthétiques,1
resolving,1
slopes,1
city,1
giaccio,1
pas,1
atmospheric,1
resolved,1
datum,1
centro,1
beaver,1
barroso,1
easy,1
actuaciones,1
ac,1
meaningful,1
williamson,1
turns,1
intended,1
lacaux,1
monographies,1
jérôme,1
territory,1
rationale,1
com,1
universität,1
atti,1
hybridization,1
galant,1
qqoo,1
geoarqueologíay,1
obtain,1
ovoss,1
lesson,1
niveau,1
neandertais,1
pleasant,1
using,1
mention,1
maintained,1
ensuing,1
writing,1
oceanic,1
coming,1
think,1
donau,1
overlies,1
langeais,1
turkish,1
oü,1
lapillus,1
kutschera,1
altund,1
françaises,1
multiregional,1
shores,1
whenever,1
zimmermann,1
michèle,1
moustériennes,1
sediments,1
rubbed,1
invisible,1
mediterráneo,1
mallye,1
radiometrie,1
rendu,1
lewiswilliams,1
ungulates,1
postdepositionally,1
generate,1
solely,1
finding,1
chaînes,1
mcdermott,1
phalanges,1
korrespondenzblatt,1
bertranpetit,1
zum,1
frame,1
weaver,1
chemical,1
morphological,1
piecemeal,1
ordering,1
trap,1
wolde,1
sanguina,1
origines,1
pespelecani,1
documentation,1
manufacturers,1
thorsten,1
uncalibrated,1
typically,1
françois,1
correlated,1
glycymeris,1
riddle,1
nordharzvorland,1
boquete,1
mladeö,1
reticulation,1
gross,1
ooooqooo,1
ll,1
gen,1
lipecki,1
letteri,1
pû,1
mould,1
tabular,1
understandable,1
disruption,1
obvious,1
ï,1
attributes,1
katoh,1
anatomical,1
effects,1
engraving,1
spectrometry,1
theodoxus,1
colleagues,1
off,1
uuuuuuuu,1
membership,1
wachau,1
francocantabrian,1
oldest,1
th,1
measured,1
typology,1
neandertaler,1
cccgccccc,1
peuples,1
particularities,1
sides,1
gisement,1
aportaciones,1
respective,1
esce,1
grottes,1
intergroup,1
specific,1
fortunate,1
cousin,1
totally,1
paired,1
removed,1
penetrated,1
ortiz,1
buharía,1
klima,1
price,1
morín,1
interdisciplinary,1
ift,1
russia,1
marxist,1
châtelperronienl,1
wanderings,1
opaque,1
arbreda,1
lake,1
improved,1
temperatures,1
alberto,1
symbol,1
agrees,1
dictated,1
beadwork,1
anthmnoloqìp,1
array,1
uncertainty,1
tasmania,1
views,1
deposition,1
element,1
ownership,1
utah,1
harbored,1
reconciling,1
adovasio,1
counts,1
strong,1
uk,1
taylor,1
portée,1
famous,1
ksiçcia,1
infancy,1
indistinguishable,1
réflexion,1
broader,1
proponent,1
southeastern,1
sent,1
lia,1
representational,1
antarctic,1
emireh,1
inicios,1
workings,1
mp,1
inventories,1
malmström,1
badai,1
kommission,1
pearson,1
später,1
deeper,1
ruddiman,1
garlatti,1
