WORDCOUNTS,WEIGHT
the,11
and,11
of,11
springer,7
to,6
in,6
journals,5
com,5
online,4
contents,4
you,4
alerts,4
new,4
springerlink,3
archaeological,3
language,3
books,3
for,3
book,3
collection,3
works,3
series,2
most,2
comprehensive,2
humanities,2
your,2
science,2
scientific,2
free,2
ebooks,2
index,2
reference,2
current,2
collections,2
on,2
abstracts,2
s,2
arts,2
search,2
springeralerts,2
table,2
subject,2
research,2
journal,2
about,2
a,2
anthropological,2
academic,2
oclc,1
google,1
mary,1
customize,1
van,1
will,1
literature,1
deliver,1
archives,1
worldwide,1
by,1
medical,1
upcoming,1
indexed,1
extensive,1
first,1
publishing,1
powerful,1
bibliography,1
way,1
onefile,1
social,1
volume,1
offer,1
fast,1
every,1
keep,1
hyperlinked,1
integrated,1
bur,1
more,1
content,1
field,1
spring,1
need,1
offers,1
an,1
engine,1
receive,1
en,1
convenient,1
reliable,1
number,1
know,1
information,1
geobase,1
archaeology,1
e,1
subscriber,1
ebook,1
scopus,1
interface,1
all,1
browse,1
added,1
developments,1
anthropology,1
international,1
gale,1
flexible,1
summon,1
americas,1
are,1
spanish,1
special,1
charles,1
june,1
news,1
serial,1
textbooks,1
best,1
study,1
single,1
including,1
instantaneous,1
toc,1
user,1
is,1
access,1
exactly,1
as,1
cotn,1
can,1
easy,1
be,1
with,1
scholar,1
fully,1
disciplines,1
premier,1
up,1
y,1
solutions,1
sciences,1
year,1
use,1
citation,1
discounts,1
world,1
sign,1
historical,1
technological,1
we,1
than,1
ereference,1
jr,1
abstracted,1
colonialism,1
orser,1
or,1
organized,1
our,1
alert,1
monographs,1
ibss,1
sclanca,1
searchable,1
visit,1
