WORDCOUNTS,WEIGHT
the,1208
and,944
of,926
in,584
mimbres,449
a,449
to,243
that,194
is,187
on,176
m,159
new,159
s,146
mexico,139
j,131
for,131
classic,127
by,127
region,126
are,116
archaeology,114
at,108
have,108
as,106
d,105
with,100
university,95
research,95
southwest,93
from,93
hegmon,92
i,86
mogollón,84
pithouse,84
or,83
pottery,83
site,82
sites,82
e,79
some,78
p,77
nelson,76
c,75
american,74
valley,74
et,73
were,73
also,70
pp,68
been,68
be,66
more,65
archaeological,65
leblanc,64
phase,61
h,60
g,59
late,59
press,59
was,58
has,58
it,57
but,57
period,57
not,57
large,56
anthropology,56
although,55
no,54
this,54
r,52
w,51
other,50
l,50
mobility,49
there,49
shafer,49
an,49
use,47
ruin,47
b,46
anyon,44
department,44
see,44
area,43
early,43
evidence,42
southwestern,41
found,41
nan,41
most,39
these,39
eastern,38
work,38
lekson,38
creel,36
data,36
settlement,35
social,35
one,34
eds,34
pueblo,33
population,33
al,33
many,33
gilman,32
than,32
architecture,32
ed,32
different,32
report,32
recent,32
arizona,32
areas,31
studies,30
including,30
designs,29
which,29
village,28
production,28
gila,28
tucson,28
ai,28
however,28
structures,28
reorganization,28
occupations,28
nm,27
papers,27
general,27
residential,27
analysis,27
across,26
changes,26
part,26
thesis,26
women,25
organization,25
prehistoric,25
issues,25
few,25
las,25
state,24
journal,24
used,24
field,24
world,24
discussed,24
anthropological,24
much,24
k,23
several,23
texas,23
into,22
may,22
county,22
kiva,22
regional,22
patterns,22
material,22
study,22
western,21
thus,21
upper,21
interpretations,21
excavated,21
villages,21
museum,21
only,21
communal,21
number,21
minnis,21
la,21
ranch,21
conference,21
might,20
analyses,20
ceramics,20
occupation,20
during,20
people,20
around,20
periods,20
various,20
ceramic,20
v,20
strategies,20
diehl,20
black,20
excavations,19
creek,19
albuquerque,19
suggested,19
cultural,19
well,19
postclassic,19
mountain,19
cruces,19
northern,19
foundation,19
what,19
interaction,19
specifically,18
argued,18
rooms,18
style,18
sequence,18
three,18
architectural,18
land,18
through,18
grant,18
between,18
they,17
survey,17
mills,17
ritual,17
n,17
example,17
gender,17
small,17
southern,17
time,17
would,17
often,17
abandonment,17
brody,17
years,17
later,16
t,16
human,16
dependence,16
such,16
galaz,16
stokes,16
sedentism,16
generally,16
made,16
station,16
earlier,16
martin,16
antiquity,16
associated,16
north,16
center,15
room,15
possible,15
household,15
subsistence,15
impact,15
painted,15
populations,15
santa,15
crown,15
understanding,15
detailed,15
known,15
powell,15
distribution,15
finally,15
remains,15
college,14
all,14
styles,14
relatively,14
y,14
estimates,14
exchange,14
important,14
society,14
schaafsma,14
mortuary,14
especially,14
az,14
primarily,14
fe,14
agricultural,14
art,14
focus,14
common,13
history,13
prehispanic,13
bowls,13
regarding,13
beginning,13
burials,13
burial,13
basis,13
its,13
artifact,13
change,13
published,13
hard,13
suggest,13
contrast,13
culture,13
noted,13
considerable,13
less,13
rio,13
systems,13
sometimes,13
life,13
pithouses,13
considered,13
both,13
researchers,13
city,13
shift,13
among,13
if,12
dates,12
their,12
river,12
based,12
puebloan,12
f,12
community,12
about,12
two,12
larger,12
men,12
brady,12
laumbach,12
structure,12
probably,12
occupied,12
who,12
indicate,12
shaffer,12
paper,12
vessels,12
transition,12
major,12
maize,11
case,11
review,11
cosgrove,11
leadership,11
parts,11
special,11
grande,11
movement,11
do,11
clear,11
provide,11
dissertation,11
pueblos,11
ph,11
past,11
information,11
variability,11
increased,11
along,10
environmental,10
materials,10
ii,10
great,10
differences,10
east,10
west,10
better,10
cameron,10
town,10
possibly,10
communities,10
called,10
because,10
annual,10
indicative,10
depicted,10
where,10
james,10
circle,10
she,10
continued,10
prehistory,10
particularly,10
pit,10
thompson,10
table,10
design,10
resource,10
include,10
groups,9
kinds,9
season,9
nature,9
those,9
agriculture,9
z,9
old,9
after,9
summarized,9
beyond,9
focused,9
interpreted,9
brown,9
he,9
overall,9
limited,9
interpretation,9
increasingly,9
farming,9
pattern,9
forms,9
project,9
range,9
similar,9
households,9
concluded,9
hill,9
school,9
then,9
form,9
level,9
little,9
course,9
indicated,8
brewington,8
needed,8
complex,8
excavation,8
upland,8
animas,8
implications,8
seems,8
fitting,8
diversity,8
labor,8
development,8
unpublished,8
drainage,8
houses,8
his,8
sri,8
schollmeyer,8
ancient,8
could,8
further,8
blake,8
near,8
silver,8
reserve,8
preparation,8
sixty,8
ancestral,8
whittlesey,8
cliff,8
management,8
similarly,8
systematic,8
assemblages,8
lake,8
washington,8
anasazi,8
ceremonial,8
provides,8
graves,8
can,8
division,8
seen,8
understand,8
when,8
variable,8
did,8
locations,8
salt,8
ninth,8
chicago,8
images,8
o,7
done,7
stylistic,7
distributed,7
salado,7
archaeologists,7
tularosa,7
investigations,7
warfare,7
canyon,7
nogue,7
oxford,7
communication,7
drainages,7
how,7
levels,7
landscapes,7
ongoing,7
appear,7
scale,7
documented,7
personal,7
least,7
interregional,7
presented,7
below,7
tempe,7
characteristics,7
presence,7
preliminary,7
power,7
mesa,7
others,7
conclusions,7
relevant,7
perhaps,7
ladder,7
another,7
processes,7
office,7
emap,7
historic,7
perspectives,7
fairly,7
any,7
series,7
colorado,7
goods,7
plazas,7
hamlets,7
type,7
prestige,7
techniques,7
national,7
sandor,7
potential,7
utah,7
should,7
now,6
meaning,6
uplands,6
palomas,6
contexts,6
hohokam,6
lower,6
first,6
england,6
available,6
stoffel,6
iii,6
prior,6
sedentary,6
hierarchy,6
relations,6
century,6
kind,6
developments,6
casas,6
storage,6
even,6
details,6
apparently,6
using,6
york,6
rather,6
developed,6
space,6
clearly,6
just,6
four,6
suites,6
neitzel,6
dc,6
greater,6
scenes,6
recently,6
produced,6
otherwise,6
fish,6
haury,6
naturalistic,6
symbolism,6
broad,6
surrounding,6
realms,6
either,6
quite,6
portions,6
scott,6
maxwell,6
lyle,6
activities,6
related,6
second,6
identified,6
above,6
chap,6
chronology,6
demographic,6
turner,6
end,6
depopulation,6
focusing,6
valleys,6
examples,6
cambridge,6
rinaldo,6
systematics,6
food,6
times,6
ellis,6
ideational,6
wills,6
slightly,6
figures,6
grandes,6
bureau,6
lines,6
construction,6
types,6
centuries,6
earliest,6
environment,6
organizational,6
natural,6
continental,6
adler,6
kivas,6
size,6
reported,6
ennes,6
pine,6
trevathan,6
substantial,6
technological,6
resources,6
increase,6
does,5
ackerly,5
aboveground,5
systematically,5
mattocks,5
likely,5
boulder,5
descriptions,5
being,5
revisited,5
farmers,5
rich,5
religion,5
political,5
within,5
context,5
system,5
issue,5
u,5
demography,5
soils,5
conkey,5
swentzell,5
treasure,5
given,5
perspective,5
fig,5
wares,5
hamlet,5
caballo,5
landscape,5
certain,5
í,5
roth,5
lives,5
consider,5
occupational,5
jars,5
additional,5
drought,5
iconography,5
had,5
result,5
out,5
mesoamerican,5
term,5
block,5
applied,5
jornada,5
record,5
numerous,5
aspects,5
currey,5
floodplain,5
concept,5
apparent,5
lai,5
discussions,5
myriad,5
climatic,5
middle,5
working,5
mitchell,5
results,5
moved,5
south,5
varien,5
short,5
still,5
yet,5
mauldin,5
included,5
home,5
motifs,5
projects,5
sierra,5
local,5
discussion,5
comprehensive,5
so,5
we,5
attention,5
widely,5
clusters,5
bulletin,5
collections,5
began,5
dead,5
detail,5
following,5
conclusion,5
changing,5
cuchillo,5
herrington,5
alternative,5
over,5
control,5
each,5
seem,5
emergence,5
corrugated,5
far,5
accounts,5
particular,5
ravesloot,5
moulard,5
theory,5
her,5
bradfield,5
despite,5
practices,5
became,5
tributaries,5
munson,5
corn,5
here,5
meeting,5
ca,5
difficult,4
represent,4
critical,4
per,4
mesoamerica,4
residences,4
decade,4
relative,4
necessarily,4
test,4
bettison,4
submitted,4
universitv,4
advanced,4
roomblocks,4
suggesting,4
full,4
dd,4
side,4
masked,4
discuss,4
vol,4
kirkpatrick,4
austin,4
seco,4
birth,4
hudson,4
chaco,4
collapse,4
relationships,4
mine,4
dynamics,4
sample,4
third,4
fieldiana,4
rock,4
basic,4
sw,4
preservation,4
burro,4
evolution,4
animals,4
reclamation,4
flexibility,4
established,4
specialization,4
organized,4
section,4
elsewhere,4
house,4
potters,4
surface,4
indications,4
calgary,4
decades,4
drawing,4
irrigation,4
changed,4
fourth,4
furthermore,4
understood,4
institute,4
montoya,4
russell,4
networks,4
macaws,4
artifacts,4
bowl,4
stein,4
overview,4
realm,4
holliday,4
focuses,4
il,4
precipitation,4
mckusick,4
poster,4
long,4
climate,4
naa,4
cosmology,4
notes,4
provided,4
knowledge,4
chronological,4
portion,4
san,4
lawn,4
absence,4
economic,4
varíen,4
synthesis,4
subject,4
female,4
ware,4
coverage,4
continuity,4
same,4
insights,4
reports,4
reliance,4
prepared,4
considers,4
provenience,4
water,4
longer,4
contemporary,4
substantially,4
present,4
upham,4
spielmann,4
riley,4
argument,4
degree,4
interpreting,4
status,4
cult,4
ethnology,4
juan,4
usdi,4
real,4
described,4
ties,4
health,4
decorated,4
turnbow,4
lipe,4
problems,4
craft,4
institution,4
increasing,4
relationship,4
flower,4
involving,4
male,4
class,4
methods,4
stable,4
mentioned,4
extensive,4
theme,4
smithsonian,4
know,4
tj,4
current,4
domestic,4
mangas,4
wealth,4
rely,4
places,4
proceedings,4
adaptation,4
extent,4
divide,4
almost,4
paintings,4
contribute,4
our,4
question,4
until,4
mayo,4
contract,4
conditions,4
contributed,4
smaller,4
defined,4
association,4
ruth,4
assumed,4
elites,4
strong,4
cited,4
currently,3
doyel,3
corporate,3
functional,3
expedition,3
resulted,3
red,3
mountains,3
group,3
becoming,3
conducted,3
led,3
stone,3
ways,3
sapillo,3
bryan,3
gardner,3
painters,3
beckett,3
stress,3
preceding,3
central,3
crops,3
timing,3
duran,3
exotic,3
marek,3
vegetation,3
last,3
somewhat,3
similarities,3
existence,3
gaps,3
jett,3
reconstruction,3
arguing,3
bluhm,3
kabotie,3
linked,3
chapters,3
includes,3
component,3
interest,3
jr,3
assessment,3
transitional,3
underlying,3
robb,3
amount,3
look,3
luna,3
nuanced,3
phases,3
higher,3
themes,3
growth,3
portrayed,3
square,3
highway,3
approaches,3
derived,3
cave,3
productive,3
support,3
locally,3
reviewed,3
commonly,3
rice,3
always,3
fewkes,3
strategy,3
deming,3
atlanta,3
my,3
carmichael,3
typical,3
access,3
lippmeier,3
û,3
depletion,3
flying,3
density,3
appears,3
persons,3
outside,3
merrill,3
facilities,3
shape,3
reid,3
los,3
su,3
tributary,3
antiauitx,3
polychrome,3
patterning,3
whole,3
year,3
northwest,3
wheat,3
ratios,3
intersite,3
involve,3
le,3
synthesized,3
involved,3
habitation,3
bray,3
oklahoma,3
productivity,3
sj,3
will,3
nesbitt,3
variety,3
located,3
expansion,3
nearly,3
intensively,3
extraregional,3
wind,3
verde,3
violence,3
examined,3
á,3
residence,3
rabbits,3
inferences,3
largest,3
already,3
steve,3
picture,3
useful,3
lee,3
volume,3
decoration,3
depopulated,3
rocek,3
depict,3
grave,3
richer,3
diverse,3
variation,3
bradford,3
interim,3
hand,3
mímbrenos,3
purposes,3
acoma,3
assemblage,3
remained,3
analyzed,3
private,3
extended,3
treated,3
completed,3
looting,3
emphasize,3
refers,3
harvard,3
questions,3
variables,3
continue,3
radiocarbon,3
ceremonies,3
imagery,3
dating,3
theoretical,3
low,3
mcfarland,3
co,3
characterized,3
features,3
courtyard,3
topics,3
examine,3
obsidian,3
mckenna,3
professional,3
cruz,3
factors,3
science,3
ecological,3
moyle,3
anatomical,3
dimensions,3
kachinas,3
lucas,3
problematic,3
importance,3
sections,3
cannon,3
shaw,3
suite,3
intensification,3
peoples,3
simply,3
woosley,3
coas,3
potter,3
bioarchaeological,3
jenks,3
temporal,3
reconnaissance,3
rainfall,3
baseline,3
schutt,3
sampling,3
best,3
kachina,3
hills,3
cremations,3
whether,3
terms,3
stability,3
making,3
while,3
espenshade,3
periphery,3
suggests,3
saige,3
mcanally,3
remodeled,3
vista,3
gero,3
bussey,3
role,3
copper,3
swarts,3
understandings,3
negro,3
background,3
ramona,3
decrease,3
states,3
integration,3
attributes,3
enclosed,3
supported,3
correlate,3
debate,3
norman,3
entire,3
surveys,3
peabody,3
tainter,2
final,2
frequent,2
ä,2
interhousehold,2
mostly,2
flow,2
lagomorph,2
fraction,2
stuart,2
concerned,2
pull,2
glascock,2
affected,2
determine,2
apache,2
economies,2
introduction,2
manuscript,2
settlements,2
linkages,2
ana,2
constitutes,2
completely,2
inconsistent,2
seriation,2
flows,2
comparisons,2
occurred,2
behavior,2
before,2
underlain,2
pots,2
chandler,2
source,2
mci,2
file,2
hopi,2
davis,2
certainly,2
address,2
worked,2
words,2
confirmed,2
principles,2
archaeologically,2
societies,2
individuals,2
able,2
monograph,2
subsequent,2
blackwell,2
silverbird,2
concepts,2
posts,2
occasional,2
badly,2
westview,2
plain,2
alamosa,2
representations,2
whalen,2
quantities,2
pruitt,2
burning,2
gavilán,2
arenas,2
dutch,2
suny,2
point,2
x,2
very,2
indicating,2
apply,2
tantalizing,2
phillips,2
collection,2
sanchez,2
pollock,2
signal,2
neutron,2
frequencies,2
bayman,2
multidimensional,2
willow,2
mabry,2
severe,2
farmington,2
since,2
beliefs,2
de,2
terraces,2
gendered,2
ethnobotanical,2
adams,2
cf,2
engendering,2
colleee,2
ey,2
chihuahua,2
cases,2
document,2
refer,2
subjects,2
response,2
served,2
phelps,2
fowler,2
wilcox,2
overarching,2
drawn,2
archaeologist,2
terrace,2
wet,2
sun,2
gccc,2
walls,2
ridge,2
simultaneously,2
seasonality,2
topic,2
dick,2
rautman,2
neff,2
transformations,2
statements,2
reviews,2
main,2
everett,2
district,2
affairs,2
myself,2
conceptions,2
pétrographie,2
inconsistently,2
waned,2
spatial,2
risk,2
progressive,2
represents,2
symbols,2
scales,2
lobes,2
white,2
future,2
plog,2
dipeso,2
moves,2
insubstantial,2
shell,2
thought,2
references,2
arid,2
dean,2
kintigh,2
retained,2
intensive,2
mano,2
dated,2
branch,2
germane,2
shore,2
frequently,2
accumulating,2
xi,2
show,2
origins,2
chronometrie,2
buffalo,2
permanent,2
shifted,2
syntheses,2
janss,2
whereas,2
gregory,2
ga,2
questioned,2
bagy,2
six,2
method,2
faunal,2
mapping,2
centers,2
deal,2
facilitate,2
hough,2
lizard,2
diet,2
unpainted,2
respects,2
circulation,2
equally,2
rabbit,2
tools,2
ot,2
analogous,2
albuaueraue,2
ford,2
counties,2
dwellers,2
scene,2
mapped,2
received,2
imports,2
illustrated,2
edn,2
revealed,2
technical,2
literature,2
database,2
refined,2
partly,2
reactor,2
fruitful,2
bat,2
rituals,2
away,2
wilshusen,2
michelle,2
showing,2
olive,2
approach,2
manifestation,2
regions,2
preceded,2
good,2
correct,2
fallow,2
hole,2
autonomy,2
chichimeca,2
preucel,2
migration,2
components,2
peak,2
microstylistic,2
distinguished,2
ïj,2
discusses,2
newly,2
dam,2
pot,2
valuable,2
span,2
activation,2
morphology,2
therefore,2
groundstone,2
hydration,2
beloit,2
comparative,2
forward,2
jewelry,2
dwellings,2
make,2
expanded,2
indicates,2
interactions,2
comments,2
paint,2
ocho,2
sechrist,2
religious,2
mammal,2
springs,2
edited,2
nonlocal,2
makes,2
sociocultural,2
technology,2
mobile,2
us,2
favorable,2
sky,2
processing,2
matson,2
publishing,2
complete,2
every,2
name,2
museums,2
wakeman,2
comparison,2
consideration,2
links,2
ahlstrom,2
washburn,2
hearths,2
photographs,2
addition,2
towards,2
complementary,2
analytical,2
locational,2
courtyards,2
treatment,2
chisholm,2
blocks,2
pressure,2
foods,2
proposal,2
angeles,2
demonstrating,2
everything,2
arthur,2
man,2
honor,2
anthropologist,2
gomolak,2
unit,2
continuing,2
compositional,2
council,2
forth,2
deep,2
schick,2
native,2
frequency,2
cosmos,2
shifts,2
differentiation,2
riparian,2
pruth,2
redman,2
aggregation,2
comprise,2
desert,2
ucla,2
birds,2
tx,2
assume,2
rare,2
recovery,2
laboratory,2
eleventh,2
involves,2
roberts,2
meanings,2
margaret,2
transformation,2
directed,2
elk,2
authors,2
peripheral,2
points,2
individual,2
dycus,2
geographically,2
gauthier,2
high,2
roomblock,2
dry,2
applicable,2
carlson,2
buckaroo,2
become,2
relation,2
contact,2
depictions,2
anderson,2
intrasite,2
hierarchical,2
implication,2
procurement,2
indication,2
suggestion,2
imply,2
me,2
catron,2
usually,2
five,2
ideology,2
fields,2
reasonable,2
begin,2
exceptional,2
vargas,2
floor,2
percha,2
hastorf,2
sequences,2
try,2
volumes,2
researcher,2
united,2
hope,2
lion,2
canada,2
unusual,2
forest,2
middens,2
residentially,2
quantitatively,2
quantitative,2
burned,2
reconceptualizations,2
heavy,2
rarely,2
practice,2
dispersed,2
elaborate,2
complexity,2
minneapolis,2
wear,2
geographic,2
pace,2
precise,2
charles,2
carbondale,2
text,2
sourcing,2
drew,2
gran,2
mclntyre,2
set,2
equation,2
huntley,2
integrative,2
books,2
laughlin,2
sizes,2
fanning,2
argue,2
eventually,2
swca,2
historical,2
hilltops,2
living,2
advances,2
destroyed,2
sexual,2
explanations,2
lehmer,2
orleans,2
berrenda,2
manuscripts,2
animal,2
emphasis,2
placement,2
categories,2
universe,2
cluster,2
popular,2
swanson,2
outline,2
recognition,2
multiple,2
ill,2
garfield,2
prevalent,2
pecos,2
neft,2
summarizes,2
abbott,2
phenomenon,2
representation,2
mineralogical,2
terminal,2
wild,2
formation,2
schlanger,2
ultimately,2
underworld,2
difference,2
illinois,2
victorio,2
documentation,2
instead,2
repon,2
dendrochronology,2
need,2
specialists,2
winn,2
regular,2
colleagues,2
magdalena,2
paquimé,2
summary,2
vessel,2
km,2
ham,2
villareal,2
reached,2
sharing,2
partial,2
ronnie,2
gulf,2
bradley,2
counts,2
taylor,2
famous,2
broader,2
schachner,2
built,2
cordova,1
problem,1
resolve,1
cultigens,1
riskier,1
go,1
ja,1
rchaeological,1
inward,1
transportation,1
child,1
reycraft,1
miller,1
gis,1
feces,1
estimated,1
casaus,1
altamira,1
names,1
stood,1
isotopes,1
twelvetrees,1
separated,1
market,1
extreme,1
danced,1
sagged,1
northeast,1
measures,1
feathered,1
adoption,1
ilpliíífilüí,1
unevenly,1
potterv,1
expect,1
trash,1
elaborately,1
twelfth,1
replaced,1
partially,1
summarizing,1
mike,1
excfiange,1
enhance,1
essays,1
closure,1
symbolize,1
maíz,1
reflections,1
formed,1
carpenter,1
asserted,1
specialist,1
true,1
postdate,1
summaries,1
mexican,1
situation,1
di,1
postprocessual,1
modern,1
park,1
ti,1
reasonably,1
oppressive,1
fieldhouses,1
virtually,1
organic,1
unlike,1
encourage,1
inequality,1
ethnoarchaeological,1
remedy,1
vehemently,1
exceptions,1
finely,1
nineteenth,1
something,1
edu,1
track,1
eye,1
jp,1
controlled,1
precursors,1
convergence,1
leads,1
colon,1
round,1
said,1
consistent,1
attribute,1
karen,1
way,1
newmextco,1
anyone,1
reconstructions,1
jackson,1
majority,1
cosgroves,1
exclusive,1
avanyu,1
pasadena,1
originally,1
exploration,1
serpent,1
concentrated,1
cccupation,1
rapid,1
plateau,1
attempt,1
astronomical,1
progression,1
puebloans,1
archer,1
emerged,1
fragmentary,1
transformational,1
gary,1
layout,1
delineation,1
shaped,1
amateurs,1
interred,1
tradition,1
stringent,1
secondary,1
assess,1
geomorphic,1
daily,1
simple,1
thank,1
studied,1
smith,1
sometime,1
service,1
closer,1
restudied,1
characterizing,1
hunting,1
evolving,1
bradsby,1
jill,1
punched,1
emphasized,1
precisely,1
sacred,1
portales,1
reminiscent,1
classified,1
peso,1
depleted,1
wage,1
reading,1
nash,1
pepo,1
babo,1
worldwide,1
el,1
wedgewood,1
ad,1
piper,1
depends,1
lessened,1
growing,1
slip,1
empty,1
inclusive,1
dome,1
dissemination,1
pilstructures,1
forthcoming,1
moisture,1
projectile,1
key,1
gersper,1
posta,1
capacity,1
continuum,1
encouraging,1
conditioned,1
rincón,1
america,1
incorporate,1
draw,1
approximations,1
arrhnrninov,1
owtown,1
figs,1
chapter,1
account,1
indirectly,1
uneven,1
welcome,1
marked,1
karl,1
activity,1
securely,1
illustrate,1
cûis,1
zuni,1
contemporaneous,1
aka,1
feinman,1
functions,1
bibliography,1
births,1
vital,1
clff,1
obvious,1
stratigraphy,1
silting,1
combination,1
peggy,1
surrounded,1
except,1
conceptual,1
enlargement,1
desirable,1
beauregard,1
adaptive,1
considerably,1
decreasing,1
typically,1
description,1
horticulturalists,1
remodeling,1
dise,1
nsã,1
extramural,1
mealing,1
emapin,1
inventory,1
overlaps,1
evaluating,1
localized,1
brunsonhadley,1
funded,1
lntradepartmental,1
usage,1
savine,1
repeatedly,1
september,1
archaeomagnetism,1
squash,1
prey,1
throughout,1
examining,1
typological,1
macaw,1
timber,1
differential,1
reservoir,1
ù,1
microstyle,1
reused,1
influx,1
explained,1
dotted,1
estimating,1
ute,1
roger,1
pursue,1
eating,1
pilot,1
calculated,1
giia,1
against,1
pursuit,1
corner,1
uppermost,1
intact,1
reflection,1
ability,1
sp,1
raises,1
contra,1
subadults,1
extensively,1
barter,1
snake,1
forced,1
duff,1
turn,1
unity,1
pelvis,1
sworts,1
distinct,1
melamine,1
bay,1
canal,1
depend,1
multiroom,1
back,1
butte,1
defensive,1
body,1
serving,1
resen,1
harmony,1
pajmronch,1
determination,1
compared,1
applying,1
left,1
estimate,1
publications,1
compare,1
find,1
like,1
masterkey,1
identifications,1
ny,1
veneration,1
adult,1
pronounced,1
hidalgo,1
influence,1
word,1
impressions,1
conceptually,1
poorly,1
sources,1
selected,1
typified,1
posited,1
crow,1
oj,1
civilization,1
gaining,1
ruins,1
kidney,1
recognized,1
impacts,1
ú,1
added,1
played,1
indoor,1
unprovenienced,1
réévaluation,1
ujo,1
identification,1
sil,1
collected,1
synthesizing,1
subjected,1
distinction,1
tabulated,1
intraregional,1
absent,1
compatible,1
remain,1
abundance,1
baba,1
evaluation,1
appreciation,1
cremation,1
lasting,1
refine,1
precluded,1
zatin,1
represented,1
deliberately,1
js,1
vandalized,1
dealt,1
determining,1
hsr,1
lasted,1
flexible,1
behr,1
leave,1
dancers,1
butterflies,1
direct,1
contributions,1
signatures,1
matched,1
lacking,1
mesilla,1
mctuire,1
consequences,1
amarillo,1
supposed,1
tile,1
compilation,1
addressing,1
fn,1
raymond,1
plaza,1
means,1
soul,1
category,1
amassing,1
paragraphs,1
perceptions,1
nor,1
fieldhouse,1
circulated,1
facilitated,1
civilizations,1
ramp,1
hinkson,1
foothills,1
fishes,1
encouragingly,1
presumably,1
badger,1
upe,1
numbers,1
northeastern,1
weak,1
bulldozing,1
calendar,1
too,1
pullman,1
advancing,1
proven,1
potteryfamous,1
zimmerman,1
pinnacle,1
shorter,1
hodii,1
calculations,1
peru,1
isolation,1
iconology,1
substantiated,1
circulating,1
comprising,1
cordell,1
â,1
terminology,1
guilfoyl,1
reconsideration,1
ìw,1
plenum,1
bruno,1
abandonments,1
equated,1
helped,1
providing,1
view,1
grange,1
creeks,1
friends,1
twelveth,1
countv,1
sv,1
uses,1
closely,1
advance,1
incomplete,1
underrepresented,1
mtn,1
wide,1
bearing,1
downstream,1
histories,1
carrying,1
basin,1
extraordinary,1
chipped,1
traditionally,1
tailings,1
microseriation,1
hattie,1
effort,1
missouri,1
lived,1
patrick,1
transference,1
shared,1
î,1
radical,1
monitoring,1
centrally,1
subsurface,1
isotope,1
arable,1
im,1
representative,1
ara,1
big,1
floodwater,1
handbook,1
saa,1
paiarito,1
tarahumara,1
informed,1
equal,1
buried,1
caves,1
circular,1
ñ,1
skilled,1
mate,1
ccccc,1
socorro,1
secure,1
pits,1
unpacking,1
hoose,1
intensity,1
criterion,1
cannot,1
excellent,1
imesmne,1
spiritual,1
amassed,1
absolute,1
cortez,1
symbolizes,1
professionals,1
decapitation,1
acknowledgments,1
drain,1
dockall,1
creates,1
warned,1
possibility,1
huge,1
receive,1
etchieson,1
failure,1
hierarchies,1
directly,1
hybrid,1
distinctiveness,1
coursed,1
line,1
sonora,1
figurative,1
downturn,1
depiction,1
rocks,1
residents,1
é,1
organize,1
meridian,1
phenomena,1
tool,1
palacio,1
comprises,1
shaffers,1
heart,1
prominent,1
prompted,1
heavily,1
london,1
hereditary,1
multilayered,1
clearer,1
commonalities,1
indigenous,1
microenvironmental,1
gileño,1
parrots,1
q,1
paints,1
consistently,1
accretion,1
place,1
icon,1
contains,1
records,1
accumulation,1
ü,1
winter,1
hi,1
bishop,1
sternberg,1
reflect,1
manente,1
rise,1
floors,1
walnut,1
interdiscinlinarv,1
southerly,1
manage,1
won,1
avilas,1
conform,1
elephant,1
cornerstone,1
memoirs,1
connections,1
trends,1
markedly,1
contradictions,1
gap,1
count,1
chemistry,1
sampled,1
errors,1
reinhard,1
subtle,1
distinctions,1
staple,1
responses,1
stylized,1
codirected,1
computer,1
unpopular,1
painting,1
sense,1
indicator,1
firepit,1
describing,1
wi,1
drier,1
theoretically,1
stage,1
resolving,1
coupled,1
indicators,1
relating,1
next,1
archaeofaunas,1
applicability,1
uninformed,1
interacting,1
owned,1
pond,1
scarlet,1
encompasses,1
allison,1
neis,1
jjsartield,1
highly,1
masking,1
outliers,1
oral,1
zea,1
depression,1
cool,1
brought,1
dramatic,1
petroglyphs,1
mixing,1
methodological,1
corridor,1
degradation,1
core,1
wigington,1
fully,1
up,1
moist,1
dependent,1
eyes,1
degeneration,1
citations,1
woodrow,1
macao,1
distinguishing,1
roots,1
cycle,1
philips,1
grateful,1
intermarriage,1
hvidence,1
dietary,1
avoid,1
input,1
barbara,1
bozarth,1
costen,1
unidimensional,1
medallion,1
efxta,1
hatch,1
turquoise,1
fa,1
mccollum,1
underground,1
contributes,1
io,1
reduced,1
brodv,1
sensu,1
comment,1
van,1
carried,1
polished,1
gather,1
cosmological,1
flagstaff,1
positions,1
crowding,1
corporation,1
benson,1
kilometers,1
harris,1
matrilineal,1
exception,1
poor,1
beliefspossibly,1
converted,1
harry,1
tor,1
symmetry,1
accumulations,1
corners,1
macrobotanical,1
unprecedented,1
humans,1
perennial,1
artist,1
hero,1
seemingly,1
abrupt,1
fort,1
surveyed,1
tends,1
direction,1
confounded,1
structural,1
spectacular,1
southeast,1
label,1
metates,1
ubiquity,1
accumulate,1
pacific,1
incursion,1
floods,1
quadrant,1
push,1
repressive,1
interrelationship,1
cleveland,1
archaization,1
toolkits,1
sex,1
resolvedideally,1
intermediate,1
god,1
bone,1
remnant,1
index,1
perceived,1
compiled,1
shook,1
semisubterranean,1
kelley,1
light,1
hawley,1
rectangular,1
dropped,1
sharply,1
stratigraphie,1
ethnographic,1
repercussions,1
si,1
families,1
indian,1
robust,1
baisan,1
reprint,1
wisconsin,1
garland,1
hearth,1
williams,1
causality,1
fill,1
lack,1
seasonally,1
members,1
walled,1
resolution,1
unreliable,1
temporarily,1
nicholson,1
prompting,1
think,1
height,1
death,1
amerind,1
crm,1
varies,1
curcurbita,1
adobe,1
oir,1
equating,1
cultivated,1
fact,1
mukilayered,1
archaeoloqx,1
cutler,1
valid,1
assumblage,1
contrasts,1
ijîiïkf,1
minnesota,1
katsina,1
instability,1
plan,1
collece,1
wesley,1
drollinger,1
agree,1
ocotillo,1
attempting,1
rebuilding,1
banks,1
gray,1
carbone,1
buckhorn,1
feasting,1
baugh,1
identical,1
treasured,1
sumerian,1
worn,1
sebastian,1
covers,1
acequia,1
behind,1
adjacent,1
monographs,1
fame,1
epigenetic,1
ground,1
manos,1
increases,1
nf,1
covered,1
model,1
hybrids,1
metaphors,1
understudied,1
oregon,1
gulch,1
accepted,1
noncomplex,1
establish,1
vulnerable,1
shown,1
otffer,1
coincided,1
origin,1
maturity,1
mundane,1
twins,1
touch,1
woman,1
chronologically,1
teeth,1
belief,1
discard,1
stunning,1
muay,1
explicitly,1
lunar,1
cedar,1
convenient,1
violent,1
argues,1
synonym,1
manageable,1
classes,1
technologies,1
greatest,1
vast,1
blanc,1
dissimilar,1
reed,1
mays,1
upon,1
chronologies,1
mimbreño,1
formal,1
analyzes,1
consonant,1
previously,1
simulating,1
strongly,1
manifestations,1
samples,1
ö,1
encouraged,1
vjlt,1
varying,1
empirical,1
rainbows,1
ethnography,1
entirely,1
waste,1
significant,1
turbulent,1
complement,1
hypotheses,1
intermittent,1
hadji,1
saying,1
factor,1
affects,1
pili,1
extraordinarily,1
reservoirs,1
maiz,1
investigating,1
acklen,1
discontinuity,1
nothing,1
examination,1
stay,1
archive,1
laginaria,1
immeasurably,1
california,1
theories,1
synthetic,1
nuclear,1
reevaluated,1
canouts,1
theses,1
trade,1
significance,1
exports,1
discovered,1
earth,1
reality,1
grew,1
oc,1
publication,1
interpret,1
unwalled,1
deals,1
held,1
drains,1
floodplains,1
allowed,1
greenwald,1
collaboration,1
helpful,1
length,1
bend,1
function,1
summer,1
tribal,1
asu,1
pj,1
looters,1
addi,1
mammals,1
sawmill,1
accurate,1
spirits,1
pozos,1
excavating,1
latter,1
leg,1
agriculturalists,1
fauna,1
roofs,1
labels,1
mining,1
normally,1
constructing,1
epistemology,1
assessing,1
respectively,1
exactly,1
effect,1
seattle,1
excluded,1
availability,1
otherworld,1
analyze,1
emil,1
blood,1
equivalent,1
adaptations,1
pipe,1
heyne,1
durango,1
versus,1
diameters,1
empiricist,1
destruction,1
anchored,1
debut,1
conveyed,1
walsh,1
lü,1
railey,1
imported,1
regimes,1
encompassing,1
species,1
lie,1
decision,1
overlapping,1
hindered,1
bells,1
enough,1
disert,1
seasons,1
discussing,1
dolores,1
dual,1
today,1
looted,1
note,1
reviewer,1
llîfi,1
lot,1
garvin,1
bulk,1
figure,1
washed,1
anthronoloev,1
testing,1
suggestive,1
rough,1
vertical,1
maceachern,1
logan,1
fewer,1
insufficient,1
hermosa,1
referred,1
beheading,1
directions,1
modified,1
ernestine,1
shackley,1
effectively,1
proposition,1
grinding,1
procured,1
originated,1
rapidly,1
montezuma,1
ftruthof,1
dinwiddie,1
spanning,1
settled,1
directorate,1
reaches,1
responsible,1
arts,1
ward,1
chamber,1
antiquities,1
cr,1
inaa,1
holmes,1
supporting,1
extremely,1
worlds,1
suprahousehold,1
eugene,1
pressures,1
investigate,1
rugge,1
regionwide,1
areal,1
tomka,1
addressed,1
stephen,1
anthropomorphic,1
duncan,1
katchina,1
magnitude,1
deposited,1
exercised,1
globe,1
monument,1
actually,1
historian,1
rea,1
prothistoric,1
homogeneity,1
incorporated,1
lagomorphs,1
finest,1
spanish,1
founded,1
scarcely,1
howell,1
untapped,1
claims,1
corrections,1
sorts,1
snaketown,1
symbol,1
equipment,1
sedemism,1
wellknown,1
dimension,1
examdle,1
masonry,1
ortiz,1
chapman,1
cultures,1
specialized,1
antiauin,1
suggestions,1
december,1
tlalocs,1
refinements,1
punching,1
interested,1
historians,1
lifethere,1
believe,1
outdoor,1
unknown,1
leaders,1
down,1
straightforward,1
southernmost,1
ornament,1
regard,1
post,1
harvest,1
er,1
collectors,1
contradictory,1
killing,1
macroplant,1
valli,1
ir,1
cultivation,1
primary,1
jennifer,1
wood,1
distinctive,1
closest,1
prospects,1
utilized,1
rural,1
proposed,1
diem,1
ancestors,1
merely,1
turned,1
analytically,1
subterranean,1
believed,1
avtos,1
william,1
game,1
gumennan,1
delineated,1
automatically,1
answered,1
jennings,1
investigation,1
lands,1
them,1
cooking,1
ones,1
plants,1
comes,1
nearby,1
ma,1
males,1
treering,1
seasonal,1
artifactual,1
storm,1
ripe,1
ceased,1
shortages,1
cratt,1
waters,1
thames,1
healthy,1
studying,1
require,1
produce,1
nesting,1
precedent,1
minimal,1
dentition,1
scenarios,1
travel,1
st,1
ritually,1
sobolink,1
son,1
cñ,1
preserved,1
severely,1
dragoon,1
smudged,1
awkwardly,1
potterymaking,1
disparate,1
redundant,1
contemporaneity,1
introduced,1
farmland,1
content,1
courses,1
procure,1
antiauity,1
swetnam,1
dental,1
waning,1
infamous,1
suney,1
went,1
exceeded,1
manuscnpt,1
entry,1
fmm,1
antiquitx,1
bridges,1
öia,1
paid,1
stevenson,1
indians,1
phoenix,1
mention,1
allows,1
maintained,1
isolated,1
asynchronous,1
accorded,1
childhood,1
sigma,1
varied,1
subsumed,1
crosscultural,1
come,1
susceptible,1
glowacki,1
tlaloc,1
undecorated,1
darrell,1
devoted,1
rowers,1
symbolic,1
spring,1
commercial,1
anatomically,1
referenced,1
similarity,1
finding,1
genders,1
twentieth,1
protohistoric,1
paradigm,1
maneas,1
northland,1
slope,1
catherine,1
explanation,1
offer,1
joined,1
approximately,1
sá,1
stailey,1
correlated,1
consumption,1
gopher,1
physical,1
manufacture,1
ortman,1
arrhapnlnpv,1
product,1
basketmaker,1
bear,1
southeastern,1
variously,1
effects,1
clues,1
forming,1
prehispamc,1
await,1
wanson,1
bliss,1
probabilistic,1
madison,1
typology,1
lj,1
roughly,1
indices,1
roles,1
anonymous,1
cracked,1
needs,1
am,1
guilliford,1
vi,1
offered,1
specific,1
conceptualizing,1
vertebrate,1
carbon,1
inhumations,1
emptied,1
removed,1
schiffer,1
chambers,1
suffered,1
themselves,1
bell,1
vary,1
radioanalytical,1
patricia,1
deposits,1
texts,1
mix,1
develop,1
huckell,1
abandoned,1
winston,1
boldface,1
comparable,1
detriment,1
statement,1
oí,1
unm,1
showed,1
close,1
draft,1
gourd,1
retention,1
deeper,1
nonpottery,1
bundles,1
ollas,1
continuously,1
thorough,1
