WORDCOUNTS,WEIGHT
the,1569
of,1004
and,746
in,684
a,463
to,325
that,190
archaeoastronomy,185
aveni,185
pp,148
s,141
at,124
press,123
on,116
university,112
as,109
for,108
de,107
astronomy,104
j,99
is,94
f,91
ed,89
with,89
astronomical,88
american,87
maya,85
have,85
e,81
by,81
new,81
an,79
ancient,79
d,73
from,67
sun,65
r,65
it,64
c,63
m,62
mexico,62
g,59
eds,58
which,56
one,55
b,54
be,53
teotihuacan,52
been,52
h,50
was,50
time,49
calendar,48
this,48
has,47
alignments,46
also,46
city,46
world,45
or,45
are,44
its,43
sky,43
orientation,42
cambridge,42
mesoamerica,41
i,41
en,40
bricker,40
york,39
p,39
austin,39
archaeological,39
their,38
were,38
studies,37
texas,37
these,36
v,36
la,36
mesoamerican,34
americas,34
l,33
oxford,32
härtung,30
more,30
they,29
record,29
antiquity,29
no,28
cuzco,27
there,27
some,27
solar,27
el,26
into,25
ritual,25
site,25
architecture,25
culture,25
north,25
other,24
most,24
archaeology,24
native,24
not,24
evidence,24
center,23
classic,23
sites,23
see,23
codex,23
science,23
williamson,23
between,23
inca,22
may,22
research,22
about,22
all,21
such,21
journal,21
w,21
horizon,21
would,21
y,21
building,21
southwest,20
t,20
del,20
number,20
solstice,20
group,19
medicine,19
out,19
cultural,19
ruggles,19
south,19
ceque,19
carlson,19
urton,18
america,18
study,18
et,18
ethnoastronomy,18
when,18
where,18
sprajc,18
nacional,18
cultures,18
broda,18
orientations,18
celestial,18
history,17
alignment,17
carrasco,17
latin,17
zenith,17
data,17
place,17
two,17
zuidema,17
dearborn,17
axis,17
role,17
archaeoastronomical,16
might,16
international,16
example,16
knowledge,16
al,16
lunar,16
art,16
directions,16
méxico,16
anthropology,16
written,16
first,15
nm,15
sacred,15
along,15
space,15
n,15
albuquerque,15
well,15
but,15
can,15
series,15
what,14
itzá,14
chichén,14
part,14
field,14
reports,14
three,14
who,14
los,14
temple,14
colorado,14
both,14
although,14
point,14
ca,14
zeilik,13
could,13
british,13
dates,13
than,13
universidad,13
planning,13
buildings,13
society,13
bar,13
published,13
bauer,13
structure,13
we,13
krupp,13
palenque,13
order,13
them,13
precision,13
washington,13
among,13
judge,12
originally,12
papers,12
system,12
east,12
served,12
his,12
how,12
museum,12
basic,12
huacas,12
view,12
had,12
prehistoric,12
moon,12
horn,12
cosmology,12
he,12
many,12
only,12
stars,12
cosmos,12
upon,12
wheel,12
observatory,12
so,12
lines,12
calendars,12
over,12
form,12
early,12
way,11
dc,11
stone,11
venus,11
possible,11
review,11
madrid,11
instituto,11
days,11
k,11
four,11
events,11
line,11
year,11
people,11
employed,11
ceremonial,11
copan,11
historia,11
us,11
same,11
plan,11
contemporary,11
case,11
practice,11
table,11
antropología,11
institute,11
equinox,11
middle,11
oriented,10
star,10
iwaniszewski,10
together,10
those,10
central,10
cosmic,10
based,10
however,10
gods,10
basis,10
literature,10
work,10
aztec,10
structures,10
dresden,10
astronomically,10
light,10
day,10
made,10
architectural,10
period,10
andean,10
shadow,10
calendrical,10
precise,10
set,10
passage,10
rising,10
through,10
autónoma,10
our,10
hypothesis,10
tropics,9
ziolkowski,9
western,9
season,9
state,9
regarding,9
old,9
landscape,9
hawkins,9
ceremony,9
suggested,9
because,9
during,9
rituals,9
rowe,9
earth,9
arquitectura,9
london,9
san,9
observations,9
wheels,9
smith,9
hypotheses,9
codices,9
often,9
analysis,9
natural,9
different,9
proposed,9
seasonal,9
while,9
phenomena,9
little,9
given,9
much,9
investigaciones,8
college,8
complex,8
largely,8
park,8
annals,8
round,8
planting,8
great,8
ballena,8
since,8
astronomers,8
cf,8
milbrath,8
plaza,8
elsewhere,8
appear,8
mccluskey,8
appearance,8
found,8
big,8
oaks,8
social,8
vogt,8
maxwell,8
cycle,8
located,8
templo,8
rock,8
altos,8
academy,8
eddy,8
uaxactun,8
saunders,8
significant,8
references,8
markers,8
itself,8
each,8
las,8
month,8
inscriptions,8
popular,8
coggins,8
area,8
should,8
mexican,7
ii,7
seems,7
nature,7
principles,7
cahokia,7
religion,7
connection,7
last,7
west,7
hudson,7
thus,7
places,7
pecked,7
fash,7
like,7
schele,7
geometry,7
general,7
via,7
importance,7
special,7
ashmore,7
iconography,7
schaefer,7
dumbarton,7
pyramid,7
ethnohistoric,7
own,7
arqueoastronomía,7
chase,7
benson,7
once,7
indians,7
heritage,7
toward,7
niwot,7
ideology,7
empire,7
argues,7
another,7
exhibit,7
assemblages,7
use,7
anasazi,7
mayan,7
publication,7
points,7
mountain,7
especially,7
ceques,7
worldview,7
astronomies,7
solstices,7
bulletin,7
un,7
detailed,7
construction,7
mounds,7
environment,7
associated,7
measurements,7
specialized,7
setting,7
cities,7
past,7
mayor,7
years,7
cross,7
reyman,7
need,7
remains,7
aztecs,7
recent,7
myth,7
miller,6
difficult,6
groups,6
shrines,6
manuscript,6
unwritten,6
boulder,6
standstills,6
puuc,6
lodge,6
origin,6
existence,6
vol,6
determined,6
chronicler,6
interdisciplinary,6
santa,6
montana,6
tedlock,6
sessions,6
ch,6
averi,6
similar,6
contributions,6
cosmovision,6
earthworks,6
white,6
modern,6
statistical,6
stonehenge,6
peru,6
uses,6
observatories,6
deal,6
late,6
tikal,6
symbolism,6
related,6
department,6
positions,6
winter,6
mesoamericana,6
mound,6
paisaje,6
various,6
comparative,6
millón,6
tropical,6
southern,6
observer,6
monte,6
rise,6
temples,6
understanding,6
discussion,6
tichy,6
questions,6
galindo,6
times,6
summer,6
after,6
pleiades,6
investigators,6
sunrise,6
months,6
anthropological,6
complexes,6
symbolic,6
known,6
mesoamérica,6
control,6
current,6
historical,6
following,6
according,6
proceedings,6
whether,6
theory,6
states,6
pillars,6
observation,6
sciences,6
dissertation,5
carved,5
now,5
o,5
machu,5
large,5
almanacs,5
position,5
cycles,5
specifically,5
creation,5
implications,5
taken,5
heavens,5
highland,5
poverty,5
chroniclers,5
survey,5
cerro,5
concepts,5
context,5
key,5
primary,5
hammond,5
say,5
far,5
tied,5
alban,5
century,5
elements,5
sofaer,5
even,5
rather,5
across,5
watch,5
cuadernos,5
earlier,5
peeler,5
cave,5
moreover,5
tower,5
tenochtitlan,5
civilizations,5
kintigh,5
cobo,5
arqueología,5
picchu,5
beyond,5
concerning,5
method,5
methodology,5
greater,5
called,5
centers,5
iconographie,5
prehispánica,5
further,5
war,5
yucatán,5
wilbert,5
shape,5
having,5
used,5
records,5
device,5
least,5
reliable,5
intervals,5
chamberlain,5
june,5
annual,5
torreón,5
results,5
likely,5
units,5
arrangement,5
montero,5
still,5
standing,5
thames,5
closs,5
thorn,5
power,5
mark,5
water,5
huánuco,5
pattern,5
skywatchers,5
do,5
calendrics,5
perhaps,5
expression,5
purrington,5
high,5
latter,5
astronomía,5
problems,5
systems,5
heliacal,5
petroglyphs,5
relationship,5
window,5
practical,5
plains,5
fields,5
several,5
pueblos,5
temporal,5
offers,5
here,5
know,5
hopewell,5
believe,5
did,5
u,5
motolinia,5
drucker,5
periphery,5
information,5
conference,5
vistas,5
centro,5
plans,5
writing,5
come,5
course,5
include,5
francisco,5
chicago,5
texts,5
views,5
does,4
common,4
stuart,4
maupomé,4
dagger,4
concerned,4
serpent,4
stood,4
preclassic,4
functional,4
mars,4
mysteries,4
mountains,4
orientaciones,4
approaches,4
sirius,4
decade,4
brandt,4
flores,4
royal,4
eye,4
hopi,4
archaeologists,4
ruppert,4
chaco,4
england,4
containing,4
layout,4
sadowski,4
side,4
baird,4
design,4
marked,4
politics,4
bibliography,4
investigator,4
warfare,4
human,4
astronómicas,4
tables,4
interest,4
z,4
aligned,4
garcilaso,4
single,4
cardinal,4
find,4
pueblo,4
critique,4
jones,4
warao,4
civilization,4
sucanca,4
megalithic,4
deliberately,4
derived,4
monumental,4
objects,4
fabian,4
dated,4
synodic,4
marking,4
house,4
argued,4
calculations,4
utah,4
expressed,4
came,4
location,4
imagination,4
though,4
posited,4
viewed,4
tenerife,4
public,4
freidel,4
sacrifice,4
lópez,4
prominent,4
farrer,4
castillo,4
rulership,4
count,4
suggest,4
long,4
azimuth,4
dedicated,4
up,4
antizenith,4
provided,4
gibbs,4
will,4
matter,4
mesa,4
cosmological,4
make,4
religious,4
calendario,4
rain,4
under,4
ethnographic,4
si,4
already,4
functioned,4
picture,4
harper,4
fix,4
oral,4
vega,4
folklore,4
fundamental,4
geometrical,4
diverse,4
discussed,4
forms,4
tlaloc,4
gossen,4
necessary,4
local,4
situated,4
examples,4
bear,4
helps,4
telescope,4
passes,4
template,4
peten,4
willey,4
dating,4
finally,4
open,4
significance,4
historic,4
august,4
accurate,4
patterns,4
morrow,4
equinoxes,4
conclusions,4
etnoastronomía,4
distant,4
story,4
henderson,4
attention,4
carried,4
today,4
redonda,4
five,4
vertical,4
hively,4
life,4
fe,4
hopewellian,4
event,4
octagon,4
any,4
constituted,4
text,4
december,4
seem,4
down,4
astronómico,4
very,4
works,4
phd,4
circles,4
ma,4
problem,4
consisting,4
incaic,4
universe,4
must,4
ohio,4
lies,4
twin,4
pair,4
kelley,4
national,4
offer,4
association,4
specific,4
news,4
malmström,4
norman,4
fialko,4
major,4
go,3
possessed,3
if,3
later,3
separated,3
mesoamericano,3
northeast,3
ultimate,3
needed,3
second,3
before,3
said,3
consistent,3
either,3
shaped,3
tradition,3
yucatan,3
accompanied,3
chamula,3
mexicana,3
reveal,3
predawn,3
heyden,3
investigations,3
borgia,3
dd,3
within,3
issue,3
recorded,3
eastern,3
incorporate,3
addresses,3
anticipation,3
implies,3
illustrate,3
positioned,3
measuring,3
cited,3
harmony,3
canyon,3
language,3
component,3
development,3
incas,3
against,3
unpublished,3
huitzilopochtli,3
neighbors,3
domain,3
dozen,3
philosophical,3
urioste,3
employing,3
align,3
kind,3
cases,3
document,3
back,3
butte,3
extraordinary,3
arranged,3
salomon,3
inkawasi,3
publications,3
island,3
look,3
traditions,3
influence,3
cacaxtla,3
distribution,3
reflects,3
without,3
statements,3
grid,3
main,3
developed,3
lie,3
tobriner,3
dow,3
altar,3
dealt,3
determining,3
certain,3
sidereal,3
comment,3
skewed,3
nor,3
marks,3
organization,3
pampa,3
established,3
pawnee,3
god,3
frequently,3
quarters,3
spokes,3
important,3
reflections,3
societies,3
rule,3
search,3
mapping,3
young,3
effort,3
baudez,3
attained,3
ethnohistorical,3
prehispánico,3
circular,3
caracol,3
appears,3
recently,3
explain,3
stations,3
aspects,3
schreiber,3
vertices,3
shaman,3
mixtee,3
maurtua,3
performative,3
revealed,3
dividing,3
whole,3
supernova,3
fit,3
dowd,3
constitute,3
kings,3
cast,3
status,3
visions,3
vista,3
haack,3
approach,3
bodies,3
coricancha,3
good,3
change,3
astroarchaeology,3
andes,3
involved,3
around,3
small,3
eclipse,3
peak,3
oklahoma,3
methodological,3
progress,3
lounsbury,3
paid,3
coe,3
celebrating,3
finds,3
directional,3
yekuana,3
periods,3
critical,3
therefore,3
nonetheless,3
vail,3
scientific,3
britain,3
short,3
sunset,3
community,3
above,3
studien,3
direction,3
southeast,3
para,3
esteban,3
yet,3
continuity,3
sub,3
manzanilla,3
perspectives,3
guatemala,3
noted,3
stones,3
useful,3
volume,3
book,3
archaeologically,3
again,3
shows,3
idea,3
hierophany,3
romain,3
ought,3
colgate,3
end,3
anthropologist,3
took,3
hand,3
differences,3
model,3
reform,3
mural,3
less,3
underworld,3
mundo,3
año,3
fieldwork,3
lateinamerika,3
glyphs,3
cosmologies,3
range,3
region,3
lake,3
strongly,3
copacabana,3
lepper,3
identical,3
full,3
cultura,3
trade,3
appraisal,3
murra,3
essay,3
individual,3
robertson,3
characterized,3
skidi,3
function,3
features,3
played,3
serves,3
stages,3
hierophanies,3
megaliths,3
methods,3
relation,3
acquire,3
deliberate,3
northern,3
planetary,3
geography,3
versus,3
institution,3
relative,3
governor,3
opposite,3
históricas,3
observational,3
consists,3
seasons,3
quechua,3
usually,3
begin,3
watching,3
reason,3
seen,3
began,3
oddly,3
wilson,3
fall,3
united,3
griffith,3
suyus,3
instances,3
addressed,3
claims,3
school,3
acquired,3
curious,3
then,3
conocimiento,3
comes,3
conclusion,3
version,3
anonymous,3
incorporated,3
simply,3
geographic,3
thousand,3
symbol,3
puebloan,3
dualism,3
estéticas,3
sugiyama,3
capital,3
appendix,3
argue,3
report,3
ideological,3
particularly,3
journals,3
ordered,3
quetzalcoatl,3
assessment,3
evident,3
beginning,3
spatial,3
selected,3
uaxactún,3
orleans,3
particular,3
passed,3
her,3
inah,3
too,3
urban,3
level,3
collecting,3
zuni,3
indiana,3
question,3
origins,3
reveals,3
generate,3
fajada,3
lore,3
motives,3
approximately,3
sunsets,3
green,3
smaller,3
involving,3
palace,3
seeks,3
attempted,3
brecher,3
enclosure,3
summary,3
offered,3
sahagun,3
archaeoastmnomy,3
valley,3
seek,3
famous,3
meeting,3
southeastern,3
built,3
axial,3
noon,3
astronómica,3
benchley,2
literal,2
mostly,2
wyoming,2
verlagsanstalt,2
limits,2
calgary,2
léon,2
arias,2
represent,2
laporte,2
resulted,2
heights,2
cruz,2
unity,2
hyslop,2
reasons,2
sphere,2
reflection,2
gordo,2
measurement,2
tend,2
essays,2
newark,2
ways,2
fahsen,2
hohokam,2
reichel,2
considerations,2
child,2
devices,2
resurgence,2
hoskinson,2
occurred,2
habits,2
tells,2
cushing,2
rodger,2
lowlands,2
diversity,2
updated,2
turning,2
planets,2
lower,2
fabric,2
anything,2
gap,2
decidedly,2
sources,2
timed,2
mayapán,2
topographic,2
guacas,2
coauthored,2
path,2
attempts,2
meters,2
knobs,2
vols,2
address,2
zuiderwijk,2
puebla,2
definition,2
delineation,2
available,2
stanish,2
xochicalco,2
niles,2
hundred,2
raya,2
mississippi,2
carnegie,2
take,2
debt,2
moons,2
pauketat,2
jansen,2
date,2
priest,2
precisely,2
remainder,2
raised,2
principal,2
mexicon,2
political,2
discipline,2
surveys,2
acerca,2
growing,2
standstill,2
orientación,2
dome,2
iii,2
castañeda,2
king,2
task,2
draws,2
motion,2
sought,2
iv,2
triangle,2
draw,2
belmonte,2
colombia,2
account,2
origen,2
characterize,2
drive,2
solely,2
moseley,2
dynastic,2
hawkes,2
apart,2
supply,2
doubleday,2
económica,2
overlooking,2
cieza,2
biblioteca,2
enter,2
valdes,2
zone,2
celebrate,2
behavior,2
stress,2
goal,2
phase,2
lujan,2
uxmal,2
southwestern,2
expect,2
accuracy,2
explained,2
facts,2
heggie,2
due,2
rivard,2
hanks,2
attesting,2
quadripartite,2
regarded,2
viewing,2
museos,2
price,2
conducted,2
prediction,2
wiley,2
turn,2
almanac,2
ct,2
keep,2
crosses,2
response,2
columbia,2
misleading,2
fowler,2
mesoamericanas,2
archaeologist,2
consequently,2
communication,2
solstitial,2
kidder,2
discovering,2
transactions,2
monk,2
master,2
walls,2
mechanism,2
opposed,2
huaca,2
ruins,2
sinclair,2
whose,2
réévaluation,2
constellations,2
testimony,2
centered,2
berlo,2
sort,2
peninsula,2
mackie,2
ricketson,2
demarcating,2
supplement,2
rigor,2
produced,2
lacking,2
echoed,2
evolution,2
read,2
burials,2
discoveries,2
supposed,2
addressing,2
changes,2
acquisition,2
huarochiri,2
wasilewska,2
heidel,2
randomness,2
kehoe,2
literary,2
castleden,2
clocks,2
just,2
numbers,2
upper,2
show,2
alta,2
fashioned,2
antropológicas,2
surface,2
shed,2
rice,2
reconsideration,2
dominant,2
rekindled,2
flow,2
conferences,2
decades,2
radial,2
peruana,2
closely,2
my,2
kennedy,2
arrival,2
agenda,2
lowland,2
latitudes,2
begun,2
color,2
access,2
seven,2
conspicuous,2
akron,2
primacy,2
atlcahualo,2
endeavor,2
multiples,2
haven,2
interpretations,2
underhay,2
notas,2
fairer,2
furthermore,2
focused,2
skilled,2
hall,2
fisher,2
burial,2
ceramics,2
symbols,2
cairns,2
cannot,2
applied,2
monograph,2
otherwise,2
placed,2
procedures,2
corroborates,2
problema,2
near,2
warriors,2
chiapas,2
keeping,2
gathering,2
future,2
seminal,2
archaeoastwnomy,2
correlation,2
chalchihuites,2
rainy,2
blue,2
concept,2
significantly,2
linsley,2
discusses,2
sharon,2
pyramids,2
description,2
criticized,2
overview,2
realm,2
editorial,2
astronomia,2
seasonally,2
lockyer,2
saskatchewan,2
personal,2
away,2
reflect,2
attributed,2
punteadas,2
excavated,2
computer,2
perú,2
start,2
stela,2
sense,2
fuente,2
nuevos,2
working,2
below,2
regardless,2
peterson,2
investigación,2
alto,2
contrast,2
sharp,2
beasts,2
quite,2
bank,2
taxonomies,2
spanish,2
leaves,2
characteristics,2
wider,2
smithsonian,2
suplemento,2
highly,2
mit,2
components,2
somerville,2
florentine,2
ancestral,2
weaver,2
sharer,2
proper,2
roots,2
appropriate,2
chronicles,2
aurora,2
wedel,2
anders,2
critics,2
pilgrimage,2
descending,2
synthesis,2
service,2
overall,2
diego,2
play,2
intended,2
motivated,2
framing,2
object,2
standardization,2
being,2
decoded,2
pintura,2
brien,2
says,2
manifest,2
xihuingo,2
atop,2
roads,2
surrounds,2
picchii,2
philadelphia,2
criticism,2
interpretation,2
timekeeping,2
makes,2
rules,2
thought,2
exactly,2
latitude,2
temperate,2
thesis,2
northwest,2
interior,2
included,2
commoner,2
falls,2
extinction,2
planet,2
indian,2
largest,2
morante,2
ovenden,2
begins,2
moments,2
crowe,2
supernatural,2
disciplinary,2
actually,2
fire,2
support,2
name,2
skyband,2
stated,2
think,2
others,2
hernández,2
flat,2
added,2
christiansen,2
conduct,2
complementary,2
wooden,2
incorporates,2
outside,2
doorway,2
marker,2
consideration,2
coincidence,2
clarendon,2
morandi,2
agree,2
attempting,2
crop,2
calnek,2
disoriented,2
doubt,2
reilly,2
sullivan,2
planners,2
honor,2
transit,2
enough,2
sighting,2
learn,2
present,2
moonshine,2
ground,2
road,2
unit,2
isbell,2
establish,2
axes,2
tell,2
council,2
venezuela,2
material,2
chronologically,2
belief,2
frequency,2
controversy,2
widespread,2
style,2
ethnohistorians,2
free,2
anticipate,2
degree,2
diameter,2
notion,2
interpreting,2
demonstrated,2
crown,2
meaningful,2
registers,2
survive,2
tulane,2
matthews,2
conceivable,2
participatory,2
jr,2
elite,2
top,2
fronting,2
hunting,2
festival,2
angle,2
adena,2
clockwork,2
ideas,2
harvard,2
malinalco,2
organismo,2
octagons,2
graz,2
roman,2
gendrop,2
internal,2
theoretical,2
involves,2
clear,2
directed,2
perpendicular,2
entre,2
physics,2
ellis,2
ejemplo,2
plant,2
dry,2
provides,2
elaborate,2
salt,2
touches,2
cruces,2
become,2
sight,2
corners,2
deciphered,2
seeking,2
probably,2
mimicry,2
spain,2
morris,2
tendency,2
bonito,2
ago,2
animals,2
gleaned,2
von,2
duplicated,2
interdiscipline,2
loughborough,2
factors,2
nebula,2
precious,2
note,2
she,2
provide,2
institutions,2
vision,2
maps,2
altitude,2
hotaling,2
male,2
yale,2
nuevo,2
parsons,2
test,2
sunrises,2
length,2
payment,2
bauval,2
escuela,2
settlement,2
respect,2
observación,2
ridges,2
unusual,2
iowa,2
floor,2
rigorous,2
sociedad,2
earliest,2
considered,2
res,2
matters,2
fertility,2
doorways,2
mcgee,2
oxkintok,2
lessons,2
metaphor,2
charting,2
león,2
ulansey,2
provo,2
demonstrate,2
ever,2
theme,2
crab,2
quantitative,2
der,2
symbolizing,2
shamans,2
ni,2
intellectual,2
extant,2
gaps,2
interciencia,2
hamilton,2
paper,2
dzibilchaltun,2
inclined,2
board,2
best,2
cochran,2
wall,2
returns,2
counting,2
exhibits,2
perfectly,2
rely,2
taube,2
iwanszewski,2
pollock,2
going,2
wot,2
chumash,2
ethos,2
february,2
better,2
william,2
scholarly,2
explanations,2
right,2
completion,2
list,2
making,2
duplication,2
want,2
mann,2
urbanismo,2
map,2
mentioned,2
secure,2
sosa,2
cosmograms,2
ideal,2
wilcox,2
cosmically,2
zodiacal,2
morales,2
burden,2
radically,2
boston,2
paintings,2
atkinson,2
careful,2
azimuths,2
despite,2
giving,2
techniques,2
haag,2
measure,2
watchers,2
demanding,2
arguments,2
summarizes,2
antigua,2
appointed,2
colonial,2
using,2
deities,2
sabloff,2
drewitt,2
named,2
locations,2
paradigm,2
conditions,2
opens,2
aware,2
explanation,2
parallels,2
register,2
integrated,2
reminiscent,2
asked,2
proyecto,2
you,2
measured,2
eliade,2
eclipses,2
needs,2
evidencias,2
passages,2
serpents,2
km,2
semisedentary,2
titicaca,2
reached,2
create,2
estudio,2
focus,2
images,2
peabody,2
ethnology,2
statement,2
ga,2
doing,2
close,2
thorough,2
perspicacious,1
tourists,1
geographical,1
intimately,1
entities,1
crowley,1
moreno,1
ending,1
smoke,1
basing,1
mountaintops,1
gerald,1
explosion,1
currently,1
done,1
oddities,1
maran,1
photos,1
doubts,1
deny,1
page,1
readouts,1
cossió,1
hallmarks,1
dias,1
underpinning,1
smoky,1
convergence,1
edge,1
horizontal,1
equipo,1
medieval,1
anthony,1
religions,1
vining,1
meaning,1
itzl,1
entierros,1
names,1
intercalation,1
pull,1
stairways,1
faced,1
urbanistic,1
soul,1
deepen,1
concern,1
truth,1
internationa,1
extreme,1
pianungsprinzipien,1
lessa,1
legitimate,1
máximo,1
imitates,1
aproximación,1
worthy,1
intriguing,1
cerros,1
granados,1
magnetic,1
feathered,1
reigning,1
miguel,1
extends,1
caches,1
succession,1
introduction,1
stands,1
necessitates,1
sahagün,1
passing,1
obtains,1
culto,1
likewise,1
counters,1
registering,1
obsolete,1
astroarchaeological,1
residences,1
nunavut,1
armbruster,1
numeration,1
putative,1
reminders,1
identify,1
designed,1
prime,1
anchor,1
coincides,1
pivoting,1
formed,1
percept,1
transform,1
quintessential,1
albán,1
constitutes,1
sets,1
fray,1
situation,1
española,1
easily,1
copycat,1
paradigms,1
kerr,1
pessimism,1
genius,1
geométicoastronómicas,1
notwithstanding,1
fundación,1
exterior,1
odyssey,1
ms,1
spirit,1
collection,1
overlook,1
scribner,1
hovenweep,1
necessarily,1
seler,1
pose,1
unlike,1
title,1
total,1
quetzalcóatl,1
eastward,1
observing,1
sr,1
planeta,1
moving,1
nineteenth,1
bend,1
edu,1
track,1
descriptions,1
revision,1
relativism,1
source,1
chief,1
trazo,1
pillar,1
root,1
women,1
apertures,1
themes,1
efficacy,1
noontime,1
northward,1
labyrintos,1
negative,1
formalize,1
mchargue,1
firmness,1
clarifying,1
transmitting,1
townsend,1
lying,1
invoking,1
aside,1
conjunctive,1
zinser,1
kukulcan,1
learned,1
valle,1
posed,1
fertile,1
distinguishing,1
interests,1
derives,1
interested,1
entailed,1
nonliterate,1
deterministic,1
chaos,1
historians,1
culturally,1
concentrated,1
contrasted,1
penchant,1
attempt,1
darkness,1
script,1
afesoamerica,1
anywhere,1
alemana,1
caddoans,1
rational,1
aldine,1
shortage,1
ourselves,1
fewer,1
equinoctial,1
fuson,1
zuñiga,1
editions,1
words,1
dramatically,1
inhabits,1
als,1
possibilities,1
validating,1
reach,1
summation,1
height,1
contextual,1
peck,1
skills,1
leading,1
accommodate,1
broadly,1
petroglyph,1
desire,1
simple,1
skies,1
roundhouse,1
falling,1
accessible,1
científicas,1
confirming,1
timing,1
plumb,1
pivot,1
imaginary,1
organizes,1
rich,1
cathedral,1
arctic,1
washingon,1
ecológicos,1
assembled,1
tenayuca,1
liverpool,1
achievement,1
classroom,1
sectors,1
disappearance,1
vanishing,1
transferred,1
macri,1
farther,1
onto,1
concludes,1
procedure,1
wizard,1
juxtapositions,1
scheme,1
styles,1
iglesias,1
ziolowski,1
katun,1
help,1
refiguring,1
integrate,1
patterned,1
cosmologically,1
museums,1
devised,1
resorting,1
rudimentary,1
diitting,1
arqueoastronónomico,1
españoles,1
holidays,1
solidify,1
cusco,1
wet,1
tropic,1
books,1
adventures,1
california,1
mail,1
somewhat,1
readiness,1
marshack,1
signs,1
cloud,1
relationships,1
myths,1
confused,1
discurso,1
daniel,1
semicardinal,1
allied,1
legend,1
circuits,1
contents,1
similarities,1
posts,1
paying,1
documenting,1
empty,1
con,1
computing,1
knots,1
avelli,1
depending,1
corresponded,1
sophisticated,1
forthcoming,1
zeitschrift,1
autonoma,1
westview,1
plain,1
bicephalic,1
crocodile,1
owing,1
rectores,1
ingeniously,1
intermound,1
nearly,1
guidelines,1
northsouth,1
bias,1
pub,1
mass,1
borono,1
sexual,1
discuss,1
wwv,1
march,1
tucker,1
solving,1
representations,1
arm,1
regulating,1
chapter,1
mythology,1
untersuchung,1
placement,1
wonders,1
demands,1
culver,1
prior,1
capable,1
activity,1
xv,1
condition,1
prehispanic,1
cared,1
shared,1
plague,1
rehktforment,1
establishing,1
kmpp,1
appendices,1
functions,1
alter,1
october,1
oscuras,1
concentric,1
vital,1
crowned,1
ayllus,1
tzotzil,1
autonomia,1
whatever,1
peripatetic,1
conceptual,1
reflecting,1
x,1
establishment,1
grande,1
unify,1
lang,1
crypts,1
desirable,1
scorpius,1
establishes,1
katunob,1
resembling,1
archaeostronomy,1
himself,1
interviews,1
sculptures,1
beneath,1
letter,1
microcosmically,1
lights,1
brotherston,1
sand,1
crystallized,1
vaillant,1
callachaca,1
corresponding,1
singled,1
interestingly,1
framework,1
succeed,1
exist,1
tribute,1
september,1
divide,1
insituto,1
conflict,1
sobre,1
err,1
doms,1
macdonald,1
oaxaca,1
therein,1
barasana,1
mol,1
genesis,1
chiefs,1
economía,1
responded,1
announce,1
translates,1
sagralo,1
angles,1
historically,1
dying,1
evans,1
keber,1
difficulties,1
immediate,1
univiversidad,1
neighbor,1
greenstone,1
cambio,1
pursue,1
run,1
winds,1
orinoco,1
visited,1
stories,1
hierarchy,1
beliefs,1
backdrop,1
software,1
inti,1
told,1
anthropos,1
relatively,1
sanctuary,1
concentrations,1
offenses,1
adopted,1
acta,1
salisbury,1
lamontaña,1
occurs,1
towers,1
excavations,1
highlighting,1
juárez,1
rigorously,1
living,1
constellation,1
type,1
media,1
rooted,1
remington,1
tripartite,1
nonstate,1
affairs,1
ai,1
slabs,1
bands,1
feathers,1
developments,1
items,1
tends,1
destroyed,1
underlying,1
perspective,1
systematically,1
segmented,1
yngas,1
averaging,1
refer,1
spraic,1
convincing,1
contrary,1
fig,1
sheed,1
ithaca,1
serving,1
disinterest,1
six,1
keith,1
gantowisas,1
radio,1
exercise,1
lineage,1
jeffers,1
attests,1
witnessed,1
schematic,1
brevity,1
truly,1
rhythm,1
skew,1
preconquest,1
weight,1
decapitated,1
trances,1
terrace,1
bolivia,1
ny,1
deceased,1
nonegalitarian,1
actualizada,1
elevation,1
festivals,1
misalignment,1
implanted,1
apparently,1
propositions,1
chamulas,1
guard,1
amú,1
adult,1
lipp,1
mithraic,1
hardly,1
invites,1
columns,1
appraise,1
teotihuacanos,1
word,1
lastly,1
spoked,1
cites,1
algunas,1
observationally,1
let,1
crossroads,1
perfect,1
higher,1
chinchaysuyu,1
lesser,1
failed,1
live,1
layouts,1
loyal,1
steps,1
operation,1
deviation,1
estilos,1
interesting,1
library,1
fort,1
builder,1
marcador,1
enhancing,1
alleged,1
recognized,1
diviners,1
adequate,1
town,1
essential,1
preclásico,1
sartor,1
regiones,1
identification,1
procesos,1
moiety,1
ml,1
observers,1
links,1
purely,1
harrington,1
jupiter,1
performance,1
residence,1
impetus,1
highlands,1
models,1
sum,1
untold,1
observadores,1
secrets,1
getino,1
elongation,1
peruvian,1
levels,1
keepers,1
fair,1
longest,1
process,1
lasting,1
skyscape,1
pinpoint,1
olmec,1
una,1
arai,1
punto,1
goes,1
survives,1
outward,1
shapiro,1
tukano,1
monsoon,1
captives,1
humanity,1
domestication,1
cardinally,1
leave,1
pisos,1
sacrificed,1
direct,1
strange,1
implicates,1
boone,1
pages,1
plazuelas,1
revelation,1
possess,1
mesuamericano,1
danger,1
olvidados,1
offering,1
lth,1
ruz,1
affai,1
practicing,1
whither,1
chartres,1
morelos,1
popol,1
scattered,1
commentaries,1
periodic,1
expressing,1
attached,1
moves,1
divided,1
consistency,1
guides,1
mal,1
indispensable,1
modified,1
involvement,1
understand,1
empires,1
brunswick,1
ballcourt,1
worlds,1
porthole,1
perceptions,1
inauguration,1
moll,1
proving,1
gingerich,1
ward,1
worshipped,1
frazier,1
servants,1
biased,1
counterparts,1
tabulations,1
conceptualization,1
possibly,1
dichotomy,1
plumed,1
river,1
lacandon,1
mean,1
image,1
descent,1
organized,1
lima,1
branch,1
clearly,1
metastructure,1
section,1
driven,1
represented,1
informe,1
former,1
impact,1
traces,1
mary,1
solidified,1
instrument,1
listed,1
exemplify,1
situations,1
textbook,1
age,1
pebble,1
processions,1
woodlands,1
ford,1
operate,1
superior,1
ofoaxaca,1
delta,1
fundamentales,1
equivalents,1
computation,1
challenged,1
additional,1
dursin,1
mexica,1
powerful,1
millennium,1
observable,1
ethnoastronomical,1
linkage,1
bec,1
followed,1
defines,1
misminay,1
facing,1
evaluation,1
consequence,1
ponce,1
plates,1
quechuas,1
evidences,1
árchaeoastronomy,1
requires,1
painted,1
andinas,1
suffice,1
exploitation,1
plenum,1
portrays,1
subsidiary,1
firmly,1
attendants,1
odd,1
risings,1
fewkes,1
jan,1
lignments,1
syntheses,1
symbolized,1
antecedents,1
strategy,1
vagaries,1
trained,1
slightest,1
drawing,1
hodge,1
cut,1
dispersion,1
ciencias,1
perceive,1
bonampak,1
assessments,1
conquest,1
irrigation,1
fayetteville,1
ranges,1
cancer,1
talking,1
tropico,1
standards,1
result,1
mesoameríca,1
poblano,1
posible,1
herald,1
disbelief,1
laid,1
aftermath,1
walk,1
abandoning,1
locals,1
holds,1
histories,1
heavenly,1
opposing,1
geometers,1
mandate,1
houghton,1
typical,1
postclásico,1
pacha,1
forming,1
amsterdam,1
relating,1
foreground,1
resembles,1
lived,1
mulholland,1
underneath,1
economics,1
outcrops,1
estudios,1
akademische,1
sedentary,1
cornell,1
agendas,1
centrally,1
narrow,1
noting,1
palo,1
str,1
mimicked,1
petroglyphic,1
mensuration,1
bailena,1
commoners,1
deciphering,1
brill,1
synthesize,1
longitude,1
experts,1
mined,1
preciseness,1
academic,1
aerial,1
traversed,1
interdi,1
moctezuma,1
afternoon,1
appendage,1
replicative,1
equally,1
calendárico,1
understood,1
morning,1
acropolis,1
architectura,1
cuts,1
hinterland,1
reviews,1
mcclung,1
dynasty,1
separateness,1
tools,1
caracolât,1
dzibilchaltún,1
neither,1
radiate,1
categorías,1
erratic,1
mundi,1
lets,1
nuevas,1
albuaueraue,1
bench,1
hypothetical,1
tension,1
explored,1
feudal,1
perform,1
jessica,1
required,1
drucku,1
numerous,1
exploration,1
ouetzalll,1
yucay,1
gps,1
chronographie,1
materialized,1
touring,1
possibility,1
sucesión,1
peaking,1
influenced,1
briefly,1
technical,1
pointers,1
buckingham,1
underlie,1
existential,1
almost,1
suspended,1
feeding,1
minimal,1
urbano,1
trapezoidal,1
ascend,1
betrayed,1
décadas,1
aerially,1
closed,1
cuicuilco,1
climes,1
gains,1
decipherment,1
intense,1
rocks,1
climb,1
sculpture,1
responding,1
cantos,1
carry,1
nine,1
framed,1
repetition,1
reader,1
toribio,1
casting,1
brought,1
advancement,1
museo,1
corona,1
storms,1
commensuration,1
etnoastronomías,1
apparent,1
iroquoian,1
overlay,1
secret,1
indigenous,1
larios,1
penetrating,1
mornings,1
sociedades,1
anees,1
iñigo,1
tlaxcala,1
stein,1
desarrollo,1
equidistant,1
frequent,1
gave,1
q,1
describe,1
besiedlung,1
discussions,1
postulated,1
issues,1
demonstrates,1
nonastronomical,1
contains,1
accidental,1
köhler,1
litmus,1
ontario,1
thereafter,1
commerce,1
binding,1
naturaleza,1
hi,1
inferred,1
documented,1
translated,1
outdoors,1
lifeways,1
focuses,1
illustrative,1
intimachay,1
surrounding,1
floors,1
appreciated,1
luminosas,1
il,1
participate,1
mexiko,1
showing,1
project,1
aitai,1
chacmool,1
commemoración,1
artifact,1
anthrodoloev,1
tredición,1
interpreted,1
observaciones,1
conform,1
memoirs,1
connections,1
unsupportable,1
holy,1
polity,1
montanas,1
graduate,1
else,1
healing,1
dissolving,1
sector,1
agriculturally,1
arkansas,1
expended,1
exemplary,1
responses,1
magic,1
apparatus,1
steward,1
nurture,1
houghan,1
doris,1
viable,1
composite,1
pottery,1
corresponds,1
diminish,1
responsibility,1
comprises,1
shaping,1
wished,1
balustrade,1
subjective,1
dictionary,1
excuse,1
americanas,1
next,1
propiedades,1
foray,1
espacio,1
theater,1
warmest,1
discourse,1
rutgers,1
midst,1
barriers,1
disk,1
emerging,1
orient,1
teams,1
castle,1
crescent,1
schramm,1
underscore,1
sufficient,1
fraught,1
few,1
concerns,1
shines,1
revealing,1
bridge,1
eighth,1
starting,1
incapirca,1
crystallization,1
county,1
presence,1
mesoame,1
fixity,1
shadows,1
reported,1
decline,1
schedules,1
ancestors,1
chacoan,1
garael,1
waveland,1
romancing,1
engages,1
fully,1
managed,1
stratigraphy,1
visible,1
descendants,1
beacon,1
hughjones,1
species,1
rigel,1
necessity,1
preliminar,1
purpose,1
antiauity,1
leaflet,1
commemorative,1
desana,1
citations,1
kiva,1
benchmarks,1
rolingson,1
peculiar,1
computations,1
notes,1
achieves,1
structured,1
reflected,1
florida,1
directionality,1
palaces,1
misinterpret,1
divinatory,1
throne,1
pervasive,1
inform,1
moved,1
mystery,1
casa,1
valuable,1
tìkal,1
questioning,1
peraza,1
linton,1
seemed,1
housed,1
justeson,1
content,1
tiempo,1
appeal,1
backsights,1
barbara,1
teoton,1
tombs,1
ruiz,1
portion,1
voi,1
mhz,1
converge,1
happen,1
sagrado,1
astrophysical,1
pertaining,1
turquoise,1
saitar,1
led,1
afloat,1
approximate,1
indicated,1
investigating,1
wheatlev,1
divines,1
io,1
stanford,1
chains,1
resist,1
advocate,1
colors,1
absence,1
supervisory,1
altindianischer,1
contact,1
bringing,1
boards,1
economic,1
abiding,1
mechanisms,1
wrote,1
indeed,1
predecessors,1
labeled,1
contribución,1
dragons,1
openings,1
archetype,1
unique,1
schemes,1
corporation,1
alpha,1
theorizing,1
brief,1
forward,1
islands,1
slanted,1
female,1
tzakol,1
dawn,1
exception,1
brings,1
fastened,1
prevailing,1
april,1
reduce,1
formative,1
plagues,1
mainstream,1
stellar,1
boeotá,1
surveyor,1
comments,1
builders,1
mifflin,1
movement,1
guarnan,1
hold,1
reception,1
comets,1
parker,1
assigned,1
spectacular,1
plow,1
mediator,1
consulted,1
label,1
cielo,1
tercera,1
coherence,1
rockfall,1
depicted,1
communities,1
springs,1
emerged,1
violence,1
meanwhile,1
examined,1
kingsley,1
represents,1
requiring,1
serve,1
soon,1
precolumbian,1
evolved,1
seeing,1
technology,1
windows,1
fifth,1
restricted,1
dwelled,1
levistraussian,1
visimes,1
amidst,1
boundary,1
favorable,1
sínteses,1
dominates,1
robert,1
antiauitv,1
profane,1
limites,1
initiation,1
planned,1
homogeneous,1
crónica,1
astronómicos,1
inherited,1
dissertations,1
trobriand,1
minnesota,1
hermilio,1
shifting,1
rectangular,1
elizabeth,1
usno,1
caiendrical,1
outlined,1
naval,1
cyclic,1
flight,1
aforementioned,1
determine,1
sherrod,1
clancy,1
interlite,1
insights,1
visitors,1
patterning,1
problemas,1
revisited,1
hearth,1
visualize,1
lingering,1
surveyors,1
golf,1
resemblance,1
isolated,1
arqueoastwnomía,1
encompassed,1
hallmark,1
quiñones,1
mage,1
fill,1
hipótesis,1
culturales,1
street,1
sunlight,1
diary,1
simulation,1
catachillay,1
members,1
magicians,1
leader,1
avrai,1
visitor,1
pinning,1
diana,1
french,1
flanked,1
afterlife,1
comparison,1
decoration,1
technique,1
gobierno,1
datos,1
fell,1
death,1
praeger,1
pointed,1
juan,1
chance,1
similarly,1
caves,1
st,1
visita,1
hydrological,1
addition,1
signified,1
efforts,1
lengthy,1
cranbrook,1
provincia,1
tepeapulco,1
ceramic,1
valid,1
kultrehgiöse,1
limit,1
treatment,1
remarks,1
overwhelming,1
designing,1
riverine,1
simbólicas,1
striking,1
orion,1
enclosing,1
náhuatl,1
romanov,1
counterbalanced,1
appeared,1
documents,1
abstract,1
admissible,1
overemphasis,1
forces,1
memoriales,1
reasoning,1
grave,1
really,1
larger,1
classical,1
pacific,1
reacted,1
coordinates,1
emphatic,1
wedded,1
harmoniously,1
chênes,1
navy,1
contends,1
formulating,1
collea,1
resolved,1
golden,1
considerable,1
pennsylvania,1
habit,1
display,1
bell,1
external,1
markings,1
conaculta,1
thompson,1
ruler,1
match,1
caracas,1
men,1
procurement,1
readers,1
backsight,1
búsqueda,1
handed,1
derivative,1
manner,1
urubamba,1
gnomon,1
senderas,1
ancients,1
couldn,1
validity,1
sister,1
systematic,1
butterfly,1
zinacanteco,1
emanated,1
relevant,1
projections,1
renaissance,1
choice,1
notch,1
pivots,1
afterworld,1
spoke,1
exotic,1
chalchihuitl,1
divining,1
validated,1
indication,1
real,1
skywatching,1
reconstructing,1
beta,1
children,1
calendrically,1
routledge,1
como,1
zimbrón,1
assemblage,1
manifested,1
elementos,1
ladder,1
counterpart,1
streets,1
nobody,1
dec,1
mexicano,1
hochland,1
regionally,1
valdizan,1
outgrowth,1
ecology,1
wittry,1
convenient,1
break,1
turf,1
constrains,1
sir,1
original,1
riparian,1
wordand,1
grouping,1
cholula,1
firmament,1
kansas,1
aldebaran,1
emanating,1
remote,1
private,1
crystals,1
referred,1
greatest,1
strengthened,1
exploring,1
warning,1
prueba,1
diehl,1
millenarian,1
influences,1
lost,1
conundrum,1
orienting,1
grossly,1
discovery,1
reversed,1
sacrifices,1
aspectos,1
incidents,1
ic,1
stairway,1
inscription,1
aligning,1
hillside,1
scipl,1
postclassic,1
puebloanasazi,1
competes,1
gradual,1
wheatley,1
depended,1
sufficiently,1
mortuary,1
clustered,1
ruling,1
farhi,1
epigraphic,1
worship,1
asentamiento,1
hieroglyphic,1
ethnologie,1
louis,1
boulders,1
wonder,1
tenets,1
findings,1
empirical,1
facades,1
quiangalla,1
intention,1
alineamientos,1
seriation,1
persisted,1
operated,1
station,1
emphasize,1
substantially,1
borealis,1
landmarks,1
factor,1
assume,1
variation,1
congress,1
prominently,1
exhibited,1
trend,1
actual,1
packages,1
individuals,1
edinburgh,1
laboratory,1
aligns,1
radiocarbon,1
configured,1
chosen,1
ceremonies,1
sees,1
imagery,1
positional,1
cataclysmic,1
outpost,1
complicated,1
autores,1
deflating,1
underwent,1
described,1
platform,1
theses,1
nurnetzen,1
worshippers,1
shrine,1
landscapes,1
práctica,1
theodolite,1
corrupted,1
discovered,1
truths,1
armas,1
astronomer,1
oriental,1
baselines,1
gilhspie,1
reality,1
pierced,1
andrews,1
emphasizing,1
consult,1
politicoreligious,1
toronto,1
achieved,1
moonwatching,1
rangel,1
feb,1
bonn,1
peter,1
azimuthal,1
correcting,1
co,1
concentrates,1
held,1
mississippian,1
symposium,1
evening,1
helpful,1
revised,1
flood,1
appletoncentury,1
spread,1
watcher,1
austria,1
ñawpa,1
statistically,1
premium,1
mount,1
risen,1
documentation,1
rattlesnake,1
worldly,1
roundtable,1
counted,1
revolves,1
reassessment,1
outcrop,1
shortly,1
probable,1
retrieving,1
trickster,1
fancy,1
black,1
archeoastronomy,1
abundant,1
canon,1
lose,1
alligator,1
patriotism,1
planetarium,1
repeated,1
inuit,1
artificial,1
ricana,1
wasn,1
afcai,1
graphic,1
undergirded,1
comparing,1
caesar,1
construct,1
inicio,1
narratives,1
qualities,1
eyes,1
onceava,1
normal,1
confinement,1
sequence,1
specialize,1
geographers,1
assessing,1
respectively,1
correction,1
symmetric,1
garcia,1
displayed,1
anderson,1
effect,1
dendrochronology,1
cosmogram,1
nari,1
attendant,1
imago,1
hierarchical,1
periodicities,1
fur,1
priests,1
oak,1
looks,1
reicheldolmatoff,1
dominance,1
equivalent,1
ethnoastronomv,1
assesses,1
conducting,1
etc,1
saw,1
northridge,1
mojones,1
professional,1
stick,1
controversial,1
louisiana,1
sociopolitical,1
propose,1
mil,1
baggage,1
mainstreaming,1
yucatec,1
widely,1
brown,1
hung,1
motif,1
ours,1
deviated,1
seventh,1
omens,1
contributes,1
redorts,1
ranging,1
asking,1
tycho,1
yields,1
stage,1
arriving,1
pictorial,1
straight,1
tests,1
relying,1
baity,1
socioceremonial,1
algonkian,1
lifetime,1
involve,1
devote,1
imply,1
off,1
tested,1
kowalski,1
modules,1
veneration,1
stony,1
publishing,1
astronomico,1
irregular,1
straightness,1
bureau,1
lot,1
evolve,1
secular,1
río,1
movements,1
figure,1
crucial,1
cib,1
babylonian,1
testing,1
americanist,1
claimed,1
purposes,1
opinion,1
greiffand,1
monterey,1
strangers,1
astros,1
oregon,1
celebration,1
vera,1
eastwest,1
tozzer,1
im,1
amazonion,1
slow,1
success,1
insist,1
collections,1
chúñenos,1
ordering,1
chimney,1
force,1
satunsat,1
nj,1
remaining,1
originated,1
tlacaxipeualiztli,1
halved,1
frames,1
peasant,1
volumes,1
inspired,1
pristine,1
avari,1
droves,1
unroofed,1
connect,1
causeways,1
timeline,1
copán,1
echoes,1
fairgrounds,1
populace,1
dead,1
education,1
supporting,1
headdress,1
centuries,1
canada,1
articles,1
mirror,1
eugene,1
gathered,1
insciencías,1
jaguares,1
coloquio,1
nonor,1
forest,1
tollan,1
landis,1
freeing,1
stable,1
vaulted,1
stephen,1
quantitatively,1
multiple,1
poma,1
cipactli,1
sections,1
nonquantitative,1
ofthat,1
suggestions,1
wars,1
sunt,1
rarely,1
thinking,1
deutung,1
machine,1
nightly,1
believed,1
horseshoe,1
dispersed,1
reviewing,1
bororo,1
reckon,1
throw,1
alineaciones,1
biography,1
minneapolis,1
circumstances,1
eschatology,1
diamondback,1
extensive,1
hypothesized,1
painting,1
erdkunde,1
mythologies,1
área,1
summit,1
recognizable,1
beitrag,1
rattray,1
frieze,1
favors,1
constructed,1
doggett,1
proposes,1
vernal,1
terrestrial,1
ireland,1
md,1
astral,1
radially,1
percepts,1
rocky,1
equipment,1
spatially,1
juicio,1
moose,1
ciudadela,1
frame,1
acalpixcan,1
tlatilco,1
depictions,1
cover,1
bright,1
integrative,1
why,1
flynn,1
defining,1
ville,1
enters,1
deidades,1
mutually,1
guanajuato,1
ritualistic,1
principle,1
región,1
rainfall,1
monthly,1
sure,1
rear,1
illuminate,1
huge,1
diamonds,1
destinies,1
metodologías,1
correspond,1
tomb,1
ancestor,1
nobility,1
arqueoastronómicas,1
centauri,1
observatorio,1
pirámides,1
américa,1
outdoor,1
alexander,1
scribners,1
straightforward,1
websites,1
ph,1
reenvisioned,1
half,1
surprised,1
regard,1
scenario,1
ushnu,1
inquiry,1
feed,1
foundation,1
harvest,1
lodges,1
cuni,1
spaniards,1
stretching,1
collins,1
brazil,1
ff,1
powell,1
goods,1
epilogue,1
houses,1
earthbound,1
audience,1
disregarded,1
associations,1
kukulcán,1
placing,1
prospects,1
akademisch,1
emerges,1
scores,1
advances,1
entrada,1
merely,1
concrete,1
turned,1
leiden,1
polaris,1
americanists,1
animal,1
urbana,1
dynastie,1
elevated,1
defend,1
calendàrio,1
born,1
storyteller,1
correlate,1
areni,1
amanea,1
discover,1
carefully,1
investigation,1
segunda,1
designers,1
rose,1
terms,1
means,1
reconcile,1
stability,1
woodhenge,1
namely,1
ones,1
coast,1
pasztory,1
sociology,1
nearby,1
partialities,1
add,1
covers,1
agricultural,1
cult,1
mere,1
interval,1
unnecessary,1
adaptation,1
appropriated,1
zur,1
complexity,1
getting,1
foundations,1
correlates,1
gauge,1
mandated,1
textbound,1
require,1
multichambered,1
pitted,1
produce,1
lothrop,1
reviewed,1
luminous,1
equilateral,1
encounters,1
generally,1
suggests,1
suspicion,1
hundreds,1
earthwork,1
revista,1
invariant,1
complejos,1
spaces,1
tenochtilan,1
conveniently,1
researchers,1
naked,1
demarcated,1
whence,1
alterations,1
imparted,1
celestes,1
zeremonialzentren,1
code,1
recognition,1
unaided,1
logical,1
ruled,1
thereby,1
met,1
detectability,1
raymi,1
hicks,1
affecting,1
uniform,1
sea,1
beach,1
naüve,1
practices,1
elucidate,1
atmospheric,1
xochimilco,1
científica,1
suppl,1
unrealistic,1
focal,1
die,1
estrella,1
transition,1
disciplines,1
foresights,1
commissioned,1
rationale,1
confronted,1
harvesting,1
contribute,1
programs,1
necessitate,1
perdido,1
lesson,1
sensationalist,1
intelligible,1
families,1
stevenson,1
phenomenon,1
motivate,1
glyphic,1
snow,1
representation,1
harrison,1
aaveni,1
coming,1
discontinued,1
ecuador,1
ein,1
terminal,1
referential,1
subsumed,1
nov,1
proceeds,1
ethnocentric,1
legends,1
diagram,1
lamb,1
seddon,1
greiff,1
antiguo,1
dint,1
students,1
toponyms,1
until,1
visitador,1
inquiries,1
spacing,1
instructive,1
lists,1
urbanization,1
últimas,1
disseminating,1
difference,1
dialog,1
implied,1
zones,1
initiated,1
advent,1
vuh,1
illinois,1
americana,1
atchichén,1
bodley,1
comprise,1
guest,1
write,1
charge,1
sealed,1
wallrath,1
ajustes,1
sunwatching,1
contributed,1
applicable,1
hillman,1
typically,1
icazbalceta,1
land,1
chronology,1
proceeding,1
define,1
communicaciones,1
delineate,1
izápa,1
physical,1
ll,1
lade,1
avcni,1
panamerican,1
heartland,1
altiplano,1
tula,1
fondo,1
symbolizes,1
effects,1
prospect,1
anales,1
raging,1
recourse,1
locate,1
tobacco,1
tributaries,1
horizonte,1
testament,1
intihuatana,1
shift,1
brook,1
unlocking,1
boletín,1
limitations,1
especial,1
vi,1
supported,1
sitio,1
imbedded,1
occurring,1
penetrated,1
ortiz,1
rest,1
chambers,1
clarify,1
combination,1
themselves,1
yaxkin,1
variations,1
archival,1
consisted,1
odds,1
mundis,1
dickens,1
mixe,1
agrees,1
aisleways,1
threeslab,1
gainesville,1
predictable,1
element,1
entire,1
develop,1
corn,1
traditional,1
términos,1
controls,1
counts,1
dad,1
technological,1
ends,1
observed,1
histograms,1
alberta,1
macrocosm,1
virtue,1
seier,1
successive,1
seiden,1
adorn,1
signals,1
sixth,1
workings,1
fortuitous,1
coworkers,1
evidently,1
perception,1
martin,1
row,1
tapia,1
