WORDCOUNTS,WEIGHT
the,1874
of,1339
and,1197
in,814
a,531
de,421
to,382
that,305
on,234
d,225
s,218
e,186
for,170
j,167
from,159
la,155
pp,154
university,152
c,142
del,141
g,140
peru,140
as,137
andes,131
is,131
m,129
y,127
en,127
have,122
l,121
r,115
el,112
inka,108
andean,108
ed,106
moche,105
at,104
by,101
has,101
american,99
lima,96
an,95
research,90
eds,89
b,88
been,87
are,87
studies,82
archaeology,78
central,77
with,75
state,74
press,74
early,73
architecture,69
also,67
i,66
latin,64
tiwanaku,64
more,64
social,63
recent,61
los,60
was,58
p,57
work,57
et,57
coast,57
h,56
t,56
w,56
late,54
washington,54
archaeological,54
production,53
dc,53
shimada,53
or,53
arqueología,52
ecuador,52
perú,52
f,52
their,51
most,51
universidad,51
were,51
societies,50
south,50
andina,49
coastal,48
which,47
antiquity,47
nature,46
cultural,46
ceremonial,46
trujillo,45
society,45
new,45
evidence,45
peruvian,44
be,44
archaeologists,43
site,43
many,43
northern,43
preceramic,42
see,42
especially,42
but,41
period,41
prehistoric,40
settlement,40
art,40
inca,39
some,39
dumbarton,39
oaks,39
al,39
regional,39
they,38
moseley,38
power,38
study,38
arqueológica,38
sites,37
its,37
valley,37
gaceta,36
north,36
dissertation,36
between,36
political,35
k,35
culture,35
museo,35
nacional,35
series,35
no,34
ancient,34
cerámica,34
than,33
empire,33
both,33
world,33
altroy,32
iowa,32
ph,32
use,32
valle,31
cuzco,31
other,31
arbor,31
ann,31
field,31
past,31
revista,31
era,31
center,30
kolata,30
his,30
subsistence,30
important,30
microfilms,30
over,30
monumental,29
organization,29
several,29
analysis,29
editorial,29
it,28
he,28
two,28
ceramic,28
v,28
region,28
not,28
chicago,28
mcewan,27
cambridge,27
huari,27
agricultural,27
through,27
major,27
there,26
those,26
chavin,26
prehistory,26
pozorski,26
years,26
paracas,26
although,26
chimor,26
one,25
ceramics,25
n,25
horizon,25
southern,25
volume,25
producción,25
complex,24
highland,24
relations,24
uceda,24
mi,24
economic,24
moquegua,24
america,23
vol,23
such,23
may,23
donnan,23
history,23
used,23
intermediate,23
perspectivas,23
museum,23
sacred,23
remains,23
mujica,23
much,23
among,23
o,22
development,22
bolivia,22
bonavia,22
estudios,22
tecnología,22
wari,22
structure,22
isbell,22
argues,22
chimú,21
católica,21
material,21
local,21
understanding,21
discussion,21
silverman,21
program,21
city,21
largely,20
cornell,20
ithaca,20
ny,20
etudes,20
highlands,20
suggest,20
nasca,20
architectural,20
craft,20
anthropology,20
cultures,20
economy,20
français,20
materials,20
authors,19
dynasties,19
statecraft,19
about,19
scholars,19
time,19
hastorf,19
polities,19
suggests,19
our,19
national,19
ca,19
sources,18
publications,18
journal,18
imperial,18
onuki,18
paul,18
andines,18
features,18
provide,18
kingship,18
argue,18
las,18
americas,18
area,18
archaic,18
propuestas,17
key,17
agriculture,17
prehispanic,17
along,17
review,17
topic,17
how,17
administrative,17
provincial,17
polity,17
technology,17
chronology,17
organización,17
zuidema,17
made,17
provides,17
systems,17
institut,17
construction,17
researchers,17
andino,17
burger,17
fondo,17
now,16
first,16
stanish,16
perspective,16
rice,16
part,16
this,16
change,16
core,16
patterns,16
strategies,16
often,16
last,15
context,15
far,15
sicán,15
had,15
rule,15
peni,15
example,15
castillo,15
rise,15
alto,15
only,15
areas,15
travaux,15
she,15
ideology,15
detailed,15
character,15
information,15
urban,15
middle,15
pontificia,15
household,15
instituto,14
decades,14
into,14
government,14
human,14
huaca,14
changes,14
historia,14
view,14
iconography,14
initial,14
occupation,14
data,14
presence,14
describes,14
grande,14
nazca,14
una,14
lake,14
elite,14
relationship,14
lines,14
who,14
un,14
environment,14
elites,14
documentary,14
before,13
contexts,13
textiles,13
cerro,13
peruana,13
comprehensive,13
even,13
ortloff,13
based,13
found,13
out,13
though,13
focused,13
during,13
inkas,13
mochica,13
under,13
book,13
similarly,13
occupations,13
notion,13
cultura,13
mundo,13
control,13
constructions,13
sandweiss,13
layout,12
raised,12
papers,12
ad,12
collapse,12
millennium,12
interest,12
civilization,12
york,12
contributions,12
irrigation,12
iconographie,12
gender,12
pearsall,12
using,12
less,12
pottery,12
space,12
oxford,12
fields,12
quilter,12
costin,12
institute,12
role,12
transition,12
lumbreras,12
environmental,11
maize,11
long,11
arqueológicos,11
expansion,11
within,11
millones,11
system,11
fine,11
santa,11
prehistoria,11
ai,11
storage,11
objects,11
austin,11
knowledge,11
fieldwork,11
approach,11
regions,11
working,11
texas,11
make,11
perspectives,11
truiillo,11
efforts,11
farming,11
bauer,11
mortuary,11
sociopolitical,11
attention,11
investigators,11
complexity,11
spanish,11
physical,11
earle,11
erickson,11
fomciencias,11
historical,11
works,11
ethnological,11
foundations,11
little,11
altiplano,11
integration,11
shift,11
titicaca,11
groups,10
hyslop,10
stone,10
approaches,10
practices,10
analyses,10
international,10
ritual,10
thus,10
costa,10
alva,10
temprano,10
sipán,10
ponce,10
basin,10
excavations,10
produced,10
osaka,10
however,10
overview,10
published,10
ago,10
chronological,10
will,10
related,10
san,10
these,10
formativo,10
japan,10
valleys,10
another,10
maritime,10
landscapes,10
would,10
so,10
exchange,10
sobre,10
morris,10
life,10
few,10
explanations,10
changing,10
multiple,10
models,10
focus,10
ethnology,10
pittsburgh,9
situation,9
russell,9
source,9
aldenderfer,9
differences,9
cajamarca,9
watanabe,9
hecker,9
labor,9
developments,9
general,9
van,9
pampa,9
specialization,9
upper,9
conquest,9
scale,9
public,9
technical,9
artifacts,9
literature,9
planning,9
issues,9
around,9
periods,9
horizons,9
variety,9
formative,9
norte,9
edited,9
management,9
same,9
toward,9
shows,9
perhaps,9
sanginés,9
described,9
aitroy,9
three,9
earlier,9
zeidler,9
período,9
articles,9
extensive,9
continues,9
lambayeque,9
senri,9
very,9
written,9
arqueológicas,9
what,9
impact,9
particular,9
valdivia,9
number,9
despite,9
subject,9
arguments,9
land,9
effects,9
colleagues,9
stylistic,8
foraging,8
settlements,8
piura,8
likely,8
ways,8
townsend,8
explaining,8
all,8
point,8
calgary,8
resources,8
points,8
distinct,8
rather,8
developed,8
remain,8
landscape,8
tectonic,8
paz,8
after,8
importance,8
recently,8
burials,8
monuments,8
emergence,8
just,8
show,8
gero,8
drawing,8
centers,8
shared,8
cupisnique,8
population,8
nuevas,8
because,8
aspects,8
well,8
lechtman,8
basis,8
future,8
we,8
project,8
meggers,8
dillehay,8
chan,8
provided,8
limited,8
still,8
above,8
images,8
valles,8
california,8
ecuadorian,8
johannessen,8
do,8
status,8
range,8
concern,8
theoretical,8
plant,8
adaptations,8
science,8
ecological,8
foreign,8
williams,8
civilizations,8
niño,8
intensification,8
different,8
style,8
bolivian,8
distinctive,8
advances,8
following,8
combined,8
recovered,8
formation,8
ayacucho,8
stothert,7
conducted,7
occurred,7
women,7
wley,7
various,7
military,7
great,7
able,7
take,7
case,7
u,7
marked,7
royal,7
since,7
conrad,7
schaedel,7
ct,7
communities,7
aveni,7
ml,7
main,7
origins,7
peruano,7
access,7
reviews,7
arqueológico,7
domestication,7
residential,7
osmore,7
record,7
products,7
scope,7
below,7
dedicated,7
fully,7
lukurmata,7
activities,7
imagery,7
object,7
pintura,7
water,7
idea,7
end,7
anthropologist,7
forms,7
rio,7
real,7
continue,7
dating,7
article,7
methods,7
wise,7
figures,7
geography,7
browne,7
taraxacum,7
imperialism,7
existed,7
populace,7
then,7
associated,7
banco,7
geographic,7
uma,7
mantaro,7
natural,7
paper,7
did,7
current,7
domestic,7
linked,7
goods,7
richardson,7
while,7
lynch,7
vessels,7
copper,7
sudamericana,7
chile,7
argument,7
bawden,7
instead,7
proyecto,7
pumapunku,7
cook,7
debate,7
technological,7
should,7
durante,6
introduction,6
large,6
kinds,6
modern,6
excavaciones,6
advantage,6
farther,6
styles,6
principal,6
estuquiña,6
cuenca,6
draws,6
politics,6
feldman,6
directed,6
elements,6
innovation,6
sociedad,6
apparently,6
leadership,6
cahuachi,6
whose,6
huánuco,6
process,6
support,6
river,6
kaulicke,6
quito,6
wide,6
could,6
begun,6
called,6
events,6
mythical,6
diet,6
greater,6
investigaciones,6
tools,6
moore,6
near,6
schreiber,6
goldstein,6
tombs,6
describe,6
structures,6
away,6
overviews,6
investigación,6
concerns,6
chauchat,6
widely,6
bulletin,6
up,6
ecology,6
finds,6
valuable,6
second,6
scientific,6
comparative,6
techniques,6
arquitectura,6
biological,6
metallurgical,6
coeval,6
increasingly,6
bar,6
present,6
contisuyu,6
choice,6
hinterlands,6
nueva,6
books,6
degree,6
uplift,6
arose,6
significant,6
food,6
sequence,6
ideas,6
ethnic,6
like,6
interpretations,6
note,6
antiguo,6
usually,6
trabajos,6
began,6
intermedio,6
peoples,6
proposes,6
here,6
der,6
batan,6
capital,6
best,6
report,6
animal,6
greenwich,6
form,6
theory,6
distribution,6
adaptation,6
contain,6
kin,6
varied,6
shown,6
until,6
consumption,6
increased,6
conceptual,6
damp,6
problem,5
moro,5
urna,5
if,5
intriguing,5
decade,5
inequality,5
uses,5
seems,5
tradition,5
chapters,5
link,5
survey,5
marine,5
arellano,5
ill,5
guchte,5
immediate,5
economies,5
elera,5
centralized,5
matos,5
eras,5
incas,5
domain,5
mixed,5
century,5
chiripa,5
clark,5
ediciones,5
fig,5
wasi,5
malpass,5
traditions,5
philadelphia,5
without,5
astronomy,5
entre,5
elaborate,5
ocupación,5
mora,5
locally,5
evidencias,5
intensive,5
organized,5
listed,5
verano,5
resource,5
textile,5
beyond,5
permanent,5
subsidiary,5
shifted,5
whereas,5
casma,5
lead,5
location,5
histories,5
issue,5
owen,5
further,5
province,5
explored,5
explain,5
sacrifice,5
xauxa,5
directly,5
bc,5
reinhard,5
su,5
apparent,5
uso,5
climatic,5
own,5
excavated,5
least,5
hard,5
josé,5
contrast,5
emphasizes,5
london,5
preliminar,5
espinoza,5
sitio,5
processual,5
contact,5
religious,5
yet,5
interpretation,5
manzanilla,5
thesis,5
jai,5
department,5
bischof,5
noted,5
mound,5
members,5
others,5
projects,5
kendall,5
contemporary,5
pease,5
shifts,5
represented,5
previously,5
empirical,5
emphasize,5
questions,5
radiocarbon,5
huántar,5
individual,5
high,5
households,5
stahl,5
date,5
examine,5
obsidian,5
probably,5
differ,5
need,5
wan,5
institution,5
examines,5
río,5
primarily,5
millennia,5
sequences,5
ceremonialism,5
class,5
centuries,5
angeles,5
mounds,5
antecedent,5
smithsonian,5
tomb,5
rostworowski,5
ideological,5
school,5
visión,5
assessment,5
better,5
beginning,5
merkel,5
proceedings,5
terms,5
shady,5
her,5
emphasis,5
level,5
reported,5
programa,5
centro,5
netherly,5
illinois,5
patrones,5
pacatnamú,5
akapana,5
barnes,5
states,5
association,5
strong,5
roles,5
mostly,4
resulted,4
berlin,4
group,4
led,4
partially,4
postprocessual,4
explanatory,4
presents,4
descriptions,4
themes,4
modest,4
preceding,4
extraordinary,4
ii,4
jequetepeque,4
taken,4
advanced,4
restos,4
individuals,4
together,4
simple,4
compounds,4
help,4
inland,4
friezes,4
paloma,4
concepts,4
investigations,4
wagner,4
surveys,4
pa,4
eastern,4
urton,4
histoire,4
lower,4
changed,4
colombia,4
intriguingly,4
west,4
variations,4
bourget,4
tied,4
phase,4
dependence,4
hierarchy,4
vergara,4
contributors,4
jr,4
humanos,4
columbia,4
served,4
dates,4
tucson,4
ecuatoriana,4
anders,4
rupuestre,4
boletín,4
similar,4
japanese,4
productive,4
von,4
shell,4
raymond,4
provinces,4
cornejo,4
perceptions,4
finer,4
established,4
elsewhere,4
placed,4
gradually,4
lithic,4
notions,4
ideología,4
method,4
chincha,4
dynastic,4
molds,4
advance,4
my,4
tnijillo,4
effort,4
vicús,4
fishing,4
silver,4
prehispánico,4
chicama,4
buikstra,4
desde,4
metals,4
hierarchies,4
grieder,4
place,4
salud,4
overtly,4
pyramid,4
broad,4
contains,4
people,4
actually,4
formations,4
sun,4
frontier,4
rowe,4
le,4
republics,4
bray,4
chimu,4
results,4
heyday,4
moved,4
massive,4
became,4
ciencias,4
surprisingly,4
vols,4
corporation,4
address,4
sechín,4
guayaquil,4
pacific,4
virú,4
thought,4
adobe,4
array,4
planned,4
demarest,4
reports,4
independent,4
useful,4
persuasive,4
starting,4
niles,4
felino,4
ethnohistorical,4
andeanists,4
analytical,4
explores,4
alloys,4
pastoralism,4
documents,4
chávez,4
pillsbury,4
figurines,4
feasting,4
succeeding,4
pattern,4
readers,4
considered,4
remarkable,4
model,4
road,4
cabieses,4
boston,4
reflected,4
locations,4
saunders,4
intent,4
treated,4
enormous,4
crafts,4
prehispánicos,4
brumfiel,4
rare,4
ores,4
becerra,4
puna,4
held,4
symposium,4
times,4
ri,4
chancay,4
nm,4
men,4
arizona,4
become,4
greatly,4
dietary,4
metallurgy,4
dual,4
fairly,4
necrópolis,4
crucial,4
miller,4
seen,4
estévez,4
wilson,4
volumes,4
escuela,4
fe,4
tomka,4
itself,4
figured,4
addressed,4
isaac,4
anthropological,4
gálvez,4
must,4
symbolic,4
kuntur,4
known,4
meat,4
organizational,4
set,4
arts,4
each,4
jama,4
specialized,4
section,4
explicitly,4
conklin,4
memoirs,4
citations,4
spatial,4
them,4
narváez,4
making,4
yielded,4
males,4
artifactual,4
unrest,4
produce,4
generally,4
hundreds,4
asaro,4
emergent,4
content,4
lies,4
pontifícia,4
colonial,4
ajtroy,4
come,4
question,4
lands,4
intensified,4
numerous,4
finally,4
mendieta,4
stemper,4
grobman,4
typically,4
integrated,4
specialists,4
manufacture,4
summary,4
marxist,4
arsenault,4
substantial,4
element,4
entire,4
interaction,4
complementarity,4
comparable,4
building,4
camelids,4
pumpu,4
done,3
integrative,3
way,3
estate,3
meaning,3
asentamiento,3
italy,3
sadowski,3
ortlieb,3
iconografía,3
expedition,3
trans,3
diez,3
adoption,3
considerably,3
janusek,3
becoming,3
needed,3
mesoamerica,3
agua,3
maldonado,3
authority,3
bias,3
bryan,3
flores,3
comparisons,3
western,3
osteological,3
pots,3
kato,3
macharé,3
nonetheless,3
du,3
being,3
fundación,3
chacmool,3
isla,3
concentrated,3
season,3
astronomical,3
worked,3
sustainable,3
carmichael,3
junín,3
theme,3
throughout,3
exotic,3
rich,3
studied,3
quotidian,3
closer,3
concludes,3
composition,3
subsequent,3
improving,3
chavín,3
emphasized,3
reading,3
keatinge,3
antedated,3
canziani,3
evaluation,3
weaving,3
epstein,3
verlag,3
castañeda,3
recorded,3
rossen,3
east,3
bird,3
iv,3
half,3
possible,3
urteaga,3
community,3
influencia,3
julien,3
reconstruction,3
promises,3
chronic,3
huidobro,3
wallace,3
diversity,3
hudson,3
goal,3
midfirst,3
differential,3
relationships,3
madrid,3
dynamics,3
interior,3
dei,3
author,3
torata,3
thompson,3
zevallos,3
bone,3
application,3
schjellerup,3
drainage,3
adopted,3
université,3
concerning,3
amount,3
tacna,3
myth,3
kinship,3
find,3
explore,3
drawn,3
look,3
occidental,3
pennsylvania,3
adult,3
function,3
daule,3
massey,3
interesting,3
mexico,3
réévaluation,3
michigan,3
growth,3
megalithic,3
explicit,3
paiján,3
active,3
supplement,3
asana,3
symbols,3
droughts,3
factors,3
lea,3
ollantaytambo,3
modified,3
gonzales,3
females,3
reviewed,3
calendar,3
potters,3
powerful,3
surface,3
follow,3
drought,3
consequence,3
ceremony,3
exploitation,3
comps,3
dominant,3
antecedents,3
strategy,3
appear,3
viejo,3
raw,3
phipps,3
ethnoarchaeological,3
michel,3
equally,3
understood,3
fishermen,3
studying,3
burial,3
rodríguez,3
installations,3
monograph,3
departmental,3
keeping,3
flannery,3
tool,3
locus,3
concept,3
prominent,3
morales,3
desarrollo,3
discussions,3
records,3
expansionist,3
rituals,3
il,3
caplina,3
sherbondy,3
chanka,3
luna,3
good,3
sense,3
describing,3
presented,3
reinforces,3
coupled,3
order,3
canseco,3
culturales,3
involved,3
small,3
habitation,3
whitten,3
erected,3
tello,3
significantly,3
makowski,3
decline,3
division,3
evanston,3
callejón,3
productivity,3
libertad,3
seki,3
estates,3
preliminary,3
deboer,3
critical,3
matter,3
cloth,3
populations,3
montero,3
classic,3
intensively,3
roads,3
structural,3
spectacular,3
single,3
corpus,3
hayashida,3
bermann,3
coverage,3
residence,3
continuity,3
zur,3
mayal,3
illustrated,3
reliance,3
sector,3
representation,3
consumo,3
libri,3
precocious,3
orígenes,3
carré,3
addition,3
complementary,3
mundi,3
provincia,3
longer,3
luis,3
datos,3
foods,3
broadly,3
daily,3
practical,3
larger,3
bishop,3
considerable,3
observes,3
archaeologies,3
where,3
lley,3
origin,3
couple,3
ziólkowski,3
cusco,3
remained,3
exploring,3
vast,3
craig,3
assemblages,3
including,3
años,3
uncovered,3
conditions,3
collaborative,3
evolution,3
marcos,3
soriano,3
merit,3
ceremonies,3
protzen,3
improvements,3
synthetic,3
ties,3
clear,3
interpret,3
co,3
chillón,3
direct,3
balanced,3
palpa,3
lie,3
hierarchical,3
oxbow,3
mathews,3
temprana,3
parallel,3
evolutionary,3
viewpoint,3
effect,3
nuevos,3
adapted,3
relative,3
caranqui,3
adaptive,3
pelegrin,3
gallinazo,3
increasing,3
cummins,3
imply,3
competition,3
gruhn,3
sometimes,3
arqueologia,3
means,3
concluding,3
tiahuanaco,3
underscores,3
polychrome,3
when,3
canada,3
interpretive,3
caracoles,3
arte,3
claims,3
sections,3
differentiated,3
baseline,3
share,3
benfer,3
calendrical,3
comparison,3
ethnoarchaeology,3
complexes,3
asentamientos,3
ensayo,3
puma,3
catastro,3
precise,3
carbondale,3
sourcing,3
sustained,3
hospitality,3
berkeley,3
sandefur,3
innovations,3
seem,3
albarracinjordan,3
época,3
examining,3
sierra,3
irrigación,3
tïwanaku,3
creativity,3
chachapoyas,3
nearby,3
pursued,3
intermediale,3
too,3
grand,3
cárdenas,3
outline,3
northwestern,3
slopes,3
jakes,3
graffam,3
obtain,3
summarizes,3
phenomenon,3
goals,3
chiribaya,3
mutual,3
kingdom,3
chemical,3
fauna,3
thames,3
include,3
ciudad,3
horizonte,3
potential,3
interdisciplinary,3
themselves,3
sectors,3
deposits,3
develop,3
pirámide,3
huaylas,3
built,3
gold,3
resolve,2
cultigens,2
difficult,2
contacts,2
tokyo,2
situated,2
go,2
does,2
fleming,2
margins,2
azángaro,2
oriented,2
convergence,2
common,2
concerned,2
later,2
tres,2
affected,2
phytolith,2
caches,2
urbanachampaign,2
mar,2
stands,2
fuchs,2
ocoña,2
engendering,2
elaborated,2
tumba,2
tend,2
designed,2
ma,2
región,2
usefully,2
english,2
summaries,2
favor,2
considerations,2
ruins,2
laid,2
maybe,2
fruitful,2
deza,2
chobshi,2
thematic,2
princeton,2
john,2
buys,2
formativas,2
fluctuations,2
band,2
nobility,2
anything,2
else,2
concur,2
chotuna,2
archäologie,2
área,2
militarism,2
culturally,2
hagen,2
humans,2
lomas,2
emerged,2
steadman,2
attire,2
knowing,2
orno,2
sculpted,2
reach,2
valleywide,2
principles,2
available,2
crops,2
leading,2
assess,2
broken,2
timing,2
torres,2
narrative,2
pérou,2
imperio,2
denevan,2
hunting,2
assays,2
feature,2
ramirez,2
knoblach,2
chiefdoms,2
duality,2
mackey,2
committed,2
observaciones,2
pastoral,2
campana,2
manrique,2
bürgi,2
con,2
takes,2
forum,2
sumptuary,2
botanical,2
linear,2
arcaico,2
task,2
siglos,2
theses,2
directions,2
browder,2
bases,2
me,2
demography,2
draw,2
account,2
welcome,2
implies,2
xv,2
fung,2
powers,2
renowned,2
mendoza,2
zooarchaeology,2
magazine,2
crédito,2
renoo,2
tawantinsuyu,2
except,2
establishment,2
conception,2
cited,2
geomorphological,2
entierro,2
alfarero,2
conkey,2
tardía,2
warfare,2
benefit,2
callachaca,2
localized,2
camino,2
estudio,2
hombre,2
pikillacta,2
indefinite,2
urbanism,2
southwestern,2
rhein,2
montreal,2
accuracy,2
medio,2
explained,2
ute,2
terraces,2
piperno,2
consumed,2
against,2
loro,2
rosas,2
masucci,2
networks,2
relatively,2
alfareros,2
cardal,2
philosophical,2
guillen,2
pacajes,2
pay,2
expected,2
unity,2
petroglifos,2
urbanization,2
curiously,2
orstrom,2
canal,2
document,2
offerings,2
serving,2
houses,2
cardinal,2
truly,2
weave,2
fowler,2
compare,2
stratigraphie,2
fieldiana,2
archaeologist,2
evidencia,2
brunns,2
continental,2
conducting,2
professionally,2
nuanced,2
conceptually,2
unfortunate,2
selectively,2
collagen,2
dd,2
manipulated,2
evaluates,2
lacombe,2
links,2
arising,2
across,2
basic,2
gill,2
taller,2
drawings,2
mosele,2
cave,2
hosier,2
scarborough,2
lille,2
howe,2
involvement,2
understand,2
parts,2
camaná,2
image,2
clearly,2
franco,2
badger,2
pozoiski,2
conclusions,2
informe,2
nor,2
methodist,2
periodo,2
chao,2
severe,2
advancing,2
orientation,2
four,2
milan,2
underwater,2
benavides,2
additional,2
passed,2
shed,2
followed,2
undertaken,2
estilo,2
plates,2
chronometrie,2
seriation,2
painted,2
plenum,2
vergleichenden,2
helped,2
architect,2
suggested,2
providing,2
upsurge,2
cronología,2
experimentation,2
descriptive,2
zeq,2
moving,2
closely,2
wing,2
concentration,2
girault,2
christine,2
hands,2
color,2
inappropriate,2
behavioral,2
lived,2
conspicuous,2
economics,2
deal,2
sedentary,2
radical,2
pino,2
cerámico,2
defensive,2
prehispánica,2
attained,2
base,2
honcopampa,2
none,2
quelccaya,2
evaluate,2
circulation,2
academic,2
ceramica,2
applying,2
ranking,2
neighboring,2
oklahoma,2
chilena,2
llamas,2
posited,2
ayca,2
hinterland,2
paraíso,2
leonard,2
lago,2
appears,2
reinforce,2
cannot,2
analogous,2
binghamton,2
farrington,2
wealth,2
talleres,2
facilities,2
rectilinear,2
premise,2
colonies,2
decapitation,2
gained,2
sedentism,2
isotope,2
pineda,2
improve,2
sepulcrales,2
daggett,2
spheres,2
supplanted,2
gains,2
arid,2
côte,2
chang,2
received,2
already,2
archéologie,2
bragayrac,2
navarro,2
llama,2
pueblo,2
reader,2
leads,2
heavily,2
forcefully,2
description,2
q,2
expansive,2
vlnstitut,2
mn,2
concentrate,2
speaking,2
baraybar,2
documented,2
salazar,2
bioindications,2
personal,2
focuses,2
elegant,2
vista,2
employed,2
prácticas,2
cornerhouse,2
alan,2
breakdown,2
ethnicity,2
challenging,2
trends,2
attributed,2
andinos,2
relaciones,2
precipitation,2
staple,2
responses,2
hydraulic,2
effectively,2
higueras,2
quite,2
pirincay,2
family,2
mainz,2
underscore,2
bordeaux,2
redressed,2
industry,2
breaking,2
oro,2
observe,2
manchester,2
faenza,2
ancestors,2
beiträge,2
villages,2
differing,2
llagostera,2
zonal,2
masuda,2
managed,2
fuji,2
progress,2
cosmology,2
emperor,2
zonas,2
notes,2
value,2
championed,2
frontera,2
formativa,2
snails,2
cleland,2
huamachuco,2
therefore,2
und,2
ceremoniales,2
generis,2
camelid,2
investigating,2
coastline,2
earty,2
chavimochic,2
impacts,2
identified,2
pilgrimage,2
chuquibamba,2
separation,2
ans,2
doctoral,2
gradual,2
synthesis,2
geoglifos,2
nearly,2
promise,2
standardization,2
estado,2
indicates,2
comments,2
movement,2
direction,2
compilations,2
parker,2
para,2
archaeometric,2
pacasmayo,2
sweeping,2
incipient,2
metalurgia,2
intense,2
sausa,2
accident,2
requiring,2
counterparts,2
challenged,2
neither,2
northwest,2
heterarchy,2
unwin,2
processing,2
pachakuti,2
fragile,2
commoner,2
conversely,2
infrastructure,2
light,2
collectively,2
vivanco,2
rectangular,2
américa,2
geoglyphs,2
reply,2
murga,2
parties,2
guerrero,2
problemas,2
galgada,2
maintained,2
sketch,2
skeletons,2
lee,2
resultados,2
organizations,2
mortars,2
again,2
generales,2
put,2
experienced,2
financial,2
sui,2
agree,2
appeared,2
dividends,2
striking,2
attempting,2
mondo,2
vela,2
diverse,2
incorporation,2
lanham,2
debates,2
doubt,2
golden,2
distributions,2
man,2
cavallaro,2
reasons,2
chiefdom,2
never,2
ñapo,2
dominion,2
monographs,2
ground,2
cruz,2
influential,2
demarrais,2
allgemeinen,2
purposes,2
validity,2
crop,2
tacaynamo,2
focusing,2
sciscento,2
native,2
controversy,2
avances,2
fanning,2
remarkably,2
esquerre,2
interpreting,2
theresa,2
analyzed,2
greatest,2
exhibit,2
glue,2
associates,2
investigated,2
disease,2
getty,2
cusichaca,2
juli,2
biblioteca,2
cao,2
sides,2
writings,2
paijanien,2
formal,2
ucla,2
identity,2
tx,2
complement,2
unfortunately,2
trombold,2
causes,2
complements,2
educación,2
resulting,2
trend,2
full,2
propositions,2
reinforcing,2
students,2
patino,2
pacariqtambo,2
royalty,2
juliaca,2
québec,2
stress,2
publication,2
majes,2
dominated,2
essay,2
workers,2
pin,2
citv,2
methodological,2
started,2
philipp,2
characterized,2
seltzer,2
yungas,2
am,2
played,2
profitably,2
practiced,2
huallaga,2
latter,2
portrayed,2
procurement,2
sechin,2
problems,2
internal,2
jaca,2
hagstrum,2
kuznar,2
relation,2
successors,2
terrestres,2
dans,2
assessing,2
topics,2
deliberate,2
can,2
patterson,2
sous,2
titikaka,2
estatal,2
dominance,2
locales,2
editora,2
attracted,2
occupied,2
préhistoire,2
propose,2
brown,2
ehrenreich,2
separate,2
tardío,2
cautionary,2
solar,2
suggestion,2
vegas,2
phjd,2
smelting,2
briceño,2
centenario,2
movements,2
five,2
imbalance,2
widespread,2
sway,2
wkri,2
sagárnaga,2
klymyshyn,2
rethinking,2
vargas,2
drifting,2
visual,2
transformation,2
littoral,2
merwe,2
quiñones,2
boulder,2
introductory,2
matsumoto,2
responsible,2
paepe,2
ancash,2
respect,2
paying,2
conservation,2
forest,2
stable,2
tmjillo,2
reciprocal,2
contained,2
mantara,2
sexes,2
heavy,2
ayala,2
growing,2
finest,2
bibliografía,2
metallurgists,2
holm,2
limatambo,2
accounts,2
controlled,2
characteristics,2
pace,2
contents,2
favors,2
temporal,2
quantitative,2
preucel,2
reconnaissance,2
terrestrial,2
md,2
temple,2
text,2
westview,2
sciences,2
alternative,2
gran,2
concurs,2
mass,2
resounds,2
mutually,2
corp,2
bellido,2
colonization,2
bueno,2
readily,2
finance,2
suggestions,2
novel,2
expanding,2
monumentos,2
exploration,2
down,2
variegated,2
foundation,2
iii,2
worlds,2
coevally,2
cultivation,2
medina,2
antigüedad,2
differed,2
proposed,2
passage,2
living,2
características,2
examination,2
stood,2
path,2
priestess,2
bajo,2
poder,2
investigation,2
resumen,2
dearborn,2
joo,2
passages,2
references,2
gallegos,2
dallas,2
urbanismo,2
sus,2
cult,2
quinto,2
ethnoaesthetics,2
antropología,2
paruro,2
leaving,2
correlates,2
gebhard,2
bureaucratic,2
hinojoza,2
dark,2
huanca,2
corporación,2
peters,2
faunal,2
manabi,2
woodard,2
slive,2
incaico,2
finished,2
st,2
facial,2
juchuy,2
furniture,2
regni,2
conclude,2
introduced,2
sea,2
arequipa,2
beer,2
annual,2
die,2
ring,2
simply,2
investment,2
silva,2
universität,2
resistance,2
manufacturing,2
antigua,2
paleoenso,2
challenges,2
encouraging,2
exploit,2
mcclelland,2
llanos,2
orea,2
metal,2
differentiation,2
ulbert,2
complejo,2
petersen,2
finding,2
frame,2
salas,2
position,2
lore,2
preincaici,2
completed,2
parallels,2
contributed,2
uncalibrated,2
bronze,2
conservación,2
socially,2
broader,2
sur,2
developmental,2
product,2
intermixed,2
heartland,2
suy,2
forming,2
freie,2
stross,2
typology,2
enclosed,2
flooding,2
specific,2
supported,2
endeavors,2
modeling,2
pioneering,2
tolstoy,2
clarify,2
km,2
norman,2
rethought,2
views,2
import,2
pachacamac,2
given,2
gulf,2
herders,2
retrospect,2
dedicatory,2
arnold,2
close,2
occur,2
perception,2
retention,2
valdez,2
faction,2
clement,2
hypothesis,2
florence,1
asociados,1
lavallée,1
woven,1
templete,1
final,1
carved,1
gis,1
otavaleño,1
intimately,1
eni,1
teses,1
zimmerer,1
forested,1
hocquenghem,1
archaism,1
siedlung,1
spell,1
barbara,1
ausgrabung,1
amplify,1
palabra,1
enfoque,1
currently,1
mummies,1
compares,1
marco,1
quadripartitioning,1
faculties,1
paralleled,1
triple,1
machu,1
paleoclimatologists,1
cima,1
obligations,1
hallmarks,1
latine,1
diligent,1
prefer,1
helaine,1
humankind,1
glaciers,1
phj,1
mojo,1
fertile,1
garcía,1
interétnicas,1
religions,1
kolb,1
brujo,1
jincamocco,1
entierros,1
centur,1
corporate,1
glascock,1
lennstrom,1
imported,1
pasto,1
till,1
portion,1
functional,1
ready,1
grappled,1
anrt,1
topically,1
separated,1
represent,1
market,1
deserve,1
widening,1
reconsidered,1
pais,1
episodes,1
landrecent,1
castro,1
heights,1
centros,1
worthy,1
midvalley,1
money,1
europeans,1
nororiente,1
miguel,1
brew,1
porras,1
precolombina,1
outlived,1
amérindiennes,1
península,1
utility,1
notably,1
territorial,1
crossing,1
abating,1
tejedores,1
sitios,1
storehouses,1
contemporaneous,1
vine,1
reflection,1
camping,1
inception,1
boca,1
enduring,1
judged,1
slope,1
drudge,1
shoulders,1
milla,1
ana,1
rethink,1
imagen,1
ample,1
fed,1
grandes,1
identify,1
essays,1
prime,1
ethnogenesis,1
assessments,1
artwork,1
evaluación,1
diversification,1
linkages,1
dpto,1
tierras,1
shuttle,1
constitutes,1
specialist,1
bouchard,1
looting,1
morro,1
patia,1
modos,1
ideobgy,1
compound,1
naymlap,1
aigue,1
inconsistent,1
migraciones,1
mit,1
religiosos,1
owing,1
francesa,1
entrepôt,1
park,1
sullana,1
agrarias,1
flows,1
torre,1
localeand,1
ore,1
decoración,1
nord,1
former,1
amat,1
collection,1
ventilated,1
acceptance,1
trace,1
isotopie,1
intermontane,1
policy,1
devices,1
carrizal,1
geometric,1
amerikanistiche,1
cycles,1
wares,1
internazionale,1
hoyas,1
transhumant,1
centuiy,1
title,1
precisely,1
guillermo,1
attired,1
individually,1
onset,1
regime,1
suffered,1
finely,1
ynga,1
stochastic,1
viewpoints,1
nominally,1
cavernas,1
correlaciones,1
eye,1
appropriately,1
pie,1
underplayed,1
sequential,1
principales,1
pérez,1
fertilidad,1
basil,1
entourage,1
facets,1
properties,1
ingenio,1
disputed,1
northward,1
vocabulary,1
diffusion,1
hm,1
corvée,1
accumulation,1
minneapolis,1
funerarias,1
templo,1
perdidos,1
homos,1
sponsoring,1
upland,1
transitions,1
vklter,1
beneficial,1
unearthed,1
permanence,1
australia,1
pajatén,1
constumbres,1
northcentral,1
lexington,1
invention,1
tantalizing,1
definitely,1
revisited,1
whom,1
eaten,1
zona,1
militarymay,1
fortified,1
progressed,1
ceramios,1
chronicles,1
pervasive,1
exclusive,1
interested,1
coetaneous,1
exception,1
aftermath,1
marinos,1
quaternaire,1
oriente,1
attempts,1
debating,1
sampling,1
implying,1
pärssinen,1
might,1
kilometers,1
nordperuanischen,1
rapid,1
questioned,1
elusive,1
mortuorias,1
progression,1
undocumented,1
utilization,1
artisaniy,1
anywhere,1
buren,1
pontifica,1
estructural,1
undeniably,1
interrelated,1
nka,1
bolivianas,1
quitter,1
religiosa,1
fewer,1
audiencias,1
commentary,1
simposio,1
editions,1
reevaluation,1
words,1
definition,1
heated,1
containing,1
componente,1
regrettable,1
larecaja,1
õ,1
height,1
interred,1
menlo,1
moderna,1
scarr,1
assembling,1
secondary,1
agrarian,1
belong,1
overlapped,1
suggesting,1
warm,1
bchauner,1
cummings,1
undertake,1
display,1
disproportionate,1
altaun,1
thank,1
accessible,1
tropics,1
accumulated,1
eten,1
payánense,1
establecimientos,1
ecuatorial,1
arianes,1
levantamiento,1
inherent,1
molk,1
aleto,1
moon,1
scheme,1
brian,1
reveal,1
paradoja,1
carnegie,1
unbaked,1
vinsütut,1
raising,1
levy,1
room,1
swaythat,1
religion,1
intercambio,1
interandina,1
connection,1
huacanane,1
vilcabamba,1
debt,1
conrecent,1
aymara,1
coalescence,1
melding,1
introduces,1
failures,1
societyeither,1
ocupaciones,1
trajillo,1
strength,1
vegetation,1
fishhooks,1
peñón,1
comp,1
país,1
economía,1
stand,1
economythe,1
eastman,1
barr,1
deriving,1
platforms,1
subterráneo,1
decreased,1
discipline,1
somewhat,1
ambiguous,1
favoring,1
revise,1
climate,1
segregated,1
dressed,1
études,1
alloying,1
angles,1
designs,1
elaborating,1
similarities,1
relieves,1
maciullila,1
british,1
akin,1
nowhere,1
cut,1
employs,1
side,1
bogotá,1
pl,1
levenson,1
geoglyph,1
occasional,1
narrower,1
depending,1
provincially,1
brief,1
existence,1
animistic,1
küste,1
vegachayoq,1
escobar,1
rism,1
plain,1
misión,1
bodies,1
gaps,1
tie,1
importante,1
materialization,1
constraint,1
drink,1
facts,1
discuss,1
chinchaycocha,1
downcutting,1
chachl,1
internationales,1
addresses,1
calderón,1
representations,1
societas,1
grijalbo,1
mesh,1
updates,1
chapter,1
bolaños,1
indirectly,1
cheqo,1
carretera,1
placement,1
lends,1
occupying,1
propuesta,1
prior,1
ahdines,1
fitting,1
determined,1
interandinos,1
elaboración,1
sixteenth,1
fl,1
secuencia,1
significance,1
iawanami,1
cap,1
peruanos,1
tucume,1
hallazgos,1
peña,1
adopting,1
feinman,1
trujülo,1
pukios,1
rooms,1
bibliography,1
moraduchayuq,1
splendid,1
richard,1
revelador,1
terence,1
llème,1
tumbez,1
tàwantinsuyu,1
apart,1
manatí,1
serie,1
combination,1
arqueoastronomía,1
tbmka,1
x,1
consequent,1
pairs,1
grandiose,1
quantity,1
reconceptions,1
desirable,1
literal,1
chart,1
bowls,1
cacicazgos,1
undoubtedly,1
aguaruna,1
geertz,1
murad,1
otora,1
marte,1
alcantarillado,1
implications,1
sei,1
congruence,1
sand,1
riqueza,1
perturbations,1
sign,1
tyler,1
keramik,1
altitudes,1
sacros,1
seriations,1
ho,1
write,1
zamecnik,1
colonized,1
framework,1
karen,1
carney,1
relies,1
proceso,1
conflict,1
suverman,1
saco,1
penalty,1
diversas,1
microfiche,1
pervaded,1
includes,1
backus,1
lujan,1
concytcc,1
domesticated,1
análisis,1
ice,1
affiliation,1
relocation,1
cemeteries,1
crítica,1
disorder,1
erection,1
powerwhether,1
religión,1
peculiarities,1
augments,1
consideration,1
idéologiques,1
studien,1
reject,1
earie,1
supracommunity,1
bent,1
diets,1
constantly,1
premises,1
funerario,1
prehispanique,1
sediment,1
bonn,1
unlooted,1
unpublished,1
astronomers,1
featured,1
raton,1
collapsed,1
characteristic,1
quests,1
reproduced,1
guevara,1
exceptional,1
museos,1
vicus,1
marshals,1
sequentially,1
rtod,1
mensaje,1
albo,1
adornment,1
cocción,1
crania,1
revolution,1
subcultura,1
cf,1
vincenzini,1
paijanenses,1
burton,1
actas,1
fabrics,1
geometry,1
employing,1
mcconaughy,1
assured,1
forthrightly,1
extensively,1
pathological,1
gareis,1
nonstate,1
z,1
reindel,1
affairs,1
interprets,1
kind,1
slabs,1
organizationally,1
casas,1
amaru,1
sustain,1
rank,1
cases,1
eraabout,1
defense,1
items,1
función,1
mike,1
person,1
stored,1
centerpieces,1
embedded,1
nourished,1
archaeoastronomy,1
gary,1
pertinent,1
sized,1
wayside,1
oliden,1
paleteados,1
back,1
mortuorio,1
subjects,1
disproportionately,1
contrary,1
body,1
ha,1
recherches,1
xvn,1
malibu,1
response,1
smith,1
tecnologías,1
holds,1
equivalenti,1
young,1
allowing,1
administrativo,1
dearly,1
joanne,1
scott,1
libraries,1
third,1
witnessed,1
incaic,1
centurymay,1
discerning,1
ih,1
bonds,1
overarching,1
mates,1
síntesis,1
kent,1
mural,1
queensland,1
unresolved,1
stimulating,1
bottles,1
etapas,1
practically,1
coexistence,1
industries,1
dirección,1
details,1
oversimplify,1
feting,1
wet,1
nacimiento,1
evangelistic,1
disruptions,1
hornos,1
ofhuari,1
helping,1
coasts,1
alarcón,1
discovering,1
chimera,1
jones,1
biology,1
hardly,1
insurgent,1
invites,1
generation,1
milenario,1
influence,1
acknowledge,1
overt,1
according,1
ochatoma,1
sociopolítica,1
poza,1
day,1
dorn,1
higher,1
lesser,1
drained,1
abiding,1
hirao,1
rights,1
offertory,1
entity,1
assessed,1
septentrionales,1
transhumance,1
steal,1
simultaneously,1
sample,1
recognized,1
shoten,1
parlayed,1
legitimation,1
burenhalt,1
ka,1
société,1
neff,1
reflects,1
caballo,1
ghauchat,1
genderlithics,1
schaaf,1
supernatural,1
operations,1
transformations,1
muerto,1
unified,1
sets,1
montmollin,1
districts,1
calca,1
drainages,1
principally,1
continent,1
traffic,1
uhle,1
descodificación,1
murro,1
collasuyu,1
cimate,1
stresses,1
esmeralda,1
demars,1
aggressive,1
housing,1
mate,1
muse,1
musées,1
reexamining,1
johnston,1
fair,1
scnri,1
wonka,1
tnvanakulh,1
centralization,1
capture,1
presentation,1
policies,1
tiwanakv,1
highway,1
remote,1
esmeraldas,1
aesthetically,1
knew,1
demonstration,1
secularization,1
levine,1
killke,1
environments,1
deliberately,1
punto,1
tumilaca,1
relatifs,1
vicente,1
alimentaires,1
abstraction,1
ivaltroy,1
risk,1
montegrande,1
dean,1
floor,1
proportion,1
annales,1
kl,1
sponsor,1
lwz,1
certain,1
viewed,1
leave,1
consensual,1
kilns,1
marcus,1
ruinas,1
cosmovision,1
special,1
preservation,1
rick,1
rehabilitación,1
divers,1
distant,1
stella,1
lay,1
summarized,1
discoveries,1
augmented,1
flaherty,1
numerology,1
intensity,1
periodic,1
moreover,1
spickard,1
pimentel,1
couuviation,1
moves,1
gathering,1
jlkjl,1
shining,1
plaza,1
calendan,1
reason,1
disasters,1
downward,1
topographic,1
empires,1
aldenderfcr,1
litica,1
win,1
maintaining,1
helsinki,1
facilitated,1
old,1
affect,1
paris,1
moluscos,1
larco,1
marks,1
tawantinsuyw,1
ethnidty,1
montoya,1
march,1
consider,1
tailored,1
improvement,1
dwight,1
retained,1
manifestaciones,1
siltation,1
orientales,1
caritg,1
imposed,1
peasant,1
slowly,1
boon,1
fish,1
eschew,1
presumably,1
edition,1
moderately,1
sorecent,1
days,1
weather,1
ideologies,1
imitation,1
completion,1
dominate,1
aly,1
insightfully,1
articulated,1
raíces,1
preoccupation,1
omo,1
epoca,1
differs,1
upvalley,1
baja,1
interculturales,1
periodically,1
indefinitely,1
xi,1
umbrella,1
picchu,1
commonly,1
conquered,1
climatological,1
incipiently,1
antiauity,1
ralley,1
albuquerque,1
tempranas,1
splendor,1
noire,1
suites,1
chuquillanqui,1
nunura,1
defines,1
sandefiir,1
modeled,1
noción,1
patterning,1
pearl,1
requires,1
necropolis,1
allen,1
epígrafe,1
infrequently,1
reconsidering,1
media,1
pleistocene,1
altos,1
arboreal,1
mo,1
heterogeneity,1
syntheses,1
abandonment,1
stiqs,1
blackwell,1
tory,1
tibes,1
compiled,1
hot,1
quelquies,1
tesoro,1
constructive,1
chinchero,1
bureaucracy,1
española,1
williamson,1
problemática,1
opening,1
expressed,1
puntas,1
standards,1
result,1
carving,1
watchful,1
hasta,1
rivals,1
identifying,1
applications,1
sensing,1
contravened,1
underrepresented,1
arrival,1
lópez,1
hatun,1
transmission,1
declined,1
internacional,1
lowland,1
portable,1
domains,1
appearance,1
alpacas,1
heavenly,1
conservative,1
arqueolo,1
arrived,1
traditionally,1
une,1
ubelaker,1
glenn,1
octobre,1
hallucinogenic,1
painstaking,1
post,1
torrance,1
seven,1
brenner,1
paleochmáücas,1
conventionally,1
demands,1
prepare,1
circa,1
rencontres,1
aptly,1
caminos,1
centrally,1
mantime,1
apiculture,1
áltroy,1
mcdowell,1
haven,1
hg,1
geographers,1
conjectural,1
brill,1
condiciones,1
almost,1
marañon,1
nutrient,1
glacial,1
tempranos,1
term,1
nanchoc,1
annals,1
archaeofaunal,1
watson,1
engel,1
companion,1
maguiña,1
afternoon,1
delle,1
accompany,1
rito,1
informed,1
precipitate,1
acropolis,1
crc,1
barba,1
cuts,1
circular,1
warmweather,1
escudos,1
dynasty,1
treat,1
catalogs,1
ch,1
buffer,1
wàri,1
excellent,1
vetters,1
grounds,1
productively,1
amenable,1
maguina,1
pacífico,1
lederberger,1
confirmation,1
foreshadowed,1
dwelling,1
yamayakat,1
approached,1
planet,1
required,1
zenith,1
fox,1
commitment,1
condesuyo,1
technologiques,1
ces,1
negotiated,1
relativos,1
photo,1
bestselling,1
ods,1
oh,1
scene,1
margen,1
bonner,1
repetido,1
tumbas,1
memory,1
briefly,1
deveîopmen,1
wfcgner,1
curacas,1
failure,1
glieder,1
viru,1
tectónico,1
tombstwo,1
animales,1
distinguish,1
circumstance,1
degrees,1
line,1
illescas,1
cazador,1
primeros,1
palcodimáticas,1
publish,1
rocks,1
horticulture,1
strengths,1
abstracts,1
reclamation,1
start,1
relatives,1
evo,1
chorrera,1
faldm,1
decisions,1
lords,1
persistence,1
ciudadelas,1
república,1
prompted,1
characterization,1
coica,1
documenting,1
murals,1
hereditary,1
discusses,1
civil,1
dover,1
recapitulation,1
reduction,1
transcended,1
mitmas,1
indigenous,1
southwest,1
test,1
homeland,1
guangaia,1
faldas,1
sociedades,1
microenvironmental,1
prehistoiy,1
surprise,1
servicio,1
year,1
femaleas,1
mineralógico,1
precipitated,1
aldea,1
gave,1
jequetepéque,1
database,1
couched,1
agropastoralists,1
postulated,1
pratiques,1
partly,1
abastecimiento,1
reportedly,1
drew,1
grain,1
unmistakable,1
señor,1
historic,1
taxa,1
clientage,1
surpass,1
briefer,1
neue,1
gundersen,1
ecosystemgender,1
kings,1
márquez,1
device,1
call,1
forces,1
lìdia,1
contentious,1
bartolomé,1
reflect,1
constructivas,1
bajas,1
gonzález,1
comestible,1
technicalities,1
differentially,1
southerly,1
aqya,1
health,1
rituelles,1
perúgarcía,1
chira,1
ceres,1
yanahuara,1
kusko,1
combine,1
fardo,1
humano,1
interpreted,1
arduous,1
markedly,1
mester,1
lithics,1
contradictions,1
sidge,1
sampled,1
cosmic,1
errors,1
adorno,1
thread,1
malanche,1
ejemplo,1
keatmge,1
subtle,1
dertake,1
bibliographies,1
wsiri,1
aided,1
preceded,1
sipan,1
kentucky,1
independently,1
paltroy,1
monolithic,1
decima,1
metamorphosis,1
computer,1
interregional,1
daniel,1
mesopotamia,1
eine,1
multilinear,1
remy,1
giant,1
conocí,1
chachapoya,1
caused,1
revisión,1
deer,1
exchanging,1
crosssection,1
fostered,1
huapaya,1
drier,1
theoretically,1
defrance,1
stage,1
straight,1
departamental,1
indicators,1
tiempos,1
norperuana,1
galena,1
next,1
enclaves,1
presencia,1
cimtecworld,1
theater,1
blitz,1
zoologists,1
feasts,1
ethnobiology,1
prologue,1
emerging,1
allusions,1
displays,1
laurake,1
specifically,1
batres,1
structions,1
berg,1
overshadowed,1
sketchily,1
teams,1
mitchell,1
autonomy,1
ivm,1
consensus,1
workshops,1
underscoring,1
rereading,1
ruled,1
choose,1
hotbed,1
balance,1
components,1
carhua,1
renovation,1
oral,1
executed,1
temporary,1
brought,1
australian,1
refinement,1
cordillère,1
essentially,1
distinguished,1
attached,1
uneven,1
precerámico,1
boundaries,1
worid,1
jackson,1
potent,1
impossible,1
bolivie,1
strecker,1
zana,1
rescate,1
overlords,1
extracted,1
recientes,1
hyslóp,1
proulx,1
paid,1
antizenith,1
bollettino,1
earths,1
factionalism,1
cotton,1
monográfica,1
agricola,1
enormously,1
plausible,1
florida,1
conceptions,1
tabletas,1
weigh,1
sydney,1
underlying,1
tahuantinsuyu,1
sacerdotisas,1
hybrids,1
interests,1
socioreligious,1
engrossing,1
coca,1
promising,1
aborigen,1
unfinished,1
subregions,1
económicos,1
nations,1
subsequently,1
tendencias,1
prevalence,1
span,1
flourished,1
productivo,1
revolved,1
voi,1
lauri,1
consideraciones,1
sequencing,1
statuses,1
reciprocidad,1
feline,1
quarry,1
fases,1
sierran,1
arrangement,1
schiffer,1
reventazón,1
resolution,1
rey,1
físicas,1
comment,1
collaborating,1
chaos,1
lacustre,1
myriad,1
expanse,1
summarize,1
aperture,1
attributable,1
publishers,1
autonomously,1
rested,1
ceremonially,1
rúales,1
isidro,1
queyash,1
action,1
mayor,1
régionale,1
predecessors,1
located,1
paute,1
fantastical,1
provenience,1
contribución,1
resisted,1
observations,1
cannibalism,1
diego,1
redondo,1
play,1
schemes,1
intended,1
return,1
benson,1
onward,1
revolt,1
eminent,1
gallery,1
harris,1
merits,1
perù,1
steve,1
precipitaciones,1
apuntes,1
constraints,1
alianza,1
tropical,1
imschoot,1
armies,1
slag,1
izumi,1
centrales,1
technically,1
garden,1
expanded,1
symmetry,1
interactions,1
landed,1
astute,1
sponsored,1
étude,1
standing,1
functions,1
blending,1
terrain,1
underwritten,1
politis,1
sptróh,1
registered,1
guarnan,1
baudoin,1
régional,1
seemingly,1
abrupt,1
lecount,1
ascope,1
hearths,1
ware,1
va,1
tends,1
boliviana,1
bolivien,1
positive,1
standardize,1
guzman,1
conventional,1
ojeda,1
illuminating,1
undergo,1
scarcity,1
falsa,1
unrecent,1
artes,1
pivotal,1
araueológica,1
distinguishing,1
binford,1
anawalt,1
bridged,1
warlike,1
relied,1
elaboration,1
floods,1
reference,1
fruition,1
politica,1
plano,1
push,1
examined,1
hooykass,1
tiwamku,1
makes,1
interment,1
added,1
régulo,1
taro,1
acknowledgments,1
serve,1
dulanto,1
seeing,1
positing,1
breve,1
specifics,1
gen,1
jar,1
circum,1
muerte,1
zegarra,1
sky,1
quinua,1
prisoners,1
antiauitv,1
forays,1
sebastián,1
included,1
writ,1
home,1
extravagant,1
eminently,1
property,1
hemming,1
ci,1
complete,1
bloomington,1
amazon,1
shifting,1
hillman,1
espol,1
cahiers,1
jgj,1
ethnographic,1
candler,1
dna,1
qhawana,1
outlined,1
gratifying,1
topical,1
subdivisions,1
families,1
zabern,1
reprint,1
hanan,1
qualitative,1
largest,1
belonging,1
insights,1
provocative,1
pisco,1
unusually,1
boost,1
figurinas,1
nse,1
extras,1
geologists,1
lot,1
transatlantic,1
watching,1
picture,1
microclimatic,1
muy,1
lack,1
fabulous,1
chronicling,1
wasl,1
inhabitants,1
gain,1
heffeman,1
name,1
museums,1
skeletal,1
oracular,1
suit,1
chimar,1
complejas,1
inundated,1
andrien,1
challenge,1
confound,1
runs,1
laca,1
fell,1
mark,1
archaeologically,1
prieta,1
condamine,1
guinea,1
approaching,1
europe,1
reporting,1
deserves,1
chance,1
responsibilities,1
reino,1
towns,1
affiliated,1
motifs,1
chungará,1
redress,1
lime,1
tailoring,1
generously,1
beliefe,1
excavating,1
dissertations,1
equating,1
husbandry,1
apdqa,1
santos,1
technologies,1
fact,1
comunidad,1
franjas,1
votive,1
rewarding,1
perfil,1
underwrote,1
overwhelming,1
fundamental,1
conduct,1
riverine,1
villa,1
arqueóloga,1
temples,1
recurrent,1
epidemiology,1
italv,1
minnesota,1
deconstructionist,1
creative,1
centered,1
fascinating,1
krzysztof,1
tecnológico,1
analysts,1
beck,1
cochabamba,1
satinar,1
essence,1
regulation,1
snk,1
disturbed,1
relación,1
brumfíel,1
scar,1
sobering,1
grave,1
really,1
linchpin,1
preferring,1
proliferation,1
ideológicos,1
vicuñas,1
deleterious,1
bundle,1
entorno,1
arsenic,1
latina,1
resolved,1
minimize,1
fashion,1
smiths,1
seldom,1
discussed,1
pacífica,1
canberra,1
maddm,1
perspectiva,1
otras,1
enough,1
took,1
paleobotanical,1
jaime,1
wdivia,1
precinct,1
artisanry,1
smelters,1
adjacent,1
everyday,1
joan,1
arisen,1
tumatumani,1
kutscher,1
upham,1
centre,1
carapo,1
puerto,1
univeisity,1
manner,1
trophy,1
masterworks,1
bayóvar,1
pontifìcia,1
mien,1
unanimity,1
lili,1
continuing,1
developing,1
orderly,1
superimposed,1
inroads,1
coercion,1
wright,1
agea,1
complementaridad,1
indiana,1
chornancap,1
sustains,1
decoraciones,1
polícromos,1
aporte,1
afterworld,1
pacheco,1
explanation,1
ul,1
wester,1
intersalar,1
deep,1
volatile,1
especial,1
huan,1
store,1
rounds,1
chronologically,1
andas,1
preparation,1
discard,1
vücabamba,1
markings,1
hastort,1
chorrillos,1
acerca,1
como,1
distance,1
químico,1
afuera,1
elementos,1
mka,1
complicated,1
ethnohistorians,1
huanchaco,1
embroidered,1
researchersthat,1
pumadunku,1
regionally,1
recommend,1
siemens,1
pisac,1
elevation,1
replaced,1
geopolitical,1
violent,1
cosmologies,1
proceeding,1
misused,1
lags,1
original,1
uagostera,1
pasco,1
palomino,1
rj,1
ingapirca,1
fundamentally,1
zation,1
private,1
referred,1
hallmark,1
envisions,1
visions,1
leeuw,1
precluded,1
visually,1
skepticism,1
examples,1
unesco,1
apogee,1
thanks,1
discovery,1
sagrados,1
disagree,1
chijra,1
macizo,1
biodiversity,1
mbel,1
trajectory,1
yo,1
purin,1
departamentos,1
anita,1
howeversocial,1
refrains,1
fomento,1
andeans,1
ceramio,1
depended,1
increase,1
fuel,1
strongest,1
cervecería,1
qeland,1
riederer,1
samples,1
reitz,1
identification,1
complexities,1
louis,1
drug,1
yale,1
paijanense,1
pichincha,1
problemáticas,1
huesos,1
sinos,1
lecture,1
spiders,1
bears,1
huaynuná,1
skeptical,1
combining,1
earspools,1
extremo,1
nonbelligerent,1
intermittent,1
persisted,1
operated,1
amazonia,1
alvaro,1
altro,1
showing,1
scepters,1
moraines,1
maria,1
europea,1
academics,1
chanasuyw,1
catalyst,1
assign,1
ceque,1
lapproche,1
belied,1
arancibia,1
archivos,1
rural,1
básica,1
cht,1
editores,1
chankas,1
previous,1
izquierda,1
ofrendas,1
interpretación,1
advantages,1
koda,1
iconographies,1
continuities,1
discontinuities,1
parssinen,1
sillar,1
catálogo,1
sunken,1
platform,1
aristocratic,1
versions,1
exceedingly,1
emblem,1
wferi,1
trade,1
militaristic,1
shrine,1
open,1
explorations,1
manqo,1
earth,1
warq,1
consult,1
assignment,1
gesture,1
op,1
carcelen,1
myers,1
accounted,1
águila,1
congreso,1
histórica,1
photography,1
señoríos,1
logic,1
rains,1
lonely,1
inelegant,1
counter,1
ciety,1
mameflo,1
disaster,1
allowed,1
reviewers,1
tradición,1
culto,1
flood,1
reimer,1
gruesome,1
brussels,1
vida,1
attribution,1
cache,1
miscelánea,1
farms,1
péruvienne,1
collected,1
antecedentes,1
distinction,1
sands,1
dry,1
stages,1
crafted,1
muñoz,1
metalworkmg,1
offer,1
spirits,1
representaciones,1
producciones,1
lorenzo,1
standard,1
sumario,1
congress,1
adequately,1
disintegration,1
subfloor,1
utico,1
closing,1
strongly,1
favored,1
valued,1
occidentales,1
necessary,1
cup,1
diferente,1
influencing,1
partaient,1
arquitectónicos,1
apu,1
grettable,1
símbolos,1
constructing,1
furthered,1
indicator,1
editors,1
regionales,1
palo,1
technologique,1
sabbatical,1
coman,1
chinchorro,1
xvi,1
acquire,1
garcia,1
accordingly,1
cradles,1
exhibited,1
attendant,1
monica,1
lowered,1
enjoyed,1
remainder,1
disappeared,1
ceques,1
política,1
frailes,1
artisans,1
finlandiae,1
ethnohistory,1
preand,1
analyze,1
slightly,1
territorio,1
instito,1
workshop,1
browman,1
rojas,1
herding,1
revisiting,1
aproximación,1
joint,1
positioning,1
fancy,1
polyglot,1
industrialgráfica,1
prechavin,1
professional,1
economías,1
quarter,1
reynolds,1
pleiades,1
modifications,1
fonga,1
verdadera,1
immigration,1
behind,1
convincingly,1
bibliographic,1
competed,1
shad,1
publicaciones,1
clarification,1
platos,1
marin,1
johnson,1
buildings,1
consequences,1
montoro,1
ohnishi,1
ethnohistorian,1
consists,1
ut,1
viracochapampa,1
simpler,1
simbólicos,1
graphical,1
mojos,1
extremes,1
relying,1
hoyle,1
topography,1
tradiciones,1
signs,1
assigned,1
sustainability,1
royaux,1
elespuru,1
hormiga,1
behaviors,1
seasonally,1
neitzel,1
chances,1
dominates,1
today,1
pacanqtambo,1
publishing,1
intrasite,1
richest,1
hoy,1
stars,1
continued,1
mixture,1
túcume,1
assert,1
figure,1
causeways,1
jamacoaque,1
headbands,1
lorandi,1
vision,1
atención,1
impressive,1
testing,1
idioms,1
paleoshorelines,1
jardín,1
politically,1
village,1
sechins,1
unwarranted,1
profusely,1
begin,1
exacerbated,1
asociación,1
argomedo,1
emulative,1
florescence,1
foregoing,1
lalone,1
recognizes,1
exists,1
pirograbados,1
hsu,1
institutions,1
disagreements,1
guayas,1
leiden,1
procedente,1
jauja,1
transformed,1
progressively,1
salutar,1
team,1
establish,1
modo,1
marking,1
force,1
nuevo,1
velopment,1
internas,1
proposition,1
overlap,1
contribution,1
interplay,1
recognize,1
rapidly,1
demonstrating,1
indicate,1
dietrich,1
cumbayá,1
length,1
frames,1
figurine,1
contexto,1
standpoint,1
archeologie,1
settled,1
unusual,1
indea,1
seibold,1
chambira,1
hope,1
techna,1
bustaraante,1
surprising,1
expansionism,1
stratified,1
bivouacking,1
aqueduct,1
ballena,1
precociously,1
steward,1
campamento,1
face,1
andinas,1
combines,1
respite,1
nevertheless,1
gathered,1
ranney,1
coincided,1
kontur,1
oners,1
seat,1
exchanged,1
earliest,1
cabeza,1
sometime,1
middens,1
discarding,1
wanka,1
door,1
maymi,1
linares,1
detail,1
gerónimo,1
thankfully,1
burned,1
poma,1
precolombiano,1
warrants,1
transformación,1
rolling,1
artifact,1
subacuática,1
farfan,1
pareja,1
gráficos,1
aël,1
collique,1
any,1
thinking,1
pearsali,1
beast,1
historian,1
practice,1
lecoq,1
factional,1
kodak,1
ters,1
comes,1
conclusion,1
exemplified,1
moqo,1
arqueométrica,1
mentioned,1
negotiating,1
guillet,1
león,1
corresponded,1
pueblos,1
andahuaylas,1
dibujo,1
rerecent,1
founded,1
centroandinas,1
provo,1
carr,1
tschauner,1
bolanas,1
catastrophes,1
reinforced,1
heaps,1
powerfully,1
honzon,1
implied,1
besiedlungsgeschichte,1
revolución,1
reciprocity,1
meyers,1
intensify,1
wanner,1
misagualli,1
purveyor,1
fraught,1
imitations,1
occurrences,1
collaborate,1
hydraulics,1
qarkson,1
vasijas,1
ila,1
offers,1
command,1
geoarchaeology,1
wider,1
ciudadela,1
affords,1
imprecision,1
cover,1
tàblachaca,1
why,1
vásquez,1
portugal,1
highly,1
ceramiche,1
camehds,1
defining,1
forschungen,1
doubtful,1
gleason,1
intellectual,1
alvarez,1
masonry,1
principle,1
este,1
rainfall,1
supplant,1
pachma,1
mendiola,1
putuni,1
budgetary,1
proponents,1
shares,1
prototypes,1
actuality,1
steven,1
fairs,1
global,1
prolific,1
sizes,1
setting,1
societal,1
gone,1
nets,1
fabrication,1
ft,1
personnel,1
incisa,1
shafttombs,1
acts,1
lxxv,1
denoted,1
intrusive,1
entrenched,1
wealthy,1
cc,1
esfera,1
simplification,1
intrusion,1
assignments,1
moldes,1
inquiry,1
terraced,1
ideolo,1
bas,1
alternatively,1
particularly,1
entering,1
boasted,1
collins,1
arlington,1
sustaining,1
rely,1
infer,1
recherche,1
plazas,1
longstanding,1
verde,1
audience,1
hundred,1
agricultura,1
build,1
cities,1
etnoarqueológica,1
lukunnata,1
twining,1
conditioned,1
preimperiai,1
vera,1
lunar,1
possibility,1
plumeros,1
places,1
académica,1
analytically,1
breastplates,1
chaupi,1
phd,1
elena,1
gamarra,1
elevated,1
microenvironments,1
hyman,1
composión,1
peanuts,1
avoidance,1
floorpreparation,1
catastrophic,1
heads,1
cellular,1
persuasively,1
whether,1
reconcile,1
selected,1
pristine,1
plants,1
cause,1
temperatures,1
goldman,1
antropológica,1
house,1
add,1
templates,1
maintain,1
contemporaries,1
mejia,1
calculations,1
map,1
attributes,1
especialistas,1
depl,1
doubled,1
axis,1
temporally,1
comparación,1
serials,1
extent,1
osteológica,1
cayapas,1
velarde,1
witten,1
insightful,1
ecozones,1
utilitarian,1
scheduling,1
periphery,1
argued,1
exhumed,1
divide,1
ostra,1
yield,1
uey,1
homogeneity,1
proposing,1
limitations,1
encounters,1
episode,1
depressed,1
zambrano,1
phenomena,1
adornments,1
textues,1
calchaqui,1
pervade,1
inaccurate,1
radiated,1
formativen,1
calamities,1
archaeometry,1
finegrained,1
size,1
sedentarecent,1
potable,1
popular,1
spaces,1
church,1
ocaso,1
conference,1
socioeconomic,1
radically,1
magnificent,1
mina,1
spinning,1
problèmes,1
geophagy,1
culturas,1
formativzeiüichen,1
circumstances,1
preserved,1
melds,1
age,1
haldas,1
pits,1
stocker,1
sculpture,1
pitched,1
arica,1
prevalent,1
molina,1
downplays,1
confirm,1
cohesion,1
sevillano,1
variability,1
inaugurated,1
modelos,1
happy,1
nourish,1
pertain,1
alta,1
tried,1
cossco,1
disciplines,1
administration,1
puzzled,1
amputado,1
cowan,1
territory,1
groupe,1
com,1
bridges,1
ccoscocoiio,1
zabem,1
bustamante,1
iriarte,1
gráficas,1
necklaces,1
medieta,1
tenable,1
heffernan,1
decoster,1
pajchiri,1
allows,1
botanists,1
neolítica,1
multiauthor,1
au,1
correspondences,1
mesoamericanists,1
experimentación,1
think,1
terminal,1
umdon,1
junin,1
contrasts,1
crosscultural,1
minerva,1
guffroy,1
examinations,1
wippern,1
ecotones,1
algunos,1
invested,1
nj,1
iwanami,1
layers,1
moderate,1
cds,1
secular,1
civilización,1
sediments,1
recording,1
sistemas,1
colla,1
synopsis,1
administered,1
ushnu,1
invasion,1
birth,1
saqsaywaman,1
frontiers,1
solely,1
vasquez,1
bruhns,1
crumley,1
similarity,1
amaro,1
argentina,1
americana,1
grappling,1
sud,1
shinto,1
piecemeal,1
fibers,1
catch,1
accept,1
doble,1
personaje,1
actividades,1
coscco,1
dos,1
course,1
insight,1
prolonged,1
actively,1
amérique,1
define,1
dement,1
santiago,1
constructed,1
opinions,1
smaller,1
flocks,1
classes,1
avila,1
dress,1
france,1
lubricated,1
física,1
prospect,1
alloy,1
avie,1
unsuccessfully,1
philosophy,1
waranga,1
toolmaking,1
biología,1
tëf,1
balinese,1
scape,1
escala,1
chavez,1
editor,1
ancestral,1
particularities,1
surge,1
anonymous,1
breves,1
punku,1
uitgevers,1
dissent,1
caveats,1
inclination,1
coalesce,1
irrigated,1
besides,1
dreier,1
occurring,1
aspero,1
aha,1
clarkson,1
refinements,1
substitute,1
assumed,1
portrait,1
dominación,1
regularity,1
montaña,1
pathways,1
mystery,1
documentos,1
consisted,1
hills,1
vary,1
salinas,1
afield,1
furnaces,1
educativo,1
sharing,1
chuco,1
gainesville,1
clothing,1
predictable,1
ownership,1
wamani,1
ttwanaku,1
calendars,1
divergent,1
corn,1
abandoned,1
traditional,1
desierto,1
heir,1
bp,1
contestación,1
priestly,1
observed,1
urubamba,1
alberta,1
detriment,1
resurged,1
implements,1
doing,1
primera,1
araueobda,1
milagro,1
touristically,1
huaringa,1
shellfish,1
concytec,1
death,1
coaívlt,1
richly,1
ue,1
salinar,1
