WORDCOUNTS,WEIGHT
the,50
of,42
springer,28
and,25
for,23
usa,22
in,18
com,18
university,17
to,15
a,14
journal,13
or,11
is,10
research,10
service,9
new,9
www,8
on,8
be,8
tel,7
archaeological,7
fax,6
all,6
journals,6
illinois,6
http,6
york,5
with,5
by,5
information,5
springerlink,4
customer,4
wisconsin,4
published,4
each,4
advertisements,4
s,4
available,4
michigan,4
made,4
california,4
authors,4
field,4
an,4
at,3
may,3
llc,3
science,3
cisti,3
publisher,3
not,3
from,3
first,3
volume,3
street,3
business,3
england,3
are,3
america,3
infotrieve,3
literature,3
intended,3
spring,3
web,3
publication,3
issn,3
ny,3
media,3
specific,3
editors,3
contact,3
chicago,3
copyright,3
paid,3
should,3
advertised,2
critical,2
online,2
o,2
umi,2
m,2
south,2
does,2
order,2
e,2
legal,2
center,2
volumes,2
changes,2
special,2
instructions,2
responsible,2
as,2
museum,2
canada,2
claims,2
any,2
version,2
subscription,2
implied,2
please,2
that,2
photocopies,2
address,2
berkeley,2
paper,2
outside,2
areas,2
orders,2
international,2
written,2
alert,2
latest,2
ann,2
mail,2
reading,2
innovative,2
bristol,2
issue,2
delivery,2
richard,2
london,2
city,2
central,2
advertising,2
this,2
americas,2
include,2
mailing,2
responsibility,2
advertiser,2
aberdeen,2
mexico,2
you,2
madison,2
summary,2
document,2
state,2
back,2
article,2
become,2
topics,2
d,2
james,2
utah,2
north,2
recent,2
arbor,2
rates,2
arizona,2
springeralerts,1
will,1
f,1
it,1
offices,1
via,1
topic,1
table,1
page,1
instructors,1
box,1
no,1
client,1
scientific,1
links,1
linda,1
five,1
consent,1
unam,1
obtained,1
investigaciones,1
herein,1
go,1
ically,1
zeeb,1
jane,1
notifies,1
get,1
variety,1
directions,1
haberstrasse,1
comply,1
kusimba,1
junker,1
associate,1
germany,1
contribution,1
heidelberg,1
b,1
rapidly,1
southern,1
covering,1
direct,1
label,1
discoveries,1
united,1
ma,1
communications,1
periodic,1
respect,1
ing,1
specialist,1
true,1
summaries,1
h,1
docdel,1
permission,1
send,1
coverage,1
marcus,1
makes,1
nor,1
susan,1
download,1
under,1
manzanilla,1
neither,1
western,1
smith,1
gamble,1
assistant,1
contained,1
included,1
alerting,1
then,1
isinet,1
section,1
growing,1
n,1
numbers,1
lightfoot,1
bruce,1
dan,1
sales,1
w,1
these,1
joyce,1
bradley,1
department,1
reliance,1
extensive,1
geographic,1
additional,1
t,1
beyond,1
inc,1
lee,1
carbondale,1
rice,1
members,1
nrc,1
more,1
register,1
also,1
law,1
stoltman,1
request,1
know,1
postage,1
avail,1
automat,1
kent,1
joao,1
editions,1
gary,1
clive,1
december,1
rhode,1
book,1
copy,1
allow,1
leading,1
appearance,1
print,1
ottawa,1
accompanied,1
copied,1
printed,1
instituto,1
access,1
p,1
relating,1
microform,1
patrick,1
together,1
users,1
zilhao,1
able,1
requirements,1
resale,1
providence,1
audience,1
products,1
lafayette,1
works,1
sends,1
last,1
date,1
believed,1
v,1
current,1
postmaster,1
focused,1
institute,1
road,1
cles,1
contents,1
recently,1
particular,1
can,1
material,1
forum,1
isl,1
your,1
books,1
distribution,1
save,1
wide,1
money,1
advice,1
connell,1
prudence,1
while,1
number,1
free,1
u,1
kirch,1
website,1
stat,1
technical,1
right,1
alcock,1
improve,1
addresses,1
chapter,1
original,1
scotland,1
antropologicas,1
basis,1
future,1
omissions,1
click,1
art,1
work,1
chapurukha,1
vers,1
subscriptions,1
drive,1
douglas,1
indiana,1
pricing,1
both,1
abstracts,1
nj,1
bibliography,1
upon,1
owner,1
must,1
limitations,1
internet,1
west,1
laura,1
lake,1
part,1
uncover,1
marketing,1
copies,1
docu,1
its,1
use,1
keeley,1
island,1
place,1
sign,1
issues,1
broad,1
constitute,1
periodicals,1
lawrence,1
services,1
sale,1
our,1
personal,1
comments,1
previous,1
office,1
de,1
fieldwork,1
berkshire,1
savings,1
years,1
feinman,1
electronic,1
endorsement,1
three,1
weeks,1
clearance,1
errors,1
comprehensive,1
express,1
language,1
washington,1
charge,1
prices,1
accept,1
change,1
contributors,1
caribbean,1
price,1
buikstra,1
general,1
product,1
states,1
microfilms,1
tempe,1
thoughtful,1
arti,1
publishes,1
archaeology,1
disclaimer,1
accurate,1
area,1
cases,1
presenting,1
provides,1
developments,1
old,1
repeated,1
promotion,1
fees,1
purdue,1
smithsonian,1
body,1
salt,1
serving,1
six,1
mi,1
stipulated,1
sdcncc,1
c,1
codes,1
kalamazoo,1
ingenta,1
effective,1
blanton,1
publications,1
warranty,1
ib,1
find,1
up,1
through,1
zip,1
news,1
springeralert,1
rosewood,1
secaucus,1
institution,1
whenever,1
inquiries,1
regulations,1
quarterly,1
provided,1
fee,1
ca,1
copying,1
brown,1
ment,1
society,1
