WORDCOUNTS,WEIGHT
and,1099
of,891
the,857
in,603
food,310
a,301
to,277
as,166
pp,163
archaeology,158
j,152
is,152
social,145
m,136
s,129
for,128
or,121
e,116
are,116
archaeological,113
that,111
on,109
p,108
d,94
eds,91
at,90
university,85
feasting,82
g,80
from,80
with,73
k,67
c,67
press,60
l,59
diversity,58
new,58
studies,57
american,55
status,55
feasts,55
ed,55
such,54
literature,54
foodways,52
an,51
b,51
politics,50
their,50
early,50
springer,48
consumption,46
t,45
remains,45
not,44
anthropology,44
dietler,43
culture,43
also,43
it,42
this,42
identity,42
storage,41
economic,41
journal,40
gender,40
these,40
they,39
archaeol,39
may,39
res,39
cooking,38
be,38
i,37
but,37
by,37
archaeologists,36
production,36
et,36
hayden,36
foods,36
research,35
power,35
ancient,35
al,33
study,33
oxford,33
w,33
york,32
age,32
well,32
past,32
historical,31
r,29
neolithic,28
n,28
diet,28
different,28
ritual,27
societies,27
example,27
practices,27
department,27
have,27
between,27
political,26
halstead,26
preparation,26
dissertation,26
bronze,26
ph,26
those,25
society,25
southern,25
often,25
h,24
ethnicity,24
than,23
cultural,23
patterns,23
twiss,23
plant,23
antiquity,23
anthropological,23
particular,23
extent,23
cambridge,23
evidence,23
into,22
other,22
which,22
all,21
more,21
perspectives,21
both,21
world,21
women,20
labor,20
data,20
used,20
cuisine,20
meals,20
were,20
animal,20
oxbow,20
among,20
one,19
religion,19
thus,19
differential,19
important,19
ethnographic,19
do,19
greece,19
isotopie,18
california,18
investigations,18
bones,18
late,18
van,18
prehistoric,18
academic,18
feast,18
activities,18
while,18
groups,17
f,17
mesoamerica,17
approaches,17
no,17
through,17
community,17
daily,17
see,17
southwest,17
meat,17
complex,16
some,16
faunal,16
culinary,16
its,16
has,16
variety,16
site,16
only,16
hamilakis,16
discussed,16
strategies,16
use,16
ethnic,16
domestic,16
scott,16
states,16
history,15
implications,15
analyses,15
zooarchaeology,15
human,15
central,15
rather,15
most,15
record,15
religious,15
hastorf,15
can,15
material,15
differentiation,15
bray,15
o,14
medieval,14
dc,14
eating,14
carrasco,14
how,14
economics,14
reflect,14
smithsonian,14
many,14
scholars,14
maya,14
elite,14
washington,14
miracle,14
especially,14
institution,14
dietary,14
analysis,14
complexity,14
them,14
specific,14
uk,14
contexts,13
differences,13
household,13
even,13
consuming,13
however,13
wright,13
discussions,13
two,13
been,13
current,13
theory,13
middle,13
values,13
contact,12
jones,12
subsistence,12
origins,12
during,12
drink,12
aegean,12
stable,12
roman,12
particularly,12
economy,12
institute,12
role,12
illinois,12
focus,12
there,11
milner,11
behavior,11
relatively,11
animals,11
commonly,11
plenum,11
could,11
time,11
v,11
plantation,11
discard,11
any,11
colorado,11
investigation,11
plants,11
much,11
pearson,10
center,10
first,10
within,10
ross,10
perspective,10
explore,10
mexico,10
boulder,10
isotope,10
pigs,10
prominent,10
issues,10
structures,10
single,10
about,10
staller,10
under,10
processing,10
passions,10
members,10
areas,10
diets,10
so,10
stages,10
latter,10
methods,10
attention,10
ideology,10
inside,10
mcdonald,10
prehistory,10
what,10
form,10
phenomena,10
socioeconomic,10
mee,10
distinctions,10
roles,10
if,9
village,9
ethnoarchaeological,9
england,9
nature,9
asia,9
context,9
ad,9
review,9
development,9
interest,9
century,9
body,9
neighborhood,9
importance,9
parts,9
special,9
interpretations,9
markets,9
change,9
mylona,9
neer,9
kluwer,9
ervynck,9
bogaard,9
smith,9
communal,9
practice,9
native,9
books,9
crown,9
significant,9
empires,9
cultures,9
whether,9
agricultural,9
include,9
although,9
carbondale,9
elites,9
chicago,9
der,8
group,8
identify,8
ma,8
likely,8
sets,8
paper,8
baker,8
behind,8
occasional,8
discuss,8
trowbridge,8
activity,8
point,8
consumed,8
spielmann,8
via,8
klarich,8
was,8
gero,8
nottingham,8
issue,8
lightfoot,8
settlement,8
when,8
up,8
cattle,8
value,8
periods,8
culturally,8
limited,8
wake,8
poole,8
postgraduate,8
joyce,8
model,8
mycenaean,8
ö,8
individual,8
methodological,8
thomas,8
topics,8
directions,8
life,8
associated,8
must,8
nutritional,8
commensal,8
conference,8
multiple,8
prospect,8
kitchens,8
interdisciplinary,8
north,8
should,8
sunseri,8
common,7
maize,7
du,7
themes,7
either,7
serjeantson,7
rich,7
crader,7
east,7
u,7
isaakidou,7
economies,7
surplus,7
relations,7
gendered,7
topic,7
y,7
sheffield,7
links,7
across,7
ceramics,7
consider,7
organization,7
clearly,7
hesse,7
behaviour,7
events,7
population,7
aspects,7
sites,7
field,7
small,7
crete,7
international,7
renard,7
competition,7
increasingly,7
volume,7
toward,7
day,7
behaviors,7
communities,7
individuals,7
theoretical,7
sykes,7
households,7
science,7
veen,7
series,7
simply,7
then,7
number,7
ones,7
distribution,7
generally,7
urban,7
despite,7
valley,7
brumfiel,6
subías,6
schiff,6
mediterranean,6
necessarily,6
reconstructions,6
jackson,6
richards,6
hunting,6
vegetation,6
ô,6
blackwell,6
mills,6
british,6
great,6
due,6
pig,6
nelson,6
alaskan,6
specialization,6
peru,6
based,6
luxury,6
scale,6
produce,6
criteria,6
andes,6
apparent,6
broad,6
bar,6
order,6
contrast,6
blitz,6
south,6
investigating,6
pottery,6
allen,6
parker,6
vs,6
noted,6
challenge,6
available,6
variation,6
forms,6
archaeopress,6
models,6
explicitly,6
discussion,6
range,6
trade,6
state,6
article,6
craft,6
structure,6
increasing,6
today,6
note,6
africa,6
ecological,6
who,6
palace,6
dining,6
colonialism,6
berkeley,6
coverage,6
goods,6
mccormick,6
researchers,6
african,6
crabtree,6
potter,6
space,6
reitz,6
stratification,6
socially,6
defined,6
southeastern,6
race,6
does,5
italy,5
introduction,5
junker,5
stone,5
true,5
modern,5
archaeologically,5
europe,5
simple,5
quotidian,5
key,5
lower,5
prehispanic,5
konsolaki,5
conkey,5
exist,5
iron,5
relationships,5
since,5
engendering,5
slave,5
island,5
fort,5
identification,5
similar,5
certain,5
contributions,5
factors,5
affect,5
pestle,5
ideologies,5
additional,5
beyond,5
â,5
plausibly,5
greater,5
diachronic,5
result,5
identifying,5
access,5
eat,5
zooarchaeological,5
wide,5
public,5
because,5
clarke,5
london,5
people,5
approach,5
regions,5
foci,5
good,5
defrance,5
butchery,5
few,5
australian,5
ancestors,5
always,5
method,5
using,5
therefore,5
san,5
service,5
classic,5
etc,5
yet,5
rubric,5
mckee,5
same,5
rise,5
ethnohistory,5
others,5
diverse,5
farming,5
fragments,5
anthropologist,5
outside,5
discussing,5
multiethnic,5
years,5
interpreting,5
private,5
deposits,5
including,5
feeding,5
questions,5
franklin,5
significance,5
three,5
historic,5
interpret,5
would,5
period,5
drinking,5
ambrose,5
widely,5
kotsakis,5
la,5
interpretive,5
investigate,5
rarely,5
gumerman,5
set,5
school,5
each,5
prominence,5
rural,5
exploring,5
colonial,5
phenomenon,5
wapnish,5
wild,5
locations,5
numerous,5
physical,5
integration,5
france,5
deposition,5
interaction,5
final,4
difficult,4
later,4
religions,4
market,4
notably,4
debris,4
offerings,4
tend,4
ostensibly,4
bias,4
considerations,4
trace,4
position,4
pots,4
dennell,4
definition,4
agrarian,4
together,4
found,4
link,4
china,4
less,4
case,4
eastern,4
america,4
prior,4
atalay,4
goody,4
archaeobotany,4
consumers,4
resources,4
negotiation,4
facets,4
schutkowski,4
strasser,4
de,4
against,4
hierarchy,4
neighbors,4
bone,4
pueblo,4
philadelphia,4
recognized,4
reflects,4
his,4
remain,4
margomenou,4
means,4
winchester,4
fish,4
presumably,4
producers,4
impact,4
upper,4
expressed,4
problem,4
memory,4
out,4
near,4
coupland,4
initial,4
term,4
çatalhõyíik,4
chinese,4
wealth,4
sacrifice,4
claassen,4
hierarchies,4
future,4
work,4
received,4
part,4
responses,4
successful,4
anatolia,4
le,4
family,4
goldstein,4
several,4
enslaved,4
mound,4
highly,4
presence,4
florida,4
chronological,4
absence,4
various,4
populations,4
female,4
still,4
above,4
interactions,4
liège,4
oven,4
lewis,4
fact,4
zeder,4
mintz,4
sullivan,4
hand,4
landscape,4
colony,4
winterhaider,4
barrett,4
classes,4
nutrition,4
represented,4
detailed,4
herbich,4
largely,4
negotiating,4
meanings,4
weismantel,4
dominated,4
distinction,4
keene,4
northern,4
adaptive,4
dabney,4
archaeobotanical,4
strongly,4
responsible,4
get,4
athens,4
geographic,4
economically,4
here,4
over,4
mutually,4
facility,4
regard,4
ideological,4
linked,4
far,4
pollock,4
associations,4
destroyed,4
terms,4
alcohol,4
art,4
size,4
vessels,4
boston,4
city,4
beer,4
curet,4
challenges,4
varied,4
analysts,4
question,4
difference,4
aware,4
course,4
wiessner,4
foraging,4
era,4
exclusively,4
big,4
recent,4
paleoethnobotany,3
provisioning,3
meaning,3
engendered,3
consume,3
considerably,3
per,3
partially,3
agency,3
ample,3
gust,3
situation,3
easily,3
former,3
western,3
dolukhanov,3
virtually,3
habits,3
eye,3
nonetheless,3
princeton,3
being,3
said,3
australia,3
specifically,3
certainly,3
kennedy,3
creation,3
interests,3
parties,3
dramatically,3
crops,3
display,3
farmers,3
harrell,3
potentially,3
reveal,3
last,3
influences,3
complicated,3
racial,3
el,3
majority,3
stew,3
taphonomic,3
foundation,3
gaps,3
primary,3
agriculture,3
possible,3
feinman,3
fishing,3
spanish,3
symbolic,3
archaeohotany,3
very,3
tied,3
make,3
pursuing,3
surely,3
eras,3
component,3
conditions,3
sample,3
mycenean,3
consumables,3
ireland,3
santa,3
jr,3
overt,3
taste,3
developments,3
young,3
egypt,3
left,3
schulz,3
stereotypical,3
hodder,3
traditions,3
hardly,3
genz,3
whose,3
lucy,3
developed,3
altroy,3
risk,3
gainesville,3
shang,3
derived,3
signatures,3
symbols,3
evolution,3
mcgovern,3
changes,3
fifth,3
resource,3
pork,3
metal,3
decades,3
view,3
whereas,3
raw,3
uses,3
avenue,3
inequality,3
inherent,3
difficulty,3
shared,3
rooms,3
austin,3
chaff,3
almost,3
fuel,3
embedded,3
schwarcz,3
focused,3
michigan,3
tools,3
produced,3
cannot,3
wherein,3
biases,3
explain,3
required,3
facilities,3
fox,3
levant,3
kirch,3
lentacker,3
directly,3
flannery,3
basis,3
charred,3
significantly,3
discusses,3
waldron,3
indigenous,3
popper,3
jamieson,3
place,3
rituals,3
away,3
herding,3
own,3
redistribution,3
staple,3
least,3
optimal,3
sense,3
cooremans,3
kosher,3
hard,3
stage,3
involved,3
recognition,3
cool,3
essentially,3
texas,3
coast,3
brown,3
axes,3
belize,3
will,3
delve,3
second,3
matter,3
britain,3
indeed,3
comparative,3
barley,3
opposed,3
prove,3
freiwald,3
biological,3
scarcity,3
contribute,3
represents,3
domestication,3
politicoeconomic,3
assimilation,3
home,3
light,3
watson,3
communality,3
hearth,3
strata,3
lack,3
mark,3
haute,3
underserved,3
tremendous,3
fundamental,3
perceptible,3
classical,3
reilly,3
considerable,3
pennsylvania,3
arguably,3
readers,3
perodie,3
norms,3
belief,3
assemblage,3
ecology,3
understanding,3
technologies,3
investigated,3
background,3
assemblages,3
israel,3
mortuary,3
entirely,3
recovery,3
friedel,3
markers,3
niziolek,3
explorations,3
authors,3
express,3
points,3
feature,3
mississippian,3
characterized,3
general,3
function,3
exchange,3
systems,3
constructing,3
become,3
relation,3
acquire,3
wills,3
probably,3
ate,3
present,3
cereals,3
separate,3
limiting,3
where,3
emulation,3
five,3
plays,3
fully,3
select,3
primarily,3
nj,3
construction,3
müldner,3
frontier,3
dead,3
respect,3
stross,3
paleoethnobotanical,3
itself,3
suprahousehold,3
considered,3
environment,3
peoples,3
ethnoarchaeology,3
orlando,3
extensive,3
rosenswig,3
perhaps,3
earle,3
swan,3
why,3
pylos,3
control,3
interested,3
contextual,3
argue,3
newman,3
yentsch,3
taube,3
works,3
living,3
table,3
person,3
spatial,3
stability,3
prestige,3
explored,3
imperial,3
import,3
monticello,3
tuma,3
variability,3
fl,3
transition,3
extended,3
domesticates,3
arguments,3
think,3
subsumed,3
argues,3
samuel,3
finally,3
burnt,3
seating,3
offer,3
typically,3
detienne,3
ecofactual,3
forbes,3
simons,3
shell,3
share,3
charles,3
potential,3
valuable,3
themselves,3
pathways,3
vary,3
sharing,3
texts,3
northwestern,3
little,3
traditional,3
broader,3
ca,3
major,3
albarella,3
go,2
inka,2
now,2
interhousehold,2
tomkins,2
currently,2
done,2
accidents,2
oriented,2
edge,2
caprines,2
created,2
cruz,2
chabal,2
adoption,2
appear,2
tienen,2
qisar,2
likewise,2
large,2
residences,2
eaten,2
summarizing,2
tiers,2
rewards,2
mexican,2
postprocessual,2
unlike,2
perego,2
antebellum,2
plantations,2
shimada,2
sandias,2
test,2
rathje,2
brumbach,2
lyman,2
taken,2
entangled,2
concentrated,2
diego,2
livarda,2
humans,2
alienation,2
capital,2
moundville,2
company,2
salmon,2
assess,2
seeds,2
sociality,2
walshaw,2
exotic,2
admittedly,2
fruits,2
katheryn,2
studied,2
able,2
composition,2
palatial,2
room,2
pauketat,2
embrace,2
written,2
chiefdoms,2
theories,2
piper,2
woodlands,2
forum,2
existence,2
botanical,2
behavioral,2
albeit,2
bird,2
earlier,2
crowley,2
difficulties,2
right,2
addresses,2
pierce,2
indirectly,2
collins,2
establishing,2
solely,2
alter,2
dinner,2
ovens,2
fine,2
apart,2
combination,2
alimentation,2
quantity,2
singleton,2
huray,2
along,2
granaries,2
intrasocietal,2
hudson,2
nationalism,2
ritualization,2
avenues,2
centralized,2
includes,2
throughout,2
commensality,2
regularly,2
southampton,2
historically,2
hageman,2
campbell,2
dynamics,2
malinowski,2
tables,2
ability,2
concentrations,2
consumer,2
price,2
adams,2
coexistence,2
salado,2
mesopotamian,2
insoll,2
defense,2
items,2
old,2
stored,2
times,2
amount,2
milne,2
levantine,2
mesolithic,2
equipment,2
look,2
deeply,2
precontact,2
casella,2
influence,2
competitive,2
surprisingly,2
textually,2
simultaneously,2
profoundly,2
transformations,2
english,2
ways,2
main,2
jennings,2
proceedings,2
breadth,2
pompeii,2
unit,2
coastal,2
province,2
hacienda,2
conceptions,2
active,2
deliberately,2
proportion,2
emery,2
rossel,2
se,2
accumulate,2
direct,2
interrelationship,2
institutionalized,2
lacking,2
arbor,2
topmost,2
productive,2
front,2
provides,2
reason,2
soul,2
understand,2
hitchcock,2
acquisition,2
byproducts,2
civilizations,2
tensions,2
fast,2
river,2
established,2
abound,2
emergence,2
latin,2
russell,2
section,2
just,2
variance,2
numbers,2
dominate,2
house,2
frequently,2
too,2
faith,2
situations,2
store,2
henecke,2
albuquerque,2
graves,2
spirit,2
nyerges,2
goats,2
bendall,2
followed,2
rice,2
requires,2
exploitation,2
archeological,2
restriction,2
australasian,2
testify,2
mawr,2
preference,2
organic,2
conquest,2
sicán,2
closely,2
dumps,2
lead,2
participants,2
premise,2
location,2
allow,2
lowland,2
discount,2
harder,2
mesakin,2
habitually,2
treatments,2
puebloan,2
embracing,2
gendering,2
christakis,2
medicines,2
urbanization,2
wadley,2
fourth,2
ann,2
occupation,2
furthermore,2
war,2
appadurai,2
dynasty,2
indirect,2
viewed,2
boundaries,2
hendon,2
otherwise,2
knossos,2
gods,2
symbolically,2
coreligionists,2
information,2
shape,2
none,2
invisible,2
bc,2
chinatown,2
mobilization,2
los,2
persistence,2
concept,2
bois,2
proportions,2
stores,2
afroamericans,2
artifacts,2
overview,2
fit,2
obscured,2
constitute,2
taxa,2
inedibles,2
kuijt,2
regional,2
differentially,2
participate,2
enhances,2
wheat,2
relative,2
pappa,2
amazonia,2
published,2
working,2
manners,2
theoretically,2
suggest,2
indicators,2
politically,2
applicability,2
wandsnider,2
textual,2
quantification,2
maneuvering,2
components,2
county,2
distinguished,2
xunantunich,2
langen,2
impossible,2
cincinnati,2
annual,2
visible,2
cosmology,2
resistance,2
morehart,2
und,2
notes,2
appropriate,2
fairbairn,2
ortman,2
beverages,2
aggregate,2
deboer,2
avoid,2
input,2
critical,2
symbolism,2
processual,2
he,2
ijzereef,2
attributable,2
maher,2
belgium,2
formative,2
expanded,2
experiences,2
settings,2
antibes,2
strategic,2
tends,2
bread,2
southeast,2
hegmon,2
jarvenpa,2
foot,2
archaeologist,2
interpretation,2
museum,2
opportunities,2
neopalatial,2
suited,2
continuity,2
restricted,2
challenged,2
cooks,2
subset,2
memories,2
garbage,2
industrial,2
insights,2
climatic,2
eisenberg,2
useful,2
definitions,2
sherratt,2
privat,2
french,2
varies,2
observance,2
foodstuffs,2
husbandry,2
linseele,2
ceramic,2
swans,2
iberian,2
beliefs,2
wine,2
exclusion,2
crop,2
larger,2
demonstrating,2
gray,2
end,2
johannessen,2
sebastian,2
men,2
ages,2
took,2
monographs,2
meant,2
geography,2
remarkable,2
stony,2
empire,2
problematic,2
timing,2
establish,2
relevant,2
ultimately,2
heavily,2
mrozowski,2
containers,2
amundsen,2
teeth,2
reconstructing,2
routledge,2
reflected,2
saunders,2
degree,2
another,2
local,2
simon,2
sensory,2
considering,2
made,2
chiefly,2
sacrifices,2
renders,2
previously,2
birds,2
complexities,2
asian,2
expression,2
tel,2
emphasize,2
robinson,2
inherently,2
processes,2
rare,2
dahlin,2
low,2
clear,2
transport,2
woolgar,2
tubers,2
held,2
powerful,2
like,2
ny,2
waiter,2
high,2
preservation,2
black,2
testart,2
philippine,2
facing,2
stahl,2
dawson,2
lakin,2
feet,2
correlated,2
assessing,2
greatly,2
bryn,2
hildebrand,2
hierarchical,2
concluding,2
artisans,2
ethnographically,2
differ,2
embodied,2
normal,2
greek,2
species,2
hunt,2
analytical,2
pohl,2
european,2
consists,2
negotiations,2
groupings,2
relationship,2
islamic,2
bulk,2
sometimes,2
usually,2
politis,2
opératoire,2
bowen,2
fields,2
mennell,2
prosperity,2
begin,2
lines,2
male,2
bonds,2
dimensions,2
ritualized,2
seen,2
politicosymbolic,2
began,2
lives,2
wilson,2
inadequate,2
observation,2
class,2
minoan,2
examine,2
equids,2
united,2
surprising,2
charlottesville,2
dais,2
types,2
phillips,2
angeles,2
results,2
middens,2
quantitative,2
acquired,2
tribe,2
orkney,2
colonists,2
psychoactive,2
changing,2
extension,2
theme,2
known,2
grazing,2
schoeninger,2
equation,2
modeling,2
know,2
privacy,2
intellectual,2
colonization,2
cemetery,2
tomb,2
sheep,2
specialized,2
worth,2
jochim,2
exploration,2
chaîne,2
did,2
best,2
circumscription,2
slavery,2
killen,2
underrecognized,2
iii,2
sudan,2
obviously,2
rely,2
edible,2
constant,2
identities,2
distinctive,2
merely,2
turned,2
feminist,2
clarity,2
butcher,2
game,2
surpluses,2
nestor,2
purchase,2
heads,2
combined,2
making,2
cahokia,2
artifactual,2
signature,2
cuisines,2
densities,2
periphery,2
pits,2
studying,2
gardens,2
lecount,2
cognitively,2
emphasis,2
virginia,2
shuman,2
boiled,2
categories,2
mcneil,2
des,2
emergent,2
given,2
girella,2
demirergi,2
ucko,2
pa,2
allows,2
representation,2
aspect,2
rovira,2
remarks,2
prepared,2
crafts,2
basin,2
nonelite,2
grant,2
mode,2
motives,2
applicable,2
dense,2
specialists,2
product,2
involving,2
effects,2
laffineur,2
inequalities,2
limitations,2
maximization,2
area,2
optimization,2
extremely,2
association,2
brook,2
etopoi,2
intriguing,2
vessel,2
carbon,2
third,2
russia,2
marxist,2
supply,2
uncertainty,2
dine,2
views,2
nonhierarchical,2
element,2
duration,2
mobility,2
building,2
madgwick,2
tomczak,2
otto,2
god,2
nicholas,1
gentility,1
atencio,1
mingled,1
bernard,1
repay,1
abruzzo,1
donations,1
margins,1
moro,1
politicoeconomics,1
estudos,1
respected,1
mostly,1
appropriation,1
ville,1
providers,1
sergeantson,1
riobamba,1
rathbun,1
evaluations,1
way,1
anatolian,1
gujarat,1
rahden,1
norse,1
altamira,1
reflection,1
plover,1
bair,1
tropics,1
imported,1
aztec,1
schuyler,1
slaughter,1
mechelen,1
separated,1
represent,1
ethnicities,1
personnel,1
extreme,1
extend,1
environmental,1
college,1
arrive,1
worthy,1
dynastic,1
northeast,1
haapanen,1
mackerel,1
measures,1
derive,1
intersect,1
utility,1
originate,1
distributed,1
holm,1
reflective,1
germany,1
comparability,1
duckworth,1
casitas,1
intrahousehold,1
becoming,1
inception,1
conducted,1
creta,1
hay,1
kinds,1
elaborated,1
gudgeons,1
enhance,1
disappeared,1
chester,1
formed,1
coppa,1
informative,1
villages,1
live,1
carpenter,1
schools,1
authority,1
moriarty,1
uniquely,1
specialist,1
sumptuary,1
fray,1
choyke,1
ankara,1
nuts,1
additionally,1
mit,1
subservients,1
nationalistic,1
better,1
isolationist,1
mazar,1
grove,1
weaker,1
animaux,1
motive,1
overlook,1
urhanism,1
vitally,1
columbia,1
ameliorated,1
recreation,1
character,1
allies,1
presents,1
burn,1
bucrania,1
evaluating,1
variants,1
individually,1
total,1
postprocessualism,1
accentuated,1
before,1
monasticism,1
silberman,1
nineteenth,1
thematic,1
edu,1
sichler,1
arguing,1
source,1
properties,1
rainey,1
mote,1
expenditures,1
cutting,1
experience,1
ethnoreligious,1
minimizes,1
corvée,1
round,1
shea,1
anything,1
canyon,1
aside,1
passion,1
gap,1
upland,1
explaining,1
provision,1
li,1
stuart,1
lightly,1
sources,1
familiarity,1
lexington,1
davis,1
ethnologist,1
revisited,1
tribute,1
drugs,1
conspecifics,1
concerned,1
entailed,1
originally,1
ii,1
supplicants,1
proud,1
overproduction,1
afrovirginian,1
might,1
address,1
utilization,1
emulators,1
actual,1
articulate,1
winnowing,1
action,1
kent,1
funerals,1
thessaly,1
schriftlichen,1
eats,1
editions,1
mitteleuropas,1
peruvians,1
words,1
detritus,1
utah,1
mileke,1
kern,1
rhode,1
fauna,1
principles,1
limb,1
interrogating,1
archaeologie,1
capitalist,1
recipes,1
continue,1
tradition,1
arlington,1
explores,1
secondary,1
broadly,1
broken,1
prey,1
subsume,1
desire,1
undertake,1
convert,1
ben,1
thank,1
tarsals,1
performing,1
prentiss,1
supernatural,1
newsom,1
achievement,1
tsoukala,1
wessex,1
thanks,1
taboos,1
reply,1
onto,1
manoa,1
court,1
lindauer,1
festivities,1
resulting,1
take,1
real,1
invalidate,1
concealment,1
undefined,1
half,1
inland,1
setting,1
bedevils,1
berlin,1
roasting,1
affiliation,1
inferring,1
nm,1
habitus,1
mind,1
priest,1
alert,1
emphasized,1
norway,1
mogollon,1
omura,1
taxonomie,1
grupe,1
langhorne,1
bocherens,1
decreased,1
deserve,1
return,1
tell,1
bohemia,1
cuenca,1
papers,1
moyenage,1
nomadic,1
akin,1
side,1
paleoecologia,1
theorizing,1
marom,1
generosity,1
habitual,1
intrapopulation,1
ferryland,1
dearth,1
excusable,1
vila,1
plain,1
verlag,1
linear,1
ê,1
portugal,1
seders,1
tie,1
autonomous,1
foundational,1
shean,1
unaware,1
barbecues,1
divinities,1
inca,1
iv,1
masked,1
changed,1
cousins,1
retain,1
design,1
dichotomous,1
figs,1
account,1
recentness,1
welcome,1
methodologies,1
determined,1
marked,1
cooperation,1
planters,1
illustrate,1
zuni,1
characterize,1
fritz,1
mm,1
foreigners,1
cacti,1
bibliography,1
run,1
newfoundland,1
obvious,1
arenas,1
haters,1
purchases,1
west,1
resolvable,1
variations,1
say,1
reflecting,1
infer,1
tablets,1
tongeren,1
palaeoethnobotanical,1
establishment,1
banked,1
dynamic,1
reconstruction,1
deities,1
undoubtedly,1
obfuscation,1
rees,1
interact,1
gastronomy,1
minimum,1
mesoamerican,1
identifies,1
branigan,1
cretan,1
wm,1
estuarine,1
mealing,1
travers,1
consolidates,1
banqueted,1
doll,1
dietsy,1
ranked,1
optimism,1
pithouse,1
relies,1
coulson,1
extinct,1
regarding,1
smalley,1
prostitutes,1
goal,1
bin,1
renaissance,1
pounding,1
oaxaca,1
anthropozoologica,1
domesticated,1
wiedemann,1
rodriguezalegría,1
widened,1
totalitarian,1
cemeteries,1
dalix,1
southwestern,1
haut,1
guinea,1
spectrum,1
nonmonetary,1
intake,1
pursue,1
shellfishing,1
deserving,1
apdca,1
sacramento,1
magic,1
audiencia,1
essay,1
neighbours,1
bridging,1
modes,1
basal,1
storehouse,1
sequentially,1
monotheistic,1
labyrinth,1
signifiers,1
cherries,1
eurasian,1
expeditions,1
tene,1
materially,1
employing,1
media,1
rooted,1
walnut,1
extensively,1
financing,1
stika,1
progressive,1
unity,1
va,1
elias,1
elements,1
immigrants,1
clark,1
historicity,1
bay,1
virginian,1
enga,1
refer,1
profound,1
disproportionately,1
lovers,1
torata,1
response,1
serving,1
disinterest,1
holds,1
houses,1
served,1
myth,1
allowing,1
emphases,1
danebury,1
excavations,1
nonkosher,1
vancouver,1
publications,1
alliances,1
compare,1
find,1
bouby,1
tanzania,1
hosting,1
thresh,1
multifaceted,1
geographically,1
scombrus,1
performative,1
disentangling,1
kutna,1
unwanted,1
marital,1
festivals,1
olive,1
decline,1
rationing,1
tableware,1
êï,1
adult,1
nuanced,1
valleys,1
word,1
rates,1
lastly,1
theoretic,1
tilling,1
walls,1
weirs,1
poverty,1
purchasing,1
industries,1
preconsumption,1
alabama,1
unlikely,1
lesser,1
collagen,1
pay,1
seventh,1
rights,1
dish,1
civilization,1
assessed,1
gaining,1
famalicao,1
online,1
archaic,1
swine,1
interesting,1
enhancing,1
barrier,1
tsouzinga,1
campana,1
precincts,1
russian,1
without,1
allegiances,1
act,1
miaopu,1
statements,1
pigeon,1
middling,1
prince,1
performance,1
residence,1
expanding,1
haustierhaltung,1
solidarity,1
sum,1
postcontact,1
uncorking,1
bakels,1
beeckmans,1
basic,1
weighted,1
provocation,1
borrowing,1
levels,1
corinth,1
johnston,1
preparing,1
untangling,1
cremation,1
presentation,1
process,1
precluded,1
contemplation,1
completely,1
ce,1
elsevier,1
schoolhouse,1
opportunity,1
moens,1
associate,1
chichi,1
supplement,1
scottish,1
rigor,1
amazonian,1
institutionalization,1
belizean,1
plots,1
ongoing,1
kilns,1
enacted,1
creek,1
echoed,1
mobilize,1
offering,1
rules,1
collecting,1
feel,1
leftovers,1
jacomet,1
sanglier,1
consequences,1
paleolithic,1
intensity,1
periodic,1
postprocessualist,1
risks,1
addressing,1
contestation,1
firing,1
andrus,1
references,1
nonbiological,1
millets,1
category,1
discernible,1
nor,1
conscious,1
pudding,1
had,1
viejas,1
bad,1
dean,1
immigrant,1
wages,1
mullet,1
shelton,1
marks,1
biased,1
females,1
locally,1
maiden,1
dichotomy,1
reinforcement,1
nitrogen,1
sant,1
physically,1
familiar,1
workmen,1
india,1
tuscon,1
fishes,1
wong,1
ethnobiology,1
technology,1
columbus,1
overproduce,1
placed,1
methodist,1
traces,1
invariably,1
gradually,1
sugarcane,1
preoccupation,1
dallas,1
differentiators,1
quantify,1
inextricable,1
characterizations,1
michael,1
quarters,1
underexplored,1
frozen,1
suspend,1
acorn,1
converting,1
show,1
riverside,1
digesting,1
stewart,1
tributes,1
sapelo,1
indications,1
modeled,1
comparisons,1
stocker,1
problems,1
hell,1
unequally,1
recur,1
instance,1
committee,1
shifted,1
index,1
pleistocene,1
endemic,1
publicity,1
xaltocan,1
helped,1
islam,1
snacks,1
intricacies,1
providing,1
management,1
drawing,1
hodge,1
cut,1
gamble,1
stands,1
myths,1
perceive,1
aceramic,1
constructive,1
reflections,1
iconography,1
meaty,1
egalitarian,1
palmer,1
advance,1
suburbs,1
krueger,1
underrepresented,1
blissful,1
arrival,1
declined,1
martinez,1
histories,1
rule,1
hungarian,1
entered,1
carcasses,1
smell,1
oil,1
yùk,1
centers,1
nutrients,1
calories,1
her,1
circa,1
rencontres,1
pass,1
haller,1
carolina,1
oh,1
veneto,1
specialize,1
internationalies,1
hillson,1
noting,1
perpetuating,1
jaws,1
mimicked,1
commoners,1
possibility,1
artistically,1
struggles,1
ethnohistorical,1
celebrated,1
we,1
phenomenology,1
acquiring,1
atkinson,1
confronts,1
amazon,1
kingsmill,1
david,1
ranking,1
reasons,1
birthday,1
though,1
fishermen,1
nobles,1
technical,1
caves,1
reviews,1
endow,1
keywords,1
opining,1
afforded,1
default,1
coresidence,1
subarctic,1
moore,1
persons,1
osmore,1
reinforce,1
meet,1
analogous,1
applied,1
introductory,1
normans,1
appearing,1
energy,1
metals,1
masculine,1
dialectic,1
saving,1
jessica,1
dietarily,1
colonies,1
jewish,1
temptations,1
fundraisers,1
poor,1
cows,1
marie,1
briefly,1
receive,1
aspiration,1
comestibles,1
feminine,1
taxes,1
gained,1
having,1
côte,1
participation,1
allocation,1
network,1
hunters,1
degrees,1
kelly,1
contributed,1
peritia,1
gains,1
suitability,1
luer,1
underrepresentation,1
horticulture,1
klippel,1
obscure,1
organize,1
imports,1
fraser,1
hang,1
comprises,1
locus,1
distinguish,1
buikstra,1
subtler,1
brought,1
nemea,1
interand,1
story,1
characterization,1
advancement,1
uncover,1
knowledge,1
transcended,1
related,1
dimbleby,1
henderson,1
patterning,1
homeland,1
pyramids,1
marketplace,1
revealed,1
giffordgonzalez,1
processualism,1
wildfowl,1
periodicity,1
coeval,1
loss,1
whole,1
year,1
discourage,1
ghana,1
editorial,1
travel,1
myriad,1
dinis,1
partly,1
collective,1
contains,1
beginnings,1
keep,1
relevance,1
hawai,1
sandford,1
subthemes,1
long,1
contextualizing,1
survey,1
runs,1
perishable,1
winter,1
lanham,1
documented,1
ethnohistoric,1
lifeways,1
focuses,1
proscriptions,1
il,1
systematic,1
entails,1
muniz,1
artifact,1
horizon,1
universally,1
my,1
challenging,1
famalicenses,1
pemba,1
attributed,1
count,1
manipulation,1
refuse,1
boundarybuilding,1
schlachtsitten,1
luna,1
wantonlymanhazard,1
extrafamilial,1
hungary,1
asymmetries,1
kentucky,1
naked,1
solution,1
eine,1
ratios,1
normally,1
presented,1
below,1
adherents,1
spice,1
shaping,1
revolution,1
reliable,1
involve,1
alcoholic,1
level,1
http,1
cope,1
luu,1
cultivating,1
exclude,1
diagnostic,1
banquets,1
insurance,1
sake,1
around,1
counterpunch,1
heat,1
summon,1
specificity,1
characteristics,1
lamb,1
workshops,1
gradations,1
pickled,1
knives,1
cacao,1
este,1
biologically,1
legitimize,1
leun,1
comfort,1
dramatic,1
thereby,1
funerary,1
kernels,1
diversified,1
buda,1
fishergate,1
potent,1
dedicated,1
tracks,1
mazzanti,1
kilker,1
necessity,1
nepeña,1
productivity,1
inaccessible,1
abydos,1
citations,1
paid,1
ceren,1
mercuri,1
persuasions,1
provided,1
newly,1
finds,1
flour,1
pot,1
pervasive,1
elucidate,1
moved,1
actions,1
palaeodiet,1
nonadherence,1
gordon,1
reducing,1
gibbs,1
promising,1
lattara,1
lend,1
cumanian,1
nations,1
rarity,1
settlers,1
rabbi,1
keenleyside,1
peres,1
integrating,1
llc,1
became,1
tasks,1
statuses,1
soaking,1
roasted,1
topoi,1
stirling,1
units,1
dogs,1
delineating,1
critics,1
ramifications,1
chains,1
opposites,1
ceremonial,1
subtheme,1
provide,1
positions,1
entitled,1
noble,1
chase,1
gather,1
irish,1
irrelevance,1
constantly,1
indicative,1
logically,1
evaluate,1
glasgow,1
hide,1
appearances,1
alma,1
papua,1
located,1
overall,1
play,1
description,1
motivated,1
guts,1
unconscious,1
legumes,1
acknowledged,1
harris,1
sangro,1
islands,1
nearly,1
bulek,1
exception,1
deviation,1
gift,1
projecting,1
weary,1
sect,1
nuba,1
threshing,1
vaughan,1
huaca,1
garden,1
domination,1
everywhere,1
standing,1
macrobotanical,1
puebloans,1
covert,1
logical,1
distribute,1
contra,1
renew,1
penguin,1
intracommunity,1
oftencooked,1
segregate,1
scomber,1
illuminating,1
label,1
gilbert,1
sauvages,1
sincere,1
ubiquity,1
thnic,1
simultaneous,1
indus,1
frankish,1
commensalism,1
elaboration,1
bildlichen,1
repurposing,1
abundances,1
meanwhile,1
read,1
happened,1
acknowledgments,1
esoteric,1
precolumbian,1
ring,1
silliman,1
den,1
paleobotanical,1
cruithne,1
mobile,1
palaces,1
easing,1
taboo,1
neither,1
differentiate,1
reconciliation,1
specimens,1
subsuming,1
elizabeth,1
mammal,1
sociological,1
included,1
prehistorians,1
emigdio,1
overtly,1
raise,1
nutritionally,1
rehov,1
trobriand,1
abuse,1
dropped,1
every,1
formalized,1
experimental,1
mediaeval,1
floor,1
caluwé,1
nonaristocratic,1
topical,1
indian,1
ornamental,1
wisconsin,1
gary,1
reliance,1
assimilated,1
dene,1
inedible,1
entwined,1
decomposition,1
stones,1
babic,1
dothan,1
antica,1
fill,1
fabulous,1
nova,1
transformative,1
actually,1
histoire,1
needy,1
starting,1
fire,1
ho,1
critiques,1
museums,1
successfully,1
ameliorating,1
splendidly,1
unreliable,1
law,1
shots,1
houston,1
heritage,1
book,1
conceal,1
omission,1
dichotomies,1
decoration,1
business,1
locust,1
catchall,1
artifactually,1
fragmentation,1
death,1
preferences,1
koulouras,1
similarly,1
stripes,1
towns,1
domains,1
contaminating,1
biblical,1
segregating,1
ecuadorian,1
behavioralecological,1
adherence,1
stonybrook,1
germanjewish,1
zacatecas,1
idea,1
valid,1
consideration,1
limit,1
treatment,1
preserve,1
overwhelming,1
head,1
soderberg,1
don,1
villa,1
phalanx,1
mnemonic,1
minnesota,1
tuross,1
advantage,1
complementing,1
weeds,1
environs,1
documents,1
abstract,1
hodgetts,1
mcnally,1
quellen,1
attempting,1
regulation,1
tafuri,1
pithoi,1
really,1
harbour,1
hargrave,1
pacific,1
connell,1
banks,1
district,1
nebulous,1
pastoralism,1
toasted,1
scudder,1
doubt,1
distributions,1
prosaic,1
subjection,1
westernized,1
yearbook,1
appeared,1
terry,1
sayre,1
devil,1
ruler,1
puzzling,1
tier,1
weeden,1
sialupe,1
evoke,1
consciously,1
gibier,1
everyday,1
physiological,1
archaeologies,1
converse,1
formation,1
cambodia,1
puerto,1
mayanists,1
stalking,1
arzu,1
leptiminus,1
compounds,1
continuing,1
developing,1
beaudry,1
equate,1
validity,1
newport,1
existing,1
receives,1
eliciting,1
vulnerable,1
marrying,1
contracted,1
norwegian,1
answer,1
achieving,1
necessary,1
origin,1
politic,1
minneapolis,1
intensify,1
invitation,1
impoverished,1
literatures,1
chalcolithic,1
shifts,1
yemen,1
sigaut,1
touch,1
regionally,1
insured,1
palestine,1
bulletin,1
charleston,1
klokler,1
phenomenological,1
backbone,1
recognizing,1
aggregation,1
leidorf,1
predictive,1
casual,1
mood,1
mix,1
dissimilar,1
supplies,1
rulers,1
olmec,1
atlantic,1
survive,1
intent,1
observable,1
celebrations,1
easier,1
comprise,1
vernant,1
explanation,1
politicians,1
bear,1
slaves,1
evanston,1
dissuading,1
hindu,1
postclassic,1
fungi,1
fleur,1
arose,1
homesteads,1
quito,1
manifestations,1
henan,1
samples,1
quest,1
skeletal,1
northwest,1
findings,1
conversely,1
paleofeces,1
controlling,1
defences,1
unstated,1
unfortunately,1
residues,1
olmecists,1
additions,1
assume,1
arizona,1
sequence,1
ideas,1
products,1
repasts,1
kingdom,1
maintains,1
salvador,1
cooked,1
examination,1
chicone,1
chosen,1
full,1
macro,1
chicoine,1
chemical,1
interethnic,1
vulnerability,1
nonspecial,1
oceania,1
dating,1
photosynthetic,1
involves,1
weaving,1
specimen,1
clearing,1
aristocratic,1
filipovic,1
ties,1
berinsfield,1
man,1
quadrupled,1
fiji,1
radovesice,1
landscapes,1
urbana,1
reality,1
treffort,1
reward,1
egos,1
communicated,1
gesture,1
urbanism,1
rubini,1
chocolate,1
perihistorians,1
maintenance,1
dijck,1
domestications,1
serious,1
pleasingly,1
honduran,1
symposium,1
feasible,1
divisions,1
variant,1
reviewers,1
collaboration,1
zealand,1
creolization,1
skulls,1
creating,1
deforce,1
am,1
malpaso,1
played,1
collected,1
synthese,1
dry,1
maximize,1
pantries,1
revolves,1
hruby,1
kept,1
accurate,1
spirits,1
after,1
greens,1
expressing,1
martin,1
nimrods,1
gardening,1
courtyard,1
never,1
spent,1
artificial,1
accouterments,1
finite,1
indubitably,1
consistently,1
sorghum,1
sanctuary,1
redistributions,1
witness,1
comparing,1
construct,1
promote,1
salt,1
coral,1
viewpoint,1
lattes,1
narrow,1
mulberries,1
banqueting,1
tsaf,1
crc,1
deliberate,1
abbondio,1
sacred,1
excluded,1
earthly,1
blurs,1
esag,1
wouters,1
parameters,1
grain,1
ground,1
versus,1
shed,1
reiterate,1
tendency,1
baywood,1
highlands,1
connections,1
quarterly,1
yvinec,1
temporality,1
sugar,1
ago,1
quarter,1
privatization,1
louisiana,1
moquegua,1
soil,1
increases,1
ingredients,1
php,1
specialty,1
relics,1
pharaohs,1
division,1
fails,1
genesis,1
turkon,1
implicitly,1
enough,1
çatalhôyiik,1
rico,1
seasons,1
simpler,1
proteinaceous,1
vaughn,1
tests,1
christian,1
aus,1
flesh,1
tarcan,1
gmbh,1
nojima,1
precious,1
dominates,1
faynan,1
cow,1
window,1
ostensible,1
indigenization,1
lot,1
secular,1
inhabitants,1
mixture,1
segments,1
monumentality,1
foreign,1
you,1
naturally,1
staples,1
testing,1
nasca,1
americanist,1
arabia,1
palenque,1
preagricultural,1
pieces,1
hill,1
prudent,1
monterey,1
mithraeum,1
archäologischen,1
arqueologia,1
andean,1
fewer,1
widespread,1
sway,1
complicate,1
institutions,1
success,1
palestinian,1
vargiu,1
deposit,1
tissue,1
tandir,1
multivalent,1
render,1
dirt,1
visual,1
grinding,1
interplay,1
piscators,1
transformation,1
palimpsest,1
bins,1
paraphernalia,1
cherry,1
countries,1
spanning,1
unforgiving,1
diagnosis,1
rot,1
provider,1
festal,1
variably,1
vegetarian,1
luxurious,1
dans,1
expectations,1
quite,1
fe,1
mounds,1
tapped,1
fall,1
researcher,1
greenland,1
prolegomenon,1
encounters,1
ruff,1
stratified,1
bcad,1
centuries,1
atypicality,1
face,1
patton,1
articles,1
sweetness,1
olives,1
involuntary,1
soup,1
nowhere,1
pressures,1
lazreg,1
kotjabopoulou,1
areal,1
earliest,1
cam,1
freeing,1
biology,1
reallocations,1
caucha,1
concord,1
addressed,1
meal,1
oxfordshire,1
differentiated,1
cannon,1
formalization,1
suggestions,1
extrapolate,1
variable,1
eschewed,1
deposited,1
donors,1
neuzeit,1
beast,1
reliant,1
prepare,1
following,1
inculcate,1
breach,1
dispersed,1
underpinned,1
melanesia,1
naples,1
elaborate,1
conclusion,1
het,1
greeks,1
accordance,1
mentioned,1
intensification,1
incorporated,1
macrobotanically,1
desiccated,1
habitation,1
measurements,1
passover,1
metallurgists,1
memorialize,1
bosi,1
rites,1
accounts,1
mutton,1
reinforced,1
porc,1
ferrara,1
malines,1
nina,1
pluckers,1
debatably,1
constructed,1
temporal,1
reemphasizing,1
costin,1
membership,1
rchaeology,1
elevates,1
bernstein,1
md,1
temple,1
doi,1
ceramicists,1
plate,1
offers,1
multiply,1
alternative,1
integrative,1
shamans,1
hospitality,1
quickly,1
feelings,1
mantaro,1
easy,1
immured,1
weingarten,1
natural,1
plateau,1
dairy,1
proof,1
principle,1
tendencies,1
country,1
finance,1
carpals,1
middlingsized,1
novel,1
attribute,1
assumed,1
confident,1
king,1
ubiquitous,1
pragmatic,1
clarify,1
cyclical,1
temper,1
tunisia,1
scavengers,1
glavich,1
condiments,1
minimized,1
speech,1
salamon,1
counting,1
orser,1
milk,1
alternatively,1
hermitage,1
weddings,1
brazil,1
ethiopia,1
benefit,1
cities,1
differed,1
wood,1
thompson,1
çatalhôyûk,1
type,1
hawkey,1
masters,1
absolutely,1
akha,1
advances,1
madera,1
beth,1
tastes,1
subterranean,1
growing,1
beginning,1
lens,1
jars,1
draw,1
according,1
scholarly,1
zierden,1
johnson,1
ethnically,1
occur,1
pooled,1
automatically,1
thanksgivings,1
notable,1
perceiving,1
conservatism,1
huambacho,1
implicit,1
rose,1
amarna,1
involvement,1
sociology,1
lopinot,1
thirty,1
maintain,1
covers,1
idéologie,1
rebelled,1
passed,1
laguna,1
mere,1
warn,1
novelty,1
troubleyn,1
herrmann,1
heavier,1
intracultural,1
characterizes,1
foundations,1
correlates,1
butchers,1
dissecting,1
neanderthal,1
divide,1
amy,1
proposing,1
treatises,1
observations,1
erikson,1
neomarxist,1
sheba,1
permeated,1
contain,1
port,1
temps,1
jordan,1
spaces,1
anyang,1
marking,1
neck,1
ritually,1
transplanted,1
intention,1
owner,1
occasionally,1
org,1
preserved,1
ikram,1
reify,1
utilisation,1
edwards,1
recipients,1
kinnaer,1
affecting,1
ohio,1
kin,1
introduced,1
beach,1
palmillo,1
revolutions,1
marketing,1
monasteries,1
mittelalters,1
paleodiets,1
micro,1
centro,1
mayor,1
buy,1
queiroga,1
tried,1
lies,1
cash,1
reappraisal,1
rigid,1
went,1
myceneans,1
commodities,1
adoptions,1
yalman,1
divided,1
hesperia,1
maintained,1
writing,1
enabled,1
gain,1
mesoamericanists,1
antrobus,1
accorded,1
ecuador,1
terminal,1
rewarding,1
farmingdale,1
anaerobic,1
consilience,1
intercultural,1
islamization,1
propagating,1
hammers,1
nuclear,1
shown,1
until,1
survival,1
commercial,1
authorial,1
cunliffe,1
hoof,1
slighting,1
disposal,1
virginians,1
initiated,1
elefanti,1
herds,1
steam,1
phalanges,1
leverage,1
write,1
loftier,1
peloponnese,1
imperative,1
desse,1
wish,1
parallels,1
register,1
move,1
approximately,1
mobilizing,1
americas,1
operational,1
grown,1
structurally,1
land,1
define,1
enabling,1
usa,1
oriental,1
need,1
sur,1
guiding,1
glass,1
indonesia,1
famine,1
already,1
unneeded,1
steen,1
siteand,1
off,1
programme,1
presenting,1
ertug,1
madison,1
francisco,1
increased,1
willoughby,1
roughly,1
aggregated,1
maintaining,1
anonymous,1
unspecialized,1
offered,1
intergroup,1
fishers,1
vertebrate,1
searching,1
rupert,1
preroman,1
desender,1
arrange,1
certainty,1
aggregations,1
mystery,1
broadening,1
denser,1
justify,1
correlate,1
negotiate,1
cook,1
lake,1
pineapple,1
çatalhô,1
riverlake,1
durrington,1
characters,1
finnmark,1
aguateca,1
gulf,1
re,1
polynesian,1
counts,1
buyser,1
strong,1
prison,1
ends,1
unmentioned,1
ideologically,1
networks,1
owners,1
tired,1
laborers,1
indistinguishable,1
tringham,1
arnold,1
makriyalos,1
mulberry,1
fages,1
close,1
customs,1
laws,1
guarnieri,1
cited,1
perception,1
foodrelated,1
bce,1
costly,1
discern,1
looking,1
gold,1
polysémie,1
