WORDCOUNTS,WEIGHT
the,1398
and,1108
of,947
a,540
in,416
to,335
that,331
j,255
m,245
et,233
al,233
for,190
s,187
d,184
r,157
g,156
p,156
have,137
from,133
on,133
new,129
as,126
e,123
american,120
world,120
peopling,117
l,115
human,114
c,110
sites,109
t,108
by,105
i,99
or,98
with,98
b,97
north,97
americas,93
beringia,92
at,91
evidence,90
first,84
not,82
is,78
early,78
america,72
americans,70
population,70
pleistocene,68
south,68
cal,67
an,66
site,66
coastal,66
colonization,66
science,65
в,63
clovis,62
coast,60
archaeological,59
lgm,58
people,58
journal,57
n,57
springer,57
к,56
data,56
are,55
genetic,55
we,55
h,53
w,53
siberia,53
it,52
they,52
their,52
one,51
this,51
archaeol,49
but,49
res,49
along,48
two,48
also,48
time,48
years,48
press,46
could,46
university,46
k,46
f,46
some,44
migration,43
than,42
late,42
v,42
been,42
other,41
populations,41
western,40
antiquity,40
founding,39
pacific,39
more,39
с,39
anderson,39
occupation,38
be,38
if,36
eds,36
so,36
archaeology,36
river,34
point,33
most,33
pp,33
would,33
paleoindian,33
quaternary,33
mtdna,32
native,32
ifc,31
research,31
mammoth,30
all,30
haplogroups,29
many,29
has,29
central,28
anthropology,28
after,27
beringian,27
those,27
both,27
studies,26
these,26
do,26
model,26
ago,26
scenario,26
sea,26
source,25
asia,25
however,25
dna,25
were,25
genetics,25
can,25
then,25
eastern,24
dates,24
may,24
via,24
schurr,24
which,24
radiocarbon,24
bone,23
even,23
how,23
cave,23
argued,23
during,23
molecular,23
region,23
goebel,22
gillam,22
before,22
very,22
located,22
does,21
occurred,21
corridor,21
same,21
who,21
sciences,21
current,21
holocene,21
remains,21
among,21
origin,20
east,20
west,20
southern,20
fig,20
hoffecker,20
my,20
see,20
meitzer,20
northern,20
hill,20
proceedings,20
them,20
through,20
later,19
humans,19
support,19
origins,19
implications,19
only,19
others,19
academy,19
lake,19
evolution,19
when,19
maritime,19
o,18
hunting,18
inland,18
last,18
surověli,18
jr,18
neves,18
fiedel,18
settlement,18
few,18
ice,18
smith,18
national,18
did,18
southeastern,18
major,18
northeast,17
there,17
nry,17
such,17
old,17
jones,17
age,17
initial,17
y,17
its,17
single,17
about,17
extinction,17
ed,17
where,17
number,17
waters,17
into,16
date,16
haynes,16
perspective,16
steele,16
california,16
erlandson,16
just,16
what,16
cactus,15
likely,15
faught,15
was,15
â,15
had,15
waguespack,15
regions,15
quebrada,15
asian,15
dating,15
points,15
biology,15
different,15
migrations,15
although,15
use,14
monte,14
possible,14
resources,14
diversity,14
no,14
prehistory,14
yesner,14
topper,14
stanford,14
least,14
will,14
lovewell,14
contemporary,14
mitochondrial,14
malhi,14
must,14
international,14
frame,14
given,14
much,14
recent,14
should,14
consistent,13
archaeologists,13
sena,13
santa,13
continental,13
hey,13
across,13
kitchen,13
well,13
documented,13
suggest,13
verde,13
us,13
including,13
la,13
analysis,13
geographic,13
terrestrial,13
yana,13
grayson,13
between,13
now,12
arctic,12
modern,12
dixon,12
miotti,12
stone,12
york,12
process,12
subsistence,12
paleolithic,12
entry,12
creek,12
route,12
recently,12
because,12
northwest,12
highly,12
megafaunal,12
ancient,12
santos,12
fact,12
jantz,12
atlantic,12
made,12
alaska,12
starikovskaya,12
kuzmin,12
suggests,12
elias,12
haplogroup,12
stafford,11
marine,11
case,11
interior,11
gilbert,11
foragers,11
too,11
glacial,11
schaefer,11
reviews,11
younger,11
island,11
texas,11
yielded,11
skeletal,11
significant,11
field,11
indicate,11
founders,11
meadowcroft,11
over,11
far,11
distribution,11
conditions,11
include,11
range,11
km,11
focus,11
hypothesis,11
groups,10
represent,10
islands,10
arlington,10
review,10
watercraft,10
ô,10
within,10
derenko,10
immigrants,10
columbia,10
dated,10
proposed,10
record,10
upper,10
occupied,10
based,10
out,10
torroni,10
near,10
related,10
extinctions,10
approach,10
small,10
siberian,10
second,10
eshleman,10
springs,10
under,10
noted,10
picture,10
man,10
oregon,10
today,10
past,10
particular,10
adaptation,10
researchers,10
multiple,10
models,10
rhs,10
maximum,10
problem,9
morphology,9
college,9
perego,9
bandelt,9
might,9
context,9
goodyear,9
account,9
prior,9
moseley,9
bonnichsen,9
clark,9
response,9
coasts,9
fagundes,9
rather,9
similar,9
keates,9
four,9
show,9
chipped,9
kennewick,9
example,9
mandryk,9
older,9
change,9
dillehay,9
consensus,9
finds,9
san,9
technology,9
chronology,9
continents,9
again,9
similarly,9
lack,9
another,9
station,9
rivers,9
band,9
hebior,9
latter,9
conclusions,9
directions,9
any,9
each,9
presence,9
u,9
supports,9
always,9
gulf,9
sheets,9
offered,9
owsley,9
immediately,9
cross,9
way,8
sherry,8
decade,8
osteological,8
either,8
long,8
comment,8
throughout,8
mcavoy,8
landscape,8
environments,8
fedje,8
climate,8
beyond,8
followed,8
view,8
evolutionary,8
moore,8
rourke,8
none,8
future,8
artifacts,8
tool,8
q,8
wisconsin,8
gap,8
forager,8
array,8
turner,8
perhaps,8
findings,8
high,8
mexico,8
shortly,8
perspectives,8
altai,8
rim,8
physical,8
natural,8
best,8
migratory,8
while,8
scenarios,8
size,8
asians,8
coprolites,8
city,8
chile,8
history,8
washington,8
states,8
oldest,8
modeling,8
beck,8
johnson,8
true,7
various,7
davis,7
rapid,7
corridors,7
timing,7
cause,7
mass,7
lell,7
x,7
expect,7
back,7
left,7
kelly,7
forster,7
without,7
fish,7
peru,7
utah,7
moving,7
basin,7
ocean,7
evaluate,7
caves,7
dispersal,7
part,7
holliday,7
lower,7
level,7
around,7
up,7
moved,7
still,7
yet,7
latitude,7
demographic,7
lepper,7
end,7
variation,7
present,7
technologies,7
cambridge,7
staging,7
landscapes,7
accessed,7
period,7
earlier,7
salt,7
adaptations,7
convincingly,7
canada,7
earliest,7
kemp,7
swan,7
know,7
associated,7
whether,7
amur,7
bradley,7
locations,7
usa,7
buchanan,7
reached,7
pulses,7
valley,7
pearson,7
done,6
common,6
large,6
mobility,6
tacahuay,6
sets,6
continent,6
acceptance,6
defrance,6
localities,6
nature,6
scientists,6
together,6
great,6
farther,6
okhotsk,6
british,6
mutation,6
demography,6
mastodon,6
wallace,6
blades,6
barton,6
de,6
z,6
rick,6
ushki,6
berelekh,6
craniofacial,6
study,6
о,6
prehistoric,6
location,6
found,6
events,6
horse,6
mammoths,6
produced,6
daisy,6
possibility,6
residents,6
sampled,6
published,6
schroeder,6
involved,6
county,6
using,6
bever,6
zegura,6
nearly,6
make,6
indicates,6
movement,6
straus,6
bortolini,6
generalized,6
collectively,6
routes,6
challenge,6
areas,6
agree,6
distributions,6
channel,6
boats,6
woman,6
ecology,6
boat,6
paleoamerican,6
hubbe,6
arizona,6
salemme,6
low,6
open,6
times,6
plains,6
derived,6
ikhine,6
kit,6
enough,6
laurentide,6
began,6
united,6
environment,6
share,6
conclusion,6
known,6
cordilleran,6
here,6
geoarchaeology,6
overkill,6
why,6
extant,6
dryas,6
sizes,6
argue,6
powell,6
bands,6
list,6
virginia,6
geneticists,6
ohio,6
underwater,6
terminal,6
our,6
bottleneck,6
reveals,6
land,6
cooper,6
foraging,6
sandweiss,6
mountains,5
merriwether,5
dc,5
contexts,5
willerslev,5
ii,5
narrative,5
entered,5
locality,5
search,5
bering,5
biologists,5
state,5
investigations,5
bones,5
thus,5
chatters,5
proceeded,5
moment,5
tucson,5
tamm,5
paleoindians,5
cases,5
jaguay,5
convincing,5
unequivocally,5
plos,5
paisley,5
paleoecological,5
seielstad,5
definitively,5
haplotypes,5
remain,5
direct,5
productive,5
colonizing,5
nor,5
bluefish,5
challenged,5
submerged,5
modeled,5
flow,5
suggested,5
appear,5
cores,5
tools,5
viewed,5
basis,5
work,5
occupants,5
place,5
inferences,5
reflect,5
shapiro,5
kooyman,5
event,5
gene,5
ancestors,5
brown,5
annual,5
generally,5
species,5
florida,5
clóvis,5
cite,5
advocate,5
overview,5
interpretation,5
database,5
dispersals,5
complete,5
issues,5
bonatto,5
europe,5
contradict,5
nuclear,5
beringians,5
hand,5
richards,5
salzano,5
less,5
strategies,5
wood,5
argument,5
understanding,5
discussion,5
examples,5
blum,5
like,5
structure,5
probably,5
wells,5
controversial,5
concluded,5
widely,5
european,5
kennett,5
cannon,5
anthropological,5
kamchatka,5
peoples,5
quickly,5
biogeography,5
manuscripts,5
extent,5
achilli,5
little,5
transition,5
silva,5
wang,5
genetically,5
contributed,5
offer,5
need,5
area,5
aucilla,5
views,5
pitblado,5
difficult,4
microblades,4
stuart,4
miguel,4
per,4
group,4
center,4
villems,4
fladmark,4
bifacial,4
maybe,4
annals,4
being,4
isthmus,4
osipova,4
processes,4
mcneil,4
reasons,4
analyses,4
mississippi,4
precisely,4
morían,4
move,4
occupations,4
cited,4
representing,4
fitzgerald,4
evaluating,4
bison,4
rasmussen,4
century,4
weaknesses,4
big,4
estimates,4
down,4
served,4
find,4
weight,4
zhadanov,4
rates,4
whose,4
levels,4
wobst,4
leave,4
shell,4
alroy,4
grounds,4
numbers,4
impact,4
carolina,4
recovered,4
overstreet,4
requires,4
puts,4
important,4
sukernik,4
nebraska,4
opening,4
arrival,4
entering,4
access,4
primigenius,4
battilana,4
further,4
otherwise,4
absolute,4
simulations,4
having,4
julia,4
paleoenvironmental,4
conduit,4
inferred,4
bolster,4
macaulay,4
literature,4
blade,4
own,4
archeology,4
preserved,4
specifically,4
several,4
smithsonian,4
jablonski,4
components,4
latest,4
fefd,4
chronological,4
he,4
coastline,4
matter,4
josenhans,4
tankersley,4
above,4
pageladson,4
settings,4
kills,4
southeast,4
vicinity,4
floridians,4
represents,4
soon,4
buhl,4
narratives,4
boundary,4
fix,4
simulation,4
addition,4
efforts,4
joyce,4
lahr,4
consideration,4
doubt,4
never,4
ages,4
readers,4
relevant,4
necessary,4
hamilton,4
multidisciplinary,4
concluding,4
derbeneva,4
trends,4
rare,4
three,4
spawned,4
hills,4
plant,4
problems,4
leaves,4
interpretations,4
southwest,4
saw,4
institution,4
transbaikal,4
me,4
note,4
gruhn,4
independent,4
ecological,4
patagonia,4
lines,4
accepted,4
often,4
exists,4
thinking,4
suite,4
mentioned,4
colonists,4
demonstrate,4
projectile,4
goldberg,4
offers,4
berkeley,4
illuminate,4
specialized,4
dunbar,4
particularly,4
kivisild,4
brazil,4
metspalu,4
steffy,4
spatial,4
terms,4
tanana,4
debate,4
leaving,4
presented,4
conclude,4
sequencing,4
ring,4
extraterrestrial,4
arguments,4
indians,4
ho,4
think,4
question,4
shown,4
until,4
supported,4
potential,4
create,4
traditional,4
adovasio,4
ca,4
final,3
miller,3
chromosome,3
hazelwood,3
generated,3
former,3
likewise,3
yenesei,3
race,3
spirit,3
reasonably,3
behavior,3
poinar,3
arguing,3
yohe,3
materials,3
said,3
sources,3
constituting,3
certainly,3
taken,3
aforementioned,3
dramatically,3
archaeologically,3
available,3
assess,3
cummings,3
thank,3
fully,3
spaced,3
reveal,3
götherström,3
real,3
lagoa,3
vallanoweth,3
depending,3
advocates,3
reidla,3
hurtado,3
missouri,3
gaps,3
primary,3
lena,3
discuss,3
rosa,3
burins,3
shellfish,3
minimum,3
colonized,3
extinct,3
million,3
prey,3
includes,3
mouth,3
southwestern,3
immediate,3
reject,3
yang,3
schweger,3
excavations,3
elston,3
relatively,3
rooted,3
paused,3
body,3
brace,3
explore,3
refugia,3
founder,3
crawford,3
dyke,3
reflects,3
his,3
dilemma,3
webb,3
ways,3
developed,3
notion,3
parts,3
envision,3
moreover,3
gathering,3
pitulko,3
montenegro,3
facilitated,3
alaskan,3
consider,3
retained,3
intensive,3
macphail,3
invariably,3
contemporaries,3
exploited,3
additional,3
lithic,3
follow,3
fagan,3
peninsula,3
exploitation,3
instance,3
yes,3
strategy,3
advocated,3
charcoal,3
closely,3
advance,3
came,3
midden,3
pulse,3
circa,3
diet,3
baikal,3
density,3
traced,3
focused,3
buried,3
institute,3
something,3
leonard,3
indirect,3
burial,3
devoid,3
cannot,3
jodry,3
required,3
paleoarchaic,3
directly,3
line,3
used,3
requiem,3
archaeologist,3
comprises,3
women,3
knowledge,3
horn,3
collective,3
climatic,3
actually,3
beads,3
thereafter,3
employed,3
showing,3
elephant,3
nj,3
earth,3
mammuthus,3
cold,3
kong,3
waterway,3
southon,3
encompasses,3
mena,3
mal,3
reported,3
rengo,3
descendants,3
woolly,3
ta,3
genome,3
preliminary,3
barbara,3
span,3
therefore,3
approximate,3
higham,3
variety,3
contact,3
myriad,3
letters,3
short,3
indeed,3
comparative,3
acknowledged,3
conceived,3
hosseini,3
biological,3
percentage,3
reference,3
revealed,3
read,3
thought,3
mobile,3
populated,3
neither,3
specimens,3
idaho,3
marshall,3
included,3
homogeneous,3
byers,3
ethnographic,3
outlined,3
robust,3
rise,3
volume,3
starting,3
lewis,3
megafauna,3
pointed,3
reporting,3
put,3
water,3
tolman,3
idea,3
politis,3
scholars,3
rhino,3
choice,3
really,3
larger,3
discussed,3
fragments,3
keefer,3
ugan,3
collard,3
sediments,3
redmond,3
reconciled,3
encountered,3
degree,3
original,3
demonstrated,3
fundamentally,3
analyzed,3
greatest,3
arrived,3
vast,3
bear,3
dornelles,3
memoirs,3
sufficiently,3
ö,3
entirely,3
hosted,3
recovery,3
holen,3
tehuantepec,3
steppe,3
theories,3
netherlands,3
clear,3
reality,3
cunningham,3
interpret,3
characterized,3
binladen,3
geographically,3
course,3
martin,3
thomas,3
fauna,3
favored,3
methods,3
sardi,3
respectively,3
hunters,3
ethnographically,3
residue,3
slightly,3
geography,3
versus,3
predictive,3
ray,3
excoffier,3
barnosky,3
she,3
crucial,3
begin,3
chimneys,3
beckoned,3
millennia,3
importantly,3
wilson,3
originated,3
shells,3
life,3
fall,3
lineages,3
morrow,3
populate,3
iberia,3
panama,3
dispersed,3
dordrecht,3
founded,3
discrete,3
rocky,3
alternative,3
colorado,3
carbon,3
jenkins,3
setting,3
sampling,3
allendale,3
wagner,3
report,3
mongolia,3
cities,3
differed,3
richardson,3
rickards,3
beginning,3
rods,3
nonviable,3
ferry,3
larson,3
pertinent,3
nearby,3
passed,3
map,3
densities,3
burns,3
despite,3
variability,3
territory,3
invoked,3
come,3
survival,3
redefining,3
geoarchaeological,3
green,3
underhill,3
barnes,3
obvious,3
effects,3
off,3
francisco,3
association,3
huckell,3
strong,3
alberta,3
doing,3
indicating,3
showed,3
close,3
allele,3
anthropologist,2
go,2
receded,2
possessed,2
kornfeld,2
rate,2
page,2
bedoya,2
edge,2
calgary,2
fertile,2
нее,2
slaughter,2
siberians,2
madsen,2
originating,2
introduction,2
distributed,2
impacts,2
boca,2
summarizing,2
integrity,2
envisioned,2
acosta,2
mcdonald,2
confines,2
federal,2
chewuacan,2
inconsistent,2
bryan,2
largent,2
nonasian,2
porcupine,2
position,2
dolukhanov,2
necessarily,2
bourque,2
total,2
flaws,2
calibration,2
alleged,2
princeton,2
leads,2
wally,2
negative,2
gubina,2
comas,2
invoking,2
hofreiter,2
else,2
australia,2
every,2
jackson,2
preceding,2
macroband,2
mochanov,2
intermountain,2
anywhere,2
definition,2
likeliest,2
salmon,2
shaped,2
ubiquitous,2
andrew,2
affinities,2
secondary,2
broken,2
suggesting,2
rutgers,2
regional,2
lanata,2
sometime,2
link,2
closer,2
renfrew,2
embrace,2
vegetation,2
inferring,2
ubelaker,2
migrated,2
china,2
reading,2
behind,2
el,2
constitute,2
documenting,2
issue,2
sophisticated,2
geologic,2
iii,2
plain,2
holly,2
key,2
albeit,2
severnoi,2
pluvial,2
luminescence,2
westernmost,2
wolbach,2
planetary,2
clearly,2
wellreasoned,2
lends,2
opened,2
responses,2
agenbroad,2
politics,2
reply,2
freitas,2
occurring,2
mishmar,2
zeanah,2
advocating,2
jobling,2
froese,2
interact,2
feldman,2
biodiversity,2
bravi,2
sanchez,2
exposed,2
labor,2
jakobsson,2
accessible,2
jin,2
verkhinetroitskaya,2
comments,2
guthrie,2
que,2
component,2
development,2
wygal,2
pursue,2
since,2
pursuit,2
microblade,2
millennium,2
dozen,2
vereschagin,2
occurs,2
cf,2
lessons,2
kosintsev,2
zazula,2
clo,2
armour,2
candidates,2
developments,2
places,2
semino,2
subjects,2
encompass,2
africans,2
oxford,2
clock,2
helpful,2
peros,2
compel,2
rationale,2
fedoseeva,2
waterways,2
acknowledge,2
yerka,2
gillespie,2
mechanism,2
posited,2
crow,2
higher,2
depicted,2
online,2
spread,2
khusnutdinova,2
boreal,2
identification,2
district,2
stop,2
sort,2
breadth,2
basic,2
explicit,2
gratuitous,2
vestige,2
hansen,2
myself,2
mean,2
elsevier,2
mackie,2
gainesville,2
probability,2
mile,2
eight,2
bahn,2
feathers,2
se,2
sheriden,2
contributions,2
signatures,2
consequences,2
space,2
consistency,2
falk,2
references,2
brunswick,2
settled,2
immigrant,2
ramsey,2
herrnstadt,2
established,2
seas,2
lister,2
exponential,2
willerselv,2
specify,2
squares,2
ubiquitously,2
shore,2
drummond,2
orientation,2
misconceptions,2
albuquerque,2
statement,2
readings,2
platte,2
predates,2
proboscidean,2
willing,2
flakes,2
schanfield,2
sher,2
perceive,2
conflicts,2
contention,2
identifying,2
societies,2
histories,2
rule,2
expanses,2
six,2
tsuneto,2
lived,2
changed,2
subscribe,2
her,2
fishing,2
census,2
toxic,2
greater,2
culture,2
paleolit,2
genes,2
embedded,2
traversed,2
handbook,2
pointing,2
cultural,2
heaton,2
unpopulated,2
prismatic,2
volodko,2
tarskaia,2
hypothetical,2
answer,2
nichols,2
flannery,2
deglaciated,2
clarke,2
viability,2
already,2
andes,2
nine,2
descendant,2
significantly,2
story,2
su,2
tributary,2
competing,2
apparent,2
indigenous,2
parameters,2
osl,2
nanodiamonds,2
fail,2
barrantes,2
records,2
lifeway,2
specialization,2
forces,2
lifeways,2
reconstructing,2
interpreted,2
status,2
relative,2
attributed,2
depicting,2
namu,2
good,2
wholesale,2
excavated,2
ensued,2
viable,2
below,2
lowest,2
kunz,2
stage,2
coupled,2
next,2
swedlund,2
mitchell,2
characteristics,2
chromosomes,2
bridge,2
lavallé,2
humanproduced,2
peak,2
decline,2
mastodons,2
methodological,2
credible,2
characterizes,2
latitudes,2
results,2
citations,2
weigh,2
provided,2
lincoln,2
fluted,2
macdonald,2
settle,2
rest,2
gordon,2
enjoy,2
nations,2
subsequently,2
portion,2
converge,2
dogs,2
learning,2
bringing,2
spherules,2
identified,2
harington,2
overall,2
palaeoecology,2
fractured,2
brings,2
constraints,2
abromova,2
woods,2
amerindian,2
unfamiliar,2
selection,2
sturtevant,2
guide,2
once,2
ubiquity,2
foot,2
seaweed,2
makes,2
retreat,2
roper,2
parsimonious,2
koch,2
mammal,2
home,2
ams,2
endicott,2
tarcea,2
indian,2
exodus,2
voyaging,2
department,2
labuda,2
regardless,2
worst,2
stemmed,2
reach,2
macphee,2
recall,2
impediment,2
business,2
growth,2
pucciarelli,2
shows,2
limit,2
amerind,2
riverine,2
millennial,2
maternal,2
indies,2
potentially,2
predominant,2
clague,2
niwot,2
crossing,2
demonstrating,2
causes,2
debates,2
strait,2
resolved,2
imperfect,2
rhetoric,2
outside,2
took,2
yuldasheva,2
adjacent,2
ground,2
kipnis,2
shrubs,2
unit,2
continuing,2
macrobands,2
ultimately,2
coincident,2
material,2
frequency,2
routledge,2
distance,2
assemblage,2
transparent,2
remained,2
thousands,2
private,2
situated,2
extended,2
intimate,2
neatly,2
disease,2
disagree,2
refining,2
previously,2
dumond,2
samples,2
т,2
warming,2
europeans,2
hodgins,2
varying,2
food,2
cranial,2
australians,2
inherently,2
damba,2
books,2
questions,2
identical,2
individuals,2
option,2
voevoda,2
synthetic,2
salas,2
rockman,2
robustly,2
publication,2
express,2
autosomal,2
mead,2
essay,2
logic,2
drains,2
general,2
symposium,2
allowed,2
sands,2
dry,2
profitably,2
mammals,2
accurate,2
borrero,2
spent,2
carlson,2
article,2
systems,2
murray,2
assessing,2
effect,2
diamond,2
james,2
lott,2
intercontinental,2
pathway,2
ate,2
ascribe,2
morris,2
figures,2
vertebrate,2
opposite,2
encompassing,2
immigration,2
dietary,2
firestone,2
wyatt,2
microand,2
consists,2
relationship,2
scozzali,2
continued,2
sometimes,2
figure,2
practitioners,2
maps,2
remotely,2
male,2
isotope,2
kelp,2
recognize,2
rapidly,2
frames,2
wisconsinan,2
responsible,2
populace,2
stratified,2
holmes,2
drafted,2
simulated,2
skulan,2
dent,2
problematic,2
floor,2
considered,2
scheinsohn,2
magnitude,2
following,2
series,2
mtdnas,2
rosier,2
simply,2
ever,2
hypothesized,2
detect,2
scrutiny,2
howell,2
intensify,2
society,2
text,2
sustained,2
ukraintseva,2
wooly,2
permafrost,2
kolb,2
mulligan,2
ran,2
rocksheiter,2
pedestrian,2
expanding,2
global,2
gone,2
accommodate,2
malyarchuk,2
southernmost,2
erickson,2
burney,2
job,2
collins,2
australian,2
examination,2
bonnie,2
bunch,2
examining,2
distinctive,2
placing,2
living,2
assessment,2
butchering,2
unlikely,2
catastrophic,2
economy,2
independently,2
auerbach,2
signature,2
depopulation,2
woodward,2
getting,2
scavenged,2
require,2
animal,2
produce,2
observations,2
weiss,2
travel,2
atkinson,2
occasionally,2
trees,2
circumstances,2
pavlov,2
transport,2
edwards,2
beach,2
confirm,2
role,2
exploring,2
waning,2
subject,2
assumptions,2
nastiness,2
mention,2
maintained,2
isolated,2
voyage,2
coming,2
construed,2
azii,2
popp,2
wow,2
shores,2
ounces,2
promoted,2
formation,2
roots,2
initiated,2
similarity,2
finally,2
assemblages,2
mode,2
arnold,2
instead,2
upon,2
alleles,2
geochronology,2
heartland,2
golubenko,2
arrivals,2
hemispheric,2
piece,2
contamination,2
defined,2
seeks,2
zago,2
extremely,2
speak,2
rosenberg,2
sfd,2
observation,2
apart,2
charlotte,2
brubaker,2
themselves,2
rejection,2
languages,2
huckleberry,2
chicago,2
deposits,2
era,2
enterprise,2
embraces,2
exclusively,2
mix,2
entire,2
interaction,2
beaton,2
develop,2
reconciling,2
drew,2
unequivocal,2
aldan,2
colonize,1
emulate,1
carved,1
gis,1
gingerich,1
yao,1
groot,1
modelling,1
petraglia,1
kluwer,1
basing,1
settlers,1
explosion,1
mostly,1
struggle,1
pinter,1
validation,1
bau,1
batzer,1
fathers,1
oriented,1
svensson,1
retreated,1
prefer,1
nikbin,1
deller,1
kladbishcha,1
jull,1
hoog,1
vole,1
zainuddin,1
indicated,1
cladistic,1
phylogeny,1
mille,1
briles,1
glascock,1
stood,1
faced,1
araujo,1
created,1
snapshot,1
grzybowski,1
decades,1
engendered,1
iowa,1
mindset,1
physiography,1
martinezlabarga,1
jane,1
worthy,1
paleoecology,1
staggering,1
tracked,1
detour,1
alone,1
succession,1
eby,1
papiha,1
notably,1
berlin,1
coastlines,1
predilection,1
ismail,1
mongoloid,1
alluded,1
needed,1
led,1
peoplings,1
moss,1
shoulders,1
star,1
prous,1
leningrad,1
maldonado,1
judicious,1
tend,1
closure,1
uncomfortable,1
advised,1
conducting,1
anchor,1
join,1
diversification,1
formed,1
informative,1
library,1
asserted,1
meehan,1
strictly,1
stephenson,1
approaches,1
walker,1
bias,1
unanswered,1
тем,1
outline,1
divers,1
impetuses,1
largely,1
park,1
notwithstanding,1
flows,1
deininger,1
considerations,1
tito,1
perfecting,1
girya,1
polynesians,1
enjoys,1
mastadons,1
krylov,1
translocation,1
mainland,1
parik,1
pose,1
unlike,1
variants,1
barbosa,1
layrisse,1
rewilding,1
dig,1
mesolithic,1
sussex,1
exceptions,1
dakotas,1
и,1
service,1
impeded,1
lowlands,1
chapter,1
edu,1
revision,1
zakhorov,1
dose,1
permitted,1
brandon,1
diffusion,1
protein,1
paleolandscapes,1
paradox,1
anything,1
osella,1
tsoy,1
test,1
explaining,1
innovation,1
foresee,1
stepanov,1
please,1
wrong,1
schryers,1
revisited,1
hiscock,1
extraordinary,1
disagreement,1
polished,1
munkhtuvshin,1
derives,1
exclusive,1
klitz,1
adopt,1
exhibited,1
estate,1
kaldma,1
diego,1
address,1
westgate,1
attempt,1
homo,1
usanga,1
conceptions,1
absurd,1
emerged,1
nauka,1
steadman,1
advanced,1
youngest,1
knowing,1
michalodimitrakis,1
peruvians,1
detritus,1
gary,1
confirmed,1
marshaled,1
paralyzed,1
pidba,1
company,1
principles,1
seaworthy,1
excavating,1
broadly,1
accetturo,1
accompanied,1
whitlock,1
cochran,1
ehlers,1
predated,1
macneish,1
therein,1
titmus,1
wave,1
torres,1
cordage,1
arises,1
bos,1
trip,1
characterizing,1
room,1
beds,1
genus,1
connection,1
friend,1
take,1
assays,1
submersibles,1
faunal,1
help,1
achieved,1
damage,1
fresh,1
blow,1
wall,1
traditionally,1
shook,1
dambueva,1
separated,1
skull,1
mind,1
replicated,1
kashani,1
situ,1
harkening,1
cloviscontemporary,1
dincauze,1
cell,1
political,1
berelekhskogo,1
complicated,1
depleted,1
discipline,1
solved,1
favoring,1
baryshnikov,1
declines,1
sheet,1
kilby,1
carcaillet,1
elucidating,1
visibility,1
extreme,1
tell,1
papers,1
contents,1
shaari,1
neel,1
debitage,1
akin,1
nowhere,1
des,1
side,1
empty,1
standstill,1
gilichinsky,1
asynchronous,1
miyamoto,1
oceanography,1
dissemination,1
hell,1
suspect,1
resulted,1
anchorage,1
oykc,1
hutz,1
ê,1
simulationbased,1
feranec,1
rossen,1
anthropologists,1
legitimate,1
blackburn,1
sexual,1
ayliffe,1
right,1
march,1
matrilineal,1
solving,1
disseminated,1
jumping,1
calafell,1
dorhzu,1
plug,1
vol,1
porter,1
paleontology,1
occupying,1
howard,1
methodologies,1
turmire,1
fl,1
activity,1
securely,1
tracing,1
pritchard,1
illustrate,1
paucity,1
soils,1
zimov,1
lozhkin,1
establishing,1
adopting,1
wigand,1
feinman,1
anatomically,1
cytoplasm,1
bibliography,1
intensively,1
richard,1
driver,1
vital,1
crossed,1
pettitt,1
maximally,1
enemy,1
beaudoin,1
premature,1
bruney,1
perceived,1
reflecting,1
tailored,1
classics,1
carlyle,1
tiezen,1
pino,1
bulbeck,1
rosenburg,1
anticipated,1
milder,1
enter,1
zhang,1
moral,1
tantalizing,1
corbett,1
treatise,1
congruence,1
conclusively,1
sand,1
penetrate,1
split,1
debruyne,1
cursory,1
proiskhozhdenie,1
sssr,1
olckers,1
expertise,1
avenues,1
implements,1
regarding,1
conflict,1
goal,1
stratigrafiya,1
cumulatively,1
driskell,1
fit,1
schwedt,1
differential,1
reservoir,1
sakha,1
verdeans,1
relationships,1
reverse,1
dotted,1
incredibly,1
spectrum,1
difficulties,1
dynamics,1
edinborough,1
quality,1
winds,1
consumed,1
herbs,1
microspherules,1
campos,1
against,1
premises,1
amerindians,1
dikova,1
sediment,1
holdaway,1
magic,1
gryzbowski,1
vertebrates,1
fissioning,1
philosophical,1
intact,1
outer,1
raton,1
savannah,1
admixture,1
indigirka,1
interest,1
ut,1
stiner,1
ability,1
zhivotovsky,1
reyes,1
enjoying,1
duke,1
wittke,1
inspiring,1
crania,1
adams,1
application,1
conducted,1
rigorously,1
burin,1
typing,1
media,1
laptev,1
abrupt,1
lemming,1
snake,1
arena,1
iterations,1
forced,1
darrah,1
seaboard,1
salazano,1
pinpointed,1
turn,1
haplotypic,1
canoes,1
thereof,1
nelson,1
resting,1
drainage,1
distinct,1
elements,1
speculative,1
nenana,1
michalski,1
méndez,1
underlying,1
boeskorov,1
keep,1
person,1
burgeoning,1
profound,1
gradients,1
disproportionately,1
contrary,1
highest,1
speed,1
mating,1
concert,1
alu,1
difficulty,1
grechanina,1
penetrable,1
hu,1
lineage,1
mussels,1
ъ,1
ellis,1
dismissing,1
truly,1
estimate,1
davydov,1
databases,1
powerfully,1
locales,1
undertaking,1
semantic,1
mates,1
geological,1
drawn,1
predicts,1
unresolved,1
stimulating,1
communication,1
critique,1
ecosystems,1
insertion,1
details,1
roaring,1
border,1
trudy,1
commander,1
pennsylvania,1
deeply,1
atlantis,1
braje,1
traditions,1
document,1
eurasian,1
piedra,1
chronostratigraphy,1
baynes,1
transactions,1
cybulski,1
conceptually,1
unfortunate,1
orlova,1
hammer,1
critiquing,1
contributing,1
perfect,1
morphometric,1
biface,1
lesser,1
recolonization,1
deviation,1
parity,1
simultaneously,1
profoundly,1
ramachandran,1
flake,1
revisit,1
meneck,1
played,1
turnmire,1
réévaluation,1
hopes,1
predicted,1
improved,1
synthesizing,1
ml,1
profile,1
camp,1
infiltrated,1
prince,1
berna,1
curai,1
main,1
sykes,1
pybus,1
linguistics,1
graf,1
indrelid,1
huoponen,1
scrapers,1
smoking,1
munkhbat,1
museum,1
gnecco,1
en,1
bifaces,1
presentation,1
holistic,1
highway,1
circles,1
incidence,1
unique,1
practiced,1
explicitly,1
winegardner,1
goes,1
proximity,1
embarking,1
lao,1
determining,1
reworked,1
aligns,1
koulakov,1
artefact,1
del,1
brand,1
republic,1
osteology,1
dissenting,1
induce,1
ongoing,1
serial,1
assuming,1
dialogue,1
pages,1
worthwhile,1
ouaternarv,1
lacking,1
gratefully,1
tree,1
rockies,1
black,1
lay,1
rules,1
persons,1
summarized,1
discoveries,1
awareness,1
animals,1
overlooked,1
intermarry,1
namely,1
logistically,1
unifacial,1
precious,1
replete,1
plaza,1
webster,1
reason,1
understand,1
vullo,1
utterly,1
defies,1
astakhov,1
meldgaard,1
kanitz,1
pandya,1
redeposited,1
tusk,1
charges,1
possibly,1
tedford,1
erecting,1
statistical,1
gallo,1
familiar,1
valls,1
spreading,1
meltzer,1
andreasen,1
slowly,1
spirally,1
presumably,1
latin,1
section,1
frenzied,1
presupposing,1
represented,1
reconstructions,1
odyssey,1
anisimov,1
spontaneously,1
bay,1
traces,1
desirability,1
northeastern,1
kaestle,1
weak,1
viau,1
exemplify,1
grasslands,1
heller,1
solid,1
razhev,1
cousins,1
presumed,1
spiess,1
paleo,1
polymorphisms,1
montgomery,1
superior,1
heading,1
resource,1
koziel,1
powerful,1
surface,1
demsova,1
jake,1
isolation,1
expedient,1
termination,1
bermisheva,1
evaluation,1
taha,1
chaventré,1
geoclimate,1
ajie,1
abalone,1
parr,1
topping,1
plenum,1
answers,1
coldest,1
routing,1
svendsen,1
reconciliation,1
palaeoclimatology,1
sunshine,1
overland,1
tumskoy,1
interval,1
david,1
gwaii,1
mussel,1
undermines,1
humility,1
management,1
drawing,1
laslett,1
dispersion,1
baño,1
derbenva,1
hot,1
awaited,1
constructive,1
assessments,1
parsimony,1
ramirez,1
challenges,1
worl,1
ranges,1
predicting,1
schultz,1
expressed,1
ancestrally,1
root,1
pennarun,1
wing,1
whom,1
introduce,1
path,1
premise,1
bearing,1
folsom,1
appearance,1
holds,1
medicine,1
carrying,1
arnett,1
conservative,1
genomics,1
erosion,1
fingerprint,1
critically,1
typical,1
macavoy,1
amsterdam,1
mcdonough,1
recolonized,1
effort,1
behavioral,1
seven,1
axelsson,1
ouaternary,1
angerhofer,1
relation,1
shared,1
zakharov,1
austin,1
pass,1
relate,1
agendas,1
dispute,1
eos,1
mesoamerican,1
endeavor,1
mcdowell,1
emerge,1
firstgeneration,1
stomach,1
osmore,1
genomes,1
base,1
academic,1
tidy,1
wise,1
federova,1
myres,1
paixão,1
outset,1
bendixen,1
traits,1
informed,1
though,1
subsidence,1
durham,1
wales,1
vellanoweth,1
lornez,1
gajewski,1
michigan,1
schafer,1
accordingly,1
keywords,1
tinner,1
residential,1
bolnick,1
leduc,1
sentence,1
intensity,1
lobb,1
applied,1
scale,1
kloosterman,1
benevolenskaia,1
placed,1
keddie,1
pollen,1
spur,1
explored,1
your,1
refuge,1
shen,1
approached,1
designations,1
networks,1
stillexposed,1
guns,1
riddle,1
drain,1
gombarov,1
shorelines,1
boriskovsky,1
wayne,1
higuera,1
eurasia,1
eliminate,1
sparse,1
technical,1
expensive,1
overlapping,1
wiur,1
outstanding,1
almost,1
sedimentological,1
knapped,1
detractors,1
anzick,1
mapped,1
destinations,1
overlying,1
pedoarchaeology,1
kits,1
overviews,1
bounded,1
rambaut,1
brantingham,1
schuster,1
röhl,1
naracoorte,1
writers,1
valente,1
locus,1
claim,1
richmond,1
unless,1
illustrated,1
nc,1
çîmammuthus,1
anadromous,1
training,1
civil,1
sumidouro,1
marvel,1
eckert,1
clearer,1
devault,1
evseeva,1
czarny,1
homeland,1
proquest,1
journals,1
gender,1
wroe,1
papuan,1
tip,1
geology,1
paleoenvironments,1
donahue,1
dozens,1
stein,1
corrected,1
frequent,1
bryant,1
gave,1
accord,1
citation,1
consistently,1
refined,1
pala,1
obscured,1
extensive,1
overtly,1
inherited,1
broad,1
reportedly,1
easley,1
mentioning,1
casper,1
knees,1
ontario,1
speaking,1
scavenging,1
call,1
uncharted,1
mathematical,1
withstanding,1
somewhere,1
yakutsk,1
reiterate,1
oceans,1
knowler,1
gonzález,1
troup,1
hurles,1
matherwes,1
southerly,1
mayewski,1
artifact,1
connections,1
reinitiated,1
immigrated,1
challenging,1
unsupportable,1
strongest,1
contradictions,1
towards,1
newby,1
refuse,1
thrived,1
flaking,1
demonstrably,1
federava,1
shabel,1
viewing,1
preceded,1
inconveniently,1
twilight,1
fillmore,1
sparsely,1
walsh,1
computer,1
optimal,1
whitehead,1
zholoshvili,1
synthesizer,1
garcelon,1
sense,1
indicator,1
caused,1
working,1
tight,1
corresponds,1
spatially,1
prelgm,1
kenosha,1
larsen,1
nonrecombining,1
keven,1
involve,1
indicators,1
mamontov,1
box,1
grass,1
nanostructures,1
order,1
edmonton,1
precedents,1
modest,1
stimulated,1
exclude,1
colby,1
quite,1
chacmool,1
sake,1
bank,1
yukon,1
thomsen,1
hemisphere,1
openly,1
navigated,1
baigara,1
wildfire,1
tambets,1
specificity,1
sufficient,1
resolution,1
prompted,1
goodwin,1
oe,1
invoke,1
amounted,1
draining,1
corvallis,1
mats,1
essentially,1
portions,1
characterization,1
logistics,1
differing,1
telling,1
advancement,1
wenatchee,1
paleoloxodon,1
maine,1
vein,1
civilly,1
qifeng,1
visible,1
tracks,1
scott,1
talus,1
moas,1
haplotype,1
irkutsk,1
smallwood,1
ot,1
cabell,1
detectibility,1
rancholabrean,1
variant,1
environmentally,1
notes,1
storer,1
plausible,1
yuldaseva,1
value,1
compels,1
phase,1
gibbs,1
molina,1
russian,1
particles,1
endorses,1
resolvable,1
lend,1
ask,1
survived,1
compilation,1
marked,1
а,1
llc,1
critical,1
hosts,1
vociferously,1
optically,1
questioned,1
shoreline,1
academv,1
fails,1
estuaries,1
sons,1
power,1
icefree,1
minor,1
onset,1
accepts,1
absence,1
availed,1
kitaev,1
expanse,1
mesa,1
publishers,1
african,1
scientific,1
pushes,1
meticulously,1
action,1
economic,1
eluded,1
logically,1
synthesis,1
positions,1
expansion,1
techniques,1
horses,1
limited,1
crossings,1
fifield,1
forman,1
bradman,1
return,1
receptive,1
notoriously,1
classic,1
bunce,1
brief,1
fruit,1
commit,1
merits,1
female,1
exception,1
object,1
community,1
dinornithiformes,1
locating,1
grande,1
learn,1
harry,1
farsoutherly,1
tor,1
geberhiwot,1
expanded,1
garnering,1
nymadawa,1
initially,1
lb,1
spot,1
roads,1
abuts,1
hearths,1
hold,1
verkhoyansk,1
va,1
tends,1
schryvers,1
santana,1
olley,1
paints,1
calculate,1
usu,1
outlets,1
elapsed,1
edited,1
phylogeographic,1
incipient,1
tale,1
sepanov,1
phylogenetic,1
push,1
bet,1
barker,1
brunswig,1
alongside,1
rhodes,1
acknowledgments,1
serve,1
needles,1
raja,1
coeval,1
contemplation,1
brooks,1
earned,1
participants,1
lowland,1
falls,1
orders,1
trumpet,1
light,1
circumnavigating,1
masse,1
thousand,1
choices,1
refine,1
johanson,1
piló,1
demonstrates,1
lament,1
acknowledging,1
solutrean,1
insights,1
psyche,1
themes,1
garland,1
martino,1
increasingly,1
processed,1
satterlee,1
inheritance,1
geologists,1
camped,1
avoided,1
meets,1
pick,1
dickenson,1
huot,1
oases,1
declining,1
lee,1
reídla,1
turnen,1
forego,1
rockwell,1
alteration,1
writing,1
members,1
goals,1
verbeeck,1
belie,1
macro,1
westward,1
limb,1
ramírez,1
overviewed,1
lanceolate,1
stated,1
journey,1
mighty,1
height,1
matheus,1
provenience,1
admirable,1
death,1
approaching,1
procured,1
vega,1
nevada,1
mazzotti,1
experienced,1
missing,1
brunelle,1
chariev,1
locational,1
faster,1
encompassed,1
valid,1
moriarty,1
carbonized,1
minisatellite,1
striking,1
minnesota,1
ballard,1
blasi,1
conference,1
appeared,1
depict,1
nathan,1
abstract,1
attempting,1
honda,1
tuross,1
outdated,1
layer,1
children,1
banks,1
diverse,1
coble,1
becker,1
surfaces,1
submersion,1
gray,1
handwringing,1
zalloua,1
embracing,1
olivieri,1
mclnnis,1
schwenninger,1
rial,1
fashion,1
brachial,1
feedback,1
daniels,1
cerca,1
mcculloch,1
chukchi,1
serious,1
shelf,1
rebuke,1
goldani,1
forms,1
procurement,1
lov,1
likelihood,1
physiological,1
tolk,1
chain,1
lehner,1
covered,1
innovative,1
developing,1
poses,1
implicate,1
peoplingrelated,1
pinpoints,1
pitchappan,1
forth,1
aleuts,1
halfdozen,1
ahead,1
trinkaus,1
focusing,1
rich,1
osteologists,1
foss,1
capacities,1
daunting,1
remarked,1
shafer,1
peoplingrelevant,1
exceeds,1
mathewes,1
rothhammer,1
toman,1
shifts,1
resembles,1
remarkably,1
outgrowth,1
griffiths,1
hughes,1
wyandot,1
responded,1
fight,1
unjustified,1
interpreting,1
calculation,1
simon,1
grouping,1
kansas,1
nonetheless,1
ь,1
ine,1
exhibit,1
ignored,1
theirs,1
universally,1
inviting,1
loogväli,1
background,1
explanation,1
envisioning,1
malyaruchuk,1
mothers,1
basilyan,1
chronostratigraphic,1
bluff,1
domebo,1
sides,1
trajectory,1
undue,1
miksicek,1
arose,1
patagonian,1
campsite,1
simulating,1
bullet,1
clustered,1
manifestations,1
traversing,1
kuznetova,1
birds,1
empirical,1
grassland,1
skeptical,1
confidence,1
flegenheimer,1
yoshida,1
hypotheses,1
paradigm,1
emphasize,1
divergences,1
golik,1
emc,1
aside,1
vanecek,1
anagnou,1
mastodonts,1
bitter,1
assign,1
discontinuity,1
engaged,1
hunted,1
evidencing,1
shukurov,1
graham,1
full,1
lauriers,1
overlap,1
previous,1
write,1
office,1
nottoway,1
optimistic,1
pedler,1
students,1
roberts,1
hayes,1
versions,1
rejected,1
libby,1
significance,1
discovered,1
jamarjashvili,1
historic,1
lacustrine,1
snps,1
authors,1
refugium,1
comprehensive,1
language,1
lakes,1
transpired,1
revolve,1
maintenance,1
urge,1
ancestry,1
objection,1
ardila,1
noncontroversial,1
gateway,1
transoceanic,1
reviewers,1
harris,1
resultant,1
boobies,1
function,1
optimum,1
statistically,1
unsatisfying,1
cache,1
risen,1
rojas,1
serves,1
lavois,1
mountain,1
muñoz,1
anyone,1
southcentral,1
tangible,1
hugely,1
standard,1
fishhooks,1
moisan,1
nucleotide,1
mercer,1
permitting,1
kuch,1
exchange,1
repeated,1
quick,1
artificial,1
oppenheimer,1
bartlein,1
patterns,1
aquatic,1
migrants,1
sandy,1
especially,1
facing,1
queen,1
somehow,1
mariners,1
reconciles,1
understate,1
topic,1
minckley,1
downey,1
gnecca,1
technological,1
successful,1
narrow,1
altaians,1
sluckin,1
undoubtedly,1
ann,1
unoccupied,1
crc,1
riacho,1
cano,1
seattle,1
availability,1
monographs,1
cluney,1
percent,1
seeking,1
rabass,1
differ,1
equivalent,1
frogs,1
micromorphological,1
clocks,1
dostiev,1
rozzi,1
parra,1
deriving,1
umbanhowar,1
evaluated,1
caution,1
adaptive,1
occupy,1
peterson,1
arbor,1
propose,1
prearchaic,1
raman,1
division,1
offspring,1
yakutia,1
ishman,1
hunt,1
separate,1
bang,1
fenton,1
september,1
increasing,1
paredes,1
ranging,1
gsa,1
fuegopatagonia,1
titular,1
seasons,1
fifty,1
extractive,1
arriving,1
suggestion,1
twelve,1
parsimoniously,1
uuoj,1
villiams,1
szathmary,1
microlithization,1
pavlova,1
seguei,1
modification,1
hurdle,1
circle,1
dual,1
vladivostok,1
scrutinized,1
window,1
richest,1
bureau,1
waves,1
supporting,1
bars,1
inhabitants,1
movements,1
segments,1
identity,1
usually,1
continue,1
five,1
gœbel,1
chinchihuapi,1
expand,1
bernent,1
selections,1
ojeda,1
program,1
williams,1
reasonable,1
holanda,1
dashed,1
tundra,1
contraction,1
clues,1
randomly,1
alternate,1
logan,1
scozzari,1
insufficient,1
widespread,1
transpacific,1
hsu,1
predict,1
becomes,1
success,1
seen,1
progressively,1
detailed,1
replicating,1
vargas,1
team,1
itself,1
bears,1
returned,1
lawrence,1
markers,1
face,1
sequences,1
try,1
length,1
thinning,1
littoral,1
immigrate,1
stuckenrath,1
class,1
easternmost,1
sharp,1
cla,1
sloths,1
paternal,1
existed,1
wildlife,1
burger,1
planked,1
greenland,1
naveran,1
reminiscent,1
pena,1
centuries,1
gibbard,1
paleocoastal,1
attributions,1
zoologicheskogo,1
budded,1
worlds,1
unusual,1
commenting,1
interpretive,1
gathered,1
shift,1
chen,1
multispecies,1
aldanks,1
prideaux,1
stable,1
ketron,1
beckman,1
addressed,1
forests,1
entertain,1
claims,1
fertility,1
dissertation,1
haida,1
marshal,1
acquired,1
wars,1
revay,1
rarely,1
eventually,1
enterprising,1
apalachee,1
marlon,1
constant,1
reviewing,1
antecedent,1
preface,1
koryaks,1
comes,1
ossipova,1
preclude,1
richter,1
skeleton,1
predictions,1
poised,1
constituted,1
concordance,1
economically,1
nukaaraq,1
reefs,1
soil,1
jacomb,1
forthcoming,1
boutnern,1
precise,1
recognizable,1
organization,1
lambright,1
estes,1
burned,1
contradicted,1
doi,1
basketry,1
appealing,1
chronologically,1
speleothems,1
set,1
singh,1
drowned,1
machinations,1
social,1
correal,1
favorably,1
synthesizes,1
mutually,1
punke,1
alvarez,1
introducing,1
poreda,1
sure,1
nasanen,1
cox,1
readily,1
anttinen,1
proponents,1
paper,1
shares,1
cultures,1
wigen,1
suggestions,1
novel,1
microsatellite,1
tarasov,1
branches,1
exploration,1
variable,1
believe,1
nets,1
ivory,1
desolate,1
sprague,1
straightforward,1
poletti,1
print,1
proboscideans,1
ph,1
bit,1
half,1
mi,1
regard,1
cooling,1
iturraldevinent,1
sellers,1
harvest,1
carmen,1
oefner,1
newman,1
nikolsky,1
evironmental,1
obviously,1
pendejo,1
unburned,1
andersen,1
zuu,1
mystery,1
fills,1
audience,1
encouraging,1
ritchie,1
build,1
historical,1
domesticated,1
going,1
sapiens,1
elsewhere,1
deployment,1
loess,1
innumerable,1
special,1
stratigraphie,1
passage,1
conrad,1
jaincijevic,1
intrepid,1
absolutely,1
instant,1
better,1
pushing,1
glory,1
concrete,1
hint,1
catalogue,1
contenders,1
clarity,1
incorporate,1
yongyi,1
researching,1
enesei,1
draw,1
game,1
according,1
exorcise,1
hall,1
rests,1
parkhill,1
explanations,1
attain,1
recession,1
notable,1
investigation,1
mixing,1
depicts,1
ferring,1
reconcile,1
rising,1
plants,1
hilman,1
robinson,1
goldman,1
bend,1
house,1
add,1
hetherington,1
reiterated,1
mesh,1
mere,1
bogo,1
theory,1
vigorously,1
penetration,1
dickinson,1
reminder,1
zerjal,1
mirrakhimov,1
predate,1
frison,1
extract,1
fodder,1
expressly,1
pursued,1
rewrite,1
yield,1
information,1
encounters,1
episode,1
agreed,1
berings,1
oxygen,1
emphasis,1
king,1
museo,1
hundreds,1
amass,1
radiated,1
shuman,1
stitch,1
follies,1
cluster,1
translated,1
spaces,1
vessels,1
identify,1
frozen,1
radically,1
navigate,1
remember,1
greenberg,1
probing,1
careful,1
bottlenecked,1
atwater,1
claeys,1
déglaciation,1
disparate,1
refinement,1
gusar,1
nino,1
mangan,1
rod,1
became,1
blumenbach,1
fossil,1
convinced,1
fortuitously,1
predecessors,1
belgya,1
tried,1
disciplines,1
lies,1
radiation,1
returning,1
nunez,1
envisions,1
rudan,1
adapted,1
exceeded,1
cormorants,1
invasive,1
lechler,1
lorenz,1
sulerzhitsky,1
lab,1
foreshafts,1
images,1
descendent,1
equipped,1
battle,1
phenomenon,1
evidenced,1
diverged,1
klamath,1
harrison,1
teeth,1
leap,1
contrasts,1
mentor,1
unexplored,1
analogy,1
beginnings,1
aknazarov,1
telka,1
lužina,1
pine,1
preclovis,1
moderate,1
unerringly,1
repels,1
accelerate,1
spring,1
subset,1
buster,1
spirited,1
bodmer,1
differentiation,1
lists,1
frontiers,1
algae,1
powers,1
lands,1
encouragement,1
average,1
pops,1
reitz,1
decrease,1
camps,1
vance,1
bicho,1
macrofossils,1
palaeogeography,1
bertranpetit,1
weaver,1
strikingly,1
embarked,1
accept,1
imperative,1
aware,1
shanmugalakshmi,1
chukchis,1
burnt,1
argentinean,1
compellingly,1
public,1
alluringly,1
ended,1
taphonomy,1
actively,1
antiques,1
kavkaza,1
typically,1
tupakka,1
canadian,1
mutations,1
smaller,1
costal,1
thoughtful,1
france,1
you,1
prospect,1
colleagues,1
plentiful,1
await,1
landforms,1
typology,1
impacted,1
increased,1
areata,1
fedge,1
archaic,1
indices,1
desert,1
aves,1
roles,1
traveling,1
anonymous,1
caveats,1
overhaul,1
specific,1
mounting,1
territories,1
waiting,1
pioneering,1
removed,1
schwemm,1
intentional,1
portrait,1
sajantila,1
perková,1
sering,1
resolves,1
prospects,1
russia,1
pending,1
scholarship,1
pedro,1
llop,1
vary,1
ruzibakiev,1
progressive,1
cline,1
pleased,1
dipierri,1
meat,1
martínez,1
vis,1
substantial,1
element,1
zaitseva,1
chaney,1
lingered,1
re,1
duration,1
kuhn,1
willis,1
oceanographers,1
karafet,1
seguchi,1
beings,1
assume,1
middle,1
building,1
broader,1
meeting,1
mikerezi,1
isostatic,1
tantalizingly,1
conception,1
glaciations,1
stefano,1
cruciani,1
malmström,1
purported,1
occur,1
perception,1
balakrishnan,1
discern,1
deeper,1
schmitt,1
thorough,1
