"","WORDCOUNTS","WEIGHT"
"1","and",3
"2","research",2
"3","of",2
"4","the",1
"5","john",1
"6","in",1
"7","tiwanaku",1
"8","journal",1
"9","june",1
"10","number",1
"11","production",1
"12","modeling",1
"13","precursors",1
"14","w",1
"15","edward",1
"16","contents",1
"17","recent",1
"18","m",1
"19","patricia",1
"20","craft",1
"21","archaeological",1
"22","a",1
"23","political",1
"24","ancient",1
"25","perspectives",1
"26","roles",1
"27","urban",1
"28","emerging",1
"29","its",1
"30","volume",1
"31","janusek",1
"32","economies",1
"33","schortman",1
