"","WORDCOUNTS","WEIGHT"
"1","and",3
"2","in",2
"3","f",2
"4","recent",2
"5","archaeological",2
"6","research",2
"7","the",1
"8","canada",1
"9","key",1
"10","on",1
"11","overview",1
"12","from",1
"13","southwest",1
"14","journal",1
"15","northeastern",1
"16","to",1
"17","number",1
"18","indian",1
"19","herders",1
"20","brian",1
"21","contents",1
"22","west",1
"23","keegan",1
"24","states",1
"25","foragers",1
"26","snow",1
"27","archaeology",1
"28","september",1
"29","united",1
"30","humans",1
"31","farmers",1
"32","r",1
"33","byrd",1
"34","william",1
"35","transitions",1
"36","of",1
"37","dean",1
"38","volume",1
"39","eastern",1
"40","early",1
"41","asia",1
"42","progress",1
