"","WORDCOUNTS","WEIGHT"
"1","the",3
"2","research",3
"3","of",3
"4","in",2
"5","archaeological",2
"6","and",2
"7","appraisal",1
"8","december",1
"9","journal",1
"10","h",1
"11","f",1
"12","number",1
"13","an",1
"14","kirch",1
"15","susan",1
"16","i",1
"17","contents",1
"18","recent",1
"19","region",1
"20","states",1
"21","custer",1
"22","m",1
"23","islands",1
"24","society",1
"25","archaeology",1
"26","united",1
"27","lees",1
"28","current",1
"29","p",1
"30","jay",1
"31","pacific",1
"32","v",1
"33","irrigation",1
"34","weisler",1
"35","volume",1
"36","middle",1
"37","eastern",1
"38","atlantic",1
