"","WORDCOUNTS","WEIGHT"
"1","the",2
"2","and",2
"3","of",2
"4","bioarchaeology",1
"5","in",1
"6","lifestyles",1
"7","southwest",1
"8","journal",1
"9","june",1
"10","american",1
"11","number",1
"12","larsen",1
"13","contents",1
"14","north",1
"15","past",1
"16","margaret",1
"17","people",1
"18","gregson",1
"19","archaeological",1
"20","research",1
"21","c",1
"22","spencer",1
"23","schachner",1
"24","understanding",1
"25","nelson",1
"26","abandonments",1
"27","volume",1
"28","clark",1
"29","lives",1
