"","WORDCOUNTS","WEIGHT"
"1","the",11
"2","and",11
"3","of",11
"4","springer",7
"5","to",6
"6","in",6
"7","journals",5
"8","com",5
"9","online",4
"10","contents",4
"11","you",4
"12","alerts",4
"13","new",4
"14","springerlink",3
"15","archaeological",3
"16","language",3
"17","books",3
"18","for",3
"19","book",3
"20","collection",3
"21","works",3
"22","series",2
"23","most",2
"24","comprehensive",2
"25","humanities",2
"26","your",2
"27","science",2
"28","scientific",2
"29","free",2
"30","ebooks",2
"31","index",2
"32","reference",2
"33","current",2
"34","collections",2
"35","on",2
"36","abstracts",2
"37","s",2
"38","arts",2
"39","search",2
"40","springeralerts",2
"41","table",2
"42","subject",2
"43","research",2
"44","journal",2
"45","about",2
"46","a",2
"47","anthropological",2
"48","academic",2
"49","oclc",1
"50","google",1
"51","mary",1
"52","customize",1
"53","van",1
"54","will",1
"55","literature",1
"56","deliver",1
"57","archives",1
"58","worldwide",1
"59","by",1
"60","medical",1
"61","upcoming",1
"62","indexed",1
"63","extensive",1
"64","first",1
"65","publishing",1
"66","powerful",1
"67","bibliography",1
"68","way",1
"69","onefile",1
"70","social",1
"71","volume",1
"72","offer",1
"73","fast",1
"74","every",1
"75","keep",1
"76","hyperlinked",1
"77","integrated",1
"78","bur",1
"79","more",1
"80","content",1
"81","field",1
"82","spring",1
"83","need",1
"84","offers",1
"85","an",1
"86","engine",1
"87","receive",1
"88","en",1
"89","convenient",1
"90","reliable",1
"91","number",1
"92","know",1
"93","information",1
"94","geobase",1
"95","archaeology",1
"96","e",1
"97","subscriber",1
"98","ebook",1
"99","scopus",1
"100","interface",1
"101","all",1
"102","browse",1
"103","added",1
"104","developments",1
"105","anthropology",1
"106","international",1
"107","gale",1
"108","flexible",1
"109","summon",1
"110","americas",1
"111","are",1
"112","spanish",1
"113","special",1
"114","charles",1
"115","june",1
"116","news",1
"117","serial",1
"118","textbooks",1
"119","best",1
"120","study",1
"121","single",1
"122","including",1
"123","instantaneous",1
"124","toc",1
"125","user",1
"126","is",1
"127","access",1
"128","exactly",1
"129","as",1
"130","cotn",1
"131","can",1
"132","easy",1
"133","be",1
"134","with",1
"135","scholar",1
"136","fully",1
"137","disciplines",1
"138","premier",1
"139","up",1
"140","y",1
"141","solutions",1
"142","sciences",1
"143","year",1
"144","use",1
"145","citation",1
"146","discounts",1
"147","world",1
"148","sign",1
"149","historical",1
"150","technological",1
"151","we",1
"152","than",1
"153","ereference",1
"154","jr",1
"155","abstracted",1
"156","colonialism",1
"157","orser",1
"158","or",1
"159","organized",1
"160","our",1
"161","alert",1
"162","monographs",1
"163","ibss",1
"164","sclanca",1
"165","searchable",1
"166","visit",1
