"","WORDCOUNTS","WEIGHT"
"1","in",2
"2","and",2
"3","prehistoric",1
"4","kvamme",1
"5","journal",1
"6","warfare",1
"7","june",1
"8","number",1
"9","systems",1
"10","america",1
"11","contents",1
"12","north",1
"13","recent",1
"14","early",1
"15","historic",1
"16","archaeological",1
"17","research",1
"18","information",1
"19","milner",1
"20","directions",1
"21","r",1
"22","geographical",1
"23","george",1
"24","developments",1
"25","of",1
"26","volume",1
"27","kenneth",1
"28","eastern",1
"29","l",1
