"","WORDCOUNTS","WEIGHT"
"1","the",6
"2","of",5
"3","research",3
"4","volume",3
"5","to",2
"6","in",2
"7","reprinted",2
"8","journal",2
"9","reprint",2
"10","this",2
"11","archaeological",2
"12","a",2
"13","have",2
"14","original",2
"15","some",2
"16","edition",2
"17","david",1
"18","result",1
"19","hastorf",1
"20","on",1
"21","may",1
"22","omitted",1
"23","from",1
"24","service",1
"25","ny",1
"26","add",1
"27","number",1
"28","honduras",1
"29","company",1
"30","paleoethnobotany",1
"31","available",1
"32","publisher",1
"33","archaeology",1
"34","by",1
"35","best",1
"36","march",1
"37","recent",1
"38","as",1
"39","page",1
"40","webster",1
"41","printed",1
"42","was",1
"43","pagination",1
"44","advertisements",1
"45","copan",1
"46","been",1
"47","note",1
"48","irregular",1
"49","copy",1
"50","not",1
"51","volumes",1
"52","cases",1
"53","which",1
"54","do",1
"55","with",1
"56","germantown",1
"57","full",1
"58","contents",1
"59","value",1
"60","reproduced",1
"61","periodicals",1
"62","permission",1
"63","paper",1
"64","scholarly",1
"65","christine",1
