"","WORDCOUNTS","WEIGHT"
"1","the",503
"2","of",489
"3","and",306
"4","a",245
"5","to",220
"6","in",203
"7","that",148
"8","is",143
"9","ember",130
"10","we",122
"11","be",114
"12","or",96
"13","for",86
"14","if",75
"15","not",71
"16","from",68
"17","are",68
"18","have",65
"19","may",63
"20","research",60
"21","on",59
"22","it",57
"23","r",57
"24","more",56
"25","with",50
"26","m",49
"27","societies",48
"28","as",47
"29","worldwide",39
"30","an",39
"31","can",39
"32","cultural",36
"33","archaeological",36
"34","studies",35
"35","could",35
"36","by",35
"37","ethnographic",33
"38","other",32
"39","residence",32
"40","one",31
"41","there",31
"42","c",31
"43","s",30
"44","some",30
"45","record",30
"46","but",30
"47","cases",29
"48","relationship",29
"49","than",28
"50","results",28
"51","do",28
"52","complexity",28
"53","this",27
"54","inference",26
"55","about",26
"56","variation",26
"57","g",25
"58","sample",25
"59","which",25
"60","science",25
"61","at",24
"62","most",24
"63","so",24
"64","american",23
"65","study",23
"66","found",23
"67","will",23
"68","all",22
"69","because",22
"70","behavior",22
"71","comparative",22
"72","test",21
"73","archaeologists",21
"74","theory",21
"75","e",20
"76","they",20
"77","society",20
"78","only",20
"79","new",20
"80","variables",20
"81","would",20
"82","w",19
"83","likely",19
"84","culture",19
"85","also",19
"86","region",19
"87","were",19
"88","analysis",19
"89","area",19
"90","foragers",18
"91","hraf",18
"92","data",18
"93","example",18
"94","time",18
"95","when",18
"96","past",18
"97","journal",17
"98","their",17
"99","see",17
"100","you",17
"101","between",17
"102","comparisons",16
"103","scale",16
"104","no",16
"105","types",16
"106","using",16
"107","way",15
"108","such",15
"109","even",15
"110","p",15
"111","l",15
"112","been",15
"113","few",15
"114","different",15
"115","what",15
"116","information",15
"117","d",15
"118","among",15
"119","recent",15
"120","should",15
"121","matrilocal",14
"122","those",14
"123","how",14
"124","b",14
"125","population",14
"126","presence",14
"127","archaeology",14
"128","press",14
"129","our",14
"130","true",13
"131","might",13
"132","j",13
"133","has",13
"134","infer",13
"135","had",13
"136","war",13
"137","inferences",13
"138","causal",13
"139","causes",13
"140","particular",13
"141","database",12
"142","social",12
"143","many",12
"144","these",12
"145","number",12
"146","patrilocal",12
"147","hypotheses",12
"148","art",12
"149","strong",12
"150","anthropology",11
"151","warfare",11
"152","relations",11
"153","was",11
"154","house",11
"155","traits",11
"156","pp",11
"157","us",11
"158","floor",11
"159","use",11
"160","material",11
"161","correlates",11
"162","whiting",10
"163","archaeologically",10
"164","york",10
"165","scales",10
"166","presumed",10
"167","based",10
"168","suggest",10
"169","indicators",10
"170","family",10
"171","community",10
"172","lee",10
"173","findings",10
"174","versus",10
"175","tests",10
"176","provide",10
"177","predict",10
"178","any",10
"179","reprinted",10
"180","variability",10
"181","comparison",10
"182","north",10
"183","now",9
"184","first",9
"185","generalize",9
"186","human",9
"187","site",9
"188","white",9
"189","university",9
"190","suggested",9
"191","mcnett",9
"192","change",9
"193","therefore",9
"194","make",9
"195","present",9
"196","murdock",9
"197","theories",9
"198","described",9
"199","least",9
"200","probably",9
"201","usually",9
"202","know",9
"203","conditions",9
"204","effects",9
"205","predictor",8
"206","inferring",8
"207","political",8
"208","within",8
"209","case",8
"210","items",8
"211","look",8
"212","however",8
"213","well",8
"214","naroll",8
"215","future",8
"216","used",8
"217","et",8
"218","systematic",8
"219","regions",8
"220","statistically",8
"221","settlement",8
"222","always",8
"223","economic",8
"224","index",8
"225","same",8
"226","two",8
"227","anthropologist",8
"228","degree",8
"229","predictors",8
"230","after",8
"231","evolutionary",8
"232","haven",8
"233","who",8
"234","variable",8
"235","known",8
"236","each",8
"237","cultures",8
"238","particularly",8
"239","world",8
"240","almost",8
"241","researchers",8
"242","levinson",8
"243","files",8
"244","measured",8
"245","large",7
"246","kinds",7
"247","h",7
"248","contact",7
"249","help",7
"250","america",7
"251","very",7
"252","ct",7
"253","subsistence",7
"254","statistical",7
"255","typical",7
"256","representative",7
"257","aspects",7
"258","davis",7
"259","small",7
"260","f",7
"261","still",7
"262","ed",7
"263","useful",7
"264","guttman",7
"265","another",7
"266","discussion",7
"267","significant",7
"268","high",7
"269","random",7
"270","often",7
"271","type",7
"272","sociology",7
"273","little",7
"274","crosscultural",7
"275","years",7
"276","although",7
"277","much",7
"278","ayres",6
"279","groups",6
"280","burton",6
"281","history",6
"282","societal",6
"283","divale",6
"284","styles",6
"285","discuss",6
"286","possible",6
"287","winch",6
"288","point",6
"289","dwellings",6
"290","relationships",6
"291","development",6
"292","interest",6
"293","given",6
"294","marriage",6
"295","kung",6
"296","rather",6
"297","mean",6
"298","curvilinear",6
"299","certain",6
"300","just",6
"301","resource",6
"302","winkelman",6
"303","important",6
"304","out",6
"305","bilocal",6
"306","your",6
"307","dwelling",6
"308","basis",6
"309","related",6
"310","its",6
"311","keeley",6
"312","size",6
"313","t",6
"314","indicator",6
"315","san",6
"316","materials",6
"317","patrilocality",6
"318","al",6
"319","patterns",6
"320","tell",6
"321","eds",6
"322","assume",6
"323","features",6
"324","polygyny",6
"325","robbins",6
"326","why",6
"327","permeability",6
"328","then",6
"329","sampling",6
"330","want",6
"331","suggests",6
"332","measure",6
"333","think",6
"334","association",6
"335","does",5
"336","mostly",5
"337","correlation",5
"338","expect",5
"339","mobility",5
"340","live",5
"341","coding",5
"342","primitive",5
"343","agriculture",5
"344","since",5
"345","cohen",5
"346","marital",5
"347","general",5
"348","gathering",5
"349","afterthoughts",5
"350","consider",5
"351","method",5
"352","result",5
"353","relational",5
"354","sites",5
"355","significantly",5
"356","generalizing",5
"357","people",5
"358","own",5
"359","errors",5
"360","tested",5
"361","around",5
"362","bilocality",5
"363","he",5
"364","various",5
"365","religious",5
"366","communities",5
"367","chance",5
"368","fact",5
"369","pattern",5
"370","depopulation",5
"371","likelihood",5
"372","less",5
"373","carneiro",5
"374","problems",5
"375","effect",5
"376","brown",5
"377","here",5
"378","set",5
"379","rainfall",5
"380","sure",5
"381","paper",5
"382","interested",5
"383","did",5
"384","far",5
"385","person",5
"386","economy",5
"387","synchronically",5
"388","generate",5
"389","states",5
"390","single",5
"391","difficult",4
"392","generalization",4
"393","foraging",4
"394","measures",4
"395","group",4
"396","complex",4
"397","western",4
"398","freeman",4
"399","being",4
"400","hence",4
"401","humans",4
"402","diseases",4
"403","mind",4
"404","written",4
"405","anthropologists",4
"406","say",4
"407","formula",4
"408","thus",4
"409","review",4
"410","against",4
"411","jr",4
"412","schrire",4
"413","houses",4
"414","kinship",4
"415","find",4
"416","discovering",4
"417","across",4
"418","environments",4
"419","importance",4
"420","derived",4
"421","assuming",4
"422","reason",4
"423","biased",4
"424","k",4
"425","strategy",4
"426","handbook",4
"427","possibility",4
"428","work",4
"429","status",4
"430","correct",4
"431","shapes",4
"432","up",4
"433","value",4
"434","populations",4
"435","tropical",4
"436","above",4
"437","peregrine",4
"438","noted",4
"439","fairly",4
"440","stronger",4
"441","others",4
"442","addition",4
"443","outside",4
"444","serious",4
"445","external",4
"446","conclusions",4
"447","bourguignon",4
"448","belief",4
"449","books",4
"450","band",4
"451","ceremonies",4
"452","low",4
"453","discovered",4
"454","three",4
"455","language",4
"456","elderly",4
"457","strongly",4
"458","sequences",4
"459","itself",4
"460","anthropological",4
"461","associated",4
"462","natural",4
"463","over",4
"464","frequency",4
"465","associations",4
"466","historical",4
"467","better",4
"468","vary",4
"469","accounts",4
"470","cause",4
"471","ethnography",4
"472","while",4
"473","until",4
"474","applicable",4
"475","correlated",4
"476","already",4
"477","barry",4
"478","chicago",4
"479","hypothesis",4
"480","frequent",3
"481","zero",3
"482","page",3
"483","per",3
"484","confidence",3
"485","ways",3
"486","into",3
"487","something",3
"488","estimated",3
"489","permanence",3
"490","secondary",3
"491","analyses",3
"492","generalizations",3
"493","survey",3
"494","i",3
"495","last",3
"496","regression",3
"497","draw",3
"498","bibliography",3
"499","move",3
"500","driver",3
"501","investigator",3
"502","labor",3
"503","cf",3
"504","fischer",3
"505","century",3
"506","perspective",3
"507","misleading",3
"508","estimate",3
"509","drawn",3
"510","archaeologist",3
"511","error",3
"512","steps",3
"513","topic",3
"514","his",3
"515","obtained",3
"516","proportion",3
"517","earlier",3
"518","similar",3
"519","pages",3
"520","distant",3
"521","organization",3
"522","descent",3
"523","too",3
"524","matrilocality",3
"525","additional",3
"526","avunculocal",3
"527","unilineal",3
"528","contrary",3
"529","sedentary",3
"530","relate",3
"531","eat",3
"532","academic",3
"533","marsh",3
"534","part",3
"535","got",3
"536","place",3
"537","predicts",3
"538","field",3
"539","below",3
"540","next",3
"541","order",3
"542","codes",3
"543","impossible",3
"544","division",3
"545","generally",3
"546","city",3
"547","periods",3
"548","limited",3
"549","garden",3
"550","provost",3
"551","scarcity",3
"552","guide",3
"553","yet",3
"554","ethnographers",3
"555","initiation",3
"556","curvilinearity",3
"557","toward",3
"558","causality",3
"559","lack",3
"560","areas",3
"561","never",3
"562","relevant",3
"563","binford",3
"564","gives",3
"565","redfield",3
"566","extended",3
"567","explanation",3
"568","range",3
"569","including",3
"570","ethnology",3
"571","ordering",3
"572","sequence",3
"573","evolution",3
"574","significance",3
"575","like",3
"576","period",3
"577","plant",3
"578","synchronie",3
"579","latter",3
"580","internal",3
"581","craft",3
"582","become",3
"583","recoverable",3
"584","blanton",3
"585","structure",3
"586","ago",3
"587","widely",3
"588","things",3
"589","lot",3
"590","independent",3
"591","sometimes",3
"592","ecological",3
"593","hill",3
"594","support",3
"595","randomly",3
"596","trait",3
"597","researcher",3
"598","forests",3
"599","must",3
"600","meat",3
"601","malone",3
"602","confident",3
"603","best",3
"604","regard",3
"605","devore",3
"606","living",3
"607","bands",3
"608","following",3
"609","according",3
"610","explanations",3
"611","list",3
"612","transactions",3
"613","problem",3
"614","hundreds",3
"615","multiple",3
"616","ill",3
"617","through",3
"618","introduced",3
"619","subject",3
"620","plans",3
"621","families",3
"622","bradley",3
"623","aspect",3
"624","elliptical",3
"625","course",3
"626","hunter",3
"627","specialists",3
"628","correlate",3
"629","major",3
"630","kayenta",2
"631","currently",2
"632","o",2
"633","done",2
"634","extrapolating",2
"635","evascu",2
"636","correlations",2
"637","environmental",2
"638","introduction",2
"639","maclachlan",2
"640","unbiased",2
"641","join",2
"642","second",2
"643","specialist",2
"644","completely",2
"645","sudden",2
"646","easily",2
"647","modern",2
"648","necessarily",2
"649","encourage",2
"650","total",2
"651","oaths",2
"652","source",2
"653","absence",2
"654","negative",2
"655","file",2
"656","consistent",2
"657","either",2
"658","sources",2
"659","wrong",2
"660","long",2
"661","ethnologist",2
"662","every",2
"663","expressive",2
"664","falsely",2
"665","blumberg",2
"666","seems",2
"667","nature",2
"668","balkwell",2
"669","estimation",2
"670","simple",2
"671","origin",2
"672","able",2
"673","archive",2
"674","link",2
"675","substantive",2
"676","hunting",2
"677","religion",2
"678","replicated",2
"679","greatly",2
"680","checked",2
"681","context",2
"682","takes",2
"683","balswick",2
"684","money",2
"685","u",2
"686","vol",2
"687","fl",2
"688","feinman",2
"689","fishing",2
"690","west",2
"691","whatever",2
"692","desired",2
"693","x",2
"694","compares",2
"695","enter",2
"696","measurement",2
"697","controlled",2
"698","microfiche",2
"699","includes",2
"700","dependence",2
"701","monogamy",2
"702","drastic",2
"703","inner",2
"704","bailey",2
"705","relatively",2
"706","turn",2
"707","creamer",2
"708","depend",2
"709","practitioner",2
"710","kelly",2
"711","vice",2
"712","lenski",2
"713","massey",2
"714","opposed",2
"715","excavate",2
"716","locality",2
"717","without",2
"718","predicted",2
"719","precourt",2
"720","english",2
"721","developed",2
"722","process",2
"723","goes",2
"724","opportunity",2
"725","parts",2
"726","arbor",2
"727","moreover",2
"728","arid",2
"729","understand",2
"730","benefits",2
"731","otterbein",2
"732","n",2
"733","weak",2
"734","show",2
"735","origins",2
"736","efficient",2
"737","neitzel",2
"738","plenum",2
"739","antecedents",2
"740","withinregion",2
"741","diachronic",2
"742","uses",2
"743","search",2
"744","called",2
"745","strength",2
"746","kalahari",2
"747","format",2
"748","rooms",2
"749","schalk",2
"750","ethnohistorical",2
"751","evaluate",2
"752","accurately",2
"753","rectangular",2
"754","avunculocality",2
"755","explain",2
"756","falsify",2
"757","provisos",2
"758","shape",2
"759","multilocal",2
"760","literature",2
"761","formerly",2
"762","contains",2
"763","relevance",2
"764","structures",2
"765","call",2
"766","swanson",2
"767","predictive",2
"768","indexed",2
"769","noncausal",2
"770","good",2
"771","computer",2
"772","painting",2
"773","involve",2
"774","dressier",2
"775","quite",2
"776","several",2
"777","altered",2
"778","highly",2
"779","keegan",2
"780","certainly",2
"781","annual",2
"782","dependent",2
"783","notes",2
"784","preliminary",2
"785","haas",2
"786","abrahamson",2
"787","critical",2
"788","variety",2
"789","logically",2
"790","short",2
"791","indeed",2
"792","service",2
"793","expansion",2
"794","return",2
"795","classic",2
"796","brief",2
"797","nearly",2
"798","etc",2
"799","prove",2
"800","premises",2
"801","outer",2
"802","positive",2
"803","collect",2
"804","land",2
"805","examined",2
"806","marginal",2
"807","rain",2
"808","sex",2
"809","latitude",2
"810","perspectives",2
"811","complete",2
"812","middleton",2
"813","cowives",2
"814","aperiodic",2
"815","robust",2
"816","regional",2
"817","starting",2
"818","decoration",2
"819","death",2
"820","academy",2
"821","towns",2
"822","added",2
"823","valid",2
"824","conduct",2
"825","pressure",2
"826","foods",2
"827","minnesota",2
"828","broadly",2
"829","bowden",2
"830","larger",2
"831","curvilinearly",2
"832","state",2
"833","substantially",2
"834","minimize",2
"835","man",2
"836","reasons",2
"837","forms",2
"838","available",2
"839","realms",2
"840","strategies",2
"841","perhaps",2
"842","examples",2
"843","quadrilateral",2
"844","deserts",2
"845","looking",2
"846","versa",2
"847","skeletal",2
"848","empirical",2
"849","food",2
"850","largely",2
"851","continue",2
"852","bivariate",2
"853","chosen",2
"854","advantages",2
"855","theoretical",2
"856","roberts",2
"857","trade",2
"858","anasazi",2
"859","points",2
"860","methods",2
"861","ny",2
"862","tobias",2
"863","ratings",2
"864","arensberg",2
"865","shortly",2
"866","exchange",2
"867","class",2
"868","elaborate",2
"869","lomax",2
"870","ann",2
"871","percent",2
"872","osmond",2
"873","underhill",2
"874","unrelated",2
"875","separate",2
"876","nimkoff",2
"877","processed",2
"878","fewer",2
"879","institutions",2
"880","yale",2
"881","worse",2
"882","antiquity",2
"883","neolocal",2
"884","casually",2
"885","examine",2
"886","hope",2
"887","stratified",2
"888","unusual",2
"889","schlegel",2
"890","sections",2
"891","environment",2
"892","gatherer",2
"893","unicorns",2
"894","mentioned",2
"895","orlando",2
"896","predictions",2
"897","extension",2
"898","temporal",2
"899","sciences",2
"900","couples",2
"901","seem",2
"902","ordeals",2
"903","argue",2
"904","current",2
"905","vase",2
"906","hassan",2
"907","exhaustive",2
"908","replication",2
"909","consciousness",2
"910","ethos",2
"911","beginning",2
"912","unlikely",2
"913","combined",2
"914","them",2
"915","selected",2
"916","form",2
"917","ma",2
"918","hiatt",2
"919","produce",2
"920","psychology",2
"921","presume",2
"922","both",2
"923","socioeconomic",2
"924","outline",2
"925","peace",2
"926","kin",2
"927","despite",2
"928","became",2
"929","unaffected",2
"930","qualitative",2
"931","allows",2
"932","analogy",2
"933","false",2
"934","question",2
"935","score",2
"936","electronic",2
"937","cambridge",2
"938","average",2
"939","quest",2
"940","bodley",2
"941","stratification",2
"942","parallels",2
"943","typically",2
"944","need",2
"945","evidence",2
"946","retrieval",2
"947","speak",2
"948","nomadism",2
"949","enclosed",2
"950","distinctions",2
"951","myers",2
"952","thing",2
"953","surveys",2
"954","counts",2
"955","seek",2
"956","close",2
"957","favoring",2
"958","child",1
"959","samples",1
"960","common",1
"961","melvin",1
"962","later",1
"963","rev",1
"964","stylistic",1
"965","meaning",1
"966","arctic",1
"967","created",1
"968","peaceful",1
"969","college",1
"970","considerably",1
"971","distributed",1
"972","connecticut",1
"973","settlements",1
"974","measurable",1
"975","systematically",1
"976","ana",1
"977","tend",1
"978","nonintensive",1
"979","advised",1
"980","referring",1
"981","formed",1
"982","library",1
"983","sets",1
"984","neolocality",1
"985","shortfall",1
"986","athenian",1
"987","favor",1
"988","park",1
"989","macrolevel",1
"990","perfect",1
"991","station",1
"992","diffuse",1
"993","koyama",1
"994","weaker",1
"995","decade",1
"996","justified",1
"997","fixed",1
"998","predicting",1
"999","centuiy",1
"1000","replicate",1
"1001","preindustrial",1
"1002","cornell",1
"1003","before",1
"1004","nominally",1
"1005","englewood",1
"1006","migration",1
"1007","revision",1
"1008","du",1
"1009","women",1
"1010","codings",1
"1011","lower",1
"1012","said",1
"1013","incomplete",1
"1014","attribute",1
"1015","perusal",1
"1016","socioeconomically",1
"1017","titles",1
"1018","advisable",1
"1019","supposedly",1
"1020","localities",1
"1021","nonliterate",1
"1022","originally",1
"1023","implications",1
"1024","taken",1
"1025","address",1
"1026","conflict",1
"1027","emerged",1
"1028","kezis",1
"1029","words",1
"1030","confirmed",1
"1031","comparatively",1
"1032","europe",1
"1033","stratigraphically",1
"1034","advantage",1
"1035","suggesting",1
"1036","together",1
"1037","great",1
"1038","converse",1
"1039","compounds",1
"1040","confirming",1
"1041","regionalists",1
"1042","accumulated",1
"1043","validated",1
"1044","theoiy",1
"1045","sometime",1
"1046","hundred",1
"1047","concludes",1
"1048","court",1
"1049","room",1
"1050","misled",1
"1051","subsequent",1
"1052","loose",1
"1053","intuitive",1
"1054","precisely",1
"1055","chiefdoms",1
"1056","judging",1
"1057","restudy",1
"1058","opposite",1
"1059","somewhat",1
"1060","marries",1
"1061","signs",1
"1062","matrilineality",1
"1063","rethinking",1
"1064","nomadic",1
"1065","depends",1
"1066","system",1
"1067","monotheism",1
"1068","issue",1
"1069","side",1
"1070","empty",1
"1071","depending",1
"1072","governmental",1
"1073","existence",1
"1074","linear",1
"1075","caveatto",1
"1076","unlikelihood",1
"1077","key",1
"1078","continuum",1
"1079","translations",1
"1080","firm",1
"1081","right",1
"1082","trance",1
"1083","victims",1
"1084","interlibrary",1
"1085","design",1
"1086","holocultural",1
"1087","account",1
"1088","placement",1
"1089","installment",1
"1090","implies",1
"1091","politics",1
"1092","beverly",1
"1093","establishing",1
"1094","eleven",1
"1095","nonsupportive",1
"1096","nouvelles",1
"1097","variations",1
"1098","consequent",1
"1099","processes",1
"1100","classics",1
"1101","familial",1
"1102","resources",1
"1103","selecting",1
"1104","conception",1
"1105","household",1
"1106","horticulturalists",1
"1107","tied",1
"1108","prejudice",1
"1109","split",1
"1110","evaluating",1
"1111","aggression",1
"1112","interestingly",1
"1113","hudson",1
"1114","exist",1
"1115","build",1
"1116","monographie",1
"1117","goal",1
"1118","million",1
"1119","therein",1
"1120","timber",1
"1121","constructed",1
"1122","harcourt",1
"1123","southwestern",1
"1124","explained",1
"1125","estimating",1
"1126","component",1
"1127","surmises",1
"1128","computerized",1
"1129","due",1
"1130","simmons",1
"1131","approches",1
"1132","hierarchy",1
"1133","assumes",1
"1134","de",1
"1135","neighbors",1
"1136","characteristic",1
"1137","trench",1
"1138","occurs",1
"1139","grouped",1
"1140","diachronicalfy",1
"1141","expected",1
"1142","learning",1
"1143","ai",1
"1144","lebzelter",1
"1145","priority",1
"1146","advances",1
"1147","thereof",1
"1148","economical",1
"1149","elements",1
"1150","unpredictability",1
"1151","clark",1
"1152","mistakes",1
"1153","jenike",1
"1154","amount",1
"1155","highest",1
"1156","ithaca",1
"1157","peculiarity",1
"1158","justifiable",1
"1159","inclusion",1
"1160","brace",1
"1161","compared",1
"1162","third",1
"1163","chap",1
"1164","compare",1
"1165","died",1
"1166","compel",1
"1167","explore",1
"1168","narolts",1
"1169","application",1
"1170","indexing",1
"1171","orderings",1
"1172","adult",1
"1173","understood",1
"1174","savage",1
"1175","loan",1
"1176","influence",1
"1177","sisters",1
"1178","master",1
"1179","healers",1
"1180","walls",1
"1181","assessed",1
"1182","interesting",1
"1183","leary",1
"1184","whose",1
"1185","essential",1
"1186","german",1
"1187","reflects",1
"1188","supernatural",1
"1189","transformations",1
"1190","statements",1
"1191","links",1
"1192","purely",1
"1193","slavery",1
"1194","destroy",1
"1195","remain",1
"1196","possession",1
"1197","museum",1
"1198","linearly",1
"1199","levels",1
"1200","incidence",1
"1201","active",1
"1202","survives",1
"1203","vs",1
"1204","spirits",1
"1205","supplement",1
"1206","eight",1
"1207","tical",1
"1208","explaining",1
"1209","contributions",1
"1210","intercorrelations",1
"1211","awareness",1
"1212","practicing",1
"1213","nowfrom",1
"1214","factors",1
"1215","russett",1
"1216","moves",1
"1217","multivariate",1
"1218","unchanging",1
"1219","soul",1
"1220","involvement",1
"1221","changes",1
"1222","lyyzb",1
"1223","acquisition",1
"1224","animism",1
"1225","facilitated",1
"1226","prehistory",1
"1227","stepwise",1
"1228","representativeness",1
"1229","encourages",1
"1230","familiar",1
"1231","languages",1
"1232","replications",1
"1233","emergence",1
"1234","presumably",1
"1235","linked",1
"1236","numbers",1
"1237","hierarchically",1
"1238","wilmsen",1
"1239","accessibility",1
"1240","argued",1
"1241","frequently",1
"1242","hologeistic",1
"1243","surface",1
"1244","beyond",1
"1245","polar",1
"1246","evaluation",1
"1247","cultured",1
"1248","requires",1
"1249","suffice",1
"1250","permanent",1
"1251","athens",1
"1252","warmer",1
"1253","view",1
"1254","pany",1
"1255","myths",1
"1256","paragraph",1
"1257","whereas",1
"1258","hours",1
"1259","skewed",1
"1260","prehistoric",1
"1261","came",1
"1262","bilateral",1
"1263","lead",1
"1264","kennedy",1
"1265","priori",1
"1266","introduce",1
"1267","butand",1
"1268","describable",1
"1269","senri",1
"1270","allow",1
"1271","avenue",1
"1272","nonhistorically",1
"1273","nonrandom",1
"1274","discount",1
"1275","appearance",1
"1276","rule",1
"1277","untypical",1
"1278","determines",1
"1279","parry",1
"1280","carol",1
"1281","environemt",1
"1282","behavioral",1
"1283","cuny",1
"1284","lived",1
"1285","users",1
"1286","deal",1
"1287","facilitate",1
"1288","carolina",1
"1289","owen",1
"1290","depletion",1
"1291","ordinally",1
"1292","justifiably",1
"1293","initial",1
"1294","philosophical",1
"1295","density",1
"1296","weakest",1
"1297","outset",1
"1298","neighboring",1
"1299","codification",1
"1300","though",1
"1301","equal",1
"1302","nonindustrialized",1
"1303","circular",1
"1304","michigan",1
"1305","reviews",1
"1306","tools",1
"1307","appears",1
"1308","viewed",1
"1309","residential",1
"1310","recently",1
"1311","moore",1
"1312","cannot",1
"1313","priorities",1
"1314","applied",1
"1315","otherwise",1
"1316","contiguous",1
"1317","wealth",1
"1318","levmson",1
"1319","ford",1
"1320","overpopulation",1
"1321","rectilinear",1
"1322","gods",1
"1323","adolescent",1
"1324","sedentism",1
"1325","near",1
"1326","expensive",1
"1327","improve",1
"1328","scroll",1
"1329","storage",1
"1330","participation",1
"1331","network",1
"1332","relatives",1
"1333","interface",1
"1334","correctly",1
"1335","egalitarian",1
"1336","predictability",1
"1337","chang",1
"1338","coder",1
"1339","comprises",1
"1340","unless",1
"1341","descendant",1
"1342","appreciable",1
"1343","discusses",1
"1344","training",1
"1345","proportions",1
"1346","knowledge",1
"1347","secret",1
"1348","coded",1
"1349","aged",1
"1350","multiplied",1
"1351","nonmaterial",1
"1352","description",1
"1353","fence",1
"1354","whole",1
"1355","year",1
"1356","overview",1
"1357","seminomadic",1
"1358","q",1
"1359","expertise",1
"1360","northwest",1
"1361","koss",1
"1362","archeology",1
"1363","partly",1
"1364","climatic",1
"1365","warranted",1
"1366","incest",1
"1367","concentrate",1
"1368","oceania",1
"1369","speaking",1
"1370","lindzey",1
"1371","forces",1
"1372","personal",1
"1373","away",1
"1374","rise",1
"1375","outsides",1
"1376","fieldwork",1
"1377","doubtful",1
"1378","graph",1
"1379","strongest",1
"1380","sampled",1
"1381","foci",1
"1382","nonrepresentative",1
"1383","bibliographies",1
"1384","entitle",1
"1385","precipitation",1
"1386","running",1
"1387","construct",1
"1388","sense",1
"1389","successful",1
"1390","thirteenth",1
"1391","representatively",1
"1392","reliable",1
"1393","microfilms",1
"1394","prevalence",1
"1395","relating",1
"1396","box",1
"1397","contrast",1
"1398","interacting",1
"1399","stilland",1
"1400","affluent",1
"1401","sufficient",1
"1402","gers",1
"1403","unilocal",1
"1404","choose",1
"1405","resolution",1
"1406","folk",1
"1407","prestate",1
"1408","observe",1
"1409","australian",1
"1410","choosing",1
"1411","climate",1
"1412","ancestral",1
"1413","coast",1
"1414","invariant",1
"1415","rA(C)gions",1
"1416","practice",1
"1417","purpose",1
"1418","wife",1
"1419","ot",1
"1420","regardless",1
"1421","describes",1
"1422","disadvantageous",1
"1423","anthmnolnevit",1
"1424","appropriate",1
"1425","substituted",1
"1426","newly",1
"1427","provided",1
"1428","finds",1
"1429","activities",1
"1430","capturing",1
"1431","concomitant",1
"1432","seemed",1
"1433","avoid",1
"1434","nations",1
"1435","survived",1
"1436","south",1
"1437","happen",1
"1438","forever",1
"1439","territorial",1
"1440","summarize",1
"1441","attributable",1
"1442","chase",1
"1443","scientific",1
"1444","incorrect",1
"1445","thoughts",1
"1446","located",1
"1447","overall",1
"1448","corporation",1
"1449","reduce",1
"1450","converted",1
"1451","syllogism",1
"1452","symmetry",1
"1453","pacification",1
"1454","aldine",1
"1455","rites",1
"1456","seemingly",1
"1457","suppose",1
"1458","direction",1
"1459","precivilized",1
"1460","pastoralists",1
"1461","fighting",1
"1462","once",1
"1463","relied",1
"1464","funerals",1
"1465","housing",1
"1466","represents",1
"1467","accident",1
"1468","sociocultural",1
"1469","under",1
"1470","columbus",1
"1471","windows",1
"1472","god",1
"1473","combat",1
"1474","taboo",1
"1475","thesis",1
"1476","mayfield",1
"1477","sociological",1
"1478","included",1
"1479","adjusted",1
"1480","assistance",1
"1481","narolfs",1
"1482","issues",1
"1483","industrial",1
"1484","nonforaging",1
"1485","department",1
"1486","reliance",1
"1487","disagreed",1
"1488","she",1
"1489","published",1
"1490","gotten",1
"1491","zechenter",1
"1492","street",1
"1493","members",1
"1494","successfully",1
"1495","comfortable",1
"1496","bmber",1
"1497","power",1
"1498","knowing",1
"1499","similarly",1
"1500","water",1
"1501","demographic",1
"1502","complementary",1
"1503","summing",1
"1504","depopulated",1
"1505","shows",1
"1506","admit",1
"1507","treatment",1
"1508","fundamental",1
"1509","head",1
"1510","music",1
"1511","untrustworthy",1
"1512","pastoralism",1
"1513","plan",1
"1514","beliefs",1
"1515","documents",1
"1516","taxonomy",1
"1517","reasoning",1
"1518","really",1
"1519","boohner",1
"1520","john",1
"1521","end",1
"1522","commuting",1
"1523","considerable",1
"1524","discussed",1
"1525","roof",1
"1526","anthropologica",1
"1527","enough",1
"1528","hand",1
"1529","remarkable",1
"1530","cnrs",1
"1531","covered",1
"1532","model",1
"1533","where",1
"1534","attempting",1
"1535","bushmen",1
"1536","purposes",1
"1537","validity",1
"1538","existing",1
"1539","usine",1
"1540","establish",1
"1541","pasternak",1
"1542","answer",1
"1543","dance",1
"1544","spell",1
"1545","minneapolis",1
"1546","woman",1
"1547","children",1
"1548","style",1
"1549","free",1
"1550","ecology",1
"1551","institutionalization",1
"1552","remove",1
"1553","fight",1
"1554","interpreting",1
"1555","local",1
"1556","original",1
"1557","understanding",1
"1558","supplies",1
"1559","birth",1
"1560","made",1
"1561","values",1
"1562","coders",1
"1563","instructor",1
"1564","extrapolated",1
"1565","mountainview",1
"1566","territorially",1
"1567","previously",1
"1568","participatory",1
"1569","unpredictable",1
"1570","trends",1
"1571","clustered",1
"1572","medium",1
"1573","combining",1
"1574","assumption",1
"1575","factor",1
"1576","products",1
"1577","harvard",1
"1578","piace",1
"1579","rare",1
"1580","nothing",1
"1581","merit",1
"1582","trust",1
"1583","knowable",1
"1584","involves",1
"1585","platform",1
"1586","clear",1
"1587","diachronically",1
"1588","sedentaiy",1
"1589","stress",1
"1590","comprehensive",1
"1591","fallacy",1
"1592","obtaining",1
"1593","unconnected",1
"1594","decorated",1
"1595","supportive",1
"1596","immanence",1
"1597","logic",1
"1598","individual",1
"1599","times",1
"1600","innermost",1
"1601","spread",1
"1602","filled",1
"1603","accurate",1
"1604","probable",1
"1605","households",1
"1606","retrieving",1
"1607","standard",1
"1608","provides",1
"1609","martin",1
"1610","thomas",1
"1611","disasters",1
"1612","nonforagers",1
"1613","men",1
"1614","patriiocal",1
"1615","unambiguous",1
"1616","intercommunity",1
"1617","agriculturalists",1
"1618","educational",1
"1619","graphic",1
"1620","especially",1
"1621","annually",1
"1622","comparing",1
"1623","systems",1
"1624","trying",1
"1625","ethnocentrism",1
"1626","complexitywith",1
"1627","chapel",1
"1628","computed",1
"1629","specialize",1
"1630","palo",1
"1631","references",1
"1632","confidently",1
"1633","compute",1
"1634","mainly",1
"1635","availability",1
"1636","cognition",1
"1637","priests",1
"1638","ethnohistory",1
"1639","looks",1
"1640","translate",1
"1641","differ",1
"1642","socially",1
"1643","equivalent",1
"1644","adaptations",1
"1645","figures",1
"1646","macmillan",1
"1647","herding",1
"1648","prentice",1
"1649","connections",1
"1650","prA(C)histoire",1
"1651","joint",1
"1652","evaluated",1
"1653","cliffs",1
"1654","regressions",1
"1655","lugger",1
"1656","greek",1
"1657","wartare",1
"1658","vd",1
"1659","sage",1
"1660","dealing",1
"1661","european",1
"1662","space",1
"1663","pictorial",1
"1664","testable",1
"1665","discussing",1
"1666","aid",1
"1667","publishing",1
"1668","masse",1
"1669","tentative",1
"1670","critiquecases",1
"1671","crucial",1
"1672","five",1
"1673","husband",1
"1674","alto",1
"1675","testing",1
"1676","maps",1
"1677","matnlocal",1
"1678","fear",1
"1679","begin",1
"1680","exacerbated",1
"1681","inside",1
"1682","male",1
"1683","referred",1
"1684","abnormal",1
"1685","translation",1
"1686","armed",1
"1687","lives",1
"1688","contribution",1
"1689","transformation",1
"1690","cognitive",1
"1691","countries",1
"1692","life",1
"1693","arts",1
"1694","pristine",1
"1695","hierarchical",1
"1696","united",1
"1697","turnan",1
"1698","lineages",1
"1699","table",1
"1700","centuries",1
"1701","aboriginal",1
"1702","canada",1
"1703","articles",1
"1704","crowded",1
"1705","forest",1
"1706","earliest",1
"1707","considered",1
"1708","matters",1
"1709","quantitatively",1
"1710","quantitative",1
"1711","dissertation",1
"1712","school",1
"1713","inultiroom",1
"1714","magnitude",1
"1715","rarely",1
"1716","flies",1
"1717","growing",1
"1718","comes",1
"1719","series",1
"1720","ethnological",1
"1721","calendrical",1
"1722","agents",1
"1723","extensive",1
"1724","concordance",1
"1725","democracies",1
"1726","continues",1
"1727","implied",1
"1728","physical",1
"1729","corrections",1
"1730","diets",1
"1731","text",1
"1732","organizational",1
"1733","offers",1
"1734","alternative",1
"1735","fkung",1
"1736","shamans",1
"1737","dimension",1
"1738","coefficient",1
"1739","extant",1
"1740","control",1
"1741","specialization",1
"1742","intensive",1
"1743","ancestor",1
"1744","worth",1
"1745","expanding",1
"1746","ratio",1
"1747","assumed",1
"1748","connection",1
"1749","believe",1
"1750","down",1
"1751","ph",1
"1752","mi",1
"1753","universal",1
"1754","foundation",1
"1755","contradictory",1
"1756","obviously",1
"1757","rely",1
"1758","mistrust",1
"1759","constant",1
"1760","generalized",1
"1761","cities",1
"1762","examining",1
"1763","protect",1
"1764","parabolic",1
"1765","russe",1
"1766","ideally",1
"1767","places",1
"1768","turned",1
"1769","cra",1
"1770","autonomie",1
"1771","hall",1
"1772","commodity",1
"1773","sororal",1
"1774","affirm",1
"1775","naroA 1/4",1
"1776","spatial",1
"1777","whether",1
"1778","polities",1
"1779","ones",1
"1780","plants",1
"1781","ethnographiques",1
"1782","add",1
"1783","covers",1
"1784","agricultural",1
"1785","adaptation",1
"1786","repetitive",1
"1787","fully",1
"1788","rating",1
"1789","thousands",1
"1790","studying",1
"1791","require",1
"1792","lonner",1
"1793","barely",1
"1794","yield",1
"1795","observations",1
"1796","phenomena",1
"1797","categories",1
"1798","universe",1
"1799","millions",1
"1800","specializes",1
"1801","progress",1
"1802","middle",1
"1803","unreasonable",1
"1804","nj",1
"1805","presented",1
"1806","exploitative",1
"1807","son",1
"1808","northwestern",1
"1809","entrance",1
"1810","code",1
"1811","ruled",1
"1812","conclude",1
"1813","ohio",1
"1814","brislin",1
"1815","interchange",1
"1816","snapshots",1
"1817","easy",1
"1818","focal",1
"1819","step",1
"1820","assumptions",1
"1821","controls",1
"1822","went",1
"1823","screen",1
"1824","programs",1
"1825","opportunistically",1
"1826","throughly",1
"1827","lesson",1
"1828","trigger",1
"1829","indians",1
"1830","mention",1
"1831","gain",1
"1832","coming",1
"1833","remarks",1
"1834","huntergatherers",1
"1835","disadvantages",1
"1836","wild",1
"1837","moderate",1
"1838","obliged",1
"1839","survival",1
"1840","commercial",1
"1841","locations",1
"1842","reveals",1
"1843","finding",1
"1844","internally",1
"1845","national",1
"1846","write",1
"1847","crisis",1
"1848","contributed",1
"1849","americas",1
"1850","include",1
"1851","presumes",1
"1852","facilitates",1
"1853","smaller",1
"1854","rechtman",1
"1855","exceeding",1
"1856","attributes",1
"1857","locate",1
"1858","typology",1
"1859","remains",1
"1860","classification",1
"1861","magical",1
"1862","summary",1
"1863","nonhistorical",1
"1864","trances",1
"1865","needs",1
"1866","experimentales",1
"1867","thousand",1
"1868","observation",1
"1869","supported",1
"1870","addisonwesley",1
"1871","potential",1
"1872","postmodernist",1
"1873","schiffer",1
"1874","ser",1
"1875","themselves",1
"1876","hills",1
"1877","inconclusive",1
"1878","wumsen",1
"1879","temperatures",1
"1880","enterprise",1
"1881","dark",1
"1882","texts",1
"1883","substantial",1
"1884","zA�s",1
"1885","import",1
"1886","noncommercial",1
"1887","severely",1
"1888","documentary",1
"1889","archeological",1
"1890","librarians",1
"1891","focus",1
"1892","generalizability",1
"1893","immediately",1
"1894","ends",1
"1895","observed",1
"1896","calories",1
"1897","daughter",1
"1898","ca",1
"1899","cited",1
"1900","occur",1
"1901","nonsororal",1
