"","WORDCOUNTS","WEIGHT"
"1","and",511
"2","the",504
"3","of",409
"4","in",342
"5","a",157
"6","to",100
"7","press",98
"8","pp",79
"9","c",78
"10","m",77
"11","eds",71
"12","university",68
"13","s",66
"14","that",65
"15","j",62
"16","p",59
"17","r",59
"18","new",59
"19","on",57
"20","is",56
"21","are",55
"22","d",55
"23","periphery",54
"24","social",53
"25","interaction",52
"26","which",51
"27","systems",49
"28","t",48
"29","world",47
"30","cambridge",47
"31","for",44
"32","hall",44
"33","review",43
"34","e",38
"35","or",38
"36","this",37
"37","b",36
"38","archaeology",36
"39","york",34
"40","by",34
"41","k",34
"42","g",33
"43","perspective",33
"44","american",32
"45","state",31
"46","history",30
"47","with",30
"48","ed",29
"49","system",28
"50","comparative",28
"51","political",27
"52","l",27
"53","power",27
"54","w",26
"55","core",26
"56","we",26
"57","relations",25
"58","an",25
"59","anthropology",25
"60","theory",25
"61","have",25
"62","at",24
"63","ancient",24
"64","wallerstein",23
"65","analysis",23
"66","precapitalist",21
"67","societies",21
"68","change",21
"69","interactions",21
"70","southern",21
"71","but",21
"72","not",21
"73","be",21
"74","has",20
"75","some",20
"76","schortman",20
"77","evolution",20
"78","as",20
"79","from",20
"80","rowlands",20
"81","approach",19
"82","i",19
"83","frank",19
"84","centre",19
"85","exchange",19
"86","urban",19
"87","formation",19
"88","it",18
"89","studies",18
"90","interregional",18
"91","society",18
"92","archaeological",18
"93","between",18
"94","systemic",17
"95","all",17
"96","friedman",17
"97","prehistoric",17
"98","mcguire",17
"99","paper",17
"100","states",17
"101","trade",16
"102","academic",16
"103","f",16
"104","modes",16
"105","many",16
"106","presented",16
"107","production",15
"108","southwest",15
"109","different",15
"110","h",14
"111","processes",14
"112","logic",14
"113","larsen",14
"114","those",13
"115","plenum",13
"116","empires",13
"117","modern",12
"118","development",12
"119","civilization",12
"120","their",12
"121","london",12
"122","co",12
"123","historical",12
"124","illinois",12
"125","resources",12
"126","boulder",11
"127","into",11
"128","there",11
"129","human",11
"130","central",11
"131","may",11
"132","mathien",11
"133","economic",11
"134","these",11
"135","gills",11
"136","been",11
"137","wilkinson",11
"138","feinman",11
"139","early",11
"140","does",10
"141","mesoamerica",10
"142","military",10
"143","capitalist",10
"144","kristiansen",10
"145","spielmann",10
"146","intersocietal",10
"147","no",10
"148","his",10
"149","polanyi",10
"150","its",10
"151","research",10
"152","also",10
"153","blanton",10
"154","science",10
"155","carbondale",10
"156","sea",10
"157","introduction",9
"158","they",9
"159","considerations",9
"160","kohl",9
"161","westview",9
"162","west",9
"163","whitecotton",9
"164","journal",9
"165","ripples",9
"166","age",9
"167","weigand",9
"168","he",9
"169","about",9
"170","peregrine",9
"171","rise",9
"172","california",9
"173","chichimec",9
"174","upham",9
"175","plains",9
"176","frontier",9
"177","civilizations",9
"178","collins",9
"179","chicago",9
"180","one",8
"181","accumulation",8
"182","first",8
"183","other",8
"184","vol",8
"185","politics",8
"186","hierarchy",8
"187","century",8
"188","lenski",8
"189","study",8
"190","prehistory",8
"191","was",8
"192","n",8
"193","important",8
"194","literature",8
"195","work",8
"196","et",8
"197","champion",8
"198","others",8
"199","local",8
"200","use",8
"201","theoretical",8
"202","la",8
"203","perspectives",8
"204","who",8
"205","worlds",8
"206","goods",8
"207","association",8
"208","kinds",7
"209","archaeologists",7
"210","farmers",7
"211","renfrew",7
"212","issue",7
"213","since",7
"214","center",7
"215","networks",7
"216","emergence",7
"217","cultural",7
"218","structures",7
"219","regional",7
"220","polity",7
"221","ekholm",7
"222","unwin",7
"223","culture",7
"224","dialectical",7
"225","al",7
"226","scholars",7
"227","anthropologist",7
"228","do",7
"229","geography",7
"230","see",7
"231","ecology",7
"232","gailey",7
"233","can",7
"234","hunters",7
"235","capitalism",7
"236","european",7
"237","types",7
"238","colonists",7
"239","global",7
"240","current",7
"241","economy",7
"242","spatial",7
"243","terms",7
"244","sociology",7
"245","problem",7
"246","prestige",7
"247","lone",7
"248","americas",7
"249","among",7
"250","arizona",7
"251","pittsburgh",6
"252","geopolitics",6
"253","our",6
"254","princeton",6
"255","reprinted",6
"256","connection",6
"257","concepts",6
"258","within",6
"259","wilcox",6
"260","southwestern",6
"261","tucson",6
"262","ferguson",6
"263","how",6
"264","process",6
"265","changes",6
"266","dc",6
"267","mesoamerican",6
"268","war",6
"269","concept",6
"270","critique",6
"271","whitehead",6
"272","boundaries",6
"273","annual",6
"274","rome",6
"275","settings",6
"276","smith",6
"277","variation",6
"278","model",6
"279","relevant",6
"280","were",6
"281","stress",6
"282","mexico",6
"283","patterson",6
"284","northern",6
"285","bronze",6
"286","argue",6
"287","hyman",6
"288","while",6
"289","years",6
"290","frontiers",6
"291","washington",6
"292","mode",6
"293","need",6
"294","nicholas",5
"295","amin",5
"296","market",5
"297","taken",5
"298","europe",5
"299","great",5
"300","nm",5
"301","blackwell",5
"302","china",5
"303","reaction",5
"304","very",5
"305","economies",5
"306","chapters",5
"307","millennium",5
"308","neighbors",5
"309","santa",5
"310","single",5
"311","approaches",5
"312","based",5
"313","international",5
"314","markets",5
"315","near",5
"316","because",5
"317","gender",5
"318","thirteenth",5
"319","several",5
"320","second",5
"321","expansion",5
"322","under",5
"323","transformations",5
"324","same",5
"325","archeology",5
"326","only",5
"327","useful",5
"328","where",5
"329","asian",5
"330","logics",5
"331","three",5
"332","peer",5
"333","pailes",5
"334","often",5
"335","fe",5
"336","sage",5
"337","anthropological",5
"338","earle",5
"339","over",5
"340","capital",5
"341","far",5
"342","contain",5
"343","through",5
"344","integration",5
"345","ca",5
"346","major",5
"347","stateless",4
"348","o",4
"349","contend",4
"350","collection",4
"351","cycles",4
"352","contexts",4
"353","transitions",4
"354","asia",4
"355","did",4
"356","regularized",4
"357","papers",4
"358","cherry",4
"359","eastern",4
"360","continuum",4
"361","inca",4
"362","say",4
"363","oaxaca",4
"364","such",4
"365","dynamics",4
"366","mesopotamian",4
"367","late",4
"368","even",4
"369","than",4
"370","main",4
"371","developed",4
"372","premodern",4
"373","centralization",4
"374","helms",4
"375","sanderson",4
"376","however",4
"377","claim",4
"378","used",4
"379","overview",4
"380","during",4
"381","teggart",4
"382","quite",4
"383","will",4
"384","territorial",4
"385","tilly",4
"386","structural",4
"387","underdevelopment",4
"388","east",4
"389","gledhill",4
"390","time",4
"391","empire",4
"392","differentiation",4
"393","discussion",4
"394","authors",4
"395","general",4
"396","period",4
"397","tribal",4
"398","thomas",4
"399","class",4
"400","problems",4
"401","article",4
"402","bulk",4
"403","order",4
"404","baugh",4
"405","transformation",4
"406","fall",4
"407","when",4
"408","imperialism",4
"409","school",4
"410","berkeley",4
"411","roman",4
"412","alexander",4
"413","explicitly",4
"414","past",4
"415","conference",4
"416","role",4
"417","definitions",4
"418","models",4
"419","course",4
"420","evidence",4
"421","comparison",4
"422","valley",4
"423","focus",4
"424","much",4
"425","north",4
"426","done",3
"427","brumfiel",3
"428","way",3
"429","if",3
"430","extreme",3
"431","extend",3
"432","turquoise",3
"433","large",3
"434","complex",3
"435","wolf",3
"436","western",3
"437","before",3
"438","sources",3
"439","long",3
"440","attempts",3
"441","brien",3
"442","rational",3
"443","highland",3
"444","analyses",3
"445","immanuel",3
"446","somewhat",3
"447","nomadic",3
"448","case",3
"449","america",3
"450","sixteenth",3
"451","occurring",3
"452","exchanges",3
"453","connectedness",3
"454","thus",3
"455","basil",3
"456","stern",3
"457","ct",3
"458","kinship",3
"459","systemness",3
"460","mechanisms",3
"461","humboldt",3
"462","taagepera",3
"463","across",3
"464","similar",3
"465","importance",3
"466","consequences",3
"467","affect",3
"468","argued",3
"469","four",3
"470","most",3
"471","origins",3
"472","albuquerque",3
"473","peru",3
"474","view",3
"475","greater",3
"476","mcneill",3
"477","called",3
"478","events",3
"479","further",3
"480","topics",3
"481","third",3
"482","schneider",3
"483","explain",3
"484","hierarchies",3
"485","network",3
"486","pueblo",3
"487","part",3
"488","forces",3
"489","focuses",3
"490","institution",3
"491","trends",3
"492","regions",3
"493","things",3
"494","smithsonian",3
"495","perlman",3
"496","critical",3
"497","various",3
"498","harris",3
"499","islands",3
"500","nearly",3
"501","edited",3
"502","museum",3
"503","vs",3
"504","kowalewski",3
"505","more",3
"506","marketless",3
"507","toward",3
"508","rock",3
"509","towards",3
"510","choice",3
"511","incorporation",3
"512","debates",3
"513","forms",3
"514","less",3
"515","strategies",3
"516","commercial",3
"517","argues",3
"518","understanding",3
"519","explanation",3
"520","wheatley",3
"521","formalist",3
"522","santley",3
"523","questions",3
"524","redistributive",3
"525","ties",3
"526","essay",3
"527","peter",3
"528","features",3
"529","earlier",3
"530","especially",3
"531","comparing",3
"532","structure",3
"533","wells",3
"534","imply",3
"535","continuationists",3
"536","collections",3
"537","distort",3
"538","problematic",3
"539","reciprocal",3
"540","mann",3
"541","changing",3
"542","cigar",3
"543","intellectual",3
"544","specialized",3
"545","nets",3
"546","universal",3
"547","antiquity",3
"548","cities",3
"549","what",3
"550","them",3
"551","middle",3
"552","both",3
"553","nj",3
"554","nomads",3
"555","disciplines",3
"556","assumptions",3
"557","sabloff",3
"558","spring",3
"559","institutional",3
"560","bender",3
"561","although",3
"562","green",3
"563","effects",3
"564","needs",3
"565","potential",3
"566","evolutionism",3
"567","supply",3
"568","hills",3
"569","johnson",3
"570","close",3
"571","go",2
"572","now",2
"573","phil",2
"574","groups",2
"575","jane",2
"576","foraging",2
"577","kroeber",2
"578","depauw",2
"579","word",2
"580","formalism",2
"581","ways",2
"582","chacoan",2
"583","comparisons",2
"584","gottman",2
"585","occurred",2
"586","inequality",2
"587","knox",2
"588","source",2
"589","materials",2
"590","diffusion",2
"591","being",2
"592","originally",2
"593","motivations",2
"594","might",2
"595","nature",2
"596","agrarian",2
"597","alban",2
"598","pivot",2
"599","geopolitical",2
"600","studied",2
"601","lattimore",2
"602","nevertheless",2
"603","help",2
"604","last",2
"605","emphasized",2
"606","chiefdoms",2
"607","context",2
"608","ad",2
"609","agnew",2
"610","anthropologists",2
"611","historians",2
"612","task",2
"613","u",2
"614","discuss",2
"615","uneven",2
"616","possible",2
"617","prehispanic",2
"618","shared",2
"619","beverly",2
"620","bibliography",2
"621","moseley",2
"622","allen",2
"623","fur",2
"624","mesoamencan",2
"625","interact",2
"626","zone",2
"627","behavior",2
"628","tribute",2
"629","conflict",2
"630","collapse",2
"631","inner",2
"632","borderlands",2
"633","interest",2
"634","ethnohistorical",2
"635","janet",2
"636","eurasian",2
"637","algaze",2
"638","nonstate",2
"639","kind",2
"640","advances",2
"641","items",2
"642","old",2
"643","back",2
"644","barfield",2
"645","continuous",2
"646","marx",2
"647","influence",2
"648","ma",2
"649","oxford",2
"650","barfieid",2
"651","hedeager",2
"652","without",2
"653","rather",2
"654","compatible",2
"655","explicit",2
"656","jalisco",2
"657","notion",2
"658","mean",2
"659","analyzes",2
"660","turn",2
"661","eisenstadt",2
"662","columbian",2
"663","space",2
"664","means",2
"665","understand",2
"666","conceptualization",2
"667","peasant",2
"668","latin",2
"669","germane",2
"670","house",2
"671","northeastern",2
"672","random",2
"673","archeological",2
"674","dominant",2
"675","strategy",2
"676","edens",2
"677","raw",2
"678","had",2
"679","uses",2
"680","paynter",2
"681","leach",2
"682","interconnectedness",2
"683","method",2
"684","demise",2
"685","attack",2
"686","amsterdam",2
"687","sedentary",2
"688","criticisms",2
"689","interstate",2
"690","urbanization",2
"691","caldwell",2
"692","reviews",2
"693","produced",2
"694","find",2
"695","briefly",2
"696","shape",2
"697","bc",2
"698","strassoldo",2
"699","future",2
"700","ot",2
"701","actors",2
"702","criticized",2
"703","year",2
"704","issues",2
"705","people",2
"706","away",2
"707","employed",2
"708","il",2
"709","stanford",2
"710","ethnicity",2
"711","relative",2
"712","citing",2
"713","steward",2
"714","organized",2
"715","trading",2
"716","small",2
"717","segraves",2
"718","spanish",2
"719","weberian",2
"720","decline",2
"721","ericson",2
"722","texas",2
"723","bounding",2
"724","necessity",2
"725","splitters",2
"726","notes",2
"727","developmental",2
"728","preliminary",2
"729","crone",2
"730","avoid",2
"731","periods",2
"732","wesrview",2
"733","south",2
"734","nassaney",2
"735","led",2
"736","chirot",2
"737","observations",2
"738","curves",2
"739","feudalism",2
"740","scientific",2
"741","positions",2
"742","theorizing",2
"743","forward",2
"744","community",2
"745","sahlins",2
"746","make",2
"747","superorganic",2
"748","southeast",2
"749","yet",2
"750","makes",2
"751","continuity",2
"752","technology",2
"753","dyson",2
"754","sociological",2
"755","kardulias",2
"756","wright",2
"757","insights",2
"758","two",2
"759","department",2
"760","dispute",2
"761","haselgrove",2
"762","disciplinary",2
"763","critiques",2
"764","book",2
"765","again",2
"766","efforts",2
"767","shows",2
"768","fundamental",2
"769","materialist",2
"770","predominant",2
"771","agree",2
"772","appeared",2
"773","exclusion",2
"774","curtin",2
"775","patterns",2
"776","hand",2
"777","epigenetic",2
"778","coercion",2
"779","karl",2
"780","real",2
"781","necessary",2
"782","deep",2
"783","number",2
"784","harbottle",2
"785","polities",2
"786","another",2
"787","technologies",2
"788","own",2
"789","upon",2
"790","limitations",2
"791","region",2
"792","preciosities",2
"793","contacts",2
"794","monte",2
"795","oscillation",2
"796","macroregional",2
"797","emphasize",2
"798","ideas",2
"799","ethnic",2
"800","theories",2
"801","peripheral",2
"802","dominated",2
"803","symposium",2
"804","christopher",2
"805","distinction",2
"806","stages",2
"807","administrative",2
"808","timberlake",2
"809","mining",2
"810","parallel",2
"811","evolutionary",2
"812","become",2
"813","versus",2
"814","haven",2
"815","connections",2
"816","separate",2
"817","note",2
"818","africa",2
"819","usually",2
"820","outsiders",2
"821","foster",2
"822","primarily",2
"823","institutions",2
"824","yale",2
"825","life",2
"826","pristine",2
"827","southwesternmesoamerican",2
"828","silverblatt",2
"829","forest",2
"830","tribe",2
"831","suggestions",2
"832","then",2
"833","following",2
"834","lumpers",2
"835","orlando",2
"836","symbolic",2
"837","temporal",2
"838","organizational",2
"839","here",2
"840","kehoe",2
"841","monthly",2
"842","innovations",2
"843","broda",2
"844","ar",2
"845","disputes",2
"846","qualitatively",2
"847","proceedings",2
"848","whether",2
"849","stability",2
"850","form",2
"851","particular",2
"852","cahokia",2
"853","ejutla",2
"854","claval",2
"855","insightful",2
"856","studying",2
"857","produce",2
"858","suggests",2
"859","categories",2
"860","size",2
"861","leyden",2
"862","wintu",2
"863","unilinear",2
"864","little",2
"865","practices",2
"866","became",2
"867","african",2
"868","fl",2
"869","intended",2
"870","conventional",2
"871","summarizes",2
"872","pa",2
"873","colonial",2
"874","using",2
"875","faculty",2
"876","come",2
"877","protohistoric",2
"878","finally",2
"879","aware",2
"880","offer",2
"881","peripheries",2
"882","extremely",2
"883","remains",2
"884","classification",2
"885","specific",2
"886","conceptualizing",2
"887","marxist",2
"888","vary",2
"889","era",2
"890","norman",2
"891","given",2
"892","duration",2
"893","strong",2
"894","classless",2
"895","taylor",2
"896","recent",2
"897","should",2
"898","meeting",2
"899","barter",2
"900","tainter",1
"901","entities",1
"902","inka",1
"903","margins",1
"904","duckworth",1
"905","fernand",1
"906","currently",1
"907","caravel",1
"908","struggle",1
"909","owes",1
"910","flow",1
"911","chasedunn",1
"912","edge",1
"913","tongan",1
"914","indicated",1
"915","meaning",1
"916","extrapolating",1
"917","corporate",1
"918","correlations",1
"919","examine",1
"920","aztec",1
"921","dangers",1
"922","combine",1
"923","kxistiansen",1
"924","utility",1
"925","manuscript",1
"926","subsystems",1
"927","group",1
"928","reflection",1
"929","partially",1
"930","summarizing",1
"931","conflicts",1
"932","essays",1
"933","stone",1
"934","merged",1
"935","catastrophe",1
"936","likely",1
"937","authority",1
"938","usefully",1
"939","constitutes",1
"940","motivation",1
"941","solidarity",1
"942","completely",1
"943","dominating",1
"944","sherds",1
"945","ms",1
"946","former",1
"947","protection",1
"948","committee",1
"949","necessarily",1
"950","presents",1
"951","wailerstein",1
"952","ivA�u",1
"953","assisted",1
"954","service",1
"955","something",1
"956","renpnery",1
"957","descriptions",1
"958","roiiiics",1
"959","dunng",1
"960","properties",1
"961","women",1
"962","leads",1
"963","ethnographies",1
"964","cutting",1
"965","cast",1
"966","either",1
"967","explaining",1
"968","stressed",1
"969","stricture",1
"970","wrong",1
"971","hence",1
"972","supposedly",1
"973","creation",1
"974","majority",1
"975","interests",1
"976","witches",1
"977","neolithic",1
"978","caddoan",1
"979","ii",1
"980","fund",1
"981","give",1
"982","culturally",1
"983","enables",1
"984","attempt",1
"985","watersheds",1
"986","ok",1
"987","agenda",1
"988","worked",1
"989","ourselves",1
"990","advanced",1
"991","reter",1
"992","words",1
"993","apologize",1
"994","containing",1
"995","principles",1
"996","autocritical",1
"997","peeking",1
"998","could",1
"999","tradition",1
"1000","afroeurasian",1
"1001","generalize",1
"1002","thank",1
"1003","differences",1
"1004","potentially",1
"1005","cosmo",1
"1006","follows",1
"1007","able",1
"1008","lumped",1
"1009","atlantic",1
"1010","moon",1
"1011","statebased",1
"1012","reveal",1
"1013","decentralization",1
"1014","debt",1
"1015","reproduction",1
"1016","tradeoffs",1
"1017","cribb",1
"1018","loose",1
"1019","greatly",1
"1020","influences",1
"1021","dincauze",1
"1022","classified",1
"1023","investigations",1
"1024","dendritic",1
"1025","readiness",1
"1026","livelihood",1
"1027","rethinking",1
"1028","seminar",1
"1029","empty",1
"1030","classic",1
"1031","exogenous",1
"1032","existence",1
"1033","forthcoming",1
"1034","alfred",1
"1035","linear",1
"1036","quigley",1
"1037","formulation",1
"1038","captures",1
"1039","semipenpheral",1
"1040","primary",1
"1041","arabian",1
"1042","incorporate",1
"1043","tenth",1
"1044","right",1
"1045","custom",1
"1046","copenhagen",1
"1047","account",1
"1048","indirectly",1
"1049","logical",1
"1050","diffusionists",1
"1051","cooperation",1
"1052","concentrating",1
"1053","activity",1
"1054","kowaleski",1
"1055","realignment",1
"1056","julian",1
"1057","insight",1
"1058","richard",1
"1059","usda",1
"1060","obvious",1
"1061","variations",1
"1062","point",1
"1063","extends",1
"1064","ignores",1
"1065","ultimate",1
"1066","cited",1
"1067","apply",1
"1068","along",1
"1069","negotiation",1
"1070","undergone",1
"1071","engage",1
"1072","sweet",1
"1073","warfare",1
"1074","tied",1
"1075","surplus",1
"1076","framework",1
"1077","funded",1
"1078","usage",1
"1079","exist",1
"1080","repeatedly",1
"1081","regarding",1
"1082","cannibals",1
"1083","frequencies",1
"1084","chaco",1
"1085","goal",1
"1086","phase",1
"1087","iron",1
"1088","includes",1
"1089","throughout",1
"1090","matos",1
"1091","ueveriy",1
"1092","relationships",1
"1093","southampton",1
"1094","historically",1
"1095","explained",1
"1096","quality",1
"1097","points",1
"1098","inevitable",1
"1099","pursue",1
"1100","unremembered",1
"1101","professor",1
"1102","sustain",1
"1103","analyzing",1
"1104","realized",1
"1105","unpublished",1
"1106","hawaii",1
"1107","application",1
"1108","conducted",1
"1109","overt",1
"1110","convention",1
"1111","ability",1
"1112","theorized",1
"1113","structuralist",1
"1114","utilizes",1
"1115","topic",1
"1116","seaman",1
"1117","nested",1
"1118","forced",1
"1119","ai",1
"1120","accumulationists",1
"1121","cases",1
"1122","precludes",1
"1123","cambndge",1
"1124","distinct",1
"1125","nor",1
"1126","underlying",1
"1127","odyssey",1
"1128","times",1
"1129","casas",1
"1130","refer",1
"1131","differently",1
"1132","response",1
"1133","restrict",1
"1134","liverani",1
"1135","homelands",1
"1136","dates",1
"1137","libraries",1
"1138","brackets",1
"1139","criterion",1
"1140","fixe",1
"1141","burma",1
"1142","fowler",1
"1143","like",1
"1144","nayarit",1
"1145","formulate",1
"1146","curtm",1
"1147","splitter",1
"1148","demonstration",1
"1149","sun",1
"1150","truck",1
"1151","jones",1
"1152","cumulation",1
"1153","savage",1
"1154","competitive",1
"1155","battles",1
"1156","crossroads",1
"1157","lesser",1
"1158","site",1
"1159","uottmann",1
"1160","steal",1
"1161","interesting",1
"1162","fort",1
"1163","accumulationist",1
"1164","veiy",1
"1165","orientale",1
"1166","frustration",1
"1167","gott",1
"1168","reff",1
"1169","observers",1
"1170","growth",1
"1171","highlands",1
"1172","adds",1
"1173","activists",1
"1174","presupposed",1
"1175","interpretation",1
"1176","edward",1
"1177","sort",1
"1178","unit",1
"1179","levels",1
"1180","hie",1
"1181","matlock",1
"1182","goes",1
"1183","transferable",1
"1184","granted",1
"1185","after",1
"1186","connected",1
"1187","certain",1
"1188","leave",1
"1189","variant",1
"1190","direct",1
"1191","parts",1
"1192","intertribal",1
"1193","contributions",1
"1194","dialogue",1
"1195","special",1
"1196","creek",1
"1197","arbor",1
"1198","distant",1
"1199","quips",1
"1200","underemphasizing",1
"1201","productive",1
"1202","isolationists",1
"1203","addressing",1
"1204","perilous",1
"1205","lots",1
"1206","modified",1
"1207","references",1
"1208","metatheoretical",1
"1209","specialities",1
"1210","dean",1
"1211","adopt",1
"1212","latter",1
"1213","marks",1
"1214","tenochtitlan",1
"1215","consider",1
"1216","organization",1
"1217","statistical",1
"1218","imposing",1
"1219","familiar",1
"1220","india",1
"1221","meltzer",1
"1222","slowly",1
"1223","russell",1
"1224","driven",1
"1225","proposed",1
"1226","edition",1
"1227","americanists",1
"1228","spirit",1
"1229","impact",1
"1230","dominate",1
"1231","welfare",1
"1232","wilmsen",1
"1233","exploratory",1
"1234","haunt",1
"1235","frequently",1
"1236","lester",1
"1237","listed",1
"1238","nascent",1
"1239","orientation",1
"1240","show",1
"1241","acknowledges",1
"1242","store",1
"1243","powerful",1
"1244","follow",1
"1245","beyond",1
"1246","isolation",1
"1247","followed",1
"1248","defines",1
"1249","position",1
"1250","stark",1
"1251","paquime",1
"1252","terminology",1
"1253","engines",1
"1254","ming",1
"1255","nschortman",1
"1256","suggested",1
"1257","decades",1
"1258","dynastic",1
"1259","shun",1
"1260","atlanta",1
"1261","centra",1
"1262","diachronic",1
"1263","closely",1
"1264","advance",1
"1265","endogenous",1
"1266","came",1
"1267","concentration",1
"1268","questioned",1
"1269","abandoning",1
"1270","allow",1
"1271","fitzpatrick",1
"1272","lintz",1
"1273","kingship",1
"1274","entering",1
"1275","outlining",1
"1276","carol",1
"1277","effort",1
"1278","centers",1
"1279","out",1
"1280","economics",1
"1281","deal",1
"1282","austin",1
"1283","radical",1
"1284","culturalism",1
"1285","synthesize",1
"1286","pitfalls",1
"1287","big",1
"1288","extracting",1
"1289","blusse",1
"1290","eliminates",1
"1291","gaul",1
"1292","moctezuma",1
"1293","oklahoma",1
"1294","chinese",1
"1295","understood",1
"1296","mattingly",1
"1297","displayed",1
"1298","hinterland",1
"1299","michigan",1
"1300","fisher",1
"1301","bullion",1
"1302","lightfoot",1
"1303","appears",1
"1304","recently",1
"1305","population",1
"1306","lumper",1
"1307","hawaiian",1
"1308","vancouver",1
"1309","applied",1
"1310","oscillates",1
"1311","wealth",1
"1312","ford",1
"1313","acknowledgments",1
"1314","nonevolutionary",1
"1315","hopkins",1
"1316","possibility",1
"1317","aspects",1
"1318","eurocentrism",1
"1319","abuse",1
"1320","taxes",1
"1321","syria",1
"1322","expansionary",1
"1323","spheres",1
"1324","distinguish",1
"1325","degrees",1
"1326","relief",1
"1327","y",1
"1328","data",1
"1329","egalitarian",1
"1330","optimize",1
"1331","scope",1
"1332","bounded",1
"1333","strict",1
"1334","nuances",1
"1335","dissatisfaction",1
"1336","chap",1
"1337","competing",1
"1338","example",1
"1339","casa",1
"1340","knowledge",1
"1341","ecologists",1
"1342","symbolism",1
"1343","related",1
"1344","nation",1
"1345","minority",1
"1346","woodland",1
"1347","restructuring",1
"1348","aspirations",1
"1349","zapatecas",1
"1350","dividing",1
"1351","childe",1
"1352","toddei",1
"1353","loss",1
"1354","dynasties",1
"1355","exploitation",1
"1356","place",1
"1357","kiva",1
"1358","northwest",1
"1359","jai",1
"1360","broad",1
"1361","climatic",1
"1362","taitner",1
"1363","actually",1
"1364","briefer",1
"1365","vociferous",1
"1366","call",1
"1367","documented",1
"1368","apparently",1
"1369","surrounding",1
"1370","project",1
"1371","intercore",1
"1372","substantivists",1
"1373","alliance",1
"1374","enthusiastic",1
"1375","count",1
"1376","redistribution",1
"1377","heuristic",1
"1378","cults",1
"1379","thread",1
"1380","earth",1
"1381","superbly",1
"1382","concentrates",1
"1383","good",1
"1384","gottmann",1
"1385","published",1
"1386","transcaucasian",1
"1387","least",1
"1388","optimal",1
"1389","mesopotamia",1
"1390","start",1
"1391","sense",1
"1392","pottery",1
"1393","working",1
"1394","below",1
"1395","hopewellian",1
"1396","wi",1
"1397","distances",1
"1398","involve",1
"1399","macrodiffusionism",1
"1400","next",1
"1401","locus",1
"1402","applicability",1
"1403","discourse",1
"1404","consolidation",1
"1405","settlement",1
"1406","arbitrary",1
"1407","spatiotemporal",1
"1408","nightmares",1
"1409","underscore",1
"1410","transport",1
"1411","sufficient",1
"1412","mineral",1
"1413","few",1
"1414","giftgiving",1
"1415","breaking",1
"1416","ancestors",1
"1417","humbled",1
"1418","contenders",1
"1419","degradation",1
"1420","philip",1
"1421","spence",1
"1422","fully",1
"1423","bases",1
"1424","generally",1
"1425","beacon",1
"1426","up",1
"1427","transformationism",1
"1428","neophytes",1
"1429","resistance",1
"1430","describes",1
"1431","ecumene",1
"1432","roots",1
"1433","value",1
"1434","prepublication",1
"1435","actions",1
"1436","gordon",1
"1437","geographical",1
"1438","uentre",1
"1439","cite",1
"1440","pearson",1
"1441","meaningfully",1
"1442","usable",1
"1443","ana",1
"1444","sail",1
"1445","approximate",1
"1446","republic",1
"1447","situation",1
"1448","indigenous",1
"1449","demand",1
"1450","forever",1
"1451","ceremonial",1
"1452","hegemony",1
"1453","equality",1
"1454","foragers",1
"1455","exhaust",1
"1456","impacts",1
"1457","populations",1
"1458","imagery",1
"1459","synthesis",1
"1460","muttering",1
"1461","tried",1
"1462","corporation",1
"1463","acknowledged",1
"1464","interdependence",1
"1465","innocence",1
"1466","gift",1
"1467","universalists",1
"1468","still",1
"1469","above",1
"1470","panregional",1
"1471","expanded",1
"1472","flag",1
"1473","comments",1
"1474","curtain",1
"1475","holders",1
"1476","aldine",1
"1477","transformationists",1
"1478","va",1
"1479","tends",1
"1480","direction",1
"1481","positive",1
"1482","pastoralists",1
"1483","consulted",1
"1484","theones",1
"1485","postulate",1
"1486","undergo",1
"1487","collect",1
"1488","accumulate",1
"1489","pacific",1
"1490","cobb",1
"1491","violence",1
"1492","push",1
"1493","sociologists",1
"1494","caravan",1
"1495","thought",1
"1496","kriesberg",1
"1497","hegemonic",1
"1498","precolumbian",1
"1499","later",1
"1500","evolved",1
"1501","exposure",1
"1502","us",1
"1503","tortilla",1
"1504","perceived",1
"1505","inherently",1
"1506","guatemala",1
"1507","oikumenes",1
"1508","ethnographic",1
"1509","baltimore",1
"1510","locality",1
"1511","indian",1
"1512","reply",1
"1513","costs",1
"1514","gary",1
"1515","constitute",1
"1516","exploit",1
"1517","midpoints",1
"1518","sketch",1
"1519","gotten",1
"1520","enclaves",1
"1521","routes",1
"1522","recall",1
"1523","commodification",1
"1524","frederick",1
"1525","spend",1
"1526","renewed",1
"1527","ecological",1
"1528","trespassers",1
"1529","idA(C)e",1
"1530","fact",1
"1531","admit",1
"1532","areas",1
"1533","foods",1
"1534","panacea",1
"1535","engineering",1
"1536","instituto",1
"1537","sayre",1
"1538","abstract",1
"1539","suggesting",1
"1540","pretty",1
"1541","sung",1
"1542","break",1
"1543","larger",1
"1544","personal",1
"1545","john",1
"1546","urbanized",1
"1547","end",1
"1548","venture",1
"1549","minimize",1
"1550","man",1
"1551","hinges",1
"1552","superstructure",1
"1553","serious",1
"1554","external",1
"1555","mesoamenca",1
"1556","enough",1
"1557","monographs",1
"1558","v",1
"1559","everyday",1
"1560","present",1
"1561","begin",1
"1562","threads",1
"1563","joya",1
"1564","darrell",1
"1565","jewett",1
"1566","underscores",1
"1567","answer",1
"1568","imaginary",1
"1569","norms",1
"1570","generic",1
"1571","geoculture",1
"1572","preparation",1
"1573","culturological",1
"1574","distance",1
"1575","fitzpatnck",1
"1576","shifts",1
"1577","lurk",1
"1578","going",1
"1579","free",1
"1580","anticipate",1
"1581","bibliographic",1
"1582","violent",1
"1583","kansas",1
"1584","deaf",1
"1585","empirically",1
"1586","interrelated",1
"1587","private",1
"1588","ine",1
"1589","exploring",1
"1590","rulers",1
"1591","indiana",1
"1592","intent",1
"1593","examples",1
"1594","discovery",1
"1595","range",1
"1596","randall",1
"1597","tnbalization",1
"1598","braudel",1
"1599","formal",1
"1600","postclassic",1
"1601","transformed",1
"1602","including",1
"1603","koh",1
"1604","connundra",1
"1605","increase",1
"1606","elite",1
"1607","identity",1
"1608","significant",1
"1609","food",1
"1610","unfortunately",1
"1611","hypotheses",1
"1612","tewa",1
"1613","worldeconomy",1
"1614","station",1
"1615","exciting",1
"1616","contends",1
"1617","congress",1
"1618","styles",1
"1619","steppe",1
"1620","previous",1
"1621","uruk",1
"1622","vu",1
"1623","synthetic",1
"1624","weaving",1
"1625","ved",1
"1626","versions",1
"1627","theses",1
"1628","dichotomous",1
"1629","anasazi",1
"1630","navajo",1
"1631","significance",1
"1632","crises",1
"1633","urbana",1
"1634","arkansas",1
"1635","reality",1
"1636","scandinavia",1
"1637","modernization",1
"1638","definitely",1
"1639","thorniest",1
"1640","mississippian",1
"1641","individual",1
"1642","david",1
"1643","architectural",1
"1644","determinist",1
"1645","caribbean",1
"1646","helpful",1
"1647","revised",1
"1648","would",1
"1649","so",1
"1650","fellow",1
"1651","sundahl",1
"1652","engels",1
"1653","diasporas",1
"1654","cally",1
"1655","mines",1
"1656","linking",1
"1657","maximize",1
"1658","mountain",1
"1659","universitario",1
"1660","arensberg",1
"1661","conversation",1
"1662","provides",1
"1663","repeated",1
"1664","minnis",1
"1665","cataloged",1
"1666","facing",1
"1667","arrayed",1
"1668","somehow",1
"1669","methods",1
"1670","wilkms",1
"1671","aegean",1
"1672","theorists",1
"1673","sensible",1
"1674","interpretations",1
"1675","saa",1
"1676","mainly",1
"1677","interconnections",1
"1678","chronograph",1
"1679","substantivism",1
"1680","obsidian",1
"1681","hierarchical",1
"1682","january",1
"1683","ethnohistory",1
"1684","differ",1
"1685","travelers",1
"1686","arisen",1
"1687","adaptations",1
"1688","potato",1
"1689","macmillan",1
"1690","palles",1
"1691","quarterly",1
"1692","ago",1
"1693","modifications",1
"1694","sociopolitical",1
"1695","attention",1
"1696","paranoid",1
"1697","grandes",1
"1698","limiting",1
"1699","dealing",1
"1700","hasenstab",1
"1701","implicitly",1
"1702","suggest",1
"1703","midcentury",1
"1704","indication",1
"1705","tests",1
"1706","drennan",1
"1707","imperialistic",1
"1708","applications",1
"1709","ann",1
"1710","iroquois",1
"1711","dominates",1
"1712","publishing",1
"1713","movements",1
"1714","popularity",1
"1715","trespass",1
"1716","johns",1
"1717","five",1
"1718","ideology",1
"1719","suggestive",1
"1720","bound",1
"1721","sociologies",1
"1722","category",1
"1723","celebration",1
"1724","andean",1
"1725","disagreements",1
"1726","aboriginal",1
"1727","directions",1
"1728","seventeenth",1
"1729","chimney",1
"1730","began",1
"1731","lawrence",1
"1732","visual",1
"1733","katherine",1
"1734","monopolize",1
"1735","los",1
"1736","legitimacy",1
"1737","similarities",1
"1738","barbarian",1
"1739","why",1
"1740","vorlag",1
"1741","construction",1
"1742","existed",1
"1743","michael",1
"1744","united",1
"1745","recap",1
"1746","kings",1
"1747","constants",1
"1748","instances",1
"1749","madison",1
"1750","brumfiefs",1
"1751","contemplating",1
"1752","angeles",1
"1753","nuities",1
"1754","combines",1
"1755","joseph",1
"1756","thick",1
"1757","earliest",1
"1758","imperialists",1
"1759","greencastle",1
"1760","cambodge",1
"1761","addressed",1
"1762","detail",1
"1763","claims",1
"1764","regnery",1
"1765","springfield",1
"1766","mercantilism",1
"1767","variable",1
"1768","experiment",1
"1769","trumps",1
"1770","any",1
"1771","thinking",1
"1772","associated",1
"1773","undervalues",1
"1774","melanesia",1
"1775","conclusion",1
"1776","complexity",1
"1777","stupendously",1
"1778","circumstances",1
"1779","extending",1
"1780","semiarid",1
"1781","demonstrate",1
"1782","simply",1
"1783","extensive",1
"1784","geographic",1
"1785","constituted",1
"1786","ever",1
"1787","eurocentnc",1
"1788","extension",1
"1789","thousand",1
"1790","constructed",1
"1791","entry",1
"1792","proposes",1
"1793","borrow",1
"1794","midcontinent",1
"1795","gerhard",1
"1796","temple",1
"1797","text",1
"1798","rocky",1
"1799","sciences",1
"1800","neorealist",1
"1801","set",1
"1802","puebloan",1
"1803","know",1
"1804","outcome",1
"1805","wellknown",1
"1806","dimension",1
"1807","natural",1
"1808","academisk",1
"1809","control",1
"1810","each",1
"1811","hampton",1
"1812","worldsystems",1
"1813","cultures",1
"1814","share",1
"1815","cacophonous",1
"1816","xliii",1
"1817","expanding",1
"1818","key",1
"1819","altering",1
"1820","leaders",1
"1821","appel",1
"1822","propaganda",1
"1823","regard",1
"1824","eventually",1
"1825","sociopohtics",1
"1826","A�panai",1
"1827","particularly",1
"1828","gregg",1
"1829","contradictory",1
"1830","obviously",1
"1831","carrasco",1
"1832","cognitive",1
"1833","malviue",1
"1834","factors",1
"1835","andeanist",1
"1836","generalized",1
"1837","examining",1
"1838","ambivalent",1
"1839","tstory",1
"1840","thompson",1
"1841","bands",1
"1842","beginning",1
"1843","agriculture",1
"1844","greenwich",1
"1845","ideologies",1
"1846","hegemonial",1
"1847","william",1
"1848","realities",1
"1849","champagne",1
"1850","explanations",1
"1851","basics",1
"1852","completion",1
"1853","combined",1
"1854","winius",1
"1855","naples",1
"1856","accounts",1
"1857","maryland",1
"1858","larson",1
"1859","nearby",1
"1860","guis",1
"1861","add",1
"1862","feb",1
"1863","maintain",1
"1864","covers",1
"1865","ripe",1
"1866","weltanschauungen",1
"1867","predate",1
"1868","her",1
"1869","projection",1
"1870","imperial",1
"1871","quarters",1
"1872","rationality",1
"1873","macroeconomy",1
"1874","balance",1
"1875","huge",1
"1876","almost",1
"1877","too",1
"1878","polanyian",1
"1879","missed",1
"1880","emphasis",1
"1881","belgic",1
"1882","universe",1
"1883","nonhierarchical",1
"1884","spaces",1
"1885","gradation",1
"1886","janice",1
"1887","socioeconomic",1
"1888","researchers",1
"1889","boston",1
"1890","apparatus",1
"1891","emergent",1
"1892","must",1
"1893","ulysses",1
"1894","multiple",1
"1895","ill",1
"1896","peace",1
"1897","reported",1
"1898","kin",1
"1899","timely",1
"1900","city",1
"1901","initiate",1
"1902","content",1
"1903","mmtz",1
"1904","territory",1
"1905","kostiner",1
"1906","commodities",1
"1907","divided",1
"1908","pathos",1
"1909","families",1
"1910","qualitative",1
"1911","indians",1
"1912","allows",1
"1913","pole",1
"1914","gain",1
"1915","continuationism",1
"1916","think",1
"1917","wesseling",1
"1918","relates",1
"1919","semiperiphery",1
"1920","huntergatherers",1
"1921","webb",1
"1922","civilizational",1
"1923","weigan",1
"1924","wholes",1
"1925","khoury",1
"1926","coles",1
"1927","enthusiasm",1
"1928","polynesia",1
"1929","runs",1
"1930","devoted",1
"1931","understandings",1
"1932","shown",1
"1933","until",1
"1934","semiphenpheral",1
"1935","defends",1
"1936","prescribe",1
"1937","argument",1
"1938","touch",1
"1939","invasion",1
"1940","zaccagnini",1
"1941","clubs",1
"1942","charts",1
"1943","kingdom",1
"1944","camps",1
"1945","conditions",1
"1946","herds",1
"1947","multicriteria",1
"1948","crisis",1
"1949","ecosystem",1
"1950","parallels",1
"1951","include",1
"1952","grabbing",1
"1953","tepiman",1
"1954","dense",1
"1955","smaller",1
"1956","centrality",1
"1957","playing",1
"1958","panes",1
"1959","grapple",1
"1960","nonmarket",1
"1961","socialism",1
"1962","clewett",1
"1963","walking",1
"1964","shift",1
"1965","increased",1
"1966","archaic",1
"1967","offered",1
"1968","modeling",1
"1969","diamonds",1
"1970","trigger",1
"1971","valuable",1
"1972","materialism",1
"1973","interdisciplinary",1
"1974","deployment",1
"1975","elites",1
"1976","conceptual",1
"1977","debate",1
"1978","sharing",1
"1979","create",1
"1980","import",1
"1981","element",1
"1982","entire",1
"1983","develop",1
"1984","visibly",1
"1985","conventions",1
"1986","seek",1
"1987","zones",1
"1988","command",1
"1989","arnold",1
"1990","ga",1
"1991","southeastern",1
"1992","roles",1
"1993","draft",1
"1994","confrontations",1
"1995","occur",1
"1996","accumulators",1
"1997","faction",1
