"","WORDCOUNTS","WEIGHT"
"1","the",726
"2","of",564
"3","and",370
"4","a",261
"5","in",255
"6","etowah",205
"7","that",141
"8","to",141
"9","at",97
"10","mound",96
"11","as",90
"12","from",75
"13","s",74
"14","was",73
"15","by",71
"16","mississippian",69
"17","georgia",68
"18","site",68
"19","on",65
"20","for",64
"21","c",61
"22","is",55
"23","have",54
"24","b",50
"25","early",50
"26","political",49
"27","social",47
"28","it",46
"29","with",46
"30","king",44
"31","were",44
"32","period",42
"33","larson",42
"34","chiefdoms",41
"35","j",40
"36","university",40
"37","mounds",37
"38","an",36
"39","this",36
"40","during",33
"41","been",33
"42","excavations",32
"43","late",31
"44","press",30
"45","valley",30
"46","phase",29
"47","m",29
"48","has",29
"49","i",28
"50","these",28
"51","goods",28
"52","pp",27
"53","not",27
"54","r",26
"55","chiefdom",26
"56","hally",25
"57","century",25
"58","its",25
"59","archaeological",25
"60","d",25
"61","southeastern",25
"62","other",24
"63","one",24
"64","or",24
"65","also",24
"66","strategies",24
"67","over",24
"68","evidence",24
"69","be",24
"70","american",23
"71","those",23
"72","fig",23
"73","river",23
"74","data",23
"75","research",23
"76","southeast",23
"77","more",23
"78","see",22
"79","northern",22
"80","history",21
"81","are",21
"82","their",21
"83","archaeology",20
"84","many",20
"85","construction",20
"86","through",20
"87","h",19
"88","some",19
"89","had",19
"90","power",19
"91","large",18
"92","complex",18
"93","l",18
"94","ed",18
"95","but",18
"96","new",18
"97","understanding",18
"98","palisade",18
"99","area",18
"100","center",17
"101","may",17
"102","most",17
"103","important",17
"104","used",17
"105","t",17
"106","explorations",17
"107","like",17
"108","leaders",17
"109","wilbanks",17
"110","there",16
"111","centers",16
"112","structure",16
"113","information",16
"114","no",15
"115","p",15
"116","department",15
"117","savannah",15
"118","only",15
"119","time",15
"120","mortuary",15
"121","alabama",15
"122","although",15
"123","into",14
"124","all",14
"125","eastern",14
"126","burials",14
"127","burial",14
"128","network",14
"129","change",14
"130","areas",14
"131","eds",14
"132","individual",14
"133","blanton",14
"134","great",13
"135","ranked",13
"136","argued",13
"137","et",13
"138","about",13
"139","made",13
"140","region",13
"141","secc",13
"142","sequence",13
"143","which",13
"144","series",13
"145","ditch",13
"146","cahokia",13
"147","moundville",12
"148","kelly",12
"149","prehistoric",12
"150","likely",12
"151","knight",12
"152","end",12
"153","tennessee",12
"154","different",12
"155","states",12
"156","remains",12
"157","e",11
"158","context",11
"159","g",11
"160","emergence",11
"161","recovered",11
"162","societies",11
"163","found",11
"164","ranking",11
"165","place",11
"166","small",11
"167","anthropology",11
"168","collections",11
"169","capital",11
"170","report",11
"171","both",11
"172","little",11
"173","corporate",10
"174","they",10
"175","he",10
"176","case",10
"177","east",10
"178","rogan",10
"179","conducted",10
"180","across",10
"181","dc",10
"182","sites",10
"183","middle",10
"184","f",10
"185","ceremonial",10
"186","platform",10
"187","brown",10
"188","united",10
"189","each",10
"190","wall",10
"191","while",10
"192","pits",10
"193","washington",10
"194","building",10
"195","created",9
"196","along",9
"197","elaborate",9
"198","landscape",9
"199","histories",9
"200","part",9
"201","structures",9
"202","regional",9
"203","buildings",9
"204","society",9
"205","competition",9
"206","smith",9
"207","cambridge",9
"208","use",9
"209","exchange",9
"210","sequences",9
"211","paper",9
"212","economy",9
"213","northwestern",9
"214","elites",9
"215","contexts",8
"216","groups",8
"217","papers",8
"218","recorded",8
"219","america",8
"220","soto",8
"221","de",8
"222","moorehead",8
"223","shell",8
"224","plaza",8
"225","example",8
"226","stage",8
"227","several",8
"228","smithsonian",8
"229","southern",8
"230","noted",8
"231","feasting",8
"232","elite",8
"233","dominated",8
"234","k",8
"235","institution",8
"236","continued",8
"237","athens",8
"238","known",8
"239","phillips",8
"240","wauchope",8
"241","very",8
"242","langford",8
"243","between",8
"244","north",8
"245","tuscaloosa",7
"246","village",7
"247","before",7
"248","attempts",7
"249","suggesting",7
"250","survey",7
"251","sixteenth",7
"252","feinman",7
"253","surrounded",7
"254","such",7
"255","unpublished",7
"256","than",7
"257","clearly",7
"258","just",7
"259","record",7
"260","w",7
"261","result",7
"262","artifacts",7
"263","earth",7
"264","working",7
"265","results",7
"266","south",7
"267","located",7
"268","same",7
"269","al",7
"270","containing",7
"271","coosa",7
"272","addition",7
"273","grave",7
"274","took",7
"275","previous",7
"276","dating",7
"277","three",7
"278","antiquity",7
"279","thomas",7
"280","can",7
"281","suggests",7
"282","broader",7
"283","built",7
"284","chief",6
"285","materials",6
"286","being",6
"287","long",6
"288","available",6
"289","state",6
"290","ad",6
"291","possible",6
"292","hudson",6
"293","application",6
"294","elements",6
"295","served",6
"296","stratigraphie",6
"297","phases",6
"298","york",6
"299","his",6
"300","similar",6
"301","study",6
"302","organization",6
"303","organized",6
"304","my",6
"305","deal",6
"306","occupation",6
"307","cultural",6
"308","appears",6
"309","residential",6
"310","population",6
"311","placed",6
"312","because",6
"313","well",6
"314","people",6
"315","status",6
"316","excavated",6
"317","suggest",6
"318","waring",6
"319","few",6
"320","using",6
"321","florida",6
"322","will",6
"323","reconstruction",6
"324","ceramic",6
"325","lewis",6
"326","larger",6
"327","v",6
"328","where",6
"329","existing",6
"330","another",6
"331","described",6
"332","historic",6
"333","general",6
"334","probably",6
"335","detailed",6
"336","began",6
"337","summit",6
"338","borrow",6
"339","organizational",6
"340","associated",6
"341","historical",6
"342","size",6
"343","until",6
"344","sources",5
"345","implications",5
"346","seems",5
"347","nature",5
"348","paramount",5
"349","investigations",5
"350","side",5
"351","resources",5
"352","economies",5
"353","throughout",5
"354","development",5
"355","relatively",5
"356","items",5
"357","perspective",5
"358","apparently",5
"359","sears",5
"360","added",5
"361","how",5
"362","produced",5
"363","brewster",5
"364","understand",5
"365","ramp",5
"366","age",5
"367","dominant",5
"368","strategy",5
"369","based",5
"370","focused",5
"371","recently",5
"372","applied",5
"373","however",5
"374","work",5
"375","woodland",5
"376","systematic",5
"377","polity",5
"378","dorn",5
"379","lincoln",5
"380","rest",5
"381","identified",5
"382","museum",5
"383","two",5
"384","scholars",5
"385","native",5
"386","number",5
"387","polities",5
"388","depratter",5
"389","completed",5
"390","stages",5
"391","after",5
"392","lamar",5
"393","decision",5
"394","drennan",5
"395","lines",5
"396","table",5
"397","when",5
"398","following",5
"399","symbolic",5
"400","constructed",5
"401","control",5
"402","making",5
"403","particular",5
"404","prestige",5
"405","role",5
"406","copper",5
"407","world",5
"408","brain",5
"409","potential",5
"410","gainesville",5
"411","abandoned",5
"412","much",5
"413","recent",5
"414","indicating",5
"415","final",4
"416","given",4
"417","kinds",4
"418","test",4
"419","first",4
"420","emerged",4
"421","simple",4
"422","differences",4
"423","mississippi",4
"424","sacred",4
"425","within",4
"426","key",4
"427","cooperation",4
"428","southerlin",4
"429","flank",4
"430","point",4
"431","far",4
"432","still",4
"433","kristiansen",4
"434","surplus",4
"435","collapse",4
"436","rites",4
"437","bone",4
"438","entire",4
"439","ai",4
"440","dates",4
"441","terrace",4
"442","even",4
"443","memoir",4
"444","leadership",4
"445","capitals",4
"446","ridge",4
"447","rather",4
"448","centered",4
"449","cult",4
"450","parts",4
"451","support",4
"452","occupational",4
"453","beyond",4
"454","nebraska",4
"455","could",4
"456","events",4
"457","apparent",4
"458","own",4
"459","feasts",4
"460","county",4
"461","peak",4
"462","up",4
"463","hayden",4
"464","local",4
"465","economic",4
"466","limited",4
"467","make",4
"468","domination",4
"469","single",4
"470","floor",4
"471","rise",4
"472","fill",4
"473","again",4
"474","towns",4
"475","communal",4
"476","fact",4
"477","galloway",4
"478","ethnology",4
"479","previously",4
"480","causes",4
"481","evolution",4
"482","individuals",4
"483","low",4
"484","clear",4
"485","pauketat",4
"486","bartow",4
"487","statues",4
"488","so",4
"489","features",4
"490","played",4
"491","southwest",4
"492","pottery",4
"493","fairly",4
"494","testing",4
"495","indicate",4
"496","anthropological",4
"497","comes",4
"498","intensification",4
"499","extensive",4
"500","set",4
"501","natural",4
"502","commission",4
"503","shows",4
"504","wood",4
"505","what",4
"506","maintain",4
"507","theory",4
"508","became",4
"509","extended",4
"510","indians",4
"511","developmental",4
"512","schroedl",4
"513","difficult",3
"514","way",3
"515","if",3
"516","solidarity",3
"517","themes",3
"518","production",3
"519","military",3
"520","attempt",3
"521","interred",3
"522","uncovered",3
"523","take",3
"524","styles",3
"525","date",3
"526","quantities",3
"527","politics",3
"528","prehispanic",3
"529","burning",3
"530","west",3
"531","framework",3
"532","labor",3
"533","human",3
"534","piedmont",3
"535","accommodation",3
"536","since",3
"537","interior",3
"538","jr",3
"539","hold",3
"540","reoccupation",3
"541","networks",3
"542","details",3
"543","ma",3
"544","master",3
"545","whose",3
"546","levels",3
"547","approaches",3
"548","earlier",3
"549","connected",3
"550","importance",3
"551","monumental",3
"552","prehistory",3
"553","objects",3
"554","n",3
"555","dominate",3
"556","four",3
"557","position",3
"558","plenum",3
"559","suggested",3
"560","basin",3
"561","demise",3
"562","access",3
"563","carolina",3
"564","emerge",3
"565","synthesize",3
"566","base",3
"567","culture",3
"568","further",3
"569","oklahoma",3
"570","province",3
"571","wealth",3
"572","public",3
"573","near",3
"574","line",3
"575","clearer",3
"576","whole",3
"577","formations",3
"578","preparation",3
"579","regions",3
"580","expended",3
"581","caused",3
"582","tested",3
"583","settlement",3
"584","involved",3
"585","around",3
"586","habitation",3
"587","wider",3
"588","facility",3
"589","portions",3
"590","annual",3
"591","generally",3
"592","provided",3
"593","periods",3
"594","nassaney",3
"595","portion",3
"596","therefore",3
"597","mA 1/4ller",3
"598","overall",3
"599","cole",3
"600","interpretation",3
"601","makes",3
"602","rules",3
"603","morgan",3
"604","thesis",3
"605","included",3
"606","williams",3
"607","architectural",3
"608","academy",3
"609","similarly",3
"610","projects",3
"611","treatment",3
"612","variation",3
"613","pattern",3
"614","do",3
"615","present",3
"616","armed",3
"617","mills",3
"618","including",3
"619","ruling",3
"620","largely",3
"621","recovery",3
"622","laboratory",3
"623","authors",3
"624","blakley",3
"625","abundant",3
"626","systems",3
"627","unoccupied",3
"628","dominance",3
"629","bureau",3
"630","ideology",3
"631","program",3
"632","widespread",3
"633","analysis",3
"634","fall",3
"635","bastions",3
"636","earliest",3
"637","fertility",3
"638","abandonment",3
"639","then",3
"640","any",3
"641","material",3
"642","spanish",3
"643","hernando",3
"644","bronze",3
"645","temple",3
"646","earle",3
"647","shares",3
"648","did",3
"649","current",3
"650","particularly",3
"651","past",3
"652","animal",3
"653","beginning",3
"654","according",3
"655","form",3
"656","distribution",3
"657","presented",3
"658","must",3
"659","despite",3
"660","techniques",3
"661","years",3
"662","finally",3
"663","parallels",3
"664","dense",3
"665","colleagues",3
"666","attempted",3
"667","association",3
"668","km",3
"669","traditional",3
"670","focus",3
"671","peabody",3
"672","major",3
"673","surroundings",2
"674","archives",2
"675","now",2
"676","edge",2
"677","common",2
"678","fortified",2
"679","later",2
"680","meaning",2
"681","functional",2
"682","presses",2
"683","group",2
"684","mesoamerica",2
"685","systematically",2
"686","creeks",2
"687","ways",2
"688","strictly",2
"689","studies",2
"690","flows",2
"691","considerations",2
"692","hair",2
"693","western",2
"694","rorida",2
"695","lower",2
"696","consistent",2
"697","itaba",2
"698","modest",2
"699","certainly",2
"700","creation",2
"701","fifteenth",2
"702","interests",2
"703","taken",2
"704","concentrated",2
"705","rapid",2
"706","stratification",2
"707","layout",2
"708","undisturbed",2
"709","continue",2
"710","advantage",2
"711","broken",2
"712","together",2
"713","timing",2
"714","sometime",2
"715","renfrew",2
"716","help",2
"717","last",2
"718","chickamauga",2
"719","emphasized",2
"720","waselkov",2
"721","somewhat",2
"722","threshold",2
"723","reanalysis",2
"724","vol",2
"725","howard",2
"726","functions",2
"727","crossed",2
"728","measuring",2
"729","community",2
"730","occurring",2
"731","quantity",2
"732","above",2
"733","holder",2
"734","ritual",2
"735","central",2
"736","oaxaca",2
"737","review",2
"738","chiefs",2
"739","illustrates",2
"740","corner",2
"741","gilman",2
"742","tucson",2
"743","expected",2
"744","kind",2
"745","cases",2
"746","distinct",2
"747","places",2
"748","concerning",2
"749","amount",2
"750","columbia",2
"751","six",2
"752","houses",2
"753","lineage",2
"754","compared",2
"755","continuous",2
"756","third",2
"757","twice",2
"758","explore",2
"759","archaeologist",2
"760","communication",2
"761","journal",2
"762","buried",2
"763","steps",2
"764","town",2
"765","mexico",2
"766","main",2
"767","developed",2
"768","remain",2
"769","ascent",2
"770","square",2
"771","notion",2
"772","process",2
"773","excavators",2
"774","stout",2
"775","scarry",2
"776","special",2
"777","reason",2
"778","changes",2
"779","possibly",2
"780","specialization",2
"781","presumably",2
"782","proved",2
"783","elsewhere",2
"784","days",2
"785","impact",2
"786","northeastern",2
"787","orientation",2
"788","additional",2
"789","indications",2
"790","followed",2
"791","notions",2
"792","shifted",2
"793","stoltman",2
"794","symbolized",2
"795","differently",2
"796","appear",2
"797","atlanta",2
"798","raw",2
"799","gorgets",2
"800","came",2
"801","identifying",2
"802","ga",2
"803","attack",2
"804","effort",2
"805","missouri",2
"806","out",2
"807","changed",2
"808","shared",2
"809","zone",2
"810","evaluate",2
"811","tactics",2
"812","understood",2
"813","ledbetter",2
"814","war",2
"815","mantle",2
"816","symbols",2
"817","boyd",2
"818","biases",2
"819","explain",2
"820","directly",2
"821","none",2
"822","participation",2
"823","future",2
"824","y",2
"825","prominent",2
"826","brought",2
"827","positions",2
"828","egalitarian",2
"829","literature",2
"830","contains",2
"831","dietler",2
"832","actually",2
"833","personal",2
"834","we",2
"835","artifact",2
"836","creating",2
"837","below",2
"838","distances",2
"839","involve",2
"840","exclusionary",2
"841","contrast",2
"842","consolidation",2
"843","quite",2
"844","emerging",2
"845","characteristics",2
"846","highly",2
"847","ancestors",2
"848","gage",2
"849","visitor",2
"850","jackson",2
"851","corridor",2
"852","purification",2
"853","majority",2
"854","aggrandize",2
"855","subgroups",2
"856","structured",2
"857","moved",2
"858","activities",2
"859","chronological",2
"860","provide",2
"861","variety",2
"862","contact",2
"863","drainage",2
"864","populations",2
"865","comparative",2
"866","subject",2
"867","intensively",2
"868","stratigraphy",2
"869","strategic",2
"870","andover",2
"871","relied",2
"872","yet",2
"873","nonlocal",2
"874","accident",2
"875","under",2
"876","chronology",2
"877","ancient",2
"878","complete",2
"879","rectangular",2
"880","performed",2
"881","ethnographic",2
"882","issues",2
"883","largest",2
"884","independent",2
"885","volume",2
"886","leader",2
"887","europe",2
"888","decorative",2
"889","summits",2
"890","efforts",2
"891","lack",2
"892","limit",2
"893","appeared",2
"894","documents",2
"895","foster",2
"896","honor",2
"897","depopulation",2
"898","patterns",2
"899","enough",2
"900","developing",2
"901","heavily",2
"902","reconstructing",2
"903","hamilton",2
"904","remained",2
"905","violent",2
"906","bulletin",2
"907","interpreting",2
"908","original",2
"909","recognizing",2
"910","collecting",2
"911","discussion",2
"912","represented",2
"913","sides",2
"914","deposits",2
"915","significant",2
"916","food",2
"917","unfortunately",2
"918","exhibited",2
"919","examination",2
"920","radiocarbon",2
"921","students",2
"922","significance",2
"923","pin",2
"924","defensive",2
"925","would",2
"926","function",2
"927","summer",2
"928","high",2
"929","collected",2
"930","filled",2
"931","households",2
"932","graves",2
"933","behind",2
"934","become",2
"935","respectively",2
"936","anderson",2
"937","hierarchical",2
"938","materialized",2
"939","looked",2
"940","occupied",2
"941","destruction",2
"942","ehrenreich",2
"943","visit",2
"944","european",2
"945","seasons",2
"946","suggestion",2
"947","today",2
"948","grammar",2
"949","perspectives",2
"950","ecological",2
"951","five",2
"952","inside",2
"953","dimensions",2
"954","who",2
"955","army",2
"956","force",2
"957","returned",2
"958","rudolph",2
"959","existed",2
"960","centuries",2
"961","aboriginal",2
"962","hatley",2
"963","gathered",2
"964","middens",2
"965","founders",2
"966","dissertation",2
"967","sections",2
"968","undertook",2
"969","contained",2
"970","constant",2
"971","complexity",2
"972","comparison",2
"973","ever",2
"974","stephen",2
"975","alternative",2
"976","readily",2
"977","descriptions",2
"978","believe",2
"979","down",2
"980","constructions",2
"981","eventually",2
"982","powhatan",2
"983","phd",2
"984","reproduce",2
"985","reign",2
"986","unique",2
"987","them",2
"988","agricultural",2
"989","produce",2
"990","almost",2
"991","emphasis",2
"992","danish",2
"993","contain",2
"994","conference",2
"995","outline",2
"996","altered",2
"997","practices",2
"998","reconstruct",2
"999","colonial",2
"1000","maintained",2
"1001","gain",2
"1002","our",2
"1003","prepared",2
"1004","ultimately",2
"1005","presence",2
"1006","recording",2
"1007","argument",2
"1008","fourteenth",2
"1009","numerous",2
"1010","explanation",2
"1011","need",2
"1012","vital",2
"1013","earthen",2
"1014","archaic",2
"1015","enclosed",2
"1016","supernaturally",2
"1017","mobilized",2
"1018","themselves",2
"1019","trubitt",2
"1020","lake",2
"1021","debate",2
"1022","corn",2
"1023","immediately",2
"1024","uk",2
"1025","zones",2
"1026","famous",2
"1027","should",2
"1028","meeting",2
"1029","ca",2
"1030","arizona",2
"1031","exhibiting",1
"1032","jumbled",1
"1033","intimately",1
"1034","currently",1
"1035","rothschild",1
"1036","compares",1
"1037","o",1
"1038","done",1
"1039","oriented",1
"1040","undoubtedly",1
"1041","concerned",1
"1042","indicated",1
"1043","quickly",1
"1044","yards",1
"1045","designated",1
"1046","emerson",1
"1047","separated",1
"1048","represent",1
"1049","affected",1
"1050","reconsidered",1
"1051","expedition",1
"1052","episodes",1
"1053","college",1
"1054","heights",1
"1055","thrown",1
"1056","determine",1
"1057","resided",1
"1058","extends",1
"1059","considerably",1
"1060","introduction",1
"1061","manuscript",1
"1062","distributed",1
"1063","crossing",1
"1064","linguistic",1
"1065","identifies",1
"1066","elaborately",1
"1067","settlements",1
"1068","replaced",1
"1069","nested",1
"1070","designed",1
"1071","symbolize",1
"1072","stone",1
"1073","word",1
"1074","second",1
"1075","schools",1
"1076","picking",1
"1077","sets",1
"1078","sumptuary",1
"1079","communally",1
"1080","completely",1
"1081","pressing",1
"1082","marcus",1
"1083","park",1
"1084","trenching",1
"1085","contention",1
"1086","reasonably",1
"1087","trace",1
"1088","ravine",1
"1089","excavation",1
"1090","presents",1
"1091","unlike",1
"1092","inequality",1
"1093","total",1
"1094","accomplishments",1
"1095","nineteenth",1
"1096","something",1
"1097","edu",1
"1098","contested",1
"1099","po",1
"1100","flaws",1
"1101","source",1
"1102","annals",1
"1103","interestingly",1
"1104","disturbances",1
"1105","file",1
"1106","anything",1
"1107","cast",1
"1108","archaeologists",1
"1109","either",1
"1110","coalesced",1
"1111","kiag",1
"1112","knoxviile",1
"1113","preceding",1
"1114","originally",1
"1115","might",1
"1116","looting",1
"1117","forcibly",1
"1118","anywhere",1
"1119","worked",1
"1120","artificially",1
"1121","words",1
"1122","confirmed",1
"1123","chiana",1
"1124","physiographic",1
"1125","comparatively",1
"1126","reach",1
"1127","shaped",1
"1128","principles",1
"1129","height",1
"1130","taba",1
"1131","route",1
"1132","wooden",1
"1133","secondary",1
"1134","daub",1
"1135","rebuilt",1
"1136","inflict",1
"1137","multimound",1
"1138","overflows",1
"1139","untapped",1
"1140","confirming",1
"1141","chroniclers",1
"1142","able",1
"1143","link",1
"1144","religion",1
"1145","deemed",1
"1146","subsequent",1
"1147","mabila",1
"1148","feature",1
"1149","patterned",1
"1150","nm",1
"1151","boyko",1
"1152","stand",1
"1153","universal",1
"1154","robert",1
"1155","platforms",1
"1156","ruined",1
"1157","discipline",1
"1158","declines",1
"1159","surveys",1
"1160","elucidating",1
"1161","ransacking",1
"1162","embroiled",1
"1163","contents",1
"1164","similarities",1
"1165","debitage",1
"1166","posts",1
"1167","continuities",1
"1168","classic",1
"1169","ascribed",1
"1170","gnawing",1
"1171","plains",1
"1172","abbreviated",1
"1173","tie",1
"1174","etowata",1
"1175","heterarchy",1
"1176","draws",1
"1177","continuum",1
"1178","u",1
"1179","draw",1
"1180","discuss",1
"1181","implies",1
"1182","marked",1
"1183","nordic",1
"1184","fl",1
"1185","tracing",1
"1186","cartersville",1
"1187","characterize",1
"1188","reaching",1
"1189","kerber",1
"1190","explorers",1
"1191","chicfdom",1
"1192","powers",1
"1193","bibliography",1
"1194","move",1
"1195","ki",1
"1196","combination",1
"1197","aking",1
"1198","waging",1
"1199","cited",1
"1200","sociocultural",1
"1201","beneath",1
"1202","furnishings",1
"1203","plowed",1
"1204","collection",1
"1205","connectedness",1
"1206","separating",1
"1207","behavior",1
"1208","citico",1
"1209","signal",1
"1210","factional",1
"1211","bnimfiel",1
"1212","learned",1
"1213","centralized",1
"1214","iron",1
"1215","accessible",1
"1216","blueridge",1
"1217","cemeteries",1
"1218","kb",1
"1219","blades",1
"1220","dotted",1
"1221","component",1
"1222","run",1
"1223","btowan",1
"1224","intensifying",1
"1225","desoto",1
"1226","categorized",1
"1227","realized",1
"1228","atop",1
"1229","trench",1
"1230","relations",1
"1231","santa",1
"1232","metalwork",1
"1233","spans",1
"1234","statesy",1
"1235","midcontinental",1
"1236","rank",1
"1237","adam",1
"1238","clay",1
"1239","underlying",1
"1240","back",1
"1241","contrary",1
"1242","ha",1
"1243","ransack",1
"1244","generating",1
"1245","arranged",1
"1246","left",1
"1247","alliances",1
"1248","drawn",1
"1249","pueblo",1
"1250","lobe",1
"1251","constructs",1
"1252","practically",1
"1253","deeply",1
"1254","helping",1
"1255","crafting",1
"1256","jones",1
"1257","vicinities",1
"1258","enrich",1
"1259","competitive",1
"1260","latelamar",1
"1261","civilization",1
"1262","operation",1
"1263","poor",1
"1264","weapon",1
"1265","reconstructed",1
"1266","knoxville",1
"1267","klag",1
"1268","kibf",1
"1269","americans",1
"1270","parlayed",1
"1271","without",1
"1272","predicted",1
"1273","growth",1
"1274","injuries",1
"1275","absent",1
"1276","sensing",1
"1277","adds",1
"1278","district",1
"1279","possession",1
"1280","influential",1
"1281","centralization",1
"1282","midwest",1
"1283","subsistence",1
"1284","remote",1
"1285","js",1
"1286","lasted",1
"1287","derived",1
"1288","direct",1
"1289","contributions",1
"1290","disarticulated",1
"1291","winters",1
"1292","columbian",1
"1293","ethridge",1
"1294","creek",1
"1295","clayton",1
"1296","summarized",1
"1297","productive",1
"1298","consequences",1
"1299","scattered",1
"1300","factors",1
"1301","moves",1
"1302","fid",1
"1303","consistency",1
"1304","means",1
"1305","modified",1
"1306","references",1
"1307","provinces",1
"1308","biased",1
"1309","archaeoloqv",1
"1310","discouraged",1
"1311","familiar",1
"1312","intensive",1
"1313","den",1
"1314","consolidate",1
"1315","warren",1
"1316","elevated",1
"1317","numbers",1
"1318","house",1
"1319","too",1
"1320","profile",1
"1321","show",1
"1322","embossed",1
"1323","exploited",1
"1324","resource",1
"1325","lithic",1
"1326","powerful",1
"1327","surface",1
"1328","organisation",1
"1329","plates",1
"1330","ceremony",1
"1331","requires",1
"1332","painted",1
"1333","blakely",1
"1334","reconsideration",1
"1335","helped",1
"1336","projected",1
"1337","advocated",1
"1338","view",1
"1339","myths",1
"1340","trajectories",1
"1341","invading",1
"1342","disappeared",1
"1343","artistic",1
"1344","greater",1
"1345","lead",1
"1346","rivals",1
"1347","path",1
"1348","location",1
"1349","corridors",1
"1350","appearance",1
"1351","fortunes",1
"1352","begun",1
"1353","faunal",1
"1354","search",1
"1355","called",1
"1356","traditionally",1
"1357","midden",1
"1358","symbolically",1
"1359","configuration",1
"1360","initial",1
"1361","employee",1
"1362","accurately",1
"1363","floodwater",1
"1364","archeologica",1
"1365","posited",1
"1366","engraved",1
"1367","refine",1
"1368","circular",1
"1369","mediated",1
"1370","pitting",1
"1371","viewed",1
"1372","moore",1
"1373","reinforce",1
"1374","pins",1
"1375","promise",1
"1376","scale",1
"1377","explored",1
"1378","wide",1
"1379","claimants",1
"1380","wayne",1
"1381","possibility",1
"1382","briefly",1
"1383","warriors",1
"1384","shape",1
"1385","hierarchies",1
"1386","unequal",1
"1387","designation",1
"1388","basis",1
"1389","charred",1
"1390","smear",1
"1391","climb",1
"1392","statehood",1
"1393","circumstantial",1
"1394","preferred",1
"1395","heart",1
"1396","fired",1
"1397","stake",1
"1398","attacked",1
"1399","purpose",1
"1400","ot",1
"1401","tombs",1
"1402","symbolism",1
"1403","related",1
"1404","appleton",1
"1405","penetrating",1
"1406","minority",1
"1407","intentionally",1
"1408","older",1
"1409","engineer",1
"1410","northwest",1
"1411","corporateoriented",1
"1412","unreported",1
"1413","inferences",1
"1414","broad",1
"1415","concentrate",1
"1416","increasingly",1
"1417","renewals",1
"1418","ethnohistoric",1
"1419","away",1
"1420","surrounding",1
"1421","employed",1
"1422","sun",1
"1423","smallest",1
"1424","cantwell",1
"1425","towards",1
"1426","approach",1
"1427","refuse",1
"1428","errors",1
"1429","oriental",1
"1430","causal",1
"1431","published",1
"1432","least",1
"1433","indicator",1
"1434","level",1
"1435","ago",1
"1436","oaleonutritional",1
"1437","shaping",1
"1438","appended",1
"1439","squarely",1
"1440","lords",1
"1441","bank",1
"1442","complexly",1
"1443","consensus",1
"1444","accomplished",1
"1445","concerns",1
"1446","bridge",1
"1447","significantly",1
"1448","industry",1
"1449","dramatic",1
"1450","suddenly",1
"1451","mesomerican",1
"1452","coast",1
"1453","division",1
"1454","core",1
"1455","vein",1
"1456","characterizes",1
"1457","managed",1
"1458","visible",1
"1459","descendants",1
"1460","progress",1
"1461","describes",1
"1462","paid",1
"1463","colloquium",1
"1464","factionalism",1
"1465","appropriate",1
"1466","newly",1
"1467","philips",1
"1468","waiting",1
"1469","critical",1
"1470","partially",1
"1471","noteworthy",1
"1472","situation",1
"1473","biocultural",1
"1474","warfare",1
"1475","territorial",1
"1476","various",1
"1477","architecture",1
"1478","fortunately",1
"1479","short",1
"1480","synthesis",1
"1481","hinge",1
"1482","surprisingly",1
"1483","play",1
"1484","corporation",1
"1485","inclusive",1
"1486","brief",1
"1487","prevailing",1
"1488","positioned",1
"1489","projecting",1
"1490","indicates",1
"1491","interactions",1
"1492","sponsored",1
"1493","builders",1
"1494","unprecedented",1
"1495","collapsed",1
"1496","inhabited",1
"1497","vie",1
"1498","vicinity",1
"1499","once",1
"1500","foot",1
"1501","cobb",1
"1502","peregrine",1
"1503","permission",1
"1504","examined",1
"1505","fit",1
"1506","coverage",1
"1507","barker",1
"1508","rife",1
"1509","serve",1
"1510","kk",1
"1511","us",1
"1512","neither",1
"1513","demographic",1
"1514","swamp",1
"1515","light",1
"1516","collectively",1
"1517","kowalewski",1
"1518","formalized",1
"1519","tortoise",1
"1520","literally",1
"1521","hay",1
"1522","indian",1
"1523","scany",1
"1524","insights",1
"1525","garland",1
"1526","reliance",1
"1527","oblong",1
"1528","engravings",1
"1529","inference",1
"1530","chose",1
"1531","fabulous",1
"1532","mobile",1
"1533","starting",1
"1534","fire",1
"1535","westward",1
"1536","toward",1
"1537","others",1
"1538","reporting",1
"1539","rock",1
"1540","experienced",1
"1541","monopolized",1
"1542","longer",1
"1543","cartersvilk",1
"1544","occurrence",1
"1545","striking",1
"1546","instability",1
"1547","plan",1
"1548","compound",1
"1549","agree",1
"1550","confederacy",1
"1551","attempting",1
"1552","antonio",1
"1553","john",1
"1554","forging",1
"1555","arthur",1
"1556","contemporary",1
"1557","doubt",1
"1558","formulating",1
"1559","diameter",1
"1560","pennsylvania",1
"1561","discussed",1
"1562","external",1
"1563","sullivan",1
"1564","anthropologist",1
"1565","forms",1
"1566","men",1
"1567","adjacent",1
"1568","ground",1
"1569","subside",1
"1570","covered",1
"1571","keys",1
"1572","unit",1
"1573","continuing",1
"1574","orderly",1
"1575","purposes",1
"1576","spot",1
"1577","council",1
"1578","necessary",1
"1579","practice",1
"1580","focusing",1
"1581","incursions",1
"1582","carnivore",1
"1583","perhaps",1
"1584","style",1
"1585","shifts",1
"1586","explicitly",1
"1587","compete",1
"1588","encountered",1
"1589","identifiable",1
"1590","valleys",1
"1591","laudable",1
"1592","argues",1
"1593","thousands",1
"1594","fundamentally",1
"1595","analyzed",1
"1596","interrelated",1
"1597","greatest",1
"1598","exploring",1
"1599","investigated",1
"1600","disease",1
"1601","orienting",1
"1602","craig",1
"1603","chiefly",1
"1604","upon",1
"1605","transformed",1
"1606","arose",1
"1607","scatter",1
"1608","colonize",1
"1609","top",1
"1610","host",1
"1611","entirely",1
"1612","hypotheses",1
"1613","persisted",1
"1614","operated",1
"1615","factor",1
"1616","collaborative",1
"1617","prominently",1
"1618","harvard",1
"1619","questions",1
"1620","services",1
"1621","crook",1
"1622","stayed",1
"1623","involves",1
"1624","perched",1
"1625","trade",1
"1626","accessed",1
"1627","reality",1
"1628","emphasizing",1
"1629","grew",1
"1630","hampered",1
"1631","costumes",1
"1632","decorated",1
"1633","radar",1
"1634","less",1
"1635","times",1
"1636","characterized",1
"1637","geographically",1
"1638","belongs",1
"1639","plant",1
"1640","him",1
"1641","auguring",1
"1642","obtained",1
"1643","course",1
"1644","paths",1
"1645","pyramidal",1
"1646","contributed",1
"1647","probable",1
"1648","renewal",1
"1649","connects",1
"1650","institutionalized",1
"1651","quick",1
"1652","A�piro",1
"1653","especially",1
"1654","comparing",1
"1655","internal",1
"1656","floral",1
"1657","promote",1
"1658","mining",1
"1659","bordered",1
"1660","borderlands",1
"1661","interpretations",1
"1662","overcome",1
"1663","tossed",1
"1664","slightly",1
"1665","spain",1
"1666","tendency",1
"1667","amateur",1
"1668","professional",1
"1669","attention",1
"1670","chert",1
"1671","specialty",1
"1672","guiding",1
"1673","convincingly",1
"1674","widely",1
"1675","attended",1
"1676","tampa",1
"1677","things",1
"1678","depth",1
"1679","unstable",1
"1680","rodent",1
"1681","aid",1
"1682","note",1
"1683","tentative",1
"1684","richest",1
"1685","removing",1
"1686","inhabitants",1
"1687","movements",1
"1688","segments",1
"1689","sometimes",1
"1690","headdress",1
"1691","bound",1
"1692","reasonable",1
"1693","begin",1
"1694","paleodemographic",1
"1695","resumed",1
"1696","regalia",1
"1697","institutions",1
"1698","slow",1
"1699","becomes",1
"1700","effectively",1
"1701","importantly",1
"1702","interplay",1
"1703","transformation",1
"1704","rapidly",1
"1705","ceremonialism",1
"1706","nonmound",1
"1707","traveled",1
"1708","why",1
"1709","owned",1
"1710","often",1
"1711","fe",1
"1712","interconnected",1
"1713","prolegomenon",1
"1714","antiquities",1
"1715","lineages",1
"1716","stratified",1
"1717","types",1
"1718","face",1
"1719","unusual",1
"1720","figured",1
"1721","chattahoochee",1
"1722","considered",1
"1723","detail",1
"1724","burned",1
"1725","school",1
"1726","iberia",1
"1727","summary",1
"1728","version",1
"1729","changing",1
"1730","calendrical",1
"1731","circumstances",1
"1732","allatoona",1
"1733","constituted",1
"1734","duress",1
"1735","soil",1
"1736","pace",1
"1737","rival",1
"1738","temporal",1
"1739","antnropojogy",1
"1740","griffin",1
"1741","cyrus",1
"1742","rattle",1
"1743","debunking",1
"1744","interrupted",1
"1745","muskhogean",1
"1746","specialized",1
"1747","share",1
"1748","december",1
"1749","distinctions",1
"1750","sampling",1
"1751","seem",1
"1752","gone",1
"1753","best",1
"1754","prominence",1
"1755","coring",1
"1756","expense",1
"1757","premound",1
"1758","scenario",1
"1759","domestic",1
"1760","ideological",1
"1761","spaniards",1
"1762","boasted",1
"1763","sc",1
"1764","linked",1
"1765","exhaustive",1
"1766","rely",1
"1767","twelfth",1
"1768","massachusetts",1
"1769","polhemus",1
"1770","cultivation",1
"1771","badger",1
"1772","associations",1
"1773","doms",1
"1774","examining",1
"1775","pit",1
"1776","placing",1
"1777","proposed",1
"1778","works",1
"1779","living",1
"1780","absolutely",1
"1781","merely",1
"1782","destroyed",1
"1783","evident",1
"1784","charged",1
"1785","william",1
"1786","scholarly",1
"1787","gorget",1
"1788","explanations",1
"1789","proceedings",1
"1790","carefully",1
"1791","whether",1
"1792","terms",1
"1793","stability",1
"1794","list",1
"1795","accounts",1
"1796","internment",1
"1797","supports",1
"1798","archeoiogical",1
"1799","pertinent",1
"1800","nearby",1
"1801","pubushing",1
"1802","map",1
"1803","encloses",1
"1804","axis",1
"1805","adaptation",1
"1806","fully",1
"1807","periphery",1
"1808","institute",1
"1809","project",1
"1810","require",1
"1811","voice",1
"1812","levy",1
"1813","cluster",1
"1814","finished",1
"1815","popular",1
"1816","spaces",1
"1817","hurst",1
"1818","presume",1
"1819","radically",1
"1820","researchers",1
"1821","bralcy",1
"1822","screens",1
"1823","beck",1
"1824","attached",1
"1825","ohio",1
"1826","kin",1
"1827","city",1
"1828","marble",1
"1829","whittlesey",1
"1830","atrophy",1
"1831","hurried",1
"1832","stairs",1
"1833","die",1
"1834","intended",1
"1835","transition",1
"1836","ecology",1
"1837","lies",1
"1838","administration",1
"1839","explication",1
"1840","went",1
"1841","contribute",1
"1842","possessions",1
"1843","obtain",1
"1844","arguments",1
"1845","unity",1
"1846","evidenced",1
"1847","vocal",1
"1848","tall",1
"1849","crew",1
"1850","come",1
"1851","formation",1
"1852","devoted",1
"1853","nutritional",1
"1854","spacing",1
"1855","differentiation",1
"1856","cycle",1
"1857","difference",1
"1858","decimated",1
"1859","disposal",1
"1860","nonelite",1
"1861","crumley",1
"1862","similarity",1
"1863","finding",1
"1864","contract",1
"1865","knights",1
"1866","illinois",1
"1867","protohistoric",1
"1868","institutional",1
"1869","nixon",1
"1870","shed",1
"1871","offer",1
"1872","representing",1
"1873","instead",1
"1874","carelessly",1
"1875","salt",1
"1876","correlated",1
"1877","ttowah",1
"1878","green",1
"1879","duajprocessual",1
"1880","unified",1
"1881","disruption",1
"1882","involving",1
"1883","defined",1
"1884","shift",1
"1885","reorganized",1
"1886","offered",1
"1887","specific",1
"1888","contradicted",1
"1889","searching",1
"1890","removed",1
"1891","penetrated",1
"1892","assumed",1
"1893","consisted",1
"1894","correlate",1
"1895","vary",1
"1896","reached",1
"1897","archaenlnex",1
"1898","element",1
"1899","sciences",1
"1900","severely",1
"1901","sheer",1
"1902","develop",1
"1903","gulf",1
"1904","among",1
"1905","technological",1
"1906","aggrandizing",1
"1907","close",1
"1908","occur",1
"1909","thorough",1
"1910","hypothesis",1
