"","WORDCOUNTS","WEIGHT"
"1","the",919
"2","of",658
"3","and",560
"4","in",424
"5","to",207
"6","a",174
"7","bronze",166
"8","from",155
"9","yunnan",147
"10","with",98
"11","china",91
"12","as",89
"13","that",83
"14","on",83
"15","these",77
"16","neolithic",71
"17","are",68
"18","have",68
"19","by",67
"20","dian",67
"21","cultural",66
"22","region",66
"23","p",63
"24","bc",62
"25","at",59
"26","archaeology",59
"27","j",58
"28","fig",58
"29","river",57
"30","age",55
"31","is",55
"32","this",51
"33","southwestern",48
"34","sites",48
"35","southeast",48
"36","for",46
"37","asia",43
"38","s",39
"39","pp",39
"40","or",39
"41","archaeol",37
"42","been",37
"43","res",37
"44","springer",37
"45","social",36
"46","drums",36
"47","jinsha",36
"48","be",36
"49","lake",35
"50","relics",35
"51","c",35
"52","central",34
"53","site",34
"54","were",33
"55","et",31
"56","al",31
"57","two",31
"58","an",31
"59","wanjiaba",30
"60","i",30
"61","archaeological",30
"62","regional",29
"63","kaogu",28
"64","metallurgy",28
"65","not",28
"66","culture",27
"67","also",27
"68","between",27
"69","production",26
"70","has",26
"71","vietnam",25
"72","chinese",24
"73","period",24
"74","northern",24
"75","western",23
"76","ypicra",23
"77","asian",23
"78","which",23
"79","wang",23
"80","e",22
"81","their",22
"82","university",22
"83","found",22
"84","guizhou",22
"85","groups",21
"86","zhang",21
"87","emergence",21
"88","societies",21
"89","cambridge",21
"90","chuban",21
"91","higham",21
"92","communities",21
"93","she",21
"94","institute",21
"95","interaction",21
"96","into",20
"97","sichuan",20
"98","distribution",20
"99","ancient",20
"100","along",19
"101","m",19
"102","hilt",19
"103","plateau",19
"104","provincial",19
"105","haimenkou",19
"106","axes",19
"107","ed",19
"108","but",19
"109","valleys",19
"110","polities",19
"111","basins",19
"112","eastern",18
"113","kunming",18
"114","networks",18
"115","shizhaishan",18
"116","wenwu",18
"117","regions",18
"118","graves",18
"119","over",18
"120","cemetery",18
"121","press",18
"122","o",17
"123","han",17
"124","archaeologists",17
"125","political",17
"126","millennium",17
"127","may",17
"128","basin",17
"129","ceramic",17
"130","complexes",17
"131","while",17
"132","redrawn",17
"133","early",17
"134","prehistoric",16
"135","circulation",16
"136","county",16
"137","southern",16
"138","patterns",16
"139","local",16
"140","use",16
"141","southwest",16
"142","middle",16
"143","lower",15
"144","sources",15
"145","dong",15
"146","de",15
"147","century",15
"148","tombs",15
"149","corridor",15
"150","weaponry",15
"151","control",15
"152","goods",15
"153","both",15
"154","copper",15
"155","recent",15
"156","tradition",14
"157","yao",14
"158","li",14
"159","was",14
"160","upper",14
"161","only",14
"162","routes",14
"163","pattern",14
"164","assemblage",14
"165","tin",14
"166","cultures",14
"167","yizhi",14
"168","d",14
"169","history",13
"170","first",13
"171","highland",13
"172","pit",13
"173","distinct",13
"174","developments",13
"175","across",13
"176","most",13
"177","rice",13
"178","molds",13
"179","late",13
"180","its",13
"181","grave",13
"182","where",13
"183","eds",13
"184","discovery",13
"185","range",13
"186","radiocarbon",13
"187","office",13
"188","lacustrine",13
"189","different",13
"190","current",13
"191","drum",13
"192","cist",12
"193","red",12
"194","complex",12
"195","other",12
"196","kan",12
"197","cemeteries",12
"198","development",12
"199","dates",12
"200","research",12
"201","limited",12
"202","yangfutou",12
"203","mortuary",12
"204","exchange",12
"205","iron",12
"206","extent",12
"207","one",11
"208","within",11
"209","qujing",11
"210","implements",11
"211","such",11
"212","however",11
"213","swords",11
"214","interregional",11
"215","shidai",11
"216","more",11
"217","new",11
"218","collected",11
"219","spiral",11
"220","table",11
"221","associated",11
"222","works",11
"223","suggests",11
"224","vessels",11
"225","lijiashan",11
"226","stone",10
"227","second",10
"228","minzu",10
"229","u",10
"230","historical",10
"231","area",10
"232","based",10
"233","zone",10
"234","used",10
"235","wenji",10
"236","during",10
"237","traditions",10
"238","chuxiong",10
"239","museum",10
"240","batatai",10
"241","thailand",10
"242","ware",10
"243","tong",10
"244","forms",10
"245","casting",10
"246","subtropical",10
"247","assemblages",10
"248","trade",10
"249","characterized",10
"250","features",10
"251","earlier",10
"252","complexity",10
"253","spatial",10
"254","daggers",10
"255","prestige",10
"256","son",10
"257","halberds",10
"258","remains",10
"259","zones",10
"260","migration",9
"261","emerged",9
"262","wenhua",9
"263","ad",9
"264","primary",9
"265","excavations",9
"266","communication",9
"267","journal",9
"268","influence",9
"269","lian",9
"270","developed",9
"271","similar",9
"272","k",9
"273","heger",9
"274","transmission",9
"275","chimes",9
"276","near",9
"277","data",9
"278","nu",9
"279","xian",9
"280","polity",9
"281","settlement",9
"282","finds",9
"283","lowland",9
"284","cowrie",9
"285","areas",9
"286","aofengshan",9
"287","v",9
"288","elite",9
"289","ethnic",9
"290","versus",9
"291","xinan",9
"292","fajue",9
"293","include",9
"294","evidence",9
"295","technological",9
"296","should",9
"297","they",8
"298","large",8
"299","textual",8
"300","suggesting",8
"301","kingdom",8
"302","system",8
"303","plains",8
"304","xinshiqi",8
"305","right",8
"306","zhaotong",8
"307","ritual",8
"308","dynamics",8
"309","yang",8
"310","left",8
"311","dadunzi",8
"312","recovered",8
"313","had",8
"314","prefecture",8
"315","artifacts",8
"316","london",8
"317","long",8
"318","south",8
"319","located",8
"320","technology",8
"321","increasingly",8
"322","model",8
"323","road",8
"324","jianchuan",8
"325","weining",8
"326","primarily",8
"327","indicate",8
"328","prehistory",8
"329","lancang",8
"330","did",8
"331","periphery",8
"332","peoples",8
"333","beijing",8
"334","discussion",8
"335","it",7
"336","studies",7
"337","territorial",7
"338","cast",7
"339","date",7
"340","g",7
"341","than",7
"342","b",7
"343","objects",7
"344","show",7
"345","jars",7
"346","beyond",7
"347","qingtong",7
"348","fourth",7
"349","appears",7
"350","scale",7
"351","wealth",7
"352","wide",7
"353","because",7
"354","well",7
"355","structures",7
"356","documented",7
"357","formations",7
"358","sun",7
"359","approach",7
"360","t",7
"361","change",7
"362","world",7
"363","he",7
"364","temperate",7
"365","silk",7
"366","addition",7
"367","time",7
"368","showing",7
"369","nguyen",7
"370","style",7
"371","discovered",7
"372","sociopolitical",7
"373","bivalve",7
"374","types",7
"375","must",7
"376","each",7
"377","tomb",7
"378","report",7
"379","distinctive",7
"380","particular",7
"381","incised",7
"382","ypmcrwt",7
"383","differentiation",7
"384","national",7
"385","instead",7
"386","defined",7
"387","association",7
"388","deposits",7
"389","zhongguo",6
"390","center",6
"391","practices",6
"392","either",6
"393","all",6
"394","nature",6
"395","differences",6
"396","yingpanshan",6
"397","effigy",6
"398","enzheng",6
"399","ax",6
"400","x",6
"401","warfare",6
"402","zhou",6
"403","halberd",6
"404","items",6
"405","relations",6
"406","publications",6
"407","determinations",6
"408","storage",6
"409","subsistence",6
"410","shang",6
"411","peer",6
"412","shell",6
"413","lithic",6
"414","jili",6
"415","important",6
"416","international",6
"417","occupation",6
"418","province",6
"419","symbols",6
"420","trends",6
"421","dabona",6
"422","suggest",6
"423","villages",6
"424","lpcmo",6
"425","identified",6
"426","economic",6
"427","competition",6
"428","counterparts",6
"429","east",6
"430","perspectives",6
"431","same",6
"432","toward",6
"433","jiang",6
"434","motifs",6
"435","existing",6
"436","understanding",6
"437","typically",6
"438","longling",6
"439","burials",6
"440","pottery",6
"441","widely",6
"442","bureau",6
"443","dimensions",6
"444","unclear",6
"445","fang",6
"446","guo",6
"447","centuries",6
"448","geographic",6
"449","set",6
"450","jiangchuan",6
"451","steppe",6
"452","what",6
"453","unique",6
"454","bronzes",6
"455","erhai",6
"456","level",6
"457","multiple",6
"458","city",6
"459","techniques",6
"460","course",6
"461","shells",6
"462","elites",6
"463","texts",6
"464","northwestern",6
"465","currently",5
"466","xinguang",5
"467","represent",5
"468","evergreen",5
"469","offerings",5
"470","spears",5
"471","h",5
"472","gu",5
"473","contexts",5
"474","fuxian",5
"475","address",5
"476","reach",5
"477","could",5
"478","leading",5
"479","timing",5
"480","renfrew",5
"481","there",5
"482","investigations",5
"483","bird",5
"484","agriculture",5
"485","possible",5
"486","shared",5
"487","resources",5
"488","bottom",5
"489","xuebao",5
"490","diversity",5
"491","baogao",5
"492","neighbors",5
"493","hejiashan",5
"494","type",5
"495","third",5
"496","general",5
"497","according",5
"498","civilization",5
"499","l",5
"500","jigongshan",5
"501","diqu",5
"502","represented",5
"503","study",5
"504","white",5
"505","impressed",5
"506","possibly",5
"507","yuanmou",5
"508","linked",5
"509","n",5
"510","w",5
"511","management",5
"512","appear",5
"513","pitchers",5
"514","initial",5
"515","further",5
"516","baiyangcun",5
"517","burial",5
"518","record",5
"519","shape",5
"520","network",5
"521","distinguish",5
"522","work",5
"523","scope",5
"524","gpicra",5
"525","tianzimiao",5
"526","contrast",5
"527","reaches",5
"528","excavation",5
"529","small",5
"530","wider",5
"531","preliminary",5
"532","led",5
"533","materials",5
"534","expansion",5
"535","tropical",5
"536","community",5
"537","interactions",5
"538","metallurgical",5
"539","many",5
"540","alloys",5
"541","hollow",5
"542","appeared",5
"543","outside",5
"544","underscores",5
"545","material",5
"546","three",5
"547","internal",5
"548","xiong",5
"549","consists",5
"550","relationship",5
"551","sword",5
"552","team",5
"553","often",5
"554","construction",5
"555","stratified",5
"556","chen",5
"557","following",5
"558","yu",5
"559","qi",5
"560","making",5
"561","agricultural",5
"562","indicates",5
"563","axis",5
"564","pu",5
"565","size",5
"566","variability",5
"567","interpolity",5
"568","layers",5
"569","models",5
"570","reveals",5
"571","paradigm",5
"572","provided",5
"573","yinsuodao",5
"574","valley",5
"575","major",5
"576","hanoi",5
"577","entities",4
"578","hua",4
"579","yanjiu",4
"580","f",4
"581","distributed",4
"582","tend",4
"583","ore",4
"584","mainland",4
"585","unlike",4
"586","diffusion",4
"587","being",4
"588","implications",4
"589","later",4
"590","season",4
"591","guangxi",4
"592","serstevens",4
"593","available",4
"594","wooden",4
"595","narrative",4
"596","reveal",4
"597","uncovered",4
"598","fishhooks",4
"599","discrete",4
"600","projectile",4
"601","dadao",4
"602","some",4
"603","occurring",4
"604","localized",4
"605","framework",4
"606","phase",4
"607","contemporaneous",4
"608","z",4
"609","perspective",4
"610","body",4
"611","border",4
"612","ma",4
"613","corded",4
"614","york",4
"615","rather",4
"616","district",4
"617","landscape",4
"618","cave",4
"619","discoveries",4
"620","support",4
"621","specialization",4
"622","calibration",4
"623","presumably",4
"624","origins",4
"625","whereas",4
"626","huang",4
"627","weapons",4
"628","chime",4
"629","out",4
"630","alloy",4
"631","frog",4
"632","flaked",4
"633","literature",4
"634","steep",4
"635","r",4
"636","competing",4
"637","knowledge",4
"638","q",4
"639","issues",4
"640","beginnings",4
"641","rise",4
"642","excavated",4
"643","villagers",4
"644","emerging",4
"645","around",4
"646","presence",4
"647","climate",4
"648","alluvial",4
"649","core",4
"650","motif",4
"651","periods",4
"652","chronological",4
"653","daxingzhen",4
"654","tonggu",4
"655","seventh",4
"656","above",4
"657","about",4
"658","array",4
"659","under",4
"660","largest",4
"661","double",4
"662","lack",4
"663","scholars",4
"664","remain",4
"665","considerable",4
"666","do",4
"667","ground",4
"668","analyses",4
"669","containers",4
"670","zhenqi",4
"671","divided",4
"672","top",4
"673","diaocha",4
"674","processes",4
"675","dating",4
"676","significance",4
"677","points",4
"678","chuankouba",4
"679","pearl",4
"680","parallel",4
"681","ornaments",4
"682","can",4
"683","structure",4
"684","consumption",4
"685","geography",4
"686","occupied",4
"687","division",4
"688","increasing",4
"689","chu",4
"690","peers",4
"691","provide",4
"692","referred",4
"693","directions",4
"694","began",4
"695","legitimacy",4
"696","analysis",4
"697","face",4
"698","earliest",4
"699","considered",4
"700","contained",4
"701","then",4
"702","ranging",4
"703","extension",4
"704","alternative",4
"705","particularly",4
"706","cultivation",4
"707","sanxingdui",4
"708","accounts",4
"709","orientations",4
"710","contain",4
"711","four",4
"712","politics",4
"713","through",4
"714","extending",4
"715","conventional",4
"716","pediform",4
"717","evidenced",4
"718","ypm",4
"719","iconic",4
"720","parallels",4
"721","although",4
"722","manufacture",4
"723","broadleaf",4
"724","chutu",4
"725","among",4
"726","north",4
"727","guangdong",4
"728","yangzi",3
"729","flow",3
"730","oriented",3
"731","if",3
"732","will",3
"733","stylistic",3
"734","northeast",3
"735","adoption",3
"736","plows",3
"737","changning",3
"738","maguang",3
"739","huyen",3
"740","position",3
"741","variety",3
"742","flared",3
"743","tonghai",3
"744","concentrated",3
"745","musical",3
"746","location",3
"747","reasons",3
"748","glover",3
"749","subsequent",3
"750","last",3
"751","yongren",3
"752","consist",3
"753","raised",3
"754","context",3
"755","existence",3
"756","sought",3
"757","design",3
"758","activity",3
"759","bowls",3
"760","suo",3
"761","thus",3
"762","throughout",3
"763","historically",3
"764","due",3
"765","against",3
"766","hierarchy",3
"767","corner",3
"768","adopted",3
"769","zhuang",3
"770","wujiadaping",3
"771","asymmetrical",3
"772","kind",3
"773","tibet",3
"774","contrary",3
"775","wares",3
"776","served",3
"777","pure",3
"778","alliances",3
"779","drawn",3
"780","even",3
"781","mechanisms",3
"782","via",3
"783","identification",3
"784","reimer",3
"785","process",3
"786","environments",3
"787","excavators",3
"788","importance",3
"789","viewed",3
"790","serial",3
"791","figures",3
"792","circulated",3
"793","placed",3
"794","northeastern",3
"795","metals",3
"796","presumed",3
"797","dali",3
"798","instance",3
"799","permanent",3
"800","suggested",3
"801","view",3
"802","greater",3
"803","result",3
"804","lead",3
"805","route",3
"806","appearance",3
"807","access",3
"808","centers",3
"809","agendas",3
"810","evaluate",3
"811","tools",3
"812","population",3
"813","counties",3
"814","specifically",3
"815","having",3
"816","caiyuanzi",3
"817","shouldered",3
"818","jiaoyu",3
"819","tool",3
"820","qintong",3
"821","regionalist",3
"822","part",3
"823","apparent",3
"824","deqin",3
"825","broad",3
"826","personal",3
"827","historiographic",3
"828","conference",3
"829","artifact",3
"830","status",3
"831","own",3
"832","mississauga",3
"833","lang",3
"834","xiaohedong",3
"835","coextensive",3
"836","conifer",3
"837","shapes",3
"838","revealing",3
"839","vac",3
"840","competitive",3
"841","coast",3
"842","liu",3
"843","dependent",3
"844","relic",3
"845","critical",3
"846","likely",3
"847","habitats",3
"848","absence",3
"849","various",3
"850","hengdalu",3
"851","short",3
"852","indeed",3
"853","gender",3
"854","exception",3
"855","pile",3
"856","bellwood",3
"857","nagu",3
"858","shifodong",3
"859","spectacular",3
"860","single",3
"861","yet",3
"862","elaboration",3
"863","nonlocal",3
"864","unidirectional",3
"865","watson",3
"866","department",3
"867","ji",3
"868","noted",3
"869","published",3
"870","lee",3
"871","volume",3
"872","cultivated",3
"873","tien",3
"874","mekong",3
"875","diverse",3
"876","incorporation",3
"877","forging",3
"878","distributions",3
"879","sunburst",3
"880","adjacent",3
"881","nanpan",3
"882","discord",3
"883","see",3
"884","strategies",3
"885","malipo",3
"886","routledge",3
"887","dahuashi",3
"888","frameworks",3
"889","bulletin",3
"890","another",3
"891","extended",3
"892","treated",3
"893","made",3
"894","yongping",3
"895","findings",3
"896","entirely",3
"897","muhly",3
"898","unfortunately",3
"899","loa",3
"900","engaged",3
"901","co",3
"902","xing",3
"903","geographically",3
"904","high",3
"905","altamira",3
"906","article",3
"907","systems",3
"908","elaborate",3
"909","rispoli",3
"910","effect",3
"911","present",3
"912","la",3
"913","separate",3
"914","genesis",3
"915","taibei",3
"916","transformations",3
"917","program",3
"918","jar",3
"919","remaining",3
"920","html",3
"921","linking",3
"922","spanning",3
"923","yingpan",3
"924","frontier",3
"925","forest",3
"926","formalization",3
"927","mentioned",3
"928","extensive",3
"929","perhaps",3
"930","here",3
"931","continental",3
"932","cm",3
"933","expanding",3
"934","dolmen",3
"935","er",3
"936","yue",3
"937","very",3
"938","beginning",3
"939","economy",3
"940","investigation",3
"941","circles",3
"942","form",3
"943","seasonal",3
"944","utilitarian",3
"945","varieties",3
"946","reported",3
"947","role",3
"948","cherry",3
"949","manufacturing",3
"950","phenomenon",3
"951","muqun",3
"952","using",3
"953","dau",3
"954","formation",3
"955","years",3
"956","conditions",3
"957","land",3
"958","consolidated",3
"959","allard",3
"960","heartland",3
"961","yong",3
"962","states",3
"963","tributaries",3
"964","myanmar",3
"965","roughly",3
"966","roles",3
"967","comparison",3
"968","respective",3
"969","vessel",3
"970","vary",3
"971","jianbao",3
"972","ca",3
"973","given",2
"974","feathered",2
"975","chenggong",2
"976","leibold",2
"977","zailun",2
"978","fertile",2
"979","recalls",2
"980","kexue",2
"981","latitudinal",2
"982","intriguing",2
"983","now",2
"984","chiang",2
"985","introduction",2
"986","reflective",2
"987","hull",2
"988","handles",2
"989","units",2
"990","sets",2
"991","di",2
"992","centrifugal",2
"993","walker",2
"994","modern",2
"995","conical",2
"996","royal",2
"997","necessarily",2
"998","before",2
"999","waist",2
"1000","source",2
"1001","controlled",2
"1002","leads",2
"1003","indexes",2
"1004","round",2
"1005","bac",2
"1006","woguo",2
"1007","jinning",2
"1008","explaining",2
"1009","lingnan",2
"1010","certainly",2
"1011","segregation",2
"1012","dagger",2
"1013","archaeometallurgy",2
"1014","asl",2
"1015","ii",2
"1016","bai",2
"1017","stretch",2
"1018","fiskesjo",2
"1019","shaped",2
"1020","elevational",2
"1021","shoulder",2
"1022","display",2
"1023","thank",2
"1024","base",2
"1025","characterizing",2
"1026","hunting",2
"1027","scheme",2
"1028","take",2
"1029","nationalism",2
"1030","help",2
"1031","feature",2
"1032","vegetation",2
"1033","state",2
"1034","qiao",2
"1035","viet",2
"1036","confused",2
"1037","similarities",2
"1038","weighing",2
"1039","case",2
"1040","empty",2
"1041","con",2
"1042","exogenous",2
"1043","shellmound",2
"1044","king",2
"1045","circulate",2
"1046","clearly",2
"1047","account",2
"1048","knife",2
"1049","keng",2
"1050","occupying",2
"1051","marked",2
"1052","rubin",2
"1053","occupations",2
"1054","variations",2
"1055","point",2
"1056","brindley",2
"1057","far",2
"1058","bulbeck",2
"1059","cheng",2
"1060","evaluating",2
"1061","exposed",2
"1062","mine",2
"1063","immediate",2
"1064","since",2
"1065","unpublished",2
"1066","terraces",2
"1067","intact",2
"1068","interest",2
"1069","mixed",2
"1070","highlighting",2
"1071","dagaodou",2
"1072","application",2
"1073","yuanjiang",2
"1074","walnut",2
"1075","awl",2
"1076","transitional",2
"1077","unity",2
"1078","suhad",2
"1079","drainage",2
"1080","transformation",2
"1081","underlying",2
"1082","pecked",2
"1083","decorated",2
"1084","ha",2
"1085","http",2
"1086","amphora",2
"1087","continuous",2
"1088","y",2
"1089","neighboring",2
"1090","yan",2
"1091","ecosystems",2
"1092","shan",2
"1093","document",2
"1094","guard",2
"1095","leadership",2
"1096","poorly",2
"1097","tokyo",2
"1098","phases",2
"1099","van",2
"1100","textually",2
"1101","philadelphia",2
"1102","ditu",2
"1103","without",2
"1104","mimo",2
"1105","main",2
"1106","dili",2
"1107","administrative",2
"1108","after",2
"1109","creek",2
"1110","midu",2
"1111","summarized",2
"1112","hook",2
"1113","understand",2
"1114","civilizations",2
"1115","opulent",2
"1116","india",2
"1117","sum",2
"1118","edition",2
"1119","impact",2
"1120","gradually",2
"1121","house",2
"1122","xiangyun",2
"1123","commonly",2
"1124","salween",2
"1125","additional",2
"1126","connecting",2
"1127","edinburgh",2
"1128","evaluation",2
"1129","jishu",2
"1130","necropolis",2
"1131","reconsideration",2
"1132","plenum",2
"1133","corresponding",2
"1134","geng",2
"1135","drawing",2
"1136","trajectories",2
"1137","experimentation",2
"1138","diachronic",2
"1139","formidable",2
"1140","bearing",2
"1141","six",2
"1142","periodization",2
"1143","ciarla",2
"1144","pass",2
"1145","shiting",2
"1146","niece",2
"1147","shelach",2
"1148","arable",2
"1149","mopandi",2
"1150","compared",2
"1151","zhilong",2
"1152","coffins",2
"1153","though",2
"1154","caves",2
"1155","yelang",2
"1156","moore",2
"1157","cannot",2
"1158","applied",2
"1159","tantao",2
"1160","monograph",2
"1161","explain",2
"1162","yoffee",2
"1163","possibility",2
"1164","directly",2
"1165","memory",2
"1166","warriors",2
"1167","gained",2
"1168","oxcal",2
"1169","kg",2
"1170","basis",2
"1171","closed",2
"1172","revealed",2
"1173","implement",2
"1174","carry",2
"1175","bpcmo",2
"1176","heavily",2
"1177","characterization",2
"1178","bracelet",2
"1179","dongxue",2
"1180","minority",2
"1181","relevance",2
"1182","bijie",2
"1183","winter",2
"1184","reflect",2
"1185","smc",2
"1186","employed",2
"1187","nujiang",2
"1188","delay",2
"1189","gudai",2
"1190","grain",2
"1191","least",2
"1192","composite",2
"1193","ethnicity",2
"1194","interacting",2
"1195","tibetan",2
"1196","bank",2
"1197","several",2
"1198","autonomy",2
"1199","few",2
"1200","highly",2
"1201","eighth",2
"1202","boundaries",2
"1203","when",2
"1204","yin",2
"1205","jiudingshan",2
"1206","power",2
"1207","semiprecious",2
"1208","comparative",2
"1209","horses",2
"1210","archetype",2
"1211","brief",2
"1212","opposed",2
"1213","pigott",2
"1214","currency",2
"1215","torso",2
"1216","unprecedented",2
"1217","innovation",2
"1218","direction",2
"1219","com",2
"1220","wazang",2
"1221","dongson",2
"1222","yuxi",2
"1223","incipient",2
"1224","linduff",2
"1225","marshes",2
"1226","corroborated",2
"1227","continuity",2
"1228","latitude",2
"1229","bo",2
"1230","underwriting",2
"1231","ban",2
"1232","ci",2
"1233","light",2
"1234","zhaxingchang",2
"1235","formalized",2
"1236","words",2
"1237","shows",2
"1238","spatially",2
"1239","fan",2
"1240","resolution",2
"1241","beads",2
"1242","europe",2
"1243","varies",2
"1244","communal",2
"1245","haselgrove",2
"1246","wenti",2
"1247","nian",2
"1248","loop",2
"1249","variation",2
"1250","reilly",2
"1251","pennsylvania",2
"1252","multiregional",2
"1253","wayao",2
"1254","fenxi",2
"1255","lishi",2
"1256","estuary",2
"1257","typological",2
"1258","guangnan",2
"1259","empire",2
"1260","compositional",2
"1261","dier",2
"1262","generic",2
"1263","frequency",2
"1264","markings",2
"1265","yangshan",2
"1266","chalcolithic",2
"1267","mudi",2
"1268","boat",2
"1269","remained",2
"1270","semipermanent",2
"1271","demonstrated",2
"1272","technologies",2
"1273","exhibit",2
"1274","gray",2
"1275","concurrent",2
"1276","previously",2
"1277","sixth",2
"1278","samples",2
"1279","expand",2
"1280","sheng",2
"1281","hypotheses",2
"1282","determining",2
"1283","rivers",2
"1284","factor",2
"1285","causes",2
"1286","shortcomings",2
"1287","sequence",2
"1288","prominently",2
"1289","miksic",2
"1290","questions",2
"1291","individuals",2
"1292","described",2
"1293","directed",2
"1294","clouds",2
"1295","curzon",2
"1296","spearheads",2
"1297","interpret",2
"1298","futulong",2
"1299","less",2
"1300","divisions",2
"1301","powerful",2
"1302","like",2
"1303","would",2
"1304","so",2
"1305","yuan",2
"1306","tribal",2
"1307","cache",2
"1308","played",2
"1309","mines",2
"1310","aligned",2
"1311","shizaishan",2
"1312","provides",2
"1313","especially",2
"1314","behind",2
"1315","craft",2
"1316","relation",2
"1317","interpretations",2
"1318","depictions",2
"1319","corners",2
"1320","socketed",2
"1321","streams",2
"1322","relative",2
"1323","smaller",2
"1324","european",2
"1325","spiny",2
"1326","chulun",2
"1327","independent",2
"1328","mixture",2
"1329","ecological",2
"1330","usually",2
"1331","five",2
"1332","foreign",2
"1333","cn",2
"1334","order",2
"1335","who",2
"1336","seen",2
"1337","detailed",2
"1338","iconographic",2
"1339","paraphernalia",2
"1340","class",2
"1341","surprising",2
"1342","coordination",2
"1343","mounds",2
"1344","falkenhausen",2
"1345","problematic",2
"1346","freshwater",2
"1347","circumscribed",2
"1348","environment",2
"1349","rarely",2
"1350","dispersed",2
"1351","ludong",2
"1352","changing",2
"1353","grand",2
"1354","needs",2
"1355","mandalay",2
"1356","symbolic",2
"1357","known",2
"1358","bingchuan",2
"1359","constructed",2
"1360","temporal",2
"1361","southward",2
"1362","occurrences",2
"1363","symbol",2
"1364","cover",2
"1365","xiaoceng",2
"1366","defining",2
"1367","natural",2
"1368","intellectual",2
"1369","rainfall",2
"1370","books",2
"1371","anthropology",2
"1372","paper",2
"1373","jiancun",2
"1374","global",2
"1375","setting",2
"1376","apical",2
"1377","exploiting",2
"1378","separating",2
"1379","cq",2
"1380","examining",2
"1381","domesticated",2
"1382","find",2
"1383","past",2
"1384","assessment",2
"1385","pingpo",2
"1386","ditch",2
"1387","animal",2
"1388","laojin",2
"1389","looocalbc",2
"1390","proceedings",2
"1391","them",2
"1392","yielded",2
"1393","contrasting",2
"1394","alice",2
"1395","adaptation",2
"1396","consisting",2
"1397","predate",2
"1398","baines",2
"1399","almost",2
"1400","incorporated",2
"1401","pits",2
"1402","shi",2
"1403","slopes",2
"1404","despite",2
"1405","prevalent",2
"1406","courses",2
"1407","became",2
"1408","adapted",2
"1409","contribute",2
"1410","tenable",2
"1411","ho",2
"1412","beiqiu",2
"1413","terminal",2
"1414","vietnamese",2
"1415","wild",2
"1416","wadie",2
"1417","understandings",2
"1418","referenced",2
"1419","observed",2
"1420","intensified",2
"1421","ores",2
"1422","publishing",2
"1423","contributed",2
"1424","approximately",2
"1425","fauna",2
"1426","sigma",2
"1427","define",2
"1428","unified",2
"1429","barnes",2
"1430","alludes",2
"1431","centripetal",2
"1432","calbc",2
"1433","craddock",2
"1434","potential",2
"1435","modeling",2
"1436","km",2
"1437","correlate",2
"1438","communi",2
"1439","conceptual",2
"1440","debate",2
"1441","sharing",2
"1442","views",2
"1443","traditional",2
"1444","much",2
"1445","broader",2
"1446","successive",2
"1447","gold",2
"1448","scandinavian",1
"1449","sa",1
"1450","nicholas",1
"1451","cultigens",1
"1452","murowchick",1
"1453","situated",1
"1454","go",1
"1455","does",1
"1456","margins",1
"1457","kluwer",1
"1458","apply",1
"1459","yipi",1
"1460","horizontal",1
"1461","common",1
"1462","adopt",1
"1463","indicated",1
"1464","generated",1
"1465","argued",1
"1466","tion",1
"1467","corporate",1
"1468","geopolitics",1
"1469","imported",1
"1470","correlations",1
"1471","ments",1
"1472","commitment",1
"1473","snapshot",1
"1474","winds",1
"1475","decades",1
"1476","lands",1
"1477","extreme",1
"1478","episodes",1
"1479","resulted",1
"1480","liuyu",1
"1481","college",1
"1482","arrive",1
"1483","reigning",1
"1484","aboveground",1
"1485","stands",1
"1486","notably",1
"1487","sphere",1
"1488","timbers",1
"1489","deciduous",1
"1490","necessitates",1
"1491","passing",1
"1492","connect",1
"1493","village",1
"1494","zuihou",1
"1495","overland",1
"1496","disconnect",1
"1497","settlements",1
"1498","conducted",1
"1499","residences",1
"1500","replaced",1
"1501","hub",1
"1502","reassessment",1
"1503","prime",1
"1504","symbolize",1
"1505","coincides",1
"1506","join",1
"1507","linkages",1
"1508","authority",1
"1509","duong",1
"1510","postdate",1
"1511","injuries",1
"1512","ostensibly",1
"1513","remnants",1
"1514","contend",1
"1515","paradigms",1
"1516","semilunate",1
"1517","favor",1
"1518","former",1
"1519","shiqian",1
"1520","subset",1
"1521","ranges",1
"1522","labor",1
"1523","diangguo",1
"1524","equated",1
"1525","presents",1
"1526","yeshicun",1
"1527","occurred",1
"1528","vestiges",1
"1529","pasture",1
"1530","variants",1
"1531","mouding",1
"1532","cornell",1
"1533","exceptions",1
"1534","bp",1
"1535","buffer",1
"1536","flaws",1
"1537","actuality",1
"1538","sequential",1
"1539","jiyi",1
"1540","du",1
"1541","turning",1
"1542","hints",1
"1543","chuimei",1
"1544","test",1
"1545","cutting",1
"1546","experience",1
"1547","oceania",1
"1548","came",1
"1549","consistent",1
"1550","ideas",1
"1551","arguing",1
"1552","upland",1
"1553","www",1
"1554","problems",1
"1555","constituting",1
"1556","guandong",1
"1557","topographic",1
"1558","container",1
"1559","preceding",1
"1560","relies",1
"1561","creation",1
"1562","fortified",1
"1563","localities",1
"1564","zhongshui",1
"1565","exclusive",1
"1566","decor",1
"1567","handle",1
"1568","militarism",1
"1569","repertoire",1
"1570","cautiously",1
"1571","loewe",1
"1572","symmetrical",1
"1573","serpent",1
"1574","culturally",1
"1575","enables",1
"1576","elusive",1
"1577","opted",1
"1578","progression",1
"1579","zuc",1
"1580","semimobile",1
"1581","yongzhi",1
"1582","articulate",1
"1583","undeniably",1
"1584","departure",1
"1585","au",1
"1586","aforementioned",1
"1587","gary",1
"1588","containing",1
"1589","liyuan",1
"1590","zhongdian",1
"1591","physiographic",1
"1592","height",1
"1593","affinities",1
"1594","mau",1
"1595","advantage",1
"1596","broken",1
"1597","parameters",1
"1598","together",1
"1599","great",1
"1600","momentum",1
"1601","potentially",1
"1602","tautological",1
"1603","exotic",1
"1604","rich",1
"1605","follows",1
"1606","proves",1
"1607","farther",1
"1608","hundred",1
"1609","ph",1
"1610","composition",1
"1611","room",1
"1612","vk",1
"1613","argue",1
"1614","scratching",1
"1615","functional",1
"1616","survey",1
"1617","timber",1
"1618","half",1
"1619","integrate",1
"1620","harpoons",1
"1621","emphasized",1
"1622","blackwell",1
"1623","ying",1
"1624","those",1
"1625","classified",1
"1626","carnelian",1
"1627","signs",1
"1628","polit",1
"1629","hostile",1
"1630","alloying",1
"1631","visibility",1
"1632","racial",1
"1633","intersection",1
"1634","rethinking",1
"1635","nomadic",1
"1636","posts",1
"1637","kingdoms",1
"1638","td",1
"1639","nowhere",1
"1640","documenting",1
"1641","issue",1
"1642","bulbous",1
"1643","forum",1
"1644","weaving",1
"1645","nonpristine",1
"1646","identities",1
"1647","minshan",1
"1648","autonomous",1
"1649","shaoquan",1
"1650","motion",1
"1651","alternatively",1
"1652","nology",1
"1653","siyin",1
"1654","scaling",1
"1655","representations",1
"1656","evince",1
"1657","figs",1
"1658","renmin",1
"1659","mingke",1
"1660","placement",1
"1661","lends",1
"1662","miniature",1
"1663","buren",1
"1664","obfuscate",1
"1665","compelling",1
"1666","illustrate",1
"1667","counterpoint",1
"1668","adopting",1
"1669","feinman",1
"1670","powers",1
"1671","rooms",1
"1672","bibliography",1
"1673","ings",1
"1674","insight",1
"1675","nication",1
"1676","obvious",1
"1677","hair",1
"1678","mastery",1
"1679","distinctively",1
"1680","west",1
"1681","taking",1
"1682","extends",1
"1683","belgic",1
"1684","intermediary",1
"1685","disparities",1
"1686","calad",1
"1687","establishment",1
"1688","quantity",1
"1689","household",1
"1690","overlooking",1
"1691","dynamic",1
"1692","horticultural",1
"1693","interior",1
"1694","undoubtedly",1
"1695","correlation",1
"1696","done",1
"1697","economies",1
"1698","beneath",1
"1699","anomalously",1
"1700","kristiansen",1
"1701","inventory",1
"1702","complicating",1
"1703","interestingly",1
"1704","gravity",1
"1705","usage",1
"1706","ranked",1
"1707","eschewing",1
"1708","exist",1
"1709","human",1
"1710","looocalad",1
"1711","hilltops",1
"1712","haidong",1
"1713","differential",1
"1714","yunnanese",1
"1715","relocation",1
"1716","nanfang",1
"1717","explained",1
"1718","inner",1
"1719","mm",1
"1720","illustrates",1
"1721","objective",1
"1722","agate",1
"1723","nam",1
"1724","presage",1
"1725","author",1
"1726","group",1
"1727","techno",1
"1728","adornment",1
"1729","characteristic",1
"1730","relatively",1
"1731","ability",1
"1732","singularly",1
"1733","viewing",1
"1734","ern",1
"1735","raises",1
"1736","shaft",1
"1737","attested",1
"1738","afford",1
"1739","chenhua",1
"1740","encyclopedia",1
"1741","hongtapo",1
"1742","media",1
"1743","basal",1
"1744","fenqu",1
"1745","affairs",1
"1746","borderlands",1
"1747","slabs",1
"1748","initiate",1
"1749","estimates",1
"1750","pushed",1
"1751","xingshiqi",1
"1752","heterarchical",1
"1753","embedded",1
"1754","shaughnessy",1
"1755","ceramics",1
"1756","guojia",1
"1757","ithaca",1
"1758","plank",1
"1759","huffer",1
"1760","inception",1
"1761","affiliates",1
"1762","bone",1
"1763","biogeography",1
"1764","leaf",1
"1765","coincidentally",1
"1766","weight",1
"1767","dragon",1
"1768","factions",1
"1769","ny",1
"1770","seal",1
"1771","lobe",1
"1772","yi",1
"1773","propositions",1
"1774","sarcophagus",1
"1775","standardized",1
"1776","deeply",1
"1777","rentong",1
"1778","graded",1
"1779","zk",1
"1780","climates",1
"1781","martial",1
"1782","rightand",1
"1783","tightly",1
"1784","chuncheng",1
"1785","mair",1
"1786","unfortunate",1
"1787","error",1
"1788","zang",1
"1789","constellation",1
"1790","ubiquity",1
"1791","traumatic",1
"1792","mechanism",1
"1793","ninglang",1
"1794","typified",1
"1795","higher",1
"1796","navigable",1
"1797","oj",1
"1798","aim",1
"1799","mun",1
"1800","migrationist",1
"1801","gaining",1
"1802","inadequacies",1
"1803","online",1
"1804","simultaneously",1
"1805","terrestrial",1
"1806","openness",1
"1807","no",1
"1808","reiterates",1
"1809","ml",1
"1810","drainages",1
"1811","wenxvu",1
"1812","sumptuary",1
"1813","aimed",1
"1814","sideration",1
"1815","centered",1
"1816","huayang",1
"1817","dulishu",1
"1818","how",1
"1819","debated",1
"1820","bendong",1
"1821","paths",1
"1822","organizing",1
"1823","basic",1
"1824","conflation",1
"1825","dynasty",1
"1826","coastal",1
"1827","notion",1
"1828","rome",1
"1829","mean",1
"1830","neatly",1
"1831","conceptions",1
"1832","afforded",1
"1833","opportunity",1
"1834","contour",1
"1835","pervasiveness",1
"1836","hendalu",1
"1837","demarcating",1
"1838","khorat",1
"1839","connected",1
"1840","meaning",1
"1841","republic",1
"1842","recently",1
"1843","parts",1
"1844","suited",1
"1845","contributions",1
"1846","tarling",1
"1847","aquatic",1
"1848","special",1
"1849","khac",1
"1850","zongpin",1
"1851","scales",1
"1852","illustrations",1
"1853","evolution",1
"1854","huaxia",1
"1855","arbor",1
"1856","dismiss",1
"1857","radiating",1
"1858","space",1
"1859","front",1
"1860","emanate",1
"1861","expressing",1
"1862","multivariate",1
"1863","addressing",1
"1864","constitute",1
"1865","experimenting",1
"1866","references",1
"1867","arid",1
"1868","injury",1
"1869","changes",1
"1870","provinces",1
"1871","old",1
"1872","female",1
"1873","marks",1
"1874","maiden",1
"1875","dichotomy",1
"1876","wanbao",1
"1877","organization",1
"1878","occupational",1
"1879","headband",1
"1880","yellow",1
"1881","dated",1
"1882","specify",1
"1883","cowries",1
"1884","proved",1
"1885","producers",1
"1886","proposed",1
"1887","xinhuanet",1
"1888","elevated",1
"1889","indo",1
"1890","reexamination",1
"1891","neck",1
"1892","solidified",1
"1893","tzehuey",1
"1894","differs",1
"1895","frequently",1
"1896","pastoral",1
"1897","xi",1
"1898","multicultural",1
"1899","exhume",1
"1900","hammered",1
"1901","resource",1
"1902","bard",1
"1903","shorter",1
"1904","qinghai",1
"1905","surface",1
"1906","follow",1
"1907","readings",1
"1908","poor",1
"1909","splendor",1
"1910","inconsistencies",1
"1911","concerning",1
"1912","followed",1
"1913","rainforest",1
"1914","modeled",1
"1915","undertaken",1
"1916","locked",1
"1917","neither",1
"1918","exploitation",1
"1919","wattle",1
"1920","stirrings",1
"1921","spouted",1
"1922","rescuing",1
"1923","wearing",1
"1924","chengdu",1
"1925","syntheses",1
"1926","dug",1
"1927","coincide",1
"1928","preference",1
"1929","providing",1
"1930","undermines",1
"1931","pedestaled",1
"1932","deming",1
"1933","qui",1
"1934","assessments",1
"1935","zhonglun",1
"1936","homolog",1
"1937","shortfalls",1
"1938","semisubterranean",1
"1939","yielding",1
"1940","moving",1
"1941","closely",1
"1942","incomplete",1
"1943","columbia",1
"1944","cd",1
"1945","arrival",1
"1946","allow",1
"1947","ethnoecological",1
"1948","escalation",1
"1949","efeo",1
"1950","holds",1
"1951","acknowledgments",1
"1952","resonate",1
"1953","begun",1
"1954","erosion",1
"1955","traditionally",1
"1956","midden",1
"1957","tao",1
"1958","effort",1
"1959","postulations",1
"1960","generates",1
"1961","become",1
"1962","demands",1
"1963","scenes",1
"1964","ocean",1
"1965","fishing",1
"1966","events",1
"1967","arboreal",1
"1968","centrally",1
"1969","symbolically",1
"1970","diet",1
"1971","percentages",1
"1972","radiometric",1
"1973","guangzhou",1
"1974","academic",1
"1975","applying",1
"1976","gaul",1
"1977","embers",1
"1978","anshan",1
"1979","cups",1
"1980","difficult",1
"1981","ann",1
"1982","lunji",1
"1983","equally",1
"1984","undeniable",1
"1985","understood",1
"1986","focused",1
"1987","shiguan",1
"1988","anning",1
"1989","circular",1
"1990","michigan",1
"1991","metalworking",1
"1992","keywords",1
"1993","synonymously",1
"1994","domestication",1
"1995","pins",1
"1996","internecine",1
"1997","analogous",1
"1998","banded",1
"1999","otherwise",1
"2000","fish",1
"2001","presided",1
"2002","superpositioning",1
"2003","dan",1
"2004","expedient",1
"2005","dwelling",1
"2006","absolute",1
"2007","dependents",1
"2008","public",1
"2009","creates",1
"2010","package",1
"2011","foregrounds",1
"2012","xiwen",1
"2013","coin",1
"2014","silver",1
"2015","distinguishes",1
"2016","pigs",1
"2017","watershed",1
"2018","hierarchies",1
"2019","feeding",1
"2020","future",1
"2021","line",1
"2022","relief",1
"2023","minh",1
"2024","tingfan",1
"2025","formerly",1
"2026","updated",1
"2027","zoomorphic",1
"2028","received",1
"2029","rainy",1
"2030","imports",1
"2031","relevancy",1
"2032","guandu",1
"2033","queding",1
"2034","carries",1
"2035","women",1
"2036","faxian",1
"2037","concept",1
"2038","prominent",1
"2039","hoes",1
"2040","stake",1
"2041","su",1
"2042","tributary",1
"2043","crane",1
"2044","example",1
"2045","neolithization",1
"2046","flaring",1
"2047","related",1
"2048","patterning",1
"2049","tuy",1
"2050","equivalent",1
"2051","positions",1
"2052","caught",1
"2053","highlight",1
"2054","envoys",1
"2055","woodland",1
"2056","hubei",1
"2057","caching",1
"2058","surprise",1
"2059","dividing",1
"2060","shocking",1
"2061","childe",1
"2062","whole",1
"2063","describe",1
"2064","guanxi",1
"2065","fail",1
"2066","place",1
"2067","millet",1
"2068","expansive",1
"2069","utoronto",1
"2070","collective",1
"2071","climatic",1
"2072","people",1
"2073","concentrate",1
"2074","falling",1
"2075","xinjiang",1
"2076","ontario",1
"2077","pan",1
"2078","uncharted",1
"2079","proliferation",1
"2080","illustrative",1
"2081","away",1
"2082","we",1
"2083","ningsheng",1
"2084","keji",1
"2085","fieldwork",1
"2086","interpreted",1
"2087","horsemen",1
"2088","conform",1
"2089","muller",1
"2090","wheat",1
"2091","my",1
"2092","challenging",1
"2093","connections",1
"2094","conceptualizes",1
"2095","lithics",1
"2096","clearance",1
"2097","refuse",1
"2098","asymmetries",1
"2099","optimal",1
"2100","working",1
"2101","flatness",1
"2102","cold",1
"2103","reliable",1
"2104","tested",1
"2105","prevalence",1
"2106","liem",1
"2107","le",1
"2108","relevant",1
"2109","discourse",1
"2110","diagnostic",1
"2111","orient",1
"2112","stratum",1
"2113","encompasses",1
"2114","openly",1
"2115","zhufan",1
"2116","chan",1
"2117","dewall",1
"2118","transport",1
"2119","yunchen",1
"2120","workshops",1
"2121","concerns",1
"2122","knives",1
"2123","tapered",1
"2124","baillie",1
"2125","dramatic",1
"2126","beck",1
"2127","distinguished",1
"2128","attached",1
"2129","bangkok",1
"2130","jackson",1
"2131","methodological",1
"2132","tongqi",1
"2133","gradient",1
"2134","incurred",1
"2135","fully",1
"2136","newscenter",1
"2137","stratigraphy",1
"2138","annual",1
"2139","visible",1
"2140","articulation",1
"2141","asiae",1
"2142","gao",1
"2143","cattle",1
"2144","emperor",1
"2145","results",1
"2146","sea",1
"2147","ellen",1
"2148","correspondence",1
"2149","luduan",1
"2150","zhaoxi",1
"2151","factionalism",1
"2152","distinguishing",1
"2153","altogether",1
"2154","developmental",1
"2155","karuo",1
"2156","inform",1
"2157","moved",1
"2158","anomalous",1
"2159","gordon",1
"2160","activities",1
"2161","mapping",1
"2162","concomitant",1
"2163","jingxian",1
"2164","marveled",1
"2165","smashed",1
"2166","subsequently",1
"2167","micro",1
"2168","snails",1
"2169","health",1
"2170","transforming",1
"2171","span",1
"2172","wangjiadun",1
"2173","integrating",1
"2174","llc",1
"2175","shaotin",1
"2176","node",1
"2177","republican",1
"2178","hatch",1
"2179","swiddening",1
"2180","approximate",1
"2181","dogs",1
"2182","xishu",1
"2183","exterior",1
"2184","differentiate",1
"2185","shitan",1
"2186","onset",1
"2187","configuring",1
"2188","attempts",1
"2189","incredible",1
"2190","architecture",1
"2191","commu",1
"2192","socket",1
"2193","polished",1
"2194","buttress",1
"2195","populations",1
"2196","indicative",1
"2197","logically",1
"2198","murow",1
"2199","royaume",1
"2200","zhao",1
"2201","sinopoli",1
"2202","chiou",1
"2203","intended",1
"2204","motivated",1
"2205","acknowledged",1
"2206","inclusive",1
"2207","fence",1
"2208","nearly",1
"2209","rendering",1
"2210","upward",1
"2211","object",1
"2212","multigenerational",1
"2213","jian",1
"2214","still",1
"2215","cultivar",1
"2216","dwellings",1
"2217","estimations",1
"2218","folded",1
"2219","comments",1
"2220","shimu",1
"2221","translates",1
"2222","initially",1
"2223","backdrop",1
"2224","movement",1
"2225","logical",1
"2226","strategic",1
"2227","percentage",1
"2228","nghia",1
"2229","taiming",1
"2230","once",1
"2231","contributing",1
"2232","gastropods",1
"2233","synchronous",1
"2234","depicted",1
"2235","simultaneous",1
"2236","relied",1
"2237","interpretation",1
"2238","peregrine",1
"2239","examined",1
"2240","dianguo",1
"2241","revisiting",1
"2242","happened",1
"2243","thought",1
"2244","evolved",1
"2245","fifth",1
"2246","formally",1
"2247","upwards",1
"2248","combat",1
"2249","challenged",1
"2250","horned",1
"2251","boundary",1
"2252","favorable",1
"2253","nghe",1
"2254","tn",1
"2255","rode",1
"2256","included",1
"2257","assistance",1
"2258","domett",1
"2259","bangles",1
"2260","rectangular",1
"2261","apres",1
"2262","taken",1
"2263","outlined",1
"2264","nonindigenous",1
"2265","wright",1
"2266","thorny",1
"2267","indian",1
"2268","nanning",1
"2269","belonging",1
"2270","narratives",1
"2271","exodus",1
"2272","illustrated",1
"2273","kettle",1
"2274","lengthy",1
"2275","sociohistorical",1
"2276","reports",1
"2277","reliance",1
"2278","toronto",1
"2279","lined",1
"2280","qiaojia",1
"2281","tansuo",1
"2282","predominate",1
"2283","maintained",1
"2284","fawcett",1
"2285","zongshuo",1
"2286","stones",1
"2287","fairly",1
"2288","hallmark",1
"2289","transformative",1
"2290","mound",1
"2291","multidirectional",1
"2292","name",1
"2293","buckles",1
"2294","recall",1
"2295","discussions",1
"2296","participated",1
"2297","barbarian",1
"2298","decoration",1
"2299","technique",1
"2300","business",1
"2301","wenshan",1
"2302","childhood",1
"2303","multicentric",1
"2304","again",1
"2305","fragmentation",1
"2306","death",1
"2307","jinshuqi",1
"2308","academy",1
"2309","conceived",1
"2310","similarly",1
"2311","whitehouse",1
"2312","added",1
"2313","margarya",1
"2314","spear",1
"2315","descends",1
"2316","crops",1
"2317","husbandry",1
"2318","bracelets",1
"2319","joints",1
"2320","bordering",1
"2321","minzhu",1
"2322","consideration",1
"2323","underestimated",1
"2324","riverine",1
"2325","carbonized",1
"2326","seasonality",1
"2327","precise",1
"2328","broadly",1
"2329","predominant",1
"2330","depict",1
"2331","abstract",1
"2332","frost",1
"2333","attempting",1
"2334","imple",1
"2335","lacks",1
"2336","plaited",1
"2337","cameron",1
"2338","larger",1
"2339","pacific",1
"2340","identity",1
"2341","afar",1
"2342","sidgwich",1
"2343","partic",1
"2344","rawson",1
"2345","maddin",1
"2346","contemporary",1
"2347","identical",1
"2348","man",1
"2349","snail",1
"2350","discussed",1
"2351","external",1
"2352","chiefdom",1
"2353","rhetoric",1
"2354","puzzling",1
"2355","never",1
"2356","conclusions",1
"2357","imamura",1
"2358","promoted",1
"2359","paris",1
"2360","locales",1
"2361","centre",1
"2362","jiyan",1
"2363","mu",1
"2364","investment",1
"2365","purposes",1
"2366","superimposed",1
"2367","richards",1
"2368","emanated",1
"2369","non",1
"2370","ch",1
"2371","contrastive",1
"2372","boats",1
"2373","yuanzhang",1
"2374","maturity",1
"2375","japan",1
"2376","decorations",1
"2377","yun",1
"2378","lean",1
"2379","stylistically",1
"2380","reconciled",1
"2381","locations",1
"2382","baoshan",1
"2383","mill",1
"2384","chutan",1
"2385","regionally",1
"2386","day",1
"2387","degree",1
"2388","chickens",1
"2389","fc",1
"2390","charted",1
"2391","yunkuen",1
"2392","valences",1
"2393","grounds",1
"2394","original",1
"2395","nonetheless",1
"2396","emanating",1
"2397","classes",1
"2398","meaningful",1
"2399","aptly",1
"2400","vast",1
"2401","intimate",1
"2402","invested",1
"2403","examples",1
"2404","restrictions",1
"2405","alliance",1
"2406","apogee",1
"2407","juli",1
"2408","chiefly",1
"2409","wailes",1
"2410","originated",1
"2411","maritime",1
"2412","helps",1
"2413","inscription",1
"2414","aggregated",1
"2415","unilateral",1
"2416","trajectory",1
"2417","ce",1
"2418","scaled",1
"2419","nestled",1
"2420","contemplate",1
"2421","yanjiaqin",1
"2422","including",1
"2423","passes",1
"2424","distinctly",1
"2425","coffin",1
"2426","participatory",1
"2427","sufficiently",1
"2428","clustered",1
"2429","manifestations",1
"2430","ruling",1
"2431","tingting",1
"2432","warrior",1
"2433","birds",1
"2434","skeletal",1
"2435","curvilinear",1
"2436","significant",1
"2437","seriation",1
"2438","tingyu",1
"2439","numerous",1
"2440","congress",1
"2441","aside",1
"2442","hillslopes",1
"2443","oxenham",1
"2444","exhibited",1
"2445","karst",1
"2446","actual",1
"2447","recovery",1
"2448","homelands",1
"2449","examination",1
"2450","hunted",1
"2451","historicity",1
"2452","meishu",1
"2453","macro",1
"2454","previous",1
"2455","guoyu",1
"2456","improvements",1
"2457","kaoshi",1
"2458","complicated",1
"2459","synthetic",1
"2460","slaves",1
"2461","xijiang",1
"2462","theoretical",1
"2463","pham",1
"2464","ties",1
"2465","bayliss",1
"2466","low",1
"2467","vinh",1
"2468","compositions",1
"2469","meanings",1
"2470","clear",1
"2471","taoqi",1
"2472","styles",1
"2473","accessed",1
"2474","kele",1
"2475","frustrated",1
"2476","comprehensive",1
"2477","catalysts",1
"2478","express",1
"2479","dominated",1
"2480","maintenance",1
"2481","logic",1
"2482","workers",1
"2483","pin",1
"2484","drains",1
"2485","individual",1
"2486","times",1
"2487","getengcun",1
"2488","architectural",1
"2489","reviewers",1
"2490","crucibles",1
"2491","spread",1
"2492","function",1
"2493","plant",1
"2494","curve",1
"2495","ge",1
"2496","distinction",1
"2497","static",1
"2498","antiquity",1
"2499","mountain",1
"2500","zhuzhao",1
"2501","proximity",1
"2502","households",1
"2503","interacted",1
"2504","improved",1
"2505","kyr",1
"2506","standard",1
"2507","abundant",1
"2508","adequately",1
"2509","xin",1
"2510","latter",1
"2511","municipal",1
"2512","hegerl",1
"2513","supportable",1
"2514","preponderance",1
"2515","demarcate",1
"2516","diandong",1
"2517","methods",1
"2518","aegean",1
"2519","fortification",1
"2520","chick",1
"2521","respectively",1
"2522","contact",1
"2523","topics",1
"2524","shallow",1
"2525","phung",1
"2526","examine",1
"2527","citadel",1
"2528","transfiguring",1
"2529","diffusionist",1
"2530","hierarchical",1
"2531","availability",1
"2532","primitive",1
"2533","yn",1
"2534","wen",1
"2535","accretional",1
"2536","conquest",1
"2537","attracted",1
"2538","peking",1
"2539","invented",1
"2540","accord",1
"2541","postholes",1
"2542","engagement",1
"2543","joint",1
"2544","atlas",1
"2545","evaluated",1
"2546","anomaly",1
"2547","propose",1
"2548","wanjiabaand",1
"2549","venturing",1
"2550","attention",1
"2551","adzes",1
"2552","bibliographic",1
"2553","examines",1
"2554","decision",1
"2555","gifted",1
"2556","caucasus",1
"2557","carried",1
"2558","accepting",1
"2559","relying",1
"2560","groupings",1
"2561","cation",1
"2562","carla",1
"2563","ploughs",1
"2564","yangyun",1
"2565","note",1
"2566","irregular",1
"2567","richest",1
"2568","science",1
"2569","movements",1
"2570","sometimes",1
"2571","figure",1
"2572","linda",1
"2573","headdress",1
"2574","ludian",1
"2575","tech",1
"2576","hill",1
"2577","laos",1
"2578","wolters",1
"2579","inside",1
"2580","vertical",1
"2581","trinh",1
"2582","florescence",1
"2583","insufficient",1
"2584","widespread",1
"2585","psarras",1
"2586","institutions",1
"2587","ea",1
"2588","dai",1
"2589","un",1
"2590","anthropogenic",1
"2591","chubanshe",1
"2592","effectively",1
"2593","overlap",1
"2594","importantly",1
"2595","monopolize",1
"2596","interplay",1
"2597","paradoxical",1
"2598","paradigmatic",1
"2599","es",1
"2600","feasts",1
"2601","responsible",1
"2602","moored",1
"2603","interconnected",1
"2604","composed",1
"2605","ing",1
"2606","supporting",1
"2607","thap",1
"2608","barbarians",1
"2609","spatiotemporal",1
"2610","renxiang",1
"2611","lijiang",1
"2612","kunsheng",1
"2613","canada",1
"2614","yanshan",1
"2615","zushu",1
"2616","exchanged",1
"2617","niandai",1
"2618","manifesting",1
"2619","leixing",1
"2620","inextricably",1
"2621","forests",1
"2622","quantitative",1
"2623","stray",1
"2624","zhonghua",1
"2625","dissertation",1
"2626","differentiated",1
"2627","produc",1
"2628","landmass",1
"2629","anthropological",1
"2630","share",1
"2631","stratigraphic",1
"2632","any",1
"2633","reliant",1
"2634","historian",1
"2635","singular",1
"2636","practice",1
"2637","suite",1
"2638","paired",1
"2639","derong",1
"2640","series",1
"2641","intensification",1
"2642","luminous",1
"2643","conjunction",1
"2644","qianxi",1
"2645","dissemination",1
"2646","habitation",1
"2647","ethnoarchaeology",1
"2648","metallurgists",1
"2649","adjoining",1
"2650","da",1
"2651","demarcation",1
"2652","continues",1
"2653","shilun",1
"2654","bacus",1
"2655","bian",1
"2656","slope",1
"2657","recognizable",1
"2658","consensus",1
"2659","proposes",1
"2660","bijiadatian",1
"2661","xiangguan",1
"2662","doi",1
"2663","text",1
"2664","sciences",1
"2665","useful",1
"2666","offers",1
"2667","dianmu",1
"2668","qitong",1
"2669","sessment",1
"2670","yingpancun",1
"2671","wuhan",1
"2672","stem",1
"2673","bertrand",1
"2674","substantiates",1
"2675","correspond",1
"2676","reciprocal",1
"2677","anthropo",1
"2678","specialized",1
"2679","organized",1
"2680","novel",1
"2681","sativa",1
"2682","sizes",1
"2683","roman",1
"2684","exploration",1
"2685","innovations",1
"2686","best",1
"2687","leaders",1
"2688","daub",1
"2689","tandem",1
"2690","ipation",1
"2691","intrusive",1
"2692","genus",1
"2693","wealthy",1
"2694","constructions",1
"2695","ju",1
"2696","domestic",1
"2697","eventually",1
"2698","ideological",1
"2699","concurrently",1
"2700","ethonym",1
"2701","mongolia",1
"2702","journals",1
"2703","alloyed",1
"2704","themes",1
"2705","rely",1
"2706","matsumura",1
"2707","stilts",1
"2708","bin",1
"2709","cities",1
"2710","rowing",1
"2711","stamped",1
"2712","essentially",1
"2713","disputes",1
"2714","alluded",1
"2715","february",1
"2716","better",1
"2717","evident",1
"2718","anh",1
"2719","muzhu",1
"2720","growing",1
"2721","cal",1
"2722","treatments",1
"2723","lens",1
"2724","hamilton",1
"2725","outlines",1
"2726","delineated",1
"2727","explanations",1
"2728","chicago",1
"2729","exposing",1
"2730","multilateral",1
"2731","transmitted",1
"2732","ningxia",1
"2733","implicit",1
"2734","whether",1
"2735","ribao",1
"2736","terms",1
"2737","selected",1
"2738","namely",1
"2739","seams",1
"2740","larson",1
"2741","cause",1
"2742","character",1
"2743","nearby",1
"2744","violent",1
"2745","min",1
"2746","map",1
"2747","mere",1
"2748","ies",1
"2749","prioritizes",1
"2750","shortages",1
"2751","irrawaddy",1
"2752","problem",1
"2753","nautical",1
"2754","tending",1
"2755","insightful",1
"2756","shu",1
"2757","her",1
"2758","correlates",1
"2759","secure",1
"2760","artibus",1
"2761","produce",1
"2762","peters",1
"2763","proposing",1
"2764","information",1
"2765","nok",1
"2766","apparently",1
"2767","phenomena",1
"2768","hundreds",1
"2769","kunxing",1
"2770","categories",1
"2771","solid",1
"2772","marking",1
"2773","head",1
"2774","luo",1
"2775","craftsmanship",1
"2776","compar",1
"2777","emergent",1
"2778","ative",1
"2779","determined",1
"2780","recognition",1
"2781","reas",1
"2782","little",1
"2783","timely",1
"2784","introduced",1
"2785","xianzhuang",1
"2786","heterogenetic",1
"2787","content",1
"2788","verification",1
"2789","subcultures",1
"2790","tanmi",1
"2791","tried",1
"2792","transition",1
"2793","lies",1
"2794","cash",1
"2795","simply",1
"2796","assumptions",1
"2797","envisions",1
"2798","commissioned",1
"2799","territory",1
"2800","harvesting",1
"2801","programs",1
"2802","reconstruct",1
"2803","challenges",1
"2804","ized",1
"2805","isolated",1
"2806","definitions",1
"2807","headwaters",1
"2808","conventions",1
"2809","vivian",1
"2810","varied",1
"2811","trung",1
"2812","contrasts",1
"2813","our",1
"2814","uk",1
"2815","textile",1
"2816","question",1
"2817","kohl",1
"2818","wosheng",1
"2819","until",1
"2820","spring",1
"2821","argument",1
"2822","frontiers",1
"2823","initiated",1
"2824","advent",1
"2825","structured",1
"2826","finding",1
"2827","twentieth",1
"2828","protohistoric",1
"2829","web",1
"2830","interlocutor",1
"2831","tha",1
"2832","temperature",1
"2833","strikingly",1
"2834","morphological",1
"2835","discursive",1
"2836","explanation",1
"2837","identify",1
"2838","documentation",1
"2839","applicable",1
"2840","actively",1
"2841","building",1
"2842","shixia",1
"2843","need",1
"2844","xiaorong",1
"2845","guozhi",1
"2846","glass",1
"2847","gongyi",1
"2848","integration",1
"2849","attributes",1
"2850","earthen",1
"2851","clues",1
"2852","photograph",1
"2853","inequalities",1
"2854","salience",1
"2855","marshland",1
"2856","stark",1
"2857","increased",1
"2858","rudiments",1
"2859","lj",1
"2860","fayuan",1
"2861","summary",1
"2862","anonymous",1
"2863","mobilized",1
"2864","offered",1
"2865","specific",1
"2866","supported",1
"2867","territories",1
"2868","orchestrated",1
"2869","apart",1
"2870","removed",1
"2871","chisel",1
"2872","recounted",1
"2873","munities",1
"2874","poque",1
"2875","tribes",1
"2876","themselves",1
"2877","pathways",1
"2878","intimates",1
"2879","ascendancy",1
"2880","consisted",1
"2881","showcase",1
"2882","nan",1
"2883","substantial",1
"2884","element",1
"2885","surveys",1
"2886","focus",1
"2887","manifests",1
"2888","qiu",1
"2889","strong",1
"2890","territorially",1
"2891","ends",1
"2892","gui",1
"2893","indistinguishable",1
"2894","delineate",1
"2895","doing",1
"2896","xiahedong",1
"2897","representational",1
"2898","showed",1
"2899","rowlands",1
"2900","chambers",1
"2901","lac",1
"2902","manila",1
"2903","cited",1
"2904","occur",1
"2905","bce",1
"2906","hypothesis",1
"2907","fluorescence",1
