"","WORDCOUNTS","WEIGHT"
"1","the",11
"2","of",9
"3","volume",4
"4","to",3
"5","research",3
"6","and",3
"7","in",2
"8","fish",2
"9","reprinted",2
"10","journal",2
"11","reprint",2
"12","archaeology",2
"13","this",2
"14","recent",2
"15","archaeological",2
"16","have",2
"17","original",2
"18","united",2
"19","some",2
"20","states",2
"21","edition",2
"22","result",1
"23","introduction",1
"24","on",1
"25","ian",1
"26","may",1
"27","omitted",1
"28","from",1
"29","southwest",1
"30","service",1
"31","ny",1
"32","add",1
"33","number",1
"34","company",1
"35","bruce",1
"36","paul",1
"37","northwest",1
"38","available",1
"39","publisher",1
"40","age",1
"41","trigger",1
"42","by",1
"43","best",1
"44","march",1
"45","k",1
"46","juncture",1
"47","trends",1
"48","mexico",1
"49","as",1
"50","page",1
"51","printed",1
"52","a",1
"53","w",1
"54","was",1
"55","coming",1
"56","pagination",1
"57","advertisements",1
"58","southeastern",1
"59","history",1
"60","at",1
"61","been",1
"62","note",1
"63","irregular",1
"64","copy",1
"65","not",1
"66","r",1
"67","volumes",1
"68","cases",1
"69","suzanne",1
"70","which",1
"71","do",1
"72","with",1
"73","germantown",1
"74","full",1
"75","contents",1
"76","value",1
"77","brown",1
"78","reproduced",1
"79","periodicals",1
"80","permission",1
"81","paper",1
"82","scholarly",1
"83","g",1
